"Sr. No.","Work Category","Work","State","IDA","Work Description","Hon'ble Members of Parliament","Constituency","Image","Completion Date","Amount Disbursed ( ₹ )"
"1","Normal/Others","WS/MP017/2024-2025/143499-Construction of veterinary hospitals and dispensaries","Tamil Nadu","THIRUVALLUR(DISTRICT COLLECTOR TIRUVALLUR_IDA)","Compound Wall and Other Work In rural Vetrinery Dispencery at Velanchery Village","S. Jagathrakshakan","ARAKKONAM","Images","09-Oct-2024","996610"
"2","Normal/Others","WS/MP017/2024-2025/143500-Renovation of ponds and lakes","Tamil Nadu","THIRUVALLUR(DISTRICT COLLECTOR TIRUVALLUR_IDA)","Chekkanur to Ramakrishnapuram Road Big Lake Retaining Work","S. Jagathrakshakan","ARAKKONAM","N/A","26-Oct-2024","999654"
"3","Normal/Others","WS/MP017/2025-2026/156775-Construction of bus-sheds or bus-stops","Tamil Nadu","THIRUVALLUR(DISTRICT COLLECTOR TIRUVALLUR_IDA)","Construction of Bus Stop near Bus depot connecting Arakkonam Road","S. Jagathrakshakan","ARAKKONAM","N/A","12-Feb-2026","2300000"
"4","Normal/Others","WS/MP017/2026-2027/160023-Construction of road under bridge","Tamil Nadu","Ranipet(District Collector, Ranipet_2)","construction of Cement road and bridge near Erimannur village","S. Jagathrakshakan","ARAKKONAM","Images","21-Aug-2026","3389297"
"5","Normal/Others","WS/MP017/2025-2026/160025-Construction of roads, link roads, pathways or any other road with or without drainage system","Tamil Nadu","Ranipet(District Collector, Ranipet_2)","construction of Cement Road on the way to Burial Ground near Reddivalam","S. Jagathrakshakan","ARAKKONAM","N/A","18-Jun-2025","749826"
"6","Normal/Others","WS/MP017/2026-2027/160027-Construction of Government office buildings (Post office, Police station, Police chauki, etc.)","Tamil Nadu","Ranipet(District Collector, Ranipet_2)","Construction of fair price shop in perur kaveripakkam","S. Jagathrakshakan","ARAKKONAM","Images","04-Aug-2026","1650000"
"7","Normal/Others","WS/MP017/2025-2026/160030-Construction of buildings for crèches and anganwadies","Tamil Nadu","Ranipet(District Collector, Ranipet_2)","Construction of Anganwadi Building at Ward no22- MarketSchool","S. Jagathrakshakan","ARAKKONAM","Images","01-Sep-2025","1749689"
"8","Normal/Others","WS/MP017/2025-2026/160031-Construction of rooms and facilities for hospitals, FWC , PHC Centers and ANM centers","Tamil Nadu","Ranipet(District Collector, Ranipet_2)","Constrution of Paver block in Community health center Melvisharam","S. Jagathrakshakan","ARAKKONAM","Images","26-Jun-2025","1598588"
"9","Normal/Others","WS/MP017/2024-2025/160038-Construction of Government office buildings (Post office, Police station, Police chauki, etc.)","Tamil Nadu","Ranipet(District Collector, Ranipet_2)","Construction of fair Price Shop Sriram nagar","S. Jagathrakshakan","ARAKKONAM","Images","15-Oct-2025","1199784"
"10","Normal/Others","WS/MP017/2024-2025/160039-Construction of roads, link roads, pathways or any other road with or without drainage system","Tamil Nadu","Ranipet(District Collector, Ranipet_2)","Construction of Cement road at Thanigaipolur,Melkandigai village","S. Jagathrakshakan","ARAKKONAM","Images","19-Mar-2025","1498638"
"11","Normal/Others","WS/MP017/2025-2026/160041-Construction of rooms and halls in school and colleges","Tamil Nadu","Ranipet(District Collector, Ranipet_2)","Construction of Head master Room at Saynapuram Government School and Paver block installation","S. Jagathrakshakan","ARAKKONAM","Images","09-Oct-2025","1297974"
"12","Normal/Others","WS/MP017/2025-2026/160042-Construction of roads, link roads, pathways or any other road with or without drainage system","Tamil Nadu","Ranipet(District Collector, Ranipet_2)","construction of Cement road at MAdurputhu kandigai village on way to Burial ground","S. Jagathrakshakan","ARAKKONAM","N/A","18-Jun-2025","599919"
"13","Normal/Others","WS/MP017/2025-2026/160043-Construction of flood control embankments/ protection walls along riverbanks, hilltops, roadsides","Tamil Nadu","Ranipet(District Collector, Ranipet_2)","construction of Storm water Drain at ward no 2","S. Jagathrakshakan","ARAKKONAM","Images","14-Jun-2025","350000"
"14","Normal/Others","WS/MP017/2025-2026/160048-Construction of common work sheds/ common covered sitting area","Tamil Nadu","Ranipet(District Collector, Ranipet_2)","construction of Shelter","S. Jagathrakshakan","ARAKKONAM","Images","23-Oct-2025","799382"
"15","Normal/Others","WS/MP017/2025-2026/160052-Construction of toilet blocks","Tamil Nadu","Ranipet(District Collector, Ranipet_2)","Construction of Toilet","S. Jagathrakshakan","ARAKKONAM","N/A","18-Feb-2026","599528"
"16","Normal/Others","WS/MP017/2025-2026/160053-Construction of public toilets and bathrooms","Tamil Nadu","Ranipet(District Collector, Ranipet_2)","Construction of Public Toilet","S. Jagathrakshakan","ARAKKONAM","Images","07-Mar-2026","500000"
"17","Normal/Others","WS/MP017/2025-2026/160054-Construction of public toilets and bathrooms","Tamil Nadu","Ranipet(District Collector, Ranipet_2)","Construction of Public Toilet","S. Jagathrakshakan","ARAKKONAM","Images","03-Jul-2025","500000"
"18","Normal/Others","WS/MP017/2025-2026/160057-Construction of bus-sheds or bus-stops","Tamil Nadu","THIRUVALLUR(DISTRICT COLLECTOR TIRUVALLUR_IDA)","construction of bus shed","S. Jagathrakshakan","ARAKKONAM","N/A","03-Jul-2025","647735"
"19","Normal/Others","WS/MP017/2025-2026/160058-Construction of boundary walls of existing public and community buildings","Tamil Nadu","THIRUVALLUR(DISTRICT COLLECTOR TIRUVALLUR_IDA)","Construction of Boundary walls and Paver block","S. Jagathrakshakan","ARAKKONAM","N/A","08-Oct-2025","649986"
"20","Normal/Others","WS/MP017/2025-2026/161188-Construction of flood control embankments/ protection walls along riverbanks, hilltops, roadsides","Tamil Nadu","THIRUVALLUR(DISTRICT COLLECTOR TIRUVALLUR_IDA)","Construction of retaining Wall","S. Jagathrakshakan","ARAKKONAM","N/A","10-Jun-2025","999907"
"21","Normal/Others","WS/MP017/2024-2025/166510-Construction of flood control embankments/ protection walls along riverbanks, hilltops, roadsides","Tamil Nadu","THIRUVALLUR(DISTRICT COLLECTOR TIRUVALLUR_IDA)","Construction of Retainning Wall around Kosasthali River near Sangeetkuppam","S. Jagathrakshakan","ARAKKONAM","N/A","20-Feb-2025","989987"
"22","Normal/Others","WS/MP017/2025-2026/166511-Construction of buildings for community cultural activities","Tamil Nadu","THIRUVALLUR(DISTRICT COLLECTOR TIRUVALLUR_IDA)","Construction of kaliyarangam at Govt High School karimbedu panchayat in pallipet union ,Tiruvallur District","S. Jagathrakshakan","ARAKKONAM","N/A","02-Apr-2025","664853"
"23","Normal/Others","WS/MP017/2024-2025/166512-Construction of community centers and community halls","Tamil Nadu","THIRUVALLUR(DISTRICT COLLECTOR TIRUVALLUR_IDA)","Construction of Multi Purpose Building at draupadi Amman Koil Street","S. Jagathrakshakan","ARAKKONAM","N/A","27-Jan-2025","1199072"
"24","Normal/Others","WS/MP017/2025-2026/169198-Construction of Government office buildings (Post office, Police station, Police chauki, etc.)","Tamil Nadu","Ranipet(District Collector, Ranipet_2)","Construction of Fair Price Shop","S. Jagathrakshakan","ARAKKONAM","Images","13-Oct-2025","1950000"
"25","Normal/Others","WS/MP017/2025-2026/170398-Construction of roads, link roads, pathways or any other road with or without drainage system","Tamil Nadu","Ranipet(District Collector, Ranipet_2)","Caonstruction of Cement road at rendadi","S. Jagathrakshakan","ARAKKONAM","Images","09-Oct-2025","499000"
"26","Normal/Others","WS/MP017/2025-2026/202449-Construction of roads, link roads, pathways or any other road with or without drainage system","Tamil Nadu","Ranipet(District Collector, Ranipet_2)","cement road","S. Jagathrakshakan","ARAKKONAM","Images","18-Mar-2026","2500000"
"27","Normal/Others","WS/MP017/2026-2027/206109-Construction of community centers and community halls","Tamil Nadu","THIRUVALLUR(DISTRICT COLLECTOR TIRUVALLUR_IDA)","construction of Multi Purpose Building at","S. Jagathrakshakan","ARAKKONAM","Images","14-May-2026","614970"
"28","Normal/Others","WS/MP017/2025-2026/208477-Providing drains and gutters for public drainage","Tamil Nadu","THIRUVALLUR(DISTRICT COLLECTOR TIRUVALLUR_IDA)","Construction of drainage at Vallalar Nagar","S. Jagathrakshakan","ARAKKONAM","N/A","08-Dec-2025","999738"
"29","Normal/Others","WS/MP017/2026-2027/235387-Construction of roads, link roads, pathways or any other road with or without drainage system","Tamil Nadu","Ranipet(District Collector, Ranipet_2)","construction of cement Road in Meleri village","S. Jagathrakshakan","ARAKKONAM","Images","30-Jul-2026","399580"
"30","Normal/Others","WS/MP017/2026-2027/235388-Construction of bus-sheds or bus-stops","Tamil Nadu","Ranipet(District Collector, Ranipet_2)","Construction of Bus shed in Velithangipuram","S. Jagathrakshakan","ARAKKONAM","Images","30-Jul-2026","844725"
"31","Normal/Others","WS/MP017/2025-2026/238010-Construction of roads, link roads, pathways or any other road with or without drainage system","Tamil Nadu","Ranipet(District Collector, Ranipet_2)","Construction of cement Road in Nagavedu","S. Jagathrakshakan","ARAKKONAM","N/A","16-Mar-2026","499699"
"32","Normal/Others","WS/MP017/2025-2026/238011-Construction of roads, link roads, pathways or any other road with or without drainage system","Tamil Nadu","Ranipet(District Collector, Ranipet_2)","Construction of cement Road in Illupai thandalam","S. Jagathrakshakan","ARAKKONAM","N/A","17-Mar-2026","399936"
"33","Normal/Others","WS/MP017/2026-2027/238012-Providing CCTV camera system for security of public areas","Tamil Nadu","Ranipet(District Collector, Ranipet_2)","Installation of CCTV camera in Ward3,4 and 7","S. Jagathrakshakan","ARAKKONAM","Images","12-Aug-2026","375000"
"34","Normal/Others","WS/MP017/2025-2026/255563-Construction of community centers and community halls","Tamil Nadu","THIRUVALLUR(DISTRICT COLLECTOR TIRUVALLUR_IDA)","Construction of Kitchen room in kancheepuram Street","S. Jagathrakshakan","ARAKKONAM","N/A","12-Jan-2026","1500000"
"35","Normal/Others","WS/MP391/2025-2026/146422-Construction of buildings for sports facilities","Tamil Nadu","CHENNAI(COMMISSIONER MUNCIPAL CORPORATION CHENNAI_IDA)","CONSTRUCTION OF BOXING ACADEMY BUILDING IN GOPALAPURAM WARD 111, PART 25, ZONE 9 OF CHENNAI CENTRAL CONSITUENCY","Thiru Dayanidhi Maran","CHENNAI CENTRAL","Images","10-Dec-2025","9749010"
"36","Normal/Others","WS/MP391/2025-2026/166885-Lighting of public spaces","Tamil Nadu","CHENNAI(COMMISSIONER MUNCIPAL CORPORATION CHENNAI_IDA)","SETTING UP HIGH MAST LAMPS IN THIDEER NAGAR","Thiru Dayanidhi Maran","CHENNAI CENTRAL","Images","21-Jul-2025","977964"
"37","Normal/Others","WS/MP391/2025-2026/166886-Construction of buildings for sports facilities","Tamil Nadu","CHENNAI(COMMISSIONER MUNCIPAL CORPORATION CHENNAI_IDA)","CONSTRUCTION OF BADMINTON COURT","Thiru Dayanidhi Maran","CHENNAI CENTRAL","Images","22-Jan-2026","4910484"
"38","Normal/Others","WS/MP391/2025-2026/211751-Development of playground","Tamil Nadu","CHENNAI(COMMISSIONER MUNCIPAL CORPORATION CHENNAI_IDA)","Forming of Boxing Accadamy inside a part of the Gopalapuram playground in  Dn-111, Unit 25, Zone -9, Chepauk Triplcane","Thiru Dayanidhi Maran","CHENNAI CENTRAL","Images","10-Dec-2025","9931275"
"39","Normal/Others","WS/MP393/2024-2025/140635-Street lights","Tamil Nadu","SIVAGANGA(DISTRICT COLLECTOR SIVAGANGA_IDA)","thirupuvanam town panchayat (mplads 2022-23) 16th ward chinna muthumariamman kovil near mini mast light","Shri Karti P Chidambaram","SIVAGANGA","Images","24-Sep-2024","500000"
"40","Normal/Others","WS/MP393/2024-2025/143044-Construction of roads, link roads, pathways or any other road with or without drainage system","Tamil Nadu","SIVAGANGA(DISTRICT COLLECTOR SIVAGANGA_IDA)","Construction of (MPLADS 2023-24)Near TV Room Paver Block Road in Peyanpatti Village, Koviloor Panchayat","Shri Karti P Chidambaram","SIVAGANGA","Images","16-Oct-2024","199871"
"41","Normal/Others","WS/MP393/2024-2025/143045-Construction of buildings for community cultural activities","Tamil Nadu","SIVAGANGA(DISTRICT COLLECTOR SIVAGANGA_IDA)","Construction of (MPLADS 2023-24)Near Sivan Kovil Drama Stage in Alangudi Village, Alangudi Panchayat. Kallal Block","Shri Karti P Chidambaram","SIVAGANGA","Images","25-Jan-2025","849864"
"42","Normal/Others","WS/MP393/2024-2025/143046-Construction of public toilets and bathrooms","Tamil Nadu","SIVAGANGA(DISTRICT COLLECTOR SIVAGANGA_IDA)","Construction of (MPLADS2023-24) Near Sivankovil in Bathtube in Kmbanur Village, Kambanur Panchayat. Kallal block","Shri Karti P Chidambaram","SIVAGANGA","Images","16-Oct-2024","149904"
"43","Normal/Others","WS/MP393/2024-2025/143061-Construction of roads, link roads, pathways or any other road with or without drainage system","Tamil Nadu","SIVAGANGA(DISTRICT COLLECTOR SIVAGANGA_IDA)","Construction of (MPLADS 2021-22) Paver Block Road in Ice keni Street,Keela Street, Karaikudi Municipality","Shri Karti P Chidambaram","SIVAGANGA","N/A","23-Oct-2024","200000"
"44","Normal/Others","WS/MP393/2024-2025/144135-Construction of roads, link roads, pathways or any other road with or without drainage system","Tamil Nadu","PUDUKKOTTAI(DISTRICT COLLECTOR PUDUKKOTTAI_IDA)","(MP LADS 2022 -23) Construction of Paver Block Road in Indra Nagar in Thotiyampatti Village, Thotiyampatti Panchayat","Shri Karti P Chidambaram","SIVAGANGA","Images","07-Oct-2024","499315"
"45","Normal/Others","WS/MP393/2024-2025/144136-Construction of roads, link roads, pathways or any other road with or without drainage system","Tamil Nadu","PUDUKKOTTAI(DISTRICT COLLECTOR PUDUKKOTTAI_IDA)","(MPLADS 2022-23) Construction of Paver Block Road in Peyar Kudiyuruppu, Keelathur Village, Keelathur Panchayat","Shri Karti P Chidambaram","SIVAGANGA","Images","08-Oct-2024","199674"
"46","Normal/Others","WS/MP393/2024-2025/145379-Construction of community centers and community halls","Tamil Nadu","PUDUKKOTTAI(DISTRICT COLLECTOR PUDUKKOTTAI_IDA)","(MP LADS 2022-23) Constriction of  Near Community Hall in Dining Hall in Alangadu Village, Alangadu Panchayat","Shri Karti P Chidambaram","SIVAGANGA","Images","08-Oct-2024","299787"
"47","Normal/Others","WS/MP393/2024-2025/144442-Installing community drinking water plants","Tamil Nadu","SIVAGANGA(DISTRICT COLLECTOR SIVAGANGA_IDA)","Providing in (MPLADS 2021-22) R.O.Plant near Gowri Vinayagar Kovil, Thambipatti, Thirupathur Town Panchayat","Shri Karti P Chidambaram","SIVAGANGA","Images","10-Oct-2024","350000"
"48","Normal/Others","WS/MP393/2024-2025/148973-Construction of public toilets and bathrooms","Tamil Nadu","SIVAGANGA(DISTRICT COLLECTOR SIVAGANGA_IDA)","Construction of (MPLADS 2022-23) Bath tube near Kaveripatti Cemetery  in South Ilayathankudi Panchayat","Shri Karti P Chidambaram","SIVAGANGA","N/A","05-Nov-2024","199969"
"49","Normal/Others","WS/MP393/2024-2025/148975-Construction of roads, link roads, pathways or any other road with or without drainage system","Tamil Nadu","SIVAGANGA(DISTRICT COLLECTOR SIVAGANGA_IDA)","Construction of (MPLADS 2021-22) Paver Block Road in S.S.Nagar in Singampunari Town Panchayat","Shri Karti P Chidambaram","SIVAGANGA","Images","07-Nov-2024","200000"
"50","Normal/Others","WS/MP393/2024-2025/152373-Construction of roads, link roads, pathways or any other road with or without drainage system","Tamil Nadu","PUDUKKOTTAI(DISTRICT COLLECTOR PUDUKKOTTAI_IDA)","(MPLADS 2022-23) Construction  Paver Block Road in thrkupatti Sarkar well Nadesan House end as Pallathuviduthi Panchayat","Shri Karti P Chidambaram","SIVAGANGA","Images","19-Nov-2024","499714"
"51","Normal/Others","WS/MP393/2025-2026/164270-Construction of roads, link roads, pathways or any other road with or without drainage system","Tamil Nadu","PUDUKKOTTAI(DISTRICT COLLECTOR PUDUKKOTTAI_IDA)","MP lads 2024 - 25 Contraction of Paver Block Road in Near  Shree AKATHEESHWARAR BHAIRAVAR Temple in V KOTTAIYUR Village KOTTAIYUR PANCHAYATH","Shri Karti P Chidambaram","SIVAGANGA","Images","01-Aug-2025","499332"
"52","Normal/Others","WS/MP393/2025-2026/164271-Installing tube-wells and borewells","Tamil Nadu","PUDUKKOTTAI(DISTRICT COLLECTOR PUDUKKOTTAI_IDA)","MP Lads 2024 - 25 Contraction of Bore well and BATH TUB Sc Colony In Peraiyur Village And Peraiyur Panchayath","Shri Karti P Chidambaram","SIVAGANGA","N/A","04-Jul-2025","399052"
"53","Normal/Others","WS/MP393/2025-2026/164272-Construction of bus-sheds or bus-stops","Tamil Nadu","PUDUKKOTTAI(DISTRICT COLLECTOR PUDUKKOTTAI_IDA)","Mp Lads 2024 - 25 Contraction Of Bus stop in Near Santhapettai  Ravayaram Panchayath","Shri Karti P Chidambaram","SIVAGANGA","N/A","24-Oct-2025","599654"
"54","Normal/Others","WS/MP393/2025-2026/164273-Construction of buildings for community cultural activities","Tamil Nadu","PUDUKKOTTAI(DISTRICT COLLECTOR PUDUKKOTTAI_IDA)","MP Lads 2024-25 Contraction of Drama Stage Near MARAIYAMMAN KOVIL SAMUDRAM Village And SAMUDRAM PANCHAYATH","Shri Karti P Chidambaram","SIVAGANGA","N/A","22-Sep-2025","698935"
"55","Normal/Others","WS/MP393/2025-2026/164274-Construction of buildings for community cultural activities","Tamil Nadu","PUDUKKOTTAI(DISTRICT COLLECTOR PUDUKKOTTAI_IDA)","Mp Lads 2024 - 2025 Contraction Of Near Mariyamman Kovil Posampatti Village and Valarmanickam Panchayath","Shri Karti P Chidambaram","SIVAGANGA","N/A","28-Oct-2025","699414"
"56","Normal/Others","WS/MP393/2025-2026/164339-Construction of buildings for community cultural activities","Tamil Nadu","PUDUKKOTTAI(DISTRICT COLLECTOR PUDUKKOTTAI_IDA)","Mp Lads 2024 - 25 Contraction of Drama Stage Near Shree Karpaga Vinayagar Temple in Sc Colony Aanaipatti Village And Arasapatti Panchayath","Shri Karti P Chidambaram","SIVAGANGA","N/A","10-Oct-2025","618803"
"57","Normal/Others","WS/MP393/2025-2026/164308-Construction of boundary walls of existing public and community buildings","Tamil Nadu","PUDUKKOTTAI(DISTRICT COLLECTOR PUDUKKOTTAI_IDA)","Mp Lads 2024 - 25 Construction of 14 Ward Near Meenakshipuram Government Primary School Compound Wall in Arimalam Town Panchayath","Shri Karti P Chidambaram","SIVAGANGA","Images","12-Jun-2025","500000"
"58","Normal/Others","WS/MP393/2025-2026/164310-Lighting of public spaces","Tamil Nadu","PUDUKKOTTAI(DISTRICT COLLECTOR PUDUKKOTTAI_IDA)","Mp Lads 2024 - 25 Providing of 2Ward Malaiyandi Temple Near Vadapuram Drama Stage In Mini Mast Light in Ponnamaravathi Town Panchayath","Shri Karti P Chidambaram","SIVAGANGA","Images","24-Jul-2025","488441"
"59","Normal/Others","WS/MP393/2025-2026/167520-Construction of bus-sheds or bus-stops","Tamil Nadu","SIVAGANGA(DISTRICT COLLECTOR SIVAGANGA_IDA)","Construction of Bus Shelter at Keelarankiyam Panchayat in Thiruppuvanam Block","Shri Karti P Chidambaram","SIVAGANGA","N/A","22-Sep-2025","598675"
"60","Normal/Others","WS/MP393/2025-2026/167521-Construction of community centers and community halls","Tamil Nadu","SIVAGANGA(DISTRICT COLLECTOR SIVAGANGA_IDA)","Construction of PDS Outlet at Madapuram Village, Madapuram Panchayat in Thiruppuvanam Block","Shri Karti P Chidambaram","SIVAGANGA","N/A","24-Mar-2026","992411"
"61","Normal/Others","WS/MP393/2025-2026/167522-Construction of buildings for community cultural activities","Tamil Nadu","SIVAGANGA(DISTRICT COLLECTOR SIVAGANGA_IDA)","Construction of Drama Stage near Vennimuthu Ayyanarkovil, Kanjirankulam Village, Kanjirankulam panchayat in Thiruppuvanam Block","Shri Karti P Chidambaram","SIVAGANGA","N/A","15-Nov-2025","942706"
"62","Normal/Others","WS/MP393/2025-2026/167523-Lighting of public spaces","Tamil Nadu","SIVAGANGA(DISTRICT COLLECTOR SIVAGANGA_IDA)","Providing Mini Mass Light near Kothankulam Ayyanarkovil, Keelasorikulam Panchayat in Thiruppuvanam Block","Shri Karti P Chidambaram","SIVAGANGA","N/A","14-Oct-2025","499737"
"63","Normal/Others","WS/MP393/2025-2026/167525-Construction of bus-sheds or bus-stops","Tamil Nadu","SIVAGANGA(DISTRICT COLLECTOR SIVAGANGA_IDA)","Construction of Bus Shelter at Eariyur main road Melur Government Higher Secondary School, Jeyankondanilai Village, Jeyankondanilai Panchayat in Singampunari Block.","Shri Karti P Chidambaram","SIVAGANGA","N/A","26-Feb-2026","590118"
"64","Normal/Others","WS/MP393/2025-2026/167526-Lighting of public spaces","Tamil Nadu","SIVAGANGA(DISTRICT COLLECTOR SIVAGANGA_IDA)","Providing Mini Mass Light near Pushpanaunatha kovil, Periya Avarankadu Panchayat in Manamadurai Block","Shri Karti P Chidambaram","SIVAGANGA","Images","04-Jul-2025","499627"
"65","Normal/Others","WS/MP393/2025-2026/167606-Lighting of public spaces","Tamil Nadu","SIVAGANGA(DISTRICT COLLECTOR SIVAGANGA_IDA)","Providing High mass light near Pandiyan Nagar, Sankarapuram in Karaikudi Corporation","Shri Karti P Chidambaram","SIVAGANGA","N/A","28-Mar-2026","785071"
"66","Normal/Others","WS/MP393/2025-2026/167607-Lighting of public spaces","Tamil Nadu","SIVAGANGA(DISTRICT COLLECTOR SIVAGANGA_IDA)","Providing Mini Mass Light at Sri Vettri Vinayagar kovil Opposite side, Manatchai Village, Vadakudi Panchayat in Sakkottai Block","Shri Karti P Chidambaram","SIVAGANGA","N/A","23-Oct-2025","499444"
"67","Normal/Others","WS/MP393/2025-2026/167608-Construction of roads, link roads, pathways or any other road with or without drainage system","Tamil Nadu","SIVAGANGA(DISTRICT COLLECTOR SIVAGANGA_IDA)","Providing road at Murugan Stree, Kothamankalam Panchayat in Sakkottai Block","Shri Karti P Chidambaram","SIVAGANGA","N/A","09-Oct-2025","349348"
"68","Normal/Others","WS/MP393/2025-2026/167609-Lighting of public spaces","Tamil Nadu","SIVAGANGA(DISTRICT COLLECTOR SIVAGANGA_IDA)","Providing Mini Mass Light at Bus stop in Karisalpatti Panchayat in S. Pudur Block","Shri Karti P Chidambaram","SIVAGANGA","N/A","02-Aug-2025","499957"
"69","Normal/Others","WS/MP393/2025-2026/167611-Lighting of public spaces","Tamil Nadu","SIVAGANGA(DISTRICT COLLECTOR SIVAGANGA_IDA)","Providing Mini Mass Light near Mariyammankovil, Sovinipatti Village, Natarajapuram Panchayat in Kallal Block","Shri Karti P Chidambaram","SIVAGANGA","Images","28-Oct-2025","494969"
"70","Normal/Others","WS/MP393/2025-2026/167612-Construction of buildings for community cultural activities","Tamil Nadu","SIVAGANGA(DISTRICT COLLECTOR SIVAGANGA_IDA)","Construction of Drama Stage at S. Karaikudi Village, S. Karaikudi Panchayat in Ilayankudi Block","Shri Karti P Chidambaram","SIVAGANGA","Images","30-Sep-2025","944686"
"71","Normal/Others","WS/MP393/2025-2026/167655-Construction of roads, link roads, pathways or any other road with or without drainage system","Tamil Nadu","SIVAGANGA(DISTRICT COLLECTOR SIVAGANGA_IDA)","Providing Paver Block Road at Vaalukkuveli Ambalam road, Nagarampatti Village, Nagarampatti Panchayat in Kalaiyarkovil Block","Shri Karti P Chidambaram","SIVAGANGA","N/A","30-Jul-2025","699853"
"72","Normal/Others","WS/MP393/2025-2026/167656-Lighting of public spaces","Tamil Nadu","SIVAGANGA(DISTRICT COLLECTOR SIVAGANGA_IDA)","Providing Mini Mass Light at Kalaiyarmangalam Village, Kalaiyarmangalam Panchayat in Kalaiyarkovil Block","Shri Karti P Chidambaram","SIVAGANGA","N/A","30-Jul-2025","499517"
"73","Normal/Others","WS/MP393/2025-2026/167657-Construction of bus-sheds or bus-stops","Tamil Nadu","SIVAGANGA(DISTRICT COLLECTOR SIVAGANGA_IDA)","Construction of Bus Shelter at K. Siruvanoor Panchayat in Kannangudi Block","Shri Karti P Chidambaram","SIVAGANGA","N/A","29-Aug-2025","599801"
"74","Normal/Others","WS/MP393/2025-2026/167658-Construction of bus-sheds or bus-stops","Tamil Nadu","SIVAGANGA(DISTRICT COLLECTOR SIVAGANGA_IDA)","Construction of Bus Shelter at Narasimapuram Village, Unjanai Panchayat in Kannankudi Block","Shri Karti P Chidambaram","SIVAGANGA","N/A","10-Sep-2025","599654"
"75","Normal/Others","WS/MP393/2025-2026/167662-Installing tube-wells and borewells","Tamil Nadu","SIVAGANGA(DISTRICT COLLECTOR SIVAGANGA_IDA)","Providing Bore well and Bathing Tub at Ward 6 Thirthankulamkarai, Nattarasankottai Town Panchayat","Shri Karti P Chidambaram","SIVAGANGA","Images","01-Aug-2025","400000"
"76","Normal/Others","WS/MP393/2025-2026/167663-Lighting of public spaces","Tamil Nadu","SIVAGANGA(DISTRICT COLLECTOR SIVAGANGA_IDA)","Providing Mini Mass Light near CSI kallarai Thottam Kaniyan Poonkuntran Street, 5th Ward, Manamadurai Municipality","Shri Karti P Chidambaram","SIVAGANGA","Images","10-Sep-2025","494432"
"77","Normal/Others","WS/MP393/2025-2026/167665-Lighting of public spaces","Tamil Nadu","SIVAGANGA(DISTRICT COLLECTOR SIVAGANGA_IDA)","Providing Mini Mass Light near Varasandhai Mukappu Udayam Malikaikadai, 7th Ward in Kottaiyur Town Panchayat","Shri Karti P Chidambaram","SIVAGANGA","N/A","07-Feb-2026","484449"
"78","Normal/Others","WS/MP393/2025-2026/167667-Construction of buildings for community cultural activities","Tamil Nadu","SIVAGANGA(DISTRICT COLLECTOR SIVAGANGA_IDA)","Construction of Drama Stage Oppsite Muthumariyamman Kovil, 5th Ward, Kanadukathan Town Panchayat.","Shri Karti P Chidambaram","SIVAGANGA","Images","19-Feb-2026","700000"
"79","Normal/Others","WS/MP393/2025-2026/167668-Lighting of public spaces","Tamil Nadu","SIVAGANGA(DISTRICT COLLECTOR SIVAGANGA_IDA)","Providing Mini Mass Light near Kandanur Palaiyur theatre Bus Stop, 3rd Ward in Kandanur Town Panchayat","Shri Karti P Chidambaram","SIVAGANGA","Images","12-Dec-2025","492023"
"80","Normal/Others","WS/MP393/2025-2026/167670-Installing tube-wells and borewells","Tamil Nadu","SIVAGANGA(DISTRICT COLLECTOR SIVAGANGA_IDA)","Providing Bore Well and Sintex tank at Thiruvalluvar (SC), 5th Ward in Devakottai Municipality","Shri Karti P Chidambaram","SIVAGANGA","Images","29-Oct-2025","450000"
"81","Normal/Others","WS/MP393/2025-2026/167697-Installing tube-wells and borewells","Tamil Nadu","SIVAGANGA(DISTRICT COLLECTOR SIVAGANGA_IDA)","Providing Bore well and Bathing Tub at Periyakottai Village in Periyakottai Panchayat in Manamadurai Block","Shri Karti P Chidambaram","SIVAGANGA","Images","08-Jul-2025","548668"
"82","Normal/Others","WS/MP393/2025-2026/167698-Construction of buildings for crèches and anganwadies","Tamil Nadu","SIVAGANGA(DISTRICT COLLECTOR SIVAGANGA_IDA)","Construction of Anganwadi Building at 21st ward, Manamadurai Municipality","Shri Karti P Chidambaram","SIVAGANGA","Images","05-Jan-2026","1100000"
"83","Normal/Others","WS/MP393/2025-2026/167700-Street lights","Tamil Nadu","SIVAGANGA(DISTRICT COLLECTOR SIVAGANGA_IDA)","Providing Street Light at Thiruppathur Town Panchayat","Shri Karti P Chidambaram","SIVAGANGA","Images","24-Mar-2026","700000"
"84","Normal/Others","WS/MP393/2025-2026/167701-Development of playfields and sports grounds","Tamil Nadu","SIVAGANGA(DISTRICT COLLECTOR SIVAGANGA_IDA)","Providing Gallery Shed at Kalanivasal, Kaliswaran Football Association Sports ground in Karaikudi Corporation","Shri Karti P Chidambaram","SIVAGANGA","Images","13-Oct-2025","500000"
"85","Normal/Others","WS/MP393/2025-2026/167989-Construction of bus-sheds or bus-stops","Tamil Nadu","SIVAGANGA(DISTRICT COLLECTOR SIVAGANGA_IDA)","Construction of Bus Stop at Mutharaiyar Kudiyeruppu in Kambanur Village, Kambanur Panchayat","Shri Karti P Chidambaram","SIVAGANGA","Images","13-Sep-2025","599495"
"86","Normal/Others","WS/MP393/2025-2026/168557-Lighting of public spaces","Tamil Nadu","SIVAGANGA(DISTRICT COLLECTOR SIVAGANGA_IDA)","Providing at mini mast light in 7th ward Piramanur Road santhippu Near Mislim Pallivasal in Thirupuvanam Town Panchayat","Shri Karti P Chidambaram","SIVAGANGA","N/A","26-Jul-2025","400000"
"87","Normal/Others","WS/MP393/2025-2026/170403-Construction of bus-sheds or bus-stops","Tamil Nadu","SIVAGANGA(DISTRICT COLLECTOR SIVAGANGA_IDA)","construction of Bus stop in Malampatti Village in Velangudi Panchayat","Shri Karti P Chidambaram","SIVAGANGA","Images","25-Oct-2025","699936"
"88","Normal/Others","WS/MP393/2025-2026/170404-Installing tube-wells and borewells","Tamil Nadu","SIVAGANGA(DISTRICT COLLECTOR SIVAGANGA_IDA)","construction of bore well and bathtub in Athankaraipatti village. Vaniyankadu Panchayat","Shri Karti P Chidambaram","SIVAGANGA","N/A","22-Nov-2025","548595"
"89","Normal/Others","WS/MP393/2025-2026/170723-Construction of community centers and community halls","Tamil Nadu","PUDUKKOTTAI(DISTRICT COLLECTOR PUDUKKOTTAI_IDA)","construction of Drama Stage in Near Sithi Vinayagar Kovil in Kurumbur Village, Kurumbur  Panchayat","Shri Karti P Chidambaram","SIVAGANGA","Images","27-Jan-2026","849228"
"90","Normal/Others","WS/MP393/2025-2026/181265-Construction of buildings for community cultural activities","Tamil Nadu","PUDUKKOTTAI(DISTRICT COLLECTOR PUDUKKOTTAI_IDA)","MPLADS 2024-25 CONTRUCTION OF PDS BUILDING KUPPAKUDI VILLAGE IN KUPAKUDI PANCHAYAT","Shri Karti P Chidambaram","SIVAGANGA","Images","27-Oct-2025","1449247"
"91","Normal/Others","WS/MP393/2025-2026/186701-Lighting of public spaces","Tamil Nadu","SIVAGANGA(DISTRICT COLLECTOR SIVAGANGA_IDA)","MP LADS 2024-25 Providing in mini mast light near arulmigu balasubramanian kovil in senganthankudi village, senganthankudi panchayat","Shri Karti P Chidambaram","SIVAGANGA","Images","23-Oct-2025","499444"
"92","Normal/Others","WS/MP393/2025-2026/186702-Construction of public staircase/ stair ghat for public convenience","Tamil Nadu","SIVAGANGA(DISTRICT COLLECTOR SIVAGANGA_IDA)","(MP LADS 2024-25) Constructuion of Oorani Maruthani staircase, stair  convenience Maruthani Village, Thennervayal panchayat","Shri Karti P Chidambaram","SIVAGANGA","Images","26-Aug-2025","498279"
"93","Normal/Others","WS/MP393/2025-2026/190166-Purchase of furniture and fixtures for educational purposes","Tamil Nadu","SIVAGANGA(DISTRICT COLLECTOR SIVAGANGA_IDA)","(MPLADS 2024-25) Providing in Tesk and Bench  Kannankudi Government Higher Secondary School","Shri Karti P Chidambaram","SIVAGANGA","Images","18-Sep-2025","800000"
"94","Normal/Others","WS/MP393/2025-2026/190167-Purchase of furniture and fixtures for educational purposes","Tamil Nadu","SIVAGANGA(DISTRICT COLLECTOR SIVAGANGA_IDA)","(MPLADS 2024-25) Providing in tesk and bench Ramanathan Chettiar Municipal High School In Karaikudi Corporation","Shri Karti P Chidambaram","SIVAGANGA","Images","18-Sep-2025","800000"
"95","Normal/Others","WS/MP393/2025-2026/190168-Purchase of furniture and fixtures for educational purposes","Tamil Nadu","SIVAGANGA(DISTRICT COLLECTOR SIVAGANGA_IDA)","(MPLADS 2024-25) Providing in tesk and bench Jeyakondan High School In Sakkottai Union","Shri Karti P Chidambaram","SIVAGANGA","Images","18-Sep-2025","800000"
"96","Normal/Others","WS/MP393/2025-2026/190169-Purchase of furniture and fixtures for educational purposes","Tamil Nadu","SIVAGANGA(DISTRICT COLLECTOR SIVAGANGA_IDA)","(MPLADS 2024-25) Providing in tesk and bench Government Girls Higher Secondary School,  Manamadurai Municipality","Shri Karti P Chidambaram","SIVAGANGA","Images","18-Sep-2025","800000"
"97","Normal/Others","WS/MP393/2025-2026/190170-Purchase of furniture and fixtures for educational purposes","Tamil Nadu","SIVAGANGA(DISTRICT COLLECTOR SIVAGANGA_IDA)","(MPLADS 2024-25) Providing inTesk and Bench Muthupattinam Government Girls Higher Secondary School, Karaikudi Corporation","Shri Karti P Chidambaram","SIVAGANGA","Images","18-Sep-2025","800000"
"98","Normal/Others","WS/MP393/2025-2026/190425-Lighting of public spaces","Tamil Nadu","SIVAGANGA(DISTRICT COLLECTOR SIVAGANGA_IDA)","(MPLADS2024-25) Providing in Near Kottai Karuppar Kovil at High Mast Light in Thirupathur Town Panchayat","Shri Karti P Chidambaram","SIVAGANGA","Images","15-Jul-2025","800000"
"99","Normal/Others","WS/MP393/2025-2026/190426-Lighting of public spaces","Tamil Nadu","SIVAGANGA(DISTRICT COLLECTOR SIVAGANGA_IDA)","(MPLADS2024-25) Providing in Near Arasamara PillaiyarKovil at Mini Mast Light , Velangudi pudur at Kottaiyur Town Panchayat","Shri Karti P Chidambaram","SIVAGANGA","N/A","07-Feb-2026","483538"
"100","Normal/Others","WS/MP393/2025-2026/190427-Construction of community centers and community halls","Tamil Nadu","SIVAGANGA(DISTRICT COLLECTOR SIVAGANGA_IDA)","MPLADS 2024-25) Construction of Drama Stage Near Iyyanar Kovil at Kavathukudi Village in Kavathukudi Panchayat","Shri Karti P Chidambaram","SIVAGANGA","Images","17-Oct-2025","942865"
"101","Normal/Others","WS/MP393/2025-2026/190429-Construction of bus-sheds or bus-stops","Tamil Nadu","SIVAGANGA(DISTRICT COLLECTOR SIVAGANGA_IDA)","(MPLADS 2024-25) Construction of Bus Stop in Kumani Village at Seluvatti Panchayat","Shri Karti P Chidambaram","SIVAGANGA","Images","11-Feb-2026","598675"
"102","Normal/Others","WS/MP393/2025-2026/190430-Construction of bus-sheds or bus-stops","Tamil Nadu","PUDUKKOTTAI(DISTRICT COLLECTOR PUDUKKOTTAI_IDA)","(MPLADS 2024-25) Construction of Bus Stop in Kulavaipatti Village at Edaiyathur Panchayat","Shri Karti P Chidambaram","SIVAGANGA","Images","11-Feb-2026","599494"
"103","Normal/Others","WS/MP393/2025-2026/190462-Providing supply pipelines for drinking water","Tamil Nadu","PUDUKKOTTAI(DISTRICT COLLECTOR PUDUKKOTTAI_IDA)","(MPLADS  2024-25) CONTRUCTION OF DEEP WELL AND ELECTRIC MOTOR AT NANTHANAM AREA IN THIRUKATTALAI PANCHAYAT","Shri Karti P Chidambaram","SIVAGANGA","N/A","26-Dec-2025","450000"
"104","Normal/Others","WS/MP393/2025-2026/193778-Construction of buildings for sports facilities","Tamil Nadu","SIVAGANGA(DISTRICT COLLECTOR SIVAGANGA_IDA)","(MPLADS 2024-25) Providing Gallery Shed at Kalanivasal, Kaliswaran Football Association Sports ground in Karaikudi Corporation","Shri Karti P Chidambaram","SIVAGANGA","N/A","17-Mar-2026","300000"
"105","Normal/Others","WS/MP393/2025-2026/206173-Lighting of public spaces","Tamil Nadu","SIVAGANGA(DISTRICT COLLECTOR SIVAGANGA_IDA)","(Mp Lads 2025-26) Providing in Mini Mast Light Near Nithiyakalyani Kovil in Kovil Ilayathangudi Panchayat","Shri Karti P Chidambaram","SIVAGANGA","Images","15-Dec-2025","496083"
"106","Normal/Others","WS/MP393/2025-2026/206174-Installing tube-wells and borewells","Tamil Nadu","SIVAGANGA(DISTRICT COLLECTOR SIVAGANGA_IDA)","(Mp Lads 2025-26) Construction of Bore well and Bath tube in Keelanilai Village in Thirukalapatti Panchayat","Shri Karti P Chidambaram","SIVAGANGA","Images","17-Nov-2025","499897"
"107","Normal/Others","WS/MP393/2025-2026/206227-Lighting of public spaces","Tamil Nadu","SIVAGANGA(DISTRICT COLLECTOR SIVAGANGA_IDA)","(MPLADS 2025-26) Providing in Mini Mast light Near Amaravathi Mahal Keela Theru, Kandanur Road Junction in Karaikudi Corporation","Shri Karti P Chidambaram","SIVAGANGA","N/A","28-Mar-2026","500000"
"108","Normal/Others","WS/MP393/2025-2026/206228-Lighting of public spaces","Tamil Nadu","SIVAGANGA(DISTRICT COLLECTOR SIVAGANGA_IDA)","(MPLADS 2025-26) Providing in Mini Mast light Near  Mariamman Kovil South Car Street in Karaikudi Corporation","Shri Karti P Chidambaram","SIVAGANGA","N/A","20-Mar-2026","500000"
"109","Normal/Others","WS/MP393/2025-2026/206229-Construction of community centers and community halls","Tamil Nadu","SIVAGANGA(DISTRICT COLLECTOR SIVAGANGA_IDA)","(MPLADS 2025-26) Constriction of Drama Stage near Kathamaravaar Kaliamman Kovil in Ayenimanai Village in Sirugapatti Panchyat","Shri Karti P Chidambaram","SIVAGANGA","N/A","05-May-2026","949670"
"110","Normal/Others","WS/MP393/2025-2026/206230-Construction of community centers and community halls","Tamil Nadu","SIVAGANGA(DISTRICT COLLECTOR SIVAGANGA_IDA)","(MPLADS 2025-26) Constriction of Drama Stage near Sri Mariamman Kovil Senganthankudi Village, Senganthankudi Panchayat","Shri Karti P Chidambaram","SIVAGANGA","N/A","24-Mar-2026","949959"
"111","Normal/Others","WS/MP393/2025-2026/206231-Installing tube-wells and borewells","Tamil Nadu","SIVAGANGA(DISTRICT COLLECTOR SIVAGANGA_IDA)","(MPLADS 2025-26) Constriction of Bore well Near Mandukundu Oorani in Periyakottai Village, Periyakottai Panchayat","Shri Karti P Chidambaram","SIVAGANGA","N/A","29-Sep-2025","649581"
"112","Normal/Others","WS/MP393/2025-2026/206232-Construction of community centers and community halls","Tamil Nadu","SIVAGANGA(DISTRICT COLLECTOR SIVAGANGA_IDA)","(MPLADS 2025-26) Constriction of  gold star football club Spectator seat karuviyapatti Village. Vadakudi Panchayat","Shri Karti P Chidambaram","SIVAGANGA","N/A","13-Nov-2025","699753"
"113","Normal/Others","WS/MP393/2025-2026/206233-Construction of community centers and community halls","Tamil Nadu","SIVAGANGA(DISTRICT COLLECTOR SIVAGANGA_IDA)","(MPLADS 2025-26) Constriction of Drama Stage in SC COLONY Nagamathi Village, Sarugani Panchayat","Shri Karti P Chidambaram","SIVAGANGA","Images","26-Sep-2025","948142"
"114","Normal/Others","WS/MP393/2025-2026/206234-Construction of community centers and community halls","Tamil Nadu","SIVAGANGA(DISTRICT COLLECTOR SIVAGANGA_IDA)","(MPLADS 2025-26) Constriction of Drama Stage in Near Ayyanar Kovil Vilankattur Village, Thiruvegampatur Panchayat","Shri Karti P Chidambaram","SIVAGANGA","Images","26-Aug-2025","948083"
"115","Normal/Others","WS/MP393/2025-2026/206235-Construction of community centers and community halls","Tamil Nadu","SIVAGANGA(DISTRICT COLLECTOR SIVAGANGA_IDA)","(MPLADS 2025-26) Constriction of Drama Stage in Near Sri Selva vinagayakar Kovil in Chettiyenthal Village, Manavikottai Panchayat","Shri Karti P Chidambaram","SIVAGANGA","Images","12-Feb-2026","947982"
"116","Normal/Others","WS/MP393/2025-2026/206238-Construction of community centers and community halls","Tamil Nadu","SIVAGANGA(DISTRICT COLLECTOR SIVAGANGA_IDA)","(MPLADS 2025-26) Constriction of Drama Stage in Near Dahrma Muniswarar Kovil in Kallupati Village, Kallupatti Panchayat","Shri Karti P Chidambaram","SIVAGANGA","Images","08-Dec-2025","949258"
"117","Normal/Others","WS/MP393/2025-2026/206239-Construction of stadiums","Tamil Nadu","SIVAGANGA(DISTRICT COLLECTOR SIVAGANGA_IDA)","(MPLADS 2025-26) Constriction of Manjuvirattu Ground Gallery in Siravayal Village, Siravayal Panchayat","Shri Karti P Chidambaram","SIVAGANGA","Images","23-Jan-2026","799537"
"118","Normal/Others","WS/MP393/2025-2026/206240-Construction of community centers and community halls","Tamil Nadu","SIVAGANGA(DISTRICT COLLECTOR SIVAGANGA_IDA)","(MPLADS 2025-26) Constriction of Drama Stage in Ugampatti Village, Kurunthampattu Panchayat","Shri Karti P Chidambaram","SIVAGANGA","Images","08-Dec-2025","944424"
"119","Normal/Others","WS/MP393/2025-2026/206241-Construction of community centers and community halls","Tamil Nadu","SIVAGANGA(DISTRICT COLLECTOR SIVAGANGA_IDA)","(MPLADS 2025-26) Constriction of Drama Stage in Near Sri Muniswarar Alayam in Ramanayakkar Enthal Village, Visalayankottai Panachayat","Shri Karti P Chidambaram","SIVAGANGA","Images","08-Dec-2025","944552"
"120","Normal/Others","WS/MP393/2025-2026/206413-Construction of community centers and community halls","Tamil Nadu","SIVAGANGA(DISTRICT COLLECTOR SIVAGANGA_IDA)","(MPLADS 2025-26) Construction of  Drama Stage  in SC COLONY Annanagar in O.PUDUR Panchayat","Shri Karti P Chidambaram","SIVAGANGA","Images","11-May-2026","936274"
"121","Normal/Others","WS/MP393/2025-2026/206414-Construction of community centers and community halls","Tamil Nadu","SIVAGANGA(DISTRICT COLLECTOR SIVAGANGA_IDA)","(MPLADS 2025-26) Construction of Drama Stage Near Arulmigu Sri muthumariamman Kovil in Arasani Muthupatti Village, Arasani Muthupatti Panchayat","Shri Karti P Chidambaram","SIVAGANGA","Images","20-Jan-2026","942991"
"122","Normal/Others","WS/MP393/2025-2026/206415-Construction of community centers and community halls","Tamil Nadu","SIVAGANGA(DISTRICT COLLECTOR SIVAGANGA_IDA)","(MPLADS 2025-26) Construction of Drama Stage Near Punitha Arulanthar Alayam in Dhalirthalai Village, Marandai Panchayat","Shri Karti P Chidambaram","SIVAGANGA","N/A","06-May-2026","944896"
"123","Normal/Others","WS/MP393/2025-2026/206418-Construction of bus-sheds or bus-stops","Tamil Nadu","SIVAGANGA(DISTRICT COLLECTOR SIVAGANGA_IDA)","(MPLADS 2025-26) Construction of Bus stop in Kachanatham Village, Sullankudi Panchayat","Shri Karti P Chidambaram","SIVAGANGA","Images","18-Mar-2026","598242"
"124","Normal/Others","WS/MP393/2025-2026/206419-Construction of bus-sheds or bus-stops","Tamil Nadu","SIVAGANGA(DISTRICT COLLECTOR SIVAGANGA_IDA)","(MPLADS 2025-26) Construction of Busstop in Peesarpattinam exemption. Kalpiravu Panchayat","Shri Karti P Chidambaram","SIVAGANGA","Images","18-Mar-2026","589872"
"125","Normal/Others","WS/MP393/2025-2026/206421-Installing tube-wells and borewells","Tamil Nadu","SIVAGANGA(DISTRICT COLLECTOR SIVAGANGA_IDA)","(MPLADS 2025-26) Construction of Bore well and Bath tub in Keelathari Village, Keelathari Panchayat","Shri Karti P Chidambaram","SIVAGANGA","N/A","16-Mar-2026","449596"
"126","Normal/Others","WS/MP393/2025-2026/206422-Construction of community centers and community halls","Tamil Nadu","SIVAGANGA(DISTRICT COLLECTOR SIVAGANGA_IDA)","(MPLADS 2025-26) Construction of Drama Stage in Government  Higher Sec School  in Palayanur at Palayanur Panchayat","Shri Karti P Chidambaram","SIVAGANGA","N/A","18-Mar-2026","941244"
"127","Normal/Others","WS/MP393/2025-2026/206431-Construction of community centers and community halls","Tamil Nadu","PUDUKKOTTAI(DISTRICT COLLECTOR PUDUKKOTTAI_IDA)","(MPLADS 2025-26) Construction of Dining shed in N.Sanmuganathapuri Village, Neivasal Panchayat","Shri Karti P Chidambaram","SIVAGANGA","N/A","25-Mar-2026","699305"
"128","Normal/Others","WS/MP393/2025-2026/206432-Construction of community centers and community halls","Tamil Nadu","PUDUKKOTTAI(DISTRICT COLLECTOR PUDUKKOTTAI_IDA)","(MPLADS 2025-26) Construction of Drama Stage Near Satnthikaruppar Kovil in  Kumbankudi Village, Rarapuram Panchayat","Shri Karti P Chidambaram","SIVAGANGA","N/A","15-May-2026","698766"
"129","Normal/Others","WS/MP393/2025-2026/206451-Construction of community centers and community halls","Tamil Nadu","PUDUKKOTTAI(DISTRICT COLLECTOR PUDUKKOTTAI_IDA)","(MPLADS 2025-26) Construction of Drama Stage Near  Sri Veerammal kaliamman Kovil, Onankudi Panchayat","Shri Karti P Chidambaram","SIVAGANGA","N/A","13-May-2026","829016"
"130","Normal/Others","WS/MP393/2025-2026/206452-Construction of community centers and community halls","Tamil Nadu","PUDUKKOTTAI(DISTRICT COLLECTOR PUDUKKOTTAI_IDA)","MPLADS 2025-26) Construction of Drama Stage Near Sri Selvavinayakar Kovil Keela Theru, in Kallur Village, Kallur Panchayat","Shri Karti P Chidambaram","SIVAGANGA","N/A","20-Apr-2026","849836"
"131","Normal/Others","WS/MP393/2025-2026/206454-Construction of bus-sheds or bus-stops","Tamil Nadu","PUDUKKOTTAI(DISTRICT COLLECTOR PUDUKKOTTAI_IDA)","(MPLADS 2025-26) Construction of Bus Stop Near Alavayal Government Higher Secondary School in Thuthur Panchayat","Shri Karti P Chidambaram","SIVAGANGA","Images","11-Feb-2026","597559"
"132","Normal/Others","WS/MP393/2025-2026/206455-Construction of community centers and community halls","Tamil Nadu","PUDUKKOTTAI(DISTRICT COLLECTOR PUDUKKOTTAI_IDA)","(MPLADS 2025-26) Construction of Mini Community Hall in Gandhi Nagar in Melathaniyam Panchayat","Shri Karti P Chidambaram","SIVAGANGA","Images","01-Apr-2026","849100"
"133","Normal/Others","WS/MP393/2025-2026/206456-Construction of community centers and community halls","Tamil Nadu","PUDUKKOTTAI(DISTRICT COLLECTOR PUDUKKOTTAI_IDA)","(MPLADS 2025 26) Construction of Drama Stage Near Arulmigu Muthumariamman Kovil in Lakshmi narasimhapuram Panchayat","Shri Karti P Chidambaram","SIVAGANGA","Images","18-Feb-2026","799527"
"134","Normal/Others","WS/MP393/2025-2026/206484-Construction of bus-sheds or bus-stops","Tamil Nadu","PUDUKKOTTAI(DISTRICT COLLECTOR PUDUKKOTTAI_IDA)","(MPLADS 2025-26) Construction of Bus Stop in Seegampatti Village, R.Palakuruchi Panchahayat","Shri Karti P Chidambaram","SIVAGANGA","Images","11-Feb-2026","599541"
"135","Normal/Others","WS/MP393/2025-2026/206602-Lighting of public spaces","Tamil Nadu","PUDUKKOTTAI(DISTRICT COLLECTOR PUDUKKOTTAI_IDA)","(MPLADS 2025 26) Providing of Mini Mast Light Near Sri Ariyanayaki Amman Kovil in Ethanadu Village, Piliavayal Panchayat","Shri Karti P Chidambaram","SIVAGANGA","N/A","24-Oct-2025","495656"
"136","Normal/Others","WS/MP393/2025-2026/206603-Construction of community centers and community halls","Tamil Nadu","PUDUKKOTTAI(DISTRICT COLLECTOR PUDUKKOTTAI_IDA)","MPLADS 2025-26) Construction of Drama Stage Near Madha Kovil, South Kudieruppu, Keelapanaiyur Village, Keelapanaiyur Panchayat","Shri Karti P Chidambaram","SIVAGANGA","N/A","12-Mar-2026","699786"
"137","Normal/Others","WS/MP393/2025-2026/206619-Construction of community centers and community halls","Tamil Nadu","PUDUKKOTTAI(DISTRICT COLLECTOR PUDUKKOTTAI_IDA)","MPLADS 2025-26) Construction of Near Sivan kovil Enathi Village, Enathi Panchayat","Shri Karti P Chidambaram","SIVAGANGA","Images","11-Feb-2026","699258"
"138","Normal/Others","WS/MP393/2025-2026/210037-Lighting of public spaces","Tamil Nadu","SIVAGANGA(DISTRICT COLLECTOR SIVAGANGA_IDA)","MPLADS 2024-25) Providing in Mini Mast Light in Kalangathankottai Village, Kalangathankottai Panchayat","Shri Karti P Chidambaram","SIVAGANGA","Images","26-Dec-2025","499852"
"139","Normal/Others","WS/MP393/2025-2026/210038-Lighting of public spaces","Tamil Nadu","SIVAGANGA(DISTRICT COLLECTOR SIVAGANGA_IDA)","MPLADS 2024-25) Providing in Mini Mast Light in Mullaikulam Village in Kuvalaiveli Panchayat","Shri Karti P Chidambaram","SIVAGANGA","N/A","19-Sep-2025","499621"
"140","Normal/Others","WS/MP393/2025-2026/210039-Lighting of public spaces","Tamil Nadu","SIVAGANGA(DISTRICT COLLECTOR SIVAGANGA_IDA)","MPLADS 2024-25) Providing in Mini Mast Light in Near Ramanathaswami Kovil Annavasal Village, Annavasal Panchayat","Shri Karti P Chidambaram","SIVAGANGA","N/A","19-Sep-2025","499621"
"141","Normal/Others","WS/MP393/2025-2026/220266-Purchase of furniture and fixtures for educational purposes","Tamil Nadu","SIVAGANGA(DISTRICT COLLECTOR SIVAGANGA_IDA)","MPLADS 2025-26) Procurement of Furniture (Desk and Bench) in Government Higher Secondary School at Kalayarkoil","Shri Karti P Chidambaram","SIVAGANGA","N/A","31-Oct-2025","800000"
"142","Normal/Others","WS/MP393/2025-2026/220272-Purchase of furniture and fixtures for educational purposes","Tamil Nadu","SIVAGANGA(DISTRICT COLLECTOR SIVAGANGA_IDA)","Procurement of Furniture (Desk and Bench) in Kottaiyur Thanjavur Arunachalam Chettiar Government Higher Secondary School","Shri Karti P Chidambaram","SIVAGANGA","N/A","31-Oct-2025","800000"
"143","Normal/Others","WS/MP393/2025-2026/220273-Purchase of furniture and fixtures for educational purposes","Tamil Nadu","SIVAGANGA(DISTRICT COLLECTOR SIVAGANGA_IDA)","MPLADS 2025-26) Procurement of Furniture (Desk and Bench) in M.K.Government Higher Secondary School at Sembanur","Shri Karti P Chidambaram","SIVAGANGA","N/A","31-Oct-2025","800000"
"144","Normal/Others","WS/MP393/2025-2026/220274-Purchase of furniture and fixtures for educational purposes","Tamil Nadu","SIVAGANGA(DISTRICT COLLECTOR SIVAGANGA_IDA)","MPLADS 2025-26) Procurement of Furniture (Desk and Bench) in Government Higher Secondary School at Vettiyur","Shri Karti P Chidambaram","SIVAGANGA","N/A","31-Oct-2025","400000"
"145","Normal/Others","WS/MP393/2025-2026/221337-Purchase of furniture and fixtures for educational purposes","Tamil Nadu","SIVAGANGA(DISTRICT COLLECTOR SIVAGANGA_IDA)","MPLADS 2025-26) Procurement of Furniture (Desk and Bench) in Government Higher Secondary School at Visalayakottai","Shri Karti P Chidambaram","SIVAGANGA","N/A","31-Oct-2025","400000"
"146","Normal/Others","WS/MP393/2025-2026/220640-Lighting of public spaces","Tamil Nadu","SIVAGANGA(DISTRICT COLLECTOR SIVAGANGA_IDA)","(MPLADS 2025-26) Providing in High Mass Light Near Main Road in Perumal Kovil 8 ward, Pallathur Town panchayat","Shri Karti P Chidambaram","SIVAGANGA","Images","26-Dec-2025","500000"
"147","Normal/Others","WS/MP393/2025-2026/220641-Lighting of public spaces","Tamil Nadu","SIVAGANGA(DISTRICT COLLECTOR SIVAGANGA_IDA)","(MPLADS 2025-26) Providing in High Mass Light Near Kamarajar Statute  in  13 ward, Pallathur Town panchayat","Shri Karti P Chidambaram","SIVAGANGA","Images","26-Dec-2025","488433"
"148","Normal/Others","WS/MP393/2025-2026/220658-Construction of public irrigation facilities","Tamil Nadu","PUDUKKOTTAI(DISTRICT COLLECTOR PUDUKKOTTAI_IDA)","(MPLADS 2025-26) Construction in Drainage in Main Santhu, Cross Street Kathiresan Chitttiar Santhu Meyyappan Chettiar Santhu in Ponnamaravathi Town Panchayat","Shri Karti P Chidambaram","SIVAGANGA","Images","19-Jan-2026","500000"
"149","Normal/Others","WS/MP393/2025-2026/220659-Construction of community centers and community halls","Tamil Nadu","PUDUKKOTTAI(DISTRICT COLLECTOR PUDUKKOTTAI_IDA)","(MPLADS 2025-26) Construction in Drama Stage in Near Manivasar Kovil in K.V.Kottai Village, K.V.Kottai Panchayat","Shri Karti P Chidambaram","SIVAGANGA","Images","30-Jan-2026","799685"
"150","Normal/Others","WS/MP393/2025-2026/220660-Construction of community centers and community halls","Tamil Nadu","PUDUKKOTTAI(DISTRICT COLLECTOR PUDUKKOTTAI_IDA)","(MPLADS 2025-26) Construction in Drama Stage in Near Sri Karpaga Vinayagar Kovil in Vandakottai Village, Vandakottai Panchayat","Shri Karti P Chidambaram","SIVAGANGA","Images","08-May-2026","794721"
"151","Normal/Others","WS/MP393/2025-2026/220663-Installing tube-wells and borewells","Tamil Nadu","PUDUKKOTTAI(DISTRICT COLLECTOR PUDUKKOTTAI_IDA)","(MPLADS 2025-26) Construction in Bore Well and Bath Tube in Ammanpatti Village, Melur Panchayat","Shri Karti P Chidambaram","SIVAGANGA","N/A","09-Feb-2026","448743"
"152","Normal/Others","WS/MP393/2025-2026/221341-Purchase of furniture and fixtures for educational purposes","Tamil Nadu","SIVAGANGA(DISTRICT COLLECTOR SIVAGANGA_IDA)","MPLADS 2025-26) Procurement of Furniture (Desk and Bench) in Government Higher Secondary School at Periykottai","Shri Karti P Chidambaram","SIVAGANGA","N/A","31-Oct-2025","800000"
"153","Normal/Others","WS/MP393/2025-2026/222817-Lighting of public spaces","Tamil Nadu","SIVAGANGA(DISTRICT COLLECTOR SIVAGANGA_IDA)","MPLADS 2025-26 Providing in mini mast light in near mariyamman kovil in silameganadu village, sakkanthi panchayat","Shri Karti P Chidambaram","SIVAGANGA","Images","13-Mar-2026","498419"
"154","Normal/Others","WS/MP393/2025-2026/230424-Construction of bus-sheds or bus-stops","Tamil Nadu","PUDUKKOTTAI(DISTRICT COLLECTOR PUDUKKOTTAI_IDA)","(MP SCHEME 2022-23) Construction of bus Sheds in Aranthangi Pattukottai Road Arivoli Nagar, Keeramangalam North in Keeramangalam Town Panchayat","Shri Karti P Chidambaram","SIVAGANGA","Images","04-Oct-2025","600000"
"155","Normal/Others","WS/MP393/2025-2026/250039-Construction of community centers and community halls","Tamil Nadu","SIVAGANGA(DISTRICT COLLECTOR SIVAGANGA_IDA)","(MPLADS 2025-26) Drama Stage in Near kupparudaiya Ayyanar Kaliyamman kovil in magaranthai Village in Velarenthal Panchayat","Shri Karti P Chidambaram","SIVAGANGA","N/A","27-Feb-2026","944750"
"156","Normal/Others","WS/MP394/2024-2025/136033-Construction of buildings for crèches and anganwadies","Tamil Nadu","KANNIYAKUMARI(DISTRICT COLLECTOR KANNIYAKUMARI_IDA)","chennanvilai","Shri vijayakumar Vasanth","KANNIYAKUMARI","Images","20-Jan-2026","1287207"
"157","Normal/Others","WS/MP394/2024-2025/136036-Construction of bus-sheds or bus-stops","Tamil Nadu","KANNIYAKUMARI(DISTRICT COLLECTOR KANNIYAKUMARI_IDA)","kurusadi","Shri vijayakumar Vasanth","KANNIYAKUMARI","Images","21-Jan-2026","369433"
"158","Normal/Others","WS/MP394/2024-2025/136037-Construction of culverts and bridges","Tamil Nadu","KANNIYAKUMARI(DISTRICT COLLECTOR KANNIYAKUMARI_IDA)","konam aatru paalam","Shri vijayakumar Vasanth","KANNIYAKUMARI","Images","31-Dec-2025","1000000"
"159","Normal/Others","WS/MP394/2025-2026/136039-Construction of community centers and community halls","Tamil Nadu","KANNIYAKUMARI(DISTRICT COLLECTOR KANNIYAKUMARI_IDA)","ilanjirai pds shop","Shri vijayakumar Vasanth","KANNIYAKUMARI","Images","08-Sep-2025","1000000"
"160","Normal/Others","WS/MP394/2025-2026/136042-Construction of buildings for crèches and anganwadies","Tamil Nadu","KANNIYAKUMARI(DISTRICT COLLECTOR KANNIYAKUMARI_IDA)","gnanadeepam shool arugil","Shri vijayakumar Vasanth","KANNIYAKUMARI","Images","24-Nov-2025","1450000"
"161","Normal/Others","WS/MP394/2025-2026/136043-Construction of community centers and community halls","Tamil Nadu","KANNIYAKUMARI(DISTRICT COLLECTOR KANNIYAKUMARI_IDA)","kottaram peruratchi vilagathil samudhaya nala koodam","Shri vijayakumar Vasanth","KANNIYAKUMARI","Images","13-Jan-2026","2000000"
"162","Normal/Others","WS/MP394/2024-2025/136044-Installing tube-wells and borewells","Tamil Nadu","KANNIYAKUMARI(DISTRICT COLLECTOR KANNIYAKUMARI_IDA)","aal thulai kinaru amaithal","Shri vijayakumar Vasanth","KANNIYAKUMARI","Images","15-Sep-2025","300000"
"163","Normal/Others","WS/MP394/2025-2026/164303-Construction of flood control embankments/ protection walls along riverbanks, hilltops, roadsides","Tamil Nadu","KANNIYAKUMARI(DISTRICT COLLECTOR KANNIYAKUMARI_IDA)","Restoration using concrete armour units to the main breakwater of the colachal fishing harbour in kanniyakumari district.","Shri vijayakumar Vasanth","KANNIYAKUMARI","Images","01-Sep-2025","1500000"
"164","Normal/Others","WS/MP394/2025-2026/170081-Street lights","Tamil Nadu","KANNIYAKUMARI(DISTRICT COLLECTOR KANNIYAKUMARI_IDA)","Tirumulnagar juction solar hymas light","Shri vijayakumar Vasanth","KANNIYAKUMARI","Images","23-Dec-2025","749810"
"165","Normal/Others","WS/MP394/2025-2026/170082-Street lights","Tamil Nadu","KANNIYAKUMARI(DISTRICT COLLECTOR KANNIYAKUMARI_IDA)","punnaarkulam juction, Solar Hymas light","Shri vijayakumar Vasanth","KANNIYAKUMARI","Images","23-Dec-2025","749810"
"166","Normal/Others","WS/MP394/2025-2026/170084-Street lights","Tamil Nadu","KANNIYAKUMARI(DISTRICT COLLECTOR KANNIYAKUMARI_IDA)","Thoothur ooratchi solar hymas light","Shri vijayakumar Vasanth","KANNIYAKUMARI","N/A","21-Aug-2025","749810"
"167","Normal/Others","WS/MP394/2025-2026/170085-Street lights","Tamil Nadu","KANNIYAKUMARI(DISTRICT COLLECTOR KANNIYAKUMARI_IDA)","St. Jude High School and st Mary church Solar hymas light","Shri vijayakumar Vasanth","KANNIYAKUMARI","N/A","21-Aug-2025","749810"
"168","Normal/Others","WS/MP394/2025-2026/170086-Street lights","Tamil Nadu","KANNIYAKUMARI(DISTRICT COLLECTOR KANNIYAKUMARI_IDA)","sirayankuzhi junction Solar hymas light","Shri vijayakumar Vasanth","KANNIYAKUMARI","Images","23-Dec-2025","749810"
"169","Normal/Others","WS/MP394/2025-2026/170087-Street lights","Tamil Nadu","KANNIYAKUMARI(DISTRICT COLLECTOR KANNIYAKUMARI_IDA)","mel midalam solar hymas light","Shri vijayakumar Vasanth","KANNIYAKUMARI","N/A","20-Aug-2025","749810"
"170","Normal/Others","WS/MP394/2025-2026/170088-Street lights","Tamil Nadu","KANNIYAKUMARI(DISTRICT COLLECTOR KANNIYAKUMARI_IDA)","adancode aasan junction solar hymas light","Shri vijayakumar Vasanth","KANNIYAKUMARI","Images","23-Dec-2025","749810"
"171","Normal/Others","WS/MP394/2025-2026/170089-Street lights","Tamil Nadu","KANNIYAKUMARI(DISTRICT COLLECTOR KANNIYAKUMARI_IDA)","moondru peruratchi junction solar hymas light","Shri vijayakumar Vasanth","KANNIYAKUMARI","Images","23-Dec-2025","749810"
"172","Normal/Others","WS/MP394/2025-2026/170091-Street lights","Tamil Nadu","KANNIYAKUMARI(DISTRICT COLLECTOR KANNIYAKUMARI_IDA)","periakadu seaside solar hymas light","Shri vijayakumar Vasanth","KANNIYAKUMARI","N/A","21-Aug-2025","749810"
"173","Normal/Others","WS/MP394/2025-2026/170092-Street lights","Tamil Nadu","KANNIYAKUMARI(DISTRICT COLLECTOR KANNIYAKUMARI_IDA)","kokkhottu moolai solar hymas light","Shri vijayakumar Vasanth","KANNIYAKUMARI","Images","23-Dec-2025","749810"
"174","Normal/Others","WS/MP394/2025-2026/170094-Street lights","Tamil Nadu","KANNIYAKUMARI(DISTRICT COLLECTOR KANNIYAKUMARI_IDA)","kurummanai bus stop solar hymas light","Shri vijayakumar Vasanth","KANNIYAKUMARI","N/A","21-Aug-2025","749810"
"175","Normal/Others","WS/MP394/2025-2026/170095-Street lights","Tamil Nadu","KANNIYAKUMARI(DISTRICT COLLECTOR KANNIYAKUMARI_IDA)","Arasu nadunilai school","Shri vijayakumar Vasanth","KANNIYAKUMARI","Images","23-Dec-2025","749810"
"176","Normal/Others","WS/MP394/2025-2026/170096-Street lights","Tamil Nadu","KANNIYAKUMARI(DISTRICT COLLECTOR KANNIYAKUMARI_IDA)","ration shop solar hymas light","Shri vijayakumar Vasanth","KANNIYAKUMARI","N/A","21-Aug-2025","749810"
"177","Normal/Others","WS/MP394/2025-2026/170097-Street lights","Tamil Nadu","KANNIYAKUMARI(DISTRICT COLLECTOR KANNIYAKUMARI_IDA)","rajakkamangalam sea side solar hymas light","Shri vijayakumar Vasanth","KANNIYAKUMARI","N/A","21-Aug-2025","749810"
"178","Normal/Others","WS/MP394/2025-2026/170098-Street lights","Tamil Nadu","KANNIYAKUMARI(DISTRICT COLLECTOR KANNIYAKUMARI_IDA)","pillaithoppu place solar hymas light","Shri vijayakumar Vasanth","KANNIYAKUMARI","N/A","21-Aug-2025","749810"
"179","Normal/Others","WS/MP394/2025-2026/170099-Street lights","Tamil Nadu","KANNIYAKUMARI(DISTRICT COLLECTOR KANNIYAKUMARI_IDA)","Rasthakaadu beach solar hymas light","Shri vijayakumar Vasanth","KANNIYAKUMARI","N/A","21-Aug-2025","749810"
"180","Normal/Others","WS/MP394/2025-2026/170100-Street lights","Tamil Nadu","KANNIYAKUMARI(DISTRICT COLLECTOR KANNIYAKUMARI_IDA)","paloor junction solar hymas light","Shri vijayakumar Vasanth","KANNIYAKUMARI","Images","23-Dec-2025","749810"
"181","Normal/Others","WS/MP394/2025-2026/170101-Street lights","Tamil Nadu","KANNIYAKUMARI(DISTRICT COLLECTOR KANNIYAKUMARI_IDA)","veeranarayanmangalam garden solar hymas light","Shri vijayakumar Vasanth","KANNIYAKUMARI","N/A","06-Oct-2025","749813"
"182","Normal/Others","WS/MP394/2025-2026/170102-Street lights","Tamil Nadu","KANNIYAKUMARI(DISTRICT COLLECTOR KANNIYAKUMARI_IDA)","vagaiyadi theru solar hymas light","Shri vijayakumar Vasanth","KANNIYAKUMARI","N/A","06-Oct-2025","749813"
"183","Normal/Others","WS/MP394/2025-2026/170105-Street lights","Tamil Nadu","KANNIYAKUMARI(DISTRICT COLLECTOR KANNIYAKUMARI_IDA)","Fathimapuram place solar hymas light","Shri vijayakumar Vasanth","KANNIYAKUMARI","Images","23-Dec-2025","749813"
"184","Normal/Others","WS/MP394/2025-2026/170106-Street lights","Tamil Nadu","KANNIYAKUMARI(DISTRICT COLLECTOR KANNIYAKUMARI_IDA)","merkku kadakarai saalai solar hymnas light","Shri vijayakumar Vasanth","KANNIYAKUMARI","N/A","06-Oct-2025","749813"
"185","Normal/Others","WS/MP394/2025-2026/170107-Street lights","Tamil Nadu","KANNIYAKUMARI(DISTRICT COLLECTOR KANNIYAKUMARI_IDA)","peedavilai mutharamman koil solar hymas light","Shri vijayakumar Vasanth","KANNIYAKUMARI","N/A","06-Oct-2025","749813"
"186","Normal/Others","WS/MP394/2025-2026/170108-Street lights","Tamil Nadu","KANNIYAKUMARI(DISTRICT COLLECTOR KANNIYAKUMARI_IDA)","pinanthodu junction solar hymas light","Shri vijayakumar Vasanth","KANNIYAKUMARI","N/A","06-Oct-2025","749813"
"187","Normal/Others","WS/MP394/2025-2026/170109-Street lights","Tamil Nadu","KANNIYAKUMARI(DISTRICT COLLECTOR KANNIYAKUMARI_IDA)","Maravankudiyirruppu solar hymas light","Shri vijayakumar Vasanth","KANNIYAKUMARI","N/A","06-Oct-2025","749813"
"188","Normal/Others","WS/MP394/2025-2026/181598-Construction of roads, link roads, pathways or any other road with or without drainage system","Tamil Nadu","KANNIYAKUMARI(DISTRICT COLLECTOR KANNIYAKUMARI_IDA)","angatrukuzhi - vaduvan parambu saalai","Shri vijayakumar Vasanth","KANNIYAKUMARI","Images","21-Jul-2025","999809"
"189","Normal/Others","WS/MP394/2025-2026/181599-Purchase of books and periodicals for libraries/digitization of library books","Tamil Nadu","KANNIYAKUMARI(DISTRICT COLLECTOR KANNIYAKUMARI_IDA)","jawahrlal nehru oru sagaptham","Shri vijayakumar Vasanth","KANNIYAKUMARI","Images","18-Mar-2026","1000000"
"190","Normal/Others","WS/MP394/2025-2026/181600-Construction of culverts and bridges","Tamil Nadu","KANNIYAKUMARI(DISTRICT COLLECTOR KANNIYAKUMARI_IDA)","vanniyoor bridge","Shri vijayakumar Vasanth","KANNIYAKUMARI","Images","18-Dec-2025","321353"
"191","Normal/Others","WS/MP394/2025-2026/213766-Construction of roads, link roads, pathways or any other road with or without drainage system","Tamil Nadu","KANNIYAKUMARI(DISTRICT COLLECTOR KANNIYAKUMARI_IDA)","nalloor ooratchi sudukaadu saalai","Shri vijayakumar Vasanth","KANNIYAKUMARI","Images","31-Oct-2025","499652"
"192","Normal/Others","WS/MP394/2025-2026/223987-Construction of flood control embankments/ protection walls along riverbanks, hilltops, roadsides","Tamil Nadu","KANNIYAKUMARI(DISTRICT COLLECTOR KANNIYAKUMARI_IDA)","construction of thadu suver","Shri vijayakumar Vasanth","KANNIYAKUMARI","Images","27-Nov-2025","2000000"
"193","Normal/Others","WS/MP394/2025-2026/230777-Construction of footpaths and pedestrian ways","Tamil Nadu","KANNIYAKUMARI(DISTRICT COLLECTOR KANNIYAKUMARI_IDA)","interlock stones near bava kasim mandapam","Shri vijayakumar Vasanth","KANNIYAKUMARI","Images","31-Jan-2026","927899"
"194","Normal/Others","WS/MP394/2025-2026/231397-Construction of roads, link roads, pathways or any other road with or without drainage system","Tamil Nadu","KANNIYAKUMARI(DISTRICT COLLECTOR KANNIYAKUMARI_IDA)","Maruthancode - therivilai roads","Shri vijayakumar Vasanth","KANNIYAKUMARI","Images","15-Dec-2025","965991"
"195","Normal/Others","WS/MP457/2024-2025/140493-Construction of buildings for community cultural activities","Tamil Nadu","Viluppuram(DISTRICT COLLECTOR VILLUPURAM_IDA)","Drama Stage in Sakthipattu Colony, Koliyanur Panchayat union, Viluppuram","D Ravikumar","VILUPPURAM(SC)","Images","07-Nov-2025","799743"
"196","Normal/Others","WS/MP457/2024-2025/141461-Construction of buildings for community cultural activities","Tamil Nadu","Viluppuram(DISTRICT COLLECTOR VILLUPURAM_IDA)","Drama Stage in Panangkuppam Colony of Panangkuppam village, Koliyanur, Viluppuram District.","D Ravikumar","VILUPPURAM(SC)","Images","02-Jul-2025","799961"
"197","Normal/Others","WS/MP457/2024-2025/141462-Construction of buildings for community cultural activities","Tamil Nadu","Viluppuram(DISTRICT COLLECTOR VILLUPURAM_IDA)","Drama Stage in Kundalappuliyur Colony of Kundalppuliyur Panchayat, Vikravandi.","D Ravikumar","VILUPPURAM(SC)","Images","09-Oct-2025","796920"
"198","Normal/Others","WS/MP457/2024-2025/141463-Construction of community centers and community halls","Tamil Nadu","Viluppuram(DISTRICT COLLECTOR VILLUPURAM_IDA)","Fair Price Shop / Ration Shop in Kanai Colony of Kanai Panchayat, Viluppuram. Vikravandi Assembly Segment.","D Ravikumar","VILUPPURAM(SC)","Images","02-Jul-2025","978693"
"199","Normal/Others","WS/MP457/2024-2025/142109-Construction of buildings for community cultural activities","Tamil Nadu","Viluppuram(DISTRICT COLLECTOR VILLUPURAM_IDA)","Drama Stage in Ward No 32, Vazhuthareddy, Viluppuram Municipality","D Ravikumar","VILUPPURAM(SC)","N/A","23-Sep-2025","800000"
"200","Normal/Others","WS/MP457/2024-2025/146371-Construction of rooms and facilities for hospitals, FWC , PHC Centers and ANM centers","Tamil Nadu","Viluppuram(DISTRICT COLLECTOR VILLUPURAM_IDA)","Construction of Patient Waiting Shed to New Maternity Block in Government Viluppuram Medical College and Hospital at Mundiyambakkam in Viluppuram District.","D Ravikumar","VILUPPURAM(SC)","Images","02-Jul-2025","3393546"
"201","Normal/Others","WS/MP457/2024-2025/146372-Crematoriums/energy efficient crematoriums or structures on burial/cremation ground","Tamil Nadu","Viluppuram(DISTRICT COLLECTOR VILLUPURAM_IDA)","Waiting Shed at Adi Dravidar Burial ground in Nadukuppam of Marakkanam Taluk","D Ravikumar","VILUPPURAM(SC)","N/A","22-Sep-2025","599451"
"202","Normal/Others","WS/MP457/2024-2025/146373-Construction of community centers and community halls","Tamil Nadu","Viluppuram(DISTRICT COLLECTOR VILLUPURAM_IDA)","Fair Price Shop (Ration Shop) at Nadukuppam Village of Marakanam Taluk, Viluppuram District","D Ravikumar","VILUPPURAM(SC)","Images","23-Aug-2025","1299466"
"203","Normal/Others","WS/MP457/2024-2025/149283-Crematoriums/energy efficient crematoriums or structures on burial/cremation ground","Tamil Nadu","Viluppuram(DISTRICT COLLECTOR VILLUPURAM_IDA)","Vanur Taluk, Kottakkarai, Backward community area Graveyard waiting shed.","D Ravikumar","VILUPPURAM(SC)","Images","21-Nov-2025","599667"
"204","Normal/Others","WS/MP457/2024-2025/149284-Crematoriums/energy efficient crematoriums or structures on burial/cremation ground","Tamil Nadu","Viluppuram(DISTRICT COLLECTOR VILLUPURAM_IDA)","Vanur taluk, Kottakkarai, Adi Dravidar area Graveyard Waiting Shed.","D Ravikumar","VILUPPURAM(SC)","Images","20-Aug-2025","600000"
"205","Normal/Others","WS/MP457/2024-2025/149285-Crematoriums/energy efficient crematoriums or structures on burial/cremation ground","Tamil Nadu","Viluppuram(DISTRICT COLLECTOR VILLUPURAM_IDA)","Tindivanam taluk, Molasur village, Adi Dravidar area Graveyard Cremation Shed.","D Ravikumar","VILUPPURAM(SC)","Images","23-Aug-2025","398855"
"206","Normal/Others","WS/MP457/2024-2025/149286-Crematoriums/energy efficient crematoriums or structures on burial/cremation ground","Tamil Nadu","Viluppuram(DISTRICT COLLECTOR VILLUPURAM_IDA)","Vanur taluk, Kottakuppam village, Chinnakottakuppam Adi Dravidar area Graveyard Waiting shed.","D Ravikumar","VILUPPURAM(SC)","Images","25-Nov-2025","600000"
"207","Normal/Others","WS/MP457/2024-2025/149287-Crematoriums/energy efficient crematoriums or structures on burial/cremation ground","Tamil Nadu","Viluppuram(DISTRICT COLLECTOR VILLUPURAM_IDA)","Villuppuram taluk, melpathi village, Backward community Graveyard waiting shed.","D Ravikumar","VILUPPURAM(SC)","Images","22-Nov-2025","599764"
"208","Normal/Others","WS/MP457/2024-2025/149288-Crematoriums/energy efficient crematoriums or structures on burial/cremation ground","Tamil Nadu","Viluppuram(DISTRICT COLLECTOR VILLUPURAM_IDA)","Viluppuram Municipality, Periya Colaony Adi Dravidar Area graveyard Waiting Shed.","D Ravikumar","VILUPPURAM(SC)","N/A","27-Feb-2026","1199449"
"209","Normal/Others","WS/MP457/2024-2025/149289-Crematoriums/energy efficient crematoriums or structures on burial/cremation ground","Tamil Nadu","Viluppuram(DISTRICT COLLECTOR VILLUPURAM_IDA)","Viluppuram Municipality, Erumananthangal, M.Kuchi Palayam, Adi Dravidar area Graveyard Cremation shed.","D Ravikumar","VILUPPURAM(SC)","N/A","24-Sep-2025","774326"
"210","Normal/Others","WS/MP457/2024-2025/149290-Crematoriums/energy efficient crematoriums or structures on burial/cremation ground","Tamil Nadu","Viluppuram(DISTRICT COLLECTOR VILLUPURAM_IDA)","Viluppuram Municipality, Vazhuthareddy Adi Dravidar area graveyard cremation shed","D Ravikumar","VILUPPURAM(SC)","N/A","23-Sep-2025","800000"
"211","Normal/Others","WS/MP457/2024-2025/149291-Crematoriums/energy efficient crematoriums or structures on burial/cremation ground","Tamil Nadu","Viluppuram(DISTRICT COLLECTOR VILLUPURAM_IDA)","Viluppuram Taluk, Koliyanur Anichampalayam Irular area Graveyard Waiting Shed","D Ravikumar","VILUPPURAM(SC)","Images","24-Oct-2025","599764"
"212","Normal/Others","WS/MP457/2024-2025/154478-Crematoriums/energy efficient crematoriums or structures on burial/cremation ground","Tamil Nadu","Viluppuram(DISTRICT COLLECTOR VILLUPURAM_IDA)","Tindivanam, Marakkanam, Jaggampettai Adhi dravidar area Graveyard Waiting Shed","D Ravikumar","VILUPPURAM(SC)","Images","25-Nov-2025","599128"
"213","Normal/Others","WS/MP457/2024-2025/154479-Crematoriums/energy efficient crematoriums or structures on burial/cremation ground","Tamil Nadu","Viluppuram(DISTRICT COLLECTOR VILLUPURAM_IDA)","Tindivanam, Marakkanam, Manur  Adhi Dravidar area Graveyard Waiting shed","D Ravikumar","VILUPPURAM(SC)","Images","26-Nov-2025","599823"
"214","Normal/Others","WS/MP457/2024-2025/154480-Crematoriums/energy efficient crematoriums or structures on burial/cremation ground","Tamil Nadu","Viluppuram(DISTRICT COLLECTOR VILLUPURAM_IDA)","Tindivanam, Marakkanam, Keezh Arungunam  Adhi Dravidar area Graveyard Waiting shed","D Ravikumar","VILUPPURAM(SC)","Images","25-Nov-2025","599767"
"215","Normal/Others","WS/MP457/2024-2025/154481-Crematoriums/energy efficient crematoriums or structures on burial/cremation ground","Tamil Nadu","Viluppuram(DISTRICT COLLECTOR VILLUPURAM_IDA)","Tindivanam, Marakkanam, MUNNUR  Adhi Dravidar area Graveyard Waiting shed","D Ravikumar","VILUPPURAM(SC)","Images","23-Aug-2025","599673"
"216","Normal/Others","WS/MP457/2024-2025/154482-Crematoriums/energy efficient crematoriums or structures on burial/cremation ground","Tamil Nadu","Viluppuram(DISTRICT COLLECTOR VILLUPURAM_IDA)","Tindivanam, Marakkanam, Siruvadi  Adhi Dravidar area Graveyard Waiting shed","D Ravikumar","VILUPPURAM(SC)","Images","23-Aug-2025","599495"
"217","Normal/Others","WS/MP457/2024-2025/154483-Crematoriums/energy efficient crematoriums or structures on burial/cremation ground","Tamil Nadu","Viluppuram(DISTRICT COLLECTOR VILLUPURAM_IDA)","Tindivanam, Marakkanam, Alathur  Adhi Dravidar area Graveyard Waiting shed","D Ravikumar","VILUPPURAM(SC)","Images","23-Aug-2025","599293"
"218","Normal/Others","WS/MP457/2024-2025/154484-Crematoriums/energy efficient crematoriums or structures on burial/cremation ground","Tamil Nadu","Viluppuram(DISTRICT COLLECTOR VILLUPURAM_IDA)","Tindivanam, Marakkanam, Kandhadu  Adhi Dravidar area Graveyard Waiting shed","D Ravikumar","VILUPPURAM(SC)","Images","23-Aug-2025","599743"
"219","Normal/Others","WS/MP457/2024-2025/154485-Crematoriums/energy efficient crematoriums or structures on burial/cremation ground","Tamil Nadu","Viluppuram(DISTRICT COLLECTOR VILLUPURAM_IDA)","Tindivanam, Marakkanam, Kattalai  Adhi Dravidar area Graveyard Waiting shed","D Ravikumar","VILUPPURAM(SC)","Images","26-Nov-2025","599312"
"220","Normal/Others","WS/MP457/2024-2025/154486-Crematoriums/energy efficient crematoriums or structures on burial/cremation ground","Tamil Nadu","Viluppuram(DISTRICT COLLECTOR VILLUPURAM_IDA)","Tindivanam, Marakkanam, Keezh Adhanur  Adhi Dravidar area Graveyard Waiting shed","D Ravikumar","VILUPPURAM(SC)","Images","24-May-2025","599749"
"221","Normal/Others","WS/MP457/2024-2025/154487-Crematoriums/energy efficient crematoriums or structures on burial/cremation ground","Tamil Nadu","Viluppuram(DISTRICT COLLECTOR VILLUPURAM_IDA)","Tindivanam, Marakkanam, Keezh Gudalur  Adhi Dravidar area Graveyard Waiting shed","D Ravikumar","VILUPPURAM(SC)","Images","29-Jul-2025","599749"
"222","Normal/Others","WS/MP457/2024-2025/155339-Construction of buildings for community cultural activities","Tamil Nadu","Viluppuram(DISTRICT COLLECTOR VILLUPURAM_IDA)","Drama Stage in Aiyinam Palayam New Colony of Thiruvamathur village of Vikravandi Taluk","D Ravikumar","VILUPPURAM(SC)","Images","17-Mar-2026","798521"
"223","Normal/Others","WS/MP457/2024-2025/156727-Development of playground","Tamil Nadu","Viluppuram(DISTRICT COLLECTOR VILLUPURAM_IDA)","Cricket Pitch, Cricket Turf 45x10 feet, Cricket Astro Turf, Cricket net all around with roof, Cricket set, Foot Ball post, Volley ball post, Basket Ball post with Board, Kho Kho Post with first quality wood, Single cross strainer fixed, Skywalk fixed, Spinning wheel fixed with required accessories for complete usage of the developed ground.","D Ravikumar","VILUPPURAM(SC)","N/A","29-Jul-2025","810000"
"224","Normal/Others","WS/MP457/2024-2025/156728-Development of playground","Tamil Nadu","Viluppuram(DISTRICT COLLECTOR VILLUPURAM_IDA)","Cricket Pitch, Cricket Turf 45x10 feet, Cricket Astro Turf, Cricket net all around with roof, Cricket set, Foot Ball post, Volley ball post, Basket Ball post with Board, Kho Kho Post with first quality wood, Single cross strainer fixed, Skywalk fixed, Spinning wheel fixed with required accessories for complete usage of the developed ground.","D Ravikumar","VILUPPURAM(SC)","N/A","29-Jul-2025","810000"
"225","Normal/Others","WS/MP457/2024-2025/156729-Development of playground","Tamil Nadu","Viluppuram(DISTRICT COLLECTOR VILLUPURAM_IDA)","Cricket Pitch, Cricket Turf 45x10 feet, Cricket Astro Turf, Cricket net all around with roof, Cricket set, Foot Ball post, Volley ball post, Basket Ball post with Board, Kho Kho Post with first quality wood, Single cross strainer fixed, Skywalk fixed, Spinning wheel fixed with required accessories for complete usage of the developed ground.","D Ravikumar","VILUPPURAM(SC)","N/A","29-Jul-2025","810000"
"226","Normal/Others","WS/MP457/2024-2025/156730-Development of playground","Tamil Nadu","Viluppuram(DISTRICT COLLECTOR VILLUPURAM_IDA)","Cricket Pitch, Cricket Turf 45x10 feet, Cricket Astro Turf, Cricket net all around with roof, Cricket set, Foot Ball post, Volley ball post, Basket Ball post with Board, Kho Kho Post with first quality wood, Single cross strainer fixed, Skywalk fixed, Spinning wheel fixed with required accessories for complete usage of the developed ground.","D Ravikumar","VILUPPURAM(SC)","N/A","29-Jul-2025","810000"
"227","Normal/Others","WS/MP457/2024-2025/156731-Development of playground","Tamil Nadu","Viluppuram(DISTRICT COLLECTOR VILLUPURAM_IDA)","Cricket Pitch, Cricket Turf 45x10 feet, Cricket Astro Turf, Cricket net all around with roof, Cricket set, Foot Ball post, Volley ball post, Basket Ball post with Board, Kho Kho Post with first quality wood, Single cross strainer fixed, Skywalk fixed, Spinning wheel fixed with required accessories for complete usage of the developed ground.","D Ravikumar","VILUPPURAM(SC)","N/A","29-Jul-2025","810000"
"228","Normal/Others","WS/MP457/2024-2025/156732-Development of playground","Tamil Nadu","Viluppuram(DISTRICT COLLECTOR VILLUPURAM_IDA)","Cricket Pitch, Cricket Turf 45x10 feet, Cricket Astro Turf, Cricket net all around with roof, Cricket set, Foot Ball post, Volley ball post, Basket Ball post with Board, Kho Kho Post with first quality wood, Single cross strainer fixed, Skywalk fixed, Spinning wheel fixed with required accessories for complete usage of the developed ground.","D Ravikumar","VILUPPURAM(SC)","N/A","29-Jul-2025","810000"
"229","Normal/Others","WS/MP457/2024-2025/159001-Construction of public libraries and reading rooms","Tamil Nadu","Viluppuram(DISTRICT COLLECTOR VILLUPURAM_IDA)","Construction of Student Study centre through additional building near the existing Library in Master Plan Complex, Collectorate Viluppuram","D Ravikumar","VILUPPURAM(SC)","N/A","16-Dec-2025","4986704"
"230","Normal/Others","WS/MP457/2024-2025/159002-Construction of common work sheds/ common covered sitting area","Tamil Nadu","Viluppuram(DISTRICT COLLECTOR VILLUPURAM_IDA)","Construction of Fishing Net Knitting shed in Koonimedu kuppam of Marakkanam Taluk of Tindivanam","D Ravikumar","VILUPPURAM(SC)","Images","25-Nov-2025","1099851"
"231","Normal/Others","WS/MP457/2024-2025/159003-Construction of community centers and community halls","Tamil Nadu","Viluppuram(DISTRICT COLLECTOR VILLUPURAM_IDA)","Construction of Ration Shop in Thandirayan kuppam in kottakuppam of Vanur Taluk","D Ravikumar","VILUPPURAM(SC)","Images","30-Jul-2025","979369"
"232","Normal/Others","WS/MP457/2025-2026/167010-Lighting of public spaces","Tamil Nadu","KALLAKURICHI(District Collector Kallakurichi_IDA)","Centre Median Road Mast Lights in Ulundurpettai Municipal limit from Mambakkam road Junction to V.K.S Nagar.","D Ravikumar","VILUPPURAM(SC)","N/A","11-Jul-2025","3000000"
"233","Normal/Others","WS/MP457/2024-2025/176123-Street lights","Tamil Nadu","Viluppuram(DISTRICT COLLECTOR VILLUPURAM_IDA)","High Mast Light near SC, ST residential area at Porur Village, Vikravandi","D Ravikumar","VILUPPURAM(SC)","Images","20-Sep-2025","249900"
"234","Normal/Others","WS/MP457/2024-2025/176125-Street lights","Tamil Nadu","Viluppuram(DISTRICT COLLECTOR VILLUPURAM_IDA)","High Mast Light near Adhi Dravidar  residential area at Nagar panchayat, in Vikravandi","D Ravikumar","VILUPPURAM(SC)","Images","31-Oct-2025","249900"
"235","Normal/Others","WS/MP457/2024-2025/176126-Street lights","Tamil Nadu","Viluppuram(DISTRICT COLLECTOR VILLUPURAM_IDA)","High Mast Light near Mosque in 6th ward of Tindivanam Town","D Ravikumar","VILUPPURAM(SC)","Images","17-Sep-2025","250000"
"236","Normal/Others","WS/MP457/2024-2025/176127-Street lights","Tamil Nadu","Viluppuram(DISTRICT COLLECTOR VILLUPURAM_IDA)","High Mast Light near Dhrowpathi amman temple at vada alappakkam, Athur post, Tindivanam","D Ravikumar","VILUPPURAM(SC)","Images","26-Nov-2025","250000"
"237","Normal/Others","WS/MP457/2024-2025/176128-Street lights","Tamil Nadu","Viluppuram(DISTRICT COLLECTOR VILLUPURAM_IDA)","High Mast Light near Government Hospital, Tindivanam Town in 8th ward.","D Ravikumar","VILUPPURAM(SC)","Images","17-Sep-2025","250000"
"238","Normal/Others","WS/MP457/2024-2025/176129-Street lights","Tamil Nadu","Viluppuram(DISTRICT COLLECTOR VILLUPURAM_IDA)","High mast Light near Punitha viyagula madha Church at 22nd ward of Tindivanam Town","D Ravikumar","VILUPPURAM(SC)","Images","17-Sep-2025","250000"
"239","Normal/Others","WS/MP457/2024-2025/176131-Street lights","Tamil Nadu","Viluppuram(DISTRICT COLLECTOR VILLUPURAM_IDA)","High Mast Light near Dhrowpathi amman koil, at Kadapperikuppam, vanur Taluk.","D Ravikumar","VILUPPURAM(SC)","Images","20-Aug-2025","250000"
"240","Normal/Others","WS/MP457/2024-2025/176133-Street lights","Tamil Nadu","Viluppuram(DISTRICT COLLECTOR VILLUPURAM_IDA)","High Mast Light near Sri Kanniamman Koil at Vengandhur panchayat, viluppuram taluk.","D Ravikumar","VILUPPURAM(SC)","Images","20-Sep-2025","249700"
"241","Normal/Others","WS/MP457/2024-2025/176134-Street lights","Tamil Nadu","Viluppuram(DISTRICT COLLECTOR VILLUPURAM_IDA)","High Mast Light in Elandhurai Panchayat of Thiruvennainallur.","D Ravikumar","VILUPPURAM(SC)","N/A","11-Feb-2026","249998"
"242","Normal/Others","WS/MP457/2024-2025/176135-Street lights","Tamil Nadu","Viluppuram(DISTRICT COLLECTOR VILLUPURAM_IDA)","High Mast Light near Play ground at Vellaiyampattu panchayat, Kanai, Vikravandi taluk","D Ravikumar","VILUPPURAM(SC)","Images","20-Sep-2025","249700"
"243","Normal/Others","WS/MP457/2025-2026/176137-Street lights","Tamil Nadu","KALLAKURICHI(District Collector Kallakurichi_IDA)","High Mast Light near Anna Thidal at Pa Killanur, T.Orathur post, Ulundurpettai Taluk of Kallakurichi District","D Ravikumar","VILUPPURAM(SC)","N/A","22-Jul-2025","250000"
"244","Normal/Others","WS/MP457/2024-2025/178773-Purchase of smart boards, visual display units and projectors","Tamil Nadu","Viluppuram(DISTRICT COLLECTOR VILLUPURAM_IDA)","Government Higher Secondary School, Athiyur Thirukkai","D Ravikumar","VILUPPURAM(SC)","N/A","19-Jun-2025","200000"
"245","Normal/Others","WS/MP457/2024-2025/178774-Purchase of smart boards, visual display units and projectors","Tamil Nadu","Viluppuram(DISTRICT COLLECTOR VILLUPURAM_IDA)","Smart Class Room Equipment at Government Higher Secondary School, Sangeethamangalam.","D Ravikumar","VILUPPURAM(SC)","N/A","19-Jun-2025","200000"
"246","Normal/Others","WS/MP457/2024-2025/178775-Purchase of smart boards, visual display units and projectors","Tamil Nadu","Viluppuram(DISTRICT COLLECTOR VILLUPURAM_IDA)","Smart Class Room equipment at Government Girls Higher Secondary School, Thiruvennainallur","D Ravikumar","VILUPPURAM(SC)","N/A","19-Jun-2025","200000"
"247","Normal/Others","WS/MP457/2024-2025/178776-Purchase of smart boards, visual display units and projectors","Tamil Nadu","Viluppuram(DISTRICT COLLECTOR VILLUPURAM_IDA)","Smart Class Room equipment at Government Boys Higher Secondary School, Kedar","D Ravikumar","VILUPPURAM(SC)","N/A","19-Jun-2025","200000"
"248","Normal/Others","WS/MP457/2024-2025/178777-Purchase of smart boards, visual display units and projectors","Tamil Nadu","Viluppuram(DISTRICT COLLECTOR VILLUPURAM_IDA)","Smart Class Room equipment at Government Girls Higher Secondary School, Kedar","D Ravikumar","VILUPPURAM(SC)","N/A","19-Jun-2025","200000"
"249","Normal/Others","WS/MP457/2024-2025/178778-Purchase of smart boards, visual display units and projectors","Tamil Nadu","Viluppuram(DISTRICT COLLECTOR VILLUPURAM_IDA)","Smart Class Room equipment at Government Higher Secondary School, Koliyanur","D Ravikumar","VILUPPURAM(SC)","N/A","19-Jun-2025","200000"
"250","Normal/Others","WS/MP457/2024-2025/178779-Purchase of smart boards, visual display units and projectors","Tamil Nadu","Viluppuram(DISTRICT COLLECTOR VILLUPURAM_IDA)","Smart Class Room equipment at Government Higher Secondary School, Keezhperumbakkam.","D Ravikumar","VILUPPURAM(SC)","N/A","19-Jun-2025","200000"
"251","Normal/Others","WS/MP457/2024-2025/178780-Purchase of smart boards, visual display units and projectors","Tamil Nadu","Viluppuram(DISTRICT COLLECTOR VILLUPURAM_IDA)","Municipal Higher Secondary School, B N Thope, Viluppuram","D Ravikumar","VILUPPURAM(SC)","N/A","19-Jun-2025","200000"
"252","Normal/Others","WS/MP457/2024-2025/178781-Purchase of smart boards, visual display units and projectors","Tamil Nadu","Viluppuram(DISTRICT COLLECTOR VILLUPURAM_IDA)","Thiru.Kamarajar Municipal Higher Secondary School, Viluppuram","D Ravikumar","VILUPPURAM(SC)","N/A","19-Jun-2025","200000"
"253","Normal/Others","WS/MP457/2024-2025/178782-Purchase of smart boards, visual display units and projectors","Tamil Nadu","Viluppuram(DISTRICT COLLECTOR VILLUPURAM_IDA)","Smart Class Room equipment at Government Higher Secondary School, Nadukkuppam, Marakkanam","D Ravikumar","VILUPPURAM(SC)","N/A","19-Jun-2025","200000"
"254","Normal/Others","WS/MP457/2024-2025/178783-Purchase of smart boards, visual display units and projectors","Tamil Nadu","Viluppuram(DISTRICT COLLECTOR VILLUPURAM_IDA)","Smart Class Room equipment at Government Higher Secondary School, Koonimedu","D Ravikumar","VILUPPURAM(SC)","N/A","19-Jun-2025","200000"
"255","Normal/Others","WS/MP457/2024-2025/178784-Purchase of smart boards, visual display units and projectors","Tamil Nadu","Viluppuram(DISTRICT COLLECTOR VILLUPURAM_IDA)","Smart Class Room equipment at AGR Government Higher Secondary School, Kandachipuram","D Ravikumar","VILUPPURAM(SC)","N/A","19-Jun-2025","200000"
"256","Normal/Others","WS/MP457/2024-2025/178785-Purchase of smart boards, visual display units and projectors","Tamil Nadu","Viluppuram(DISTRICT COLLECTOR VILLUPURAM_IDA)","Smart Class Room equipment at Government Higher Secondary School, Alampadi","D Ravikumar","VILUPPURAM(SC)","N/A","19-Jun-2025","200000"
"257","Normal/Others","WS/MP457/2024-2025/178786-Purchase of smart boards, visual display units and projectors","Tamil Nadu","Viluppuram(DISTRICT COLLECTOR VILLUPURAM_IDA)","Smart Class Room equipment at Government Higher Secondary School, Avanipur, Olakkur","D Ravikumar","VILUPPURAM(SC)","N/A","19-Jun-2025","200000"
"258","Normal/Others","WS/MP457/2024-2025/178787-Purchase of smart boards, visual display units and projectors","Tamil Nadu","Viluppuram(DISTRICT COLLECTOR VILLUPURAM_IDA)","Smart Class Room equipment at Government Higher Secondary School, Sithalingamadam, Thiruvennainallur","D Ravikumar","VILUPPURAM(SC)","N/A","19-Jun-2025","200000"
"259","Normal/Others","WS/MP457/2024-2025/178788-Purchase of smart boards, visual display units and projectors","Tamil Nadu","Viluppuram(DISTRICT COLLECTOR VILLUPURAM_IDA)","Smart Class Room equipment at Government Higher Secondary School, Manakuppam, Thiruvennainallur","D Ravikumar","VILUPPURAM(SC)","N/A","19-Jun-2025","200000"
"260","Normal/Others","WS/MP457/2024-2025/178789-Purchase of smart boards, visual display units and projectors","Tamil Nadu","Viluppuram(DISTRICT COLLECTOR VILLUPURAM_IDA)","Smart Class Room equipment at Government Higher Secondary School, Kiliyanur.","D Ravikumar","VILUPPURAM(SC)","N/A","19-Jun-2025","200000"
"261","Normal/Others","WS/MP457/2024-2025/178790-Purchase of smart boards, visual display units and projectors","Tamil Nadu","Viluppuram(DISTRICT COLLECTOR VILLUPURAM_IDA)","Smart Class Room equipment at Government Higher Secondary School, Eraiyur, Vanur","D Ravikumar","VILUPPURAM(SC)","N/A","19-Jun-2025","200000"
"262","Normal/Others","WS/MP457/2024-2025/178791-Purchase of smart boards, visual display units and projectors","Tamil Nadu","Viluppuram(DISTRICT COLLECTOR VILLUPURAM_IDA)","Smart Class Room equipment at Government Higher Secondary School, Kottakuppam","D Ravikumar","VILUPPURAM(SC)","N/A","19-Jun-2025","200000"
"263","Normal/Others","WS/MP457/2024-2025/178792-Purchase of smart boards, visual display units and projectors","Tamil Nadu","Viluppuram(DISTRICT COLLECTOR VILLUPURAM_IDA)","Smart Class Room equipment at Government Higher Secondary School, Mudaliarkuppam, Koonimedu","D Ravikumar","VILUPPURAM(SC)","N/A","19-Jun-2025","200000"
"264","Normal/Others","WS/MP457/2024-2025/178793-Purchase of smart boards, visual display units and projectors","Tamil Nadu","Viluppuram(DISTRICT COLLECTOR VILLUPURAM_IDA)","Smart Class Room equipment at Government Higher Secondary School, Panayapuram, Vikravandi","D Ravikumar","VILUPPURAM(SC)","N/A","19-Jun-2025","200000"
"265","Normal/Others","WS/MP457/2024-2025/178796-Purchase of smart boards, visual display units and projectors","Tamil Nadu","Viluppuram(DISTRICT COLLECTOR VILLUPURAM_IDA)","Smart Class Room equipment at Government Higher Secondary School, Endiyur, Marakkanam.","D Ravikumar","VILUPPURAM(SC)","N/A","19-Jun-2025","200000"
"266","Normal/Others","WS/MP457/2024-2025/180599-Purchase of smart boards, visual display units and projectors","Tamil Nadu","Viluppuram(DISTRICT COLLECTOR VILLUPURAM_IDA)","Smart Class Equipment for Government Girls Higher Secondary, Thiruvennainallur","D Ravikumar","VILUPPURAM(SC)","N/A","19-Jun-2025","200000"
"267","Normal/Others","WS/MP457/2024-2025/180600-Purchase of smart boards, visual display units and projectors","Tamil Nadu","Viluppuram(DISTRICT COLLECTOR VILLUPURAM_IDA)","Smart Class Equipment for Government High School Muthampalayam, Koliyanur","D Ravikumar","VILUPPURAM(SC)","N/A","19-Jun-2025","200000"
"268","Normal/Others","WS/MP457/2025-2026/181984-Purchase of smart boards, visual display units and projectors","Tamil Nadu","KALLAKURICHI(District Collector Kallakurichi_IDA)","Smart Class Equipment for Government Higher Secondary School, Thirunavalur","D Ravikumar","VILUPPURAM(SC)","N/A","05-Jun-2025","200000"
"269","Normal/Others","WS/MP457/2025-2026/181985-Purchase of smart boards, visual display units and projectors","Tamil Nadu","KALLAKURICHI(District Collector Kallakurichi_IDA)","Smart Class Equipment for Government Model Higher Secondary School, Velur, Ulundurpettai","D Ravikumar","VILUPPURAM(SC)","N/A","05-Jun-2025","200000"
"270","Normal/Others","WS/MP457/2025-2026/181986-Purchase of smart boards, visual display units and projectors","Tamil Nadu","KALLAKURICHI(District Collector Kallakurichi_IDA)","Smart Class Equipment for Government High School, Velur, Ulundurpettai","D Ravikumar","VILUPPURAM(SC)","N/A","05-Jun-2025","200000"
"271","Normal/Others","WS/MP457/2025-2026/181987-Purchase of smart boards, visual display units and projectors","Tamil Nadu","KALLAKURICHI(District Collector Kallakurichi_IDA)","Smart Class Equipment for Government High School, Pandur","D Ravikumar","VILUPPURAM(SC)","N/A","05-Jun-2025","200000"
"272","Normal/Others","WS/MP457/2025-2026/181988-Purchase of smart boards, visual display units and projectors","Tamil Nadu","KALLAKURICHI(District Collector Kallakurichi_IDA)","Smart Class Equipment for Government Higher Secondary School, Kalamarudhur","D Ravikumar","VILUPPURAM(SC)","N/A","05-Jun-2025","200000"
"273","Normal/Others","WS/MP457/2025-2026/181989-Purchase of smart boards, visual display units and projectors","Tamil Nadu","KALLAKURICHI(District Collector Kallakurichi_IDA)","Smart Class Equipment for Government Higher Secondary School, Sengurichi","D Ravikumar","VILUPPURAM(SC)","N/A","05-Jun-2025","200000"
"274","Normal/Others","WS/MP457/2025-2026/181990-Purchase of smart boards, visual display units and projectors","Tamil Nadu","KALLAKURICHI(District Collector Kallakurichi_IDA)","Smart Class Equipment for Government Higher Secondary School, Sendhanadu","D Ravikumar","VILUPPURAM(SC)","N/A","05-Jun-2025","200000"
"275","Normal/Others","WS/MP457/2025-2026/181991-Purchase of smart boards, visual display units and projectors","Tamil Nadu","KALLAKURICHI(District Collector Kallakurichi_IDA)","Smart Class Equipment for Government Boys Higher Secondary School, Uludurpettai","D Ravikumar","VILUPPURAM(SC)","N/A","05-Jun-2025","200000"
"276","Normal/Others","WS/MP457/2025-2026/181992-Purchase of smart boards, visual display units and projectors","Tamil Nadu","KALLAKURICHI(District Collector Kallakurichi_IDA)","Smart Class Equipment for Government Model Girls Higher Secondary School, Ulundurpettai","D Ravikumar","VILUPPURAM(SC)","N/A","05-Jun-2025","200000"
"277","Normal/Others","WS/MP457/2025-2026/181993-Purchase of smart boards, visual display units and projectors","Tamil Nadu","KALLAKURICHI(District Collector Kallakurichi_IDA)","Smart Class Equipment for Government Boys Higher Secondary School, Elavanasur, Pidagam","D Ravikumar","VILUPPURAM(SC)","N/A","05-Jun-2025","200000"
"278","Normal/Others","WS/MP457/2025-2026/181994-Purchase of smart boards, visual display units and projectors","Tamil Nadu","KALLAKURICHI(District Collector Kallakurichi_IDA)","Smart Class Equipment for Government Girls Higher Secondary School, Elavanasur, Pidagam","D Ravikumar","VILUPPURAM(SC)","N/A","05-Jun-2025","200000"
"279","Normal/Others","WS/MP457/2025-2026/181995-Purchase of smart boards, visual display units and projectors","Tamil Nadu","KALLAKURICHI(District Collector Kallakurichi_IDA)","Smart Class Equipment for Government High School, Kaatuedaiyar.","D Ravikumar","VILUPPURAM(SC)","N/A","05-Jun-2025","200000"
"280","Normal/Others","WS/MP457/2025-2026/181996-Purchase of smart boards, visual display units and projectors","Tamil Nadu","KALLAKURICHI(District Collector Kallakurichi_IDA)","Smart Class Equipment for Government High School, Nedumanur","D Ravikumar","VILUPPURAM(SC)","N/A","05-Jun-2025","200000"
"281","Normal/Others","WS/MP457/2025-2026/181997-Purchase of smart boards, visual display units and projectors","Tamil Nadu","KALLAKURICHI(District Collector Kallakurichi_IDA)","Smart Class Equipment for Government High School, Adhaiyur.","D Ravikumar","VILUPPURAM(SC)","N/A","05-Jun-2025","200000"
"282","Normal/Others","WS/MP457/2025-2026/181998-Purchase of smart boards, visual display units and projectors","Tamil Nadu","KALLAKURICHI(District Collector Kallakurichi_IDA)","Smart Class Equipment for Angavai Sangavai Girls Government Higher Secondary School, Tirukoyyilur","D Ravikumar","VILUPPURAM(SC)","N/A","05-Jun-2025","200000"
"283","Normal/Others","WS/MP457/2025-2026/181999-Purchase of smart boards, visual display units and projectors","Tamil Nadu","KALLAKURICHI(District Collector Kallakurichi_IDA)","Smart Class Equipment for Government Higher Secondary School, Vilandai","D Ravikumar","VILUPPURAM(SC)","N/A","05-Jun-2025","200000"
"284","Normal/Others","WS/MP457/2025-2026/182000-Purchase of smart boards, visual display units and projectors","Tamil Nadu","KALLAKURICHI(District Collector Kallakurichi_IDA)","Smart Class Equipment for Government Girls Higher Secondary School, A Kumaramangalam","D Ravikumar","VILUPPURAM(SC)","N/A","05-Jun-2025","200000"
"285","Normal/Others","WS/MP457/2025-2026/182001-Purchase of smart boards, visual display units and projectors","Tamil Nadu","KALLAKURICHI(District Collector Kallakurichi_IDA)","Smart Class Equipment for Kabilar Government Boys Higher Secondary School, Tirukoyyilur","D Ravikumar","VILUPPURAM(SC)","N/A","05-Jun-2025","200000"
"286","Normal/Others","WS/MP457/2025-2026/182002-Purchase of smart boards, visual display units and projectors","Tamil Nadu","KALLAKURICHI(District Collector Kallakurichi_IDA)","Smart Class Equipment for Government Higher Secondary School, Padhur","D Ravikumar","VILUPPURAM(SC)","N/A","05-Jun-2025","200000"
"287","Normal/Others","WS/MP457/2025-2026/191880-Construction of community centers and community halls","Tamil Nadu","Viluppuram(DISTRICT COLLECTOR VILLUPURAM_IDA)","Construction of Ration shop in 22nd ward, Kidangal 2, Tindivanam","D Ravikumar","VILUPPURAM(SC)","Images","12-May-2026","979584"
"288","Normal/Others","WS/MP457/2025-2026/191883-Construction of community centers and community halls","Tamil Nadu","Viluppuram(DISTRICT COLLECTOR VILLUPURAM_IDA)","Construction of Ration shop at 9th ward Ayyasamy street, Tindivanam Municipality","D Ravikumar","VILUPPURAM(SC)","Images","12-May-2026","979157"
"289","Normal/Others","WS/MP457/2025-2026/191884-Construction of community centers and community halls","Tamil Nadu","Viluppuram(DISTRICT COLLECTOR VILLUPURAM_IDA)","Construction of Ration shop at 1st ward Annamalaiyar Nagar, Thiruvennainallur.","D Ravikumar","VILUPPURAM(SC)","N/A","12-May-2026","980000"
"290","Normal/Others","WS/MP457/2025-2026/191886-Construction of buildings for community cultural activities","Tamil Nadu","Viluppuram(DISTRICT COLLECTOR VILLUPURAM_IDA)","Construction of Drama Stage at Melthaniyalam pattu in Thiruvennainallur","D Ravikumar","VILUPPURAM(SC)","N/A","12-May-2026","796947"
"291","Normal/Others","WS/MP457/2025-2026/191997-Crematoriums/energy efficient crematoriums or structures on burial/cremation ground","Tamil Nadu","Viluppuram(DISTRICT COLLECTOR VILLUPURAM_IDA)","Waiting shed for rituals in graveyard at V.Nerkunam in kandamangalam Block of Vanur Taluk","D Ravikumar","VILUPPURAM(SC)","Images","29-Oct-2025","598169"
"292","Normal/Others","WS/MP457/2025-2026/194290-Construction of rooms and halls in school and colleges","Tamil Nadu","Viluppuram(DISTRICT COLLECTOR VILLUPURAM_IDA)","Construction of Class Room at Government Primary School, in Kanai Block of Viluppuram","D Ravikumar","VILUPPURAM(SC)","Images","10-Nov-2025","1728415"
"293","Normal/Others","WS/MP457/2025-2026/195872-Construction of Government office buildings (Post office, Police station, Police chauki, etc.)","Tamil Nadu","Viluppuram(DISTRICT COLLECTOR VILLUPURAM_IDA)","Construction of Additional Municipal office building in ward 32, Ellis chatram road, Vazhuthareddy, Viluppuram Municipality.","D Ravikumar","VILUPPURAM(SC)","Images","27-Jul-2026","5426798"
"294","Normal/Others","WS/MP457/2025-2026/196626-Construction of Government office buildings (Post office, Police station, Police chauki, etc.)","Tamil Nadu","Viluppuram(DISTRICT COLLECTOR VILLUPURAM_IDA)","Construction of Compound and approach road for Additional Municipal building in ward 32, Ellischatram road, Vazhuthareddy in Viluppuram municipality.","D Ravikumar","VILUPPURAM(SC)","Images","11-May-2026","1549312"
"295","Normal/Others","WS/MP457/2025-2026/201103-Purchase of smart boards, visual display units and projectors","Tamil Nadu","Viluppuram(DISTRICT COLLECTOR VILLUPURAM_IDA)","Smart Class Room Equipment for Government High School Thenkodipakkam, Vanur Taluk","D Ravikumar","VILUPPURAM(SC)","N/A","04-Aug-2025","200000"
"296","Normal/Others","WS/MP457/2025-2026/201104-Purchase of smart boards, visual display units and projectors","Tamil Nadu","Viluppuram(DISTRICT COLLECTOR VILLUPURAM_IDA)","Smart Class Room Equipment for Government High School Ulagapuram, Vanur Taluk","D Ravikumar","VILUPPURAM(SC)","N/A","04-Aug-2025","200000"
"297","Normal/Others","WS/MP457/2025-2026/201105-Purchase of smart boards, visual display units and projectors","Tamil Nadu","Viluppuram(DISTRICT COLLECTOR VILLUPURAM_IDA)","Smart Class Room Equipment for Government High School Kunnam, Vanur Taluk","D Ravikumar","VILUPPURAM(SC)","N/A","04-Aug-2025","200000"
"298","Normal/Others","WS/MP457/2025-2026/201106-Purchase of smart boards, visual display units and projectors","Tamil Nadu","Viluppuram(DISTRICT COLLECTOR VILLUPURAM_IDA)","Smart Class Room Equipment for Government High School Semangalam, Vanur Taluk","D Ravikumar","VILUPPURAM(SC)","N/A","04-Aug-2025","200000"
"299","Normal/Others","WS/MP457/2025-2026/201107-Purchase of smart boards, visual display units and projectors","Tamil Nadu","Viluppuram(DISTRICT COLLECTOR VILLUPURAM_IDA)","Smart Class Room Equipment for Government High School Katrampakkam, Vanur Taluk","D Ravikumar","VILUPPURAM(SC)","N/A","04-Aug-2025","200000"
"300","Normal/Others","WS/MP457/2025-2026/201108-Purchase of smart boards, visual display units and projectors","Tamil Nadu","Viluppuram(DISTRICT COLLECTOR VILLUPURAM_IDA)","Smart Class Room Equipment for Government High School Nagar, Marakkanam","D Ravikumar","VILUPPURAM(SC)","N/A","04-Aug-2025","200000"
"301","Normal/Others","WS/MP457/2025-2026/201109-Purchase of smart boards, visual display units and projectors","Tamil Nadu","Viluppuram(DISTRICT COLLECTOR VILLUPURAM_IDA)","Smart Class Room Equipment for Government High School Alankuppam Marakkanam","D Ravikumar","VILUPPURAM(SC)","N/A","04-Aug-2025","200000"
"302","Normal/Others","WS/MP457/2025-2026/201110-Purchase of smart boards, visual display units and projectors","Tamil Nadu","Viluppuram(DISTRICT COLLECTOR VILLUPURAM_IDA)","Smart Class Room Equipment for Government High School kaipanikuppam, Marakkanam","D Ravikumar","VILUPPURAM(SC)","N/A","04-Aug-2025","200000"
"303","Normal/Others","WS/MP457/2025-2026/201111-Purchase of smart boards, visual display units and projectors","Tamil Nadu","Viluppuram(DISTRICT COLLECTOR VILLUPURAM_IDA)","Smart Class Room Equipment for Government High Sec School Kaveripakkam, Olakkur","D Ravikumar","VILUPPURAM(SC)","N/A","04-Aug-2025","200000"
"304","Normal/Others","WS/MP457/2025-2026/201112-Purchase of smart boards, visual display units and projectors","Tamil Nadu","Viluppuram(DISTRICT COLLECTOR VILLUPURAM_IDA)","Smart Class Room Equipment for Government High Sec School Panamalaipettai, Kanai","D Ravikumar","VILUPPURAM(SC)","N/A","04-Aug-2025","200000"
"305","Normal/Others","WS/MP457/2025-2026/201113-Purchase of smart boards, visual display units and projectors","Tamil Nadu","Viluppuram(DISTRICT COLLECTOR VILLUPURAM_IDA)","Smart Class Room Equipment for Government High Sec School, L.R.Palayam, Viluppuram","D Ravikumar","VILUPPURAM(SC)","N/A","04-Aug-2025","200000"
"306","Normal/Others","WS/MP457/2025-2026/201114-Purchase of smart boards, visual display units and projectors","Tamil Nadu","Viluppuram(DISTRICT COLLECTOR VILLUPURAM_IDA)","Smart Class Room Equipment for Government High School Mitta Mandagapattu, Kandamangalam","D Ravikumar","VILUPPURAM(SC)","N/A","04-Aug-2025","200000"
"307","Normal/Others","WS/MP457/2025-2026/201115-Purchase of smart boards, visual display units and projectors","Tamil Nadu","Viluppuram(DISTRICT COLLECTOR VILLUPURAM_IDA)","Smart Class Room Equipment for Government High Sec School Rampakkam, Kandamangalam","D Ravikumar","VILUPPURAM(SC)","N/A","04-Aug-2025","200000"
"308","Normal/Others","WS/MP457/2025-2026/201116-Purchase of smart boards, visual display units and projectors","Tamil Nadu","Viluppuram(DISTRICT COLLECTOR VILLUPURAM_IDA)","Smart Class Room Equipment for Government High School Thalavanur, Kandamangalam.","D Ravikumar","VILUPPURAM(SC)","N/A","04-Aug-2025","200000"
"309","Normal/Others","WS/MP457/2025-2026/201117-Purchase of smart boards, visual display units and projectors","Tamil Nadu","Viluppuram(DISTRICT COLLECTOR VILLUPURAM_IDA)","Smart Class Room Equipment for Municipal High School, Hospital Road, Ward 18, Koliyanur","D Ravikumar","VILUPPURAM(SC)","N/A","04-Aug-2025","200000"
"310","Normal/Others","WS/MP457/2025-2026/201118-Purchase of smart boards, visual display units and projectors","Tamil Nadu","Viluppuram(DISTRICT COLLECTOR VILLUPURAM_IDA)","Smart Class Room Equipment for Government High School, Peravur, Vanur","D Ravikumar","VILUPPURAM(SC)","N/A","04-Aug-2025","200000"
"311","Normal/Others","WS/MP457/2025-2026/201119-Purchase of smart boards, visual display units and projectors","Tamil Nadu","Viluppuram(DISTRICT COLLECTOR VILLUPURAM_IDA)","Smart Class Room Equipment for  Government High School Poothurai, Vanur","D Ravikumar","VILUPPURAM(SC)","N/A","04-Aug-2025","200000"
"312","Normal/Others","WS/MP457/2025-2026/201120-Purchase of smart boards, visual display units and projectors","Tamil Nadu","Viluppuram(DISTRICT COLLECTOR VILLUPURAM_IDA)","Smart Class Room Equipment for Government High School Sithalingamadam, Kandhadu, Marakkanam.","D Ravikumar","VILUPPURAM(SC)","N/A","04-Aug-2025","200000"
"313","Normal/Others","WS/MP457/2025-2026/201121-Purchase of smart boards, visual display units and projectors","Tamil Nadu","Viluppuram(DISTRICT COLLECTOR VILLUPURAM_IDA)","Smart Class Room Equipment for Government High Sec School Arasur, Thiruvennainallur","D Ravikumar","VILUPPURAM(SC)","N/A","04-Aug-2025","200000"
"314","Normal/Others","WS/MP457/2025-2026/201122-Purchase of smart boards, visual display units and projectors","Tamil Nadu","Viluppuram(DISTRICT COLLECTOR VILLUPURAM_IDA)","Smart Class Room Equipment for Government High School Thiruvakkarai, Vanur Taluk","D Ravikumar","VILUPPURAM(SC)","N/A","04-Aug-2025","200000"
"315","Normal/Others","WS/MP457/2025-2026/201123-Purchase of smart boards, visual display units and projectors","Tamil Nadu","Viluppuram(DISTRICT COLLECTOR VILLUPURAM_IDA)","Smart Class Room Equipment for Government High Sec School, Chinthamani, Vikravandi","D Ravikumar","VILUPPURAM(SC)","N/A","04-Aug-2025","200000"
"316","Normal/Others","WS/MP457/2025-2026/201124-Purchase of smart boards, visual display units and projectors","Tamil Nadu","Viluppuram(DISTRICT COLLECTOR VILLUPURAM_IDA)","Smart Class Room Equipment for Government High Sec School, Pagandai","D Ravikumar","VILUPPURAM(SC)","N/A","04-Aug-2025","200000"
"317","Normal/Others","WS/MP457/2025-2026/201125-Purchase of smart boards, visual display units and projectors","Tamil Nadu","Viluppuram(DISTRICT COLLECTOR VILLUPURAM_IDA)","Smart Class Room Equipment for Government High School, Kovadi, Marakkanam, Tindivanam","D Ravikumar","VILUPPURAM(SC)","N/A","04-Aug-2025","200000"
"318","Normal/Others","WS/MP457/2025-2026/201126-Purchase of smart boards, visual display units and projectors","Tamil Nadu","Viluppuram(DISTRICT COLLECTOR VILLUPURAM_IDA)","Smart Class Room Equipment for Municipal High School Ward 16, Poonthottam, Viluppuram","D Ravikumar","VILUPPURAM(SC)","N/A","04-Aug-2025","200000"
"319","Normal/Others","WS/MP457/2025-2026/201160-Setting up of laboratories","Tamil Nadu","Viluppuram(DISTRICT COLLECTOR VILLUPURAM_IDA)","Science Lab Equipments to Government Higher Sec School, Omandur, Marakkanam","D Ravikumar","VILUPPURAM(SC)","N/A","16-Jul-2025","600000"
"320","Normal/Others","WS/MP457/2025-2026/201161-Setting up of laboratories","Tamil Nadu","Viluppuram(DISTRICT COLLECTOR VILLUPURAM_IDA)","Science Lab Equipments to Government Higher Sec School, Pudukuppam, Vanur","D Ravikumar","VILUPPURAM(SC)","N/A","16-Jul-2025","600000"
"321","Normal/Others","WS/MP457/2025-2026/201162-Setting up of laboratories","Tamil Nadu","Viluppuram(DISTRICT COLLECTOR VILLUPURAM_IDA)","Science Lab Equipments to Government Higher Sec School, Ongur, Olakkur","D Ravikumar","VILUPPURAM(SC)","N/A","16-Jul-2025","600000"
"322","Normal/Others","WS/MP457/2025-2026/201163-Setting up of laboratories","Tamil Nadu","Viluppuram(DISTRICT COLLECTOR VILLUPURAM_IDA)","Science Lab Equipments to SR Government Girls Higher Sec School, Valavanur, Koliyanur","D Ravikumar","VILUPPURAM(SC)","N/A","16-Jul-2025","600000"
"323","Normal/Others","WS/MP457/2025-2026/201164-Setting up of laboratories","Tamil Nadu","Viluppuram(DISTRICT COLLECTOR VILLUPURAM_IDA)","Science Lab Equipments to Government Higher Sec School, Pillur, Koliyanur","D Ravikumar","VILUPPURAM(SC)","N/A","16-Jul-2025","600000"
"324","Normal/Others","WS/MP457/2025-2026/201165-Setting up of laboratories","Tamil Nadu","Viluppuram(DISTRICT COLLECTOR VILLUPURAM_IDA)","Science Lab Equipments to Government Girls Higher Sec School, Marakkanam","D Ravikumar","VILUPPURAM(SC)","N/A","16-Jul-2025","600000"
"325","Normal/Others","WS/MP457/2025-2026/201166-Setting up of laboratories","Tamil Nadu","Viluppuram(DISTRICT COLLECTOR VILLUPURAM_IDA)","Science Lab Equipments to Government Higher Sec School, Ennayiram, Vikravandi","D Ravikumar","VILUPPURAM(SC)","N/A","16-Jul-2025","600000"
"326","Normal/Others","WS/MP457/2025-2026/201167-Setting up of laboratories","Tamil Nadu","Viluppuram(DISTRICT COLLECTOR VILLUPURAM_IDA)","Science Lab Equipments to Government Higher Sec School, Vikravandi","D Ravikumar","VILUPPURAM(SC)","N/A","16-Jul-2025","600000"
"327","Normal/Others","WS/MP457/2025-2026/201168-Setting up of laboratories","Tamil Nadu","Viluppuram(DISTRICT COLLECTOR VILLUPURAM_IDA)","Science Lab Equipments to Government High School, Thensiruvalur, Vanur","D Ravikumar","VILUPPURAM(SC)","N/A","16-Jul-2025","600000"
"328","Normal/Others","WS/MP457/2025-2026/201169-Setting up of laboratories","Tamil Nadu","Viluppuram(DISTRICT COLLECTOR VILLUPURAM_IDA)","Science Lab Equipments to Government High School, Therkunam, Vanur","D Ravikumar","VILUPPURAM(SC)","N/A","16-Jul-2025","600000"
"329","Normal/Others","WS/MP457/2025-2026/201170-Setting up of laboratories","Tamil Nadu","Viluppuram(DISTRICT COLLECTOR VILLUPURAM_IDA)","Science Lab Equipments to Government High School, Keezkoothappakkam, Vanur","D Ravikumar","VILUPPURAM(SC)","N/A","16-Jul-2025","600000"
"330","Normal/Others","WS/MP457/2025-2026/201171-Setting up of laboratories","Tamil Nadu","Viluppuram(DISTRICT COLLECTOR VILLUPURAM_IDA)","Science Lab Equipments to Government High School, Athiyur Thiruvathi, Koliyanur.","D Ravikumar","VILUPPURAM(SC)","N/A","16-Jul-2025","600000"
"331","Normal/Others","WS/MP457/2025-2026/201172-Setting up of laboratories","Tamil Nadu","Viluppuram(DISTRICT COLLECTOR VILLUPURAM_IDA)","Science Lab Equipments to Government High School, Maragathapuram, Koliyanur","D Ravikumar","VILUPPURAM(SC)","N/A","16-Jul-2025","600000"
"332","Normal/Others","WS/MP457/2025-2026/201173-Setting up of laboratories","Tamil Nadu","Viluppuram(DISTRICT COLLECTOR VILLUPURAM_IDA)","Science Lab Equipments to Government High School, Atchipakkam, Olakkur","D Ravikumar","VILUPPURAM(SC)","N/A","16-Jul-2025","600000"
"333","Normal/Others","WS/MP457/2025-2026/201174-Setting up of laboratories","Tamil Nadu","Viluppuram(DISTRICT COLLECTOR VILLUPURAM_IDA)","Science Lab Equipments to Government High School, Munnur, Marakkanam","D Ravikumar","VILUPPURAM(SC)","N/A","16-Jul-2025","600000"
"334","Normal/Others","WS/MP457/2025-2026/201175-Setting up of laboratories","Tamil Nadu","Viluppuram(DISTRICT COLLECTOR VILLUPURAM_IDA)","Science Lab Equipments to Government High School, Mudaliyarkuppam, Marakkanam","D Ravikumar","VILUPPURAM(SC)","N/A","16-Jul-2025","600000"
"335","Normal/Others","WS/MP457/2025-2026/217271-Purchase of smart boards, visual display units and projectors","Tamil Nadu","KALLAKURICHI(District Collector Kallakurichi_IDA)","Smart class board for Government Higher Secondary School, Vellaiyur","D Ravikumar","VILUPPURAM(SC)","N/A","23-Sep-2025","200000"
"336","Normal/Others","WS/MP457/2025-2026/217272-Purchase of smart boards, visual display units and projectors","Tamil Nadu","KALLAKURICHI(District Collector Kallakurichi_IDA)","Smart class board for Government Higher Secondary School, Asanur","D Ravikumar","VILUPPURAM(SC)","N/A","23-Sep-2025","200000"
"337","Normal/Others","WS/MP457/2025-2026/217273-Purchase of smart boards, visual display units and projectors","Tamil Nadu","KALLAKURICHI(District Collector Kallakurichi_IDA)","Smart class board for Government Higher Secondary School, Killiyur","D Ravikumar","VILUPPURAM(SC)","N/A","23-Sep-2025","200000"
"338","Normal/Others","WS/MP457/2025-2026/217274-Purchase of smart boards, visual display units and projectors","Tamil Nadu","KALLAKURICHI(District Collector Kallakurichi_IDA)","Smart class board for Government High School, Irundai","D Ravikumar","VILUPPURAM(SC)","N/A","23-Sep-2025","200000"
"339","Normal/Others","WS/MP457/2025-2026/217275-Purchase of smart boards, visual display units and projectors","Tamil Nadu","KALLAKURICHI(District Collector Kallakurichi_IDA)","Smart class board for Government High School, Nannaram","D Ravikumar","VILUPPURAM(SC)","N/A","23-Sep-2025","200000"
"340","Normal/Others","WS/MP457/2025-2026/217459-Purchase of smart boards, visual display units and projectors","Tamil Nadu","Viluppuram(DISTRICT COLLECTOR VILLUPURAM_IDA)","Smart class board for Government Higher Secondary School, Kazhuperubakkam","D Ravikumar","VILUPPURAM(SC)","N/A","09-Oct-2025","200000"
"341","Normal/Others","WS/MP457/2025-2026/217460-Purchase of smart boards, visual display units and projectors","Tamil Nadu","Viluppuram(DISTRICT COLLECTOR VILLUPURAM_IDA)","Smart class board for Government Higher Secondary School, Thailapuram","D Ravikumar","VILUPPURAM(SC)","N/A","09-Oct-2025","200000"
"342","Normal/Others","WS/MP457/2025-2026/217461-Purchase of smart boards, visual display units and projectors","Tamil Nadu","Viluppuram(DISTRICT COLLECTOR VILLUPURAM_IDA)","Smart class board for Government Higher Secondary School, Karasanur","D Ravikumar","VILUPPURAM(SC)","N/A","09-Oct-2025","200000"
"343","Normal/Others","WS/MP457/2025-2026/217462-Purchase of smart boards, visual display units and projectors","Tamil Nadu","Viluppuram(DISTRICT COLLECTOR VILLUPURAM_IDA)","Smart class board for Government High School, Thensiruvalore","D Ravikumar","VILUPPURAM(SC)","N/A","09-Oct-2025","200000"
"344","Normal/Others","WS/MP457/2025-2026/217463-Purchase of smart boards, visual display units and projectors","Tamil Nadu","Viluppuram(DISTRICT COLLECTOR VILLUPURAM_IDA)","Smart class board for Government High School, Therkunam","D Ravikumar","VILUPPURAM(SC)","N/A","09-Oct-2025","200000"
"345","Normal/Others","WS/MP457/2025-2026/217464-Purchase of smart boards, visual display units and projectors","Tamil Nadu","Viluppuram(DISTRICT COLLECTOR VILLUPURAM_IDA)","Smart class board for Government Higher Secondary School, Omandur","D Ravikumar","VILUPPURAM(SC)","N/A","09-Oct-2025","200000"
"346","Normal/Others","WS/MP457/2025-2026/217465-Purchase of smart boards, visual display units and projectors","Tamil Nadu","Viluppuram(DISTRICT COLLECTOR VILLUPURAM_IDA)","Smart class board for Government Higher Secondary School, Veppery","D Ravikumar","VILUPPURAM(SC)","N/A","09-Oct-2025","200000"
"347","Normal/Others","WS/MP457/2025-2026/217466-Purchase of smart boards, visual display units and projectors","Tamil Nadu","Viluppuram(DISTRICT COLLECTOR VILLUPURAM_IDA)","Smart class board for Government High School, Vittalapuram","D Ravikumar","VILUPPURAM(SC)","N/A","09-Oct-2025","200000"
"348","Normal/Others","WS/MP457/2025-2026/217467-Purchase of smart boards, visual display units and projectors","Tamil Nadu","Viluppuram(DISTRICT COLLECTOR VILLUPURAM_IDA)","Smart class board for Government High School, Munnur","D Ravikumar","VILUPPURAM(SC)","N/A","09-Oct-2025","200000"
"349","Normal/Others","WS/MP457/2025-2026/217468-Purchase of smart boards, visual display units and projectors","Tamil Nadu","Viluppuram(DISTRICT COLLECTOR VILLUPURAM_IDA)","Smart class board for Government High School, Keel Edayalam","D Ravikumar","VILUPPURAM(SC)","N/A","09-Oct-2025","200000"
"350","Normal/Others","WS/MP457/2025-2026/217469-Purchase of smart boards, visual display units and projectors","Tamil Nadu","Viluppuram(DISTRICT COLLECTOR VILLUPURAM_IDA)","Smart class board for Government Higher Secondary School, Veerapandi","D Ravikumar","VILUPPURAM(SC)","N/A","09-Oct-2025","200000"
"351","Normal/Others","WS/MP457/2025-2026/217470-Purchase of smart boards, visual display units and projectors","Tamil Nadu","Viluppuram(DISTRICT COLLECTOR VILLUPURAM_IDA)","Smart class board for Government High School, Arasamangalam","D Ravikumar","VILUPPURAM(SC)","N/A","09-Oct-2025","200000"
"352","Normal/Others","WS/MP457/2025-2026/217471-Purchase of smart boards, visual display units and projectors","Tamil Nadu","Viluppuram(DISTRICT COLLECTOR VILLUPURAM_IDA)","Smart class board for Government High School, kundalapuliyur","D Ravikumar","VILUPPURAM(SC)","N/A","09-Oct-2025","200000"
"353","Normal/Others","WS/MP457/2025-2026/217472-Purchase of smart boards, visual display units and projectors","Tamil Nadu","Viluppuram(DISTRICT COLLECTOR VILLUPURAM_IDA)","Smart class board for Government High School, Periyasevalai","D Ravikumar","VILUPPURAM(SC)","N/A","09-Oct-2025","200000"
"354","Normal/Others","WS/MP457/2025-2026/217473-Purchase of smart boards, visual display units and projectors","Tamil Nadu","Viluppuram(DISTRICT COLLECTOR VILLUPURAM_IDA)","Smart class board for Government High School, V. Agaram Colony (Kandamangalam)","D Ravikumar","VILUPPURAM(SC)","N/A","09-Oct-2025","200000"
"355","Normal/Others","WS/MP457/2025-2026/224583-Construction of buildings for crèches and anganwadies","Tamil Nadu","Viluppuram(DISTRICT COLLECTOR VILLUPURAM_IDA)","Additional Anganwadi at Srilankan refugee camp","D Ravikumar","VILUPPURAM(SC)","Images","28-Jul-2026","1599817"
"356","Normal/Others","WS/MP457/2025-2026/224587-Construction of buildings for community cultural activities","Tamil Nadu","Viluppuram(DISTRICT COLLECTOR VILLUPURAM_IDA)","Construction of Drama stage at Muttaththur SC area","D Ravikumar","VILUPPURAM(SC)","Images","29-Jul-2026","794188"
"357","Normal/Others","WS/MP457/2025-2026/235015-Purchase of sports equipment","Tamil Nadu","KALLAKURICHI(District Collector Kallakurichi_IDA)","Sports Equipment to Government Higher Secondary School, Ulundurpettai.","D Ravikumar","VILUPPURAM(SC)","N/A","26-Nov-2025","500000"
"358","Normal/Others","WS/MP457/2025-2026/235016-Purchase of sports equipment","Tamil Nadu","KALLAKURICHI(District Collector Kallakurichi_IDA)","Sports Equipment to Government Girls Higher Secondary School, Ilavanasur fort, Ulundurpettai.","D Ravikumar","VILUPPURAM(SC)","N/A","26-Nov-2025","500000"
"359","Normal/Others","WS/MP457/2025-2026/235017-Purchase of sports equipment","Tamil Nadu","KALLAKURICHI(District Collector Kallakurichi_IDA)","Sports Equipment to Government Higher Secondary School, Asanur, Ulundurpettai.","D Ravikumar","VILUPPURAM(SC)","N/A","26-Nov-2025","500000"
"360","Normal/Others","WS/MP457/2025-2026/235018-Purchase of sports equipment","Tamil Nadu","KALLAKURICHI(District Collector Kallakurichi_IDA)","Sports Equipment to Government Higher Secondary School, Sendanadu, Ulundurpettai.","D Ravikumar","VILUPPURAM(SC)","N/A","26-Nov-2025","500000"
"361","Normal/Others","WS/MP457/2025-2026/235019-Purchase of sports equipment","Tamil Nadu","KALLAKURICHI(District Collector Kallakurichi_IDA)","Sports Equipment to Government Higher Secondary School, Pali, Ulundurpettai.","D Ravikumar","VILUPPURAM(SC)","N/A","26-Nov-2025","500000"
"362","Normal/Others","WS/MP457/2025-2026/235159-Setting up of laboratories","Tamil Nadu","Viluppuram(DISTRICT COLLECTOR VILLUPURAM_IDA)","Science Lab Equipments for Government Higher Secondary School, Karuvatchi, Kanai.","D Ravikumar","VILUPPURAM(SC)","N/A","29-Nov-2025","625000"
"363","Normal/Others","WS/MP457/2025-2026/235160-Purchase of smart boards, visual display units and projectors","Tamil Nadu","Viluppuram(DISTRICT COLLECTOR VILLUPURAM_IDA)","Smart Class Room for Govt High School, Kanjanur, Kanai","D Ravikumar","VILUPPURAM(SC)","N/A","29-Nov-2025","200000"
"364","Normal/Others","WS/MP457/2025-2026/235161-Purchase of smart boards, visual display units and projectors","Tamil Nadu","Viluppuram(DISTRICT COLLECTOR VILLUPURAM_IDA)","Smart Class Room for Govt Higher secondary school, Virattikuppam, Koliyanur","D Ravikumar","VILUPPURAM(SC)","N/A","29-Nov-2025","200000"
"365","Normal/Others","WS/MP457/2025-2026/235162-Setting up of laboratories","Tamil Nadu","Viluppuram(DISTRICT COLLECTOR VILLUPURAM_IDA)","Science Lab equipments for Govt higher secondary school, Arcadu.","D Ravikumar","VILUPPURAM(SC)","N/A","29-Nov-2025","625000"
"366","Normal/Others","WS/MP457/2025-2026/235163-Purchase of smart boards, visual display units and projectors","Tamil Nadu","Viluppuram(DISTRICT COLLECTOR VILLUPURAM_IDA)","Smart Class Room for Government Higher Secondary School, Saravanambakkam, Thiruvennainallur.","D Ravikumar","VILUPPURAM(SC)","N/A","29-Nov-2025","200000"
"367","Normal/Others","WS/MP457/2025-2026/235164-Setting up of laboratories","Tamil Nadu","Viluppuram(DISTRICT COLLECTOR VILLUPURAM_IDA)","Science Lab Equipments for Government Higher Secondary School, Emapper, Thiruvennainallur","D Ravikumar","VILUPPURAM(SC)","N/A","29-Nov-2025","625000"
"368","Normal/Others","WS/MP457/2025-2026/235165-Purchase of smart boards, visual display units and projectors","Tamil Nadu","Viluppuram(DISTRICT COLLECTOR VILLUPURAM_IDA)","Smart Class Room for Government Higher Secondary School, Emapper, Thiruvennainallur","D Ravikumar","VILUPPURAM(SC)","N/A","29-Nov-2025","200000"
"369","Normal/Others","WS/MP457/2025-2026/235166-Purchase of smart boards, visual display units and projectors","Tamil Nadu","Viluppuram(DISTRICT COLLECTOR VILLUPURAM_IDA)","Smart Class Room for Government High School, Kodukkapattu, Mugaiyur","D Ravikumar","VILUPPURAM(SC)","N/A","29-Nov-2025","200000"
"370","Normal/Others","WS/MP457/2025-2026/235167-Purchase of smart boards, visual display units and projectors","Tamil Nadu","Viluppuram(DISTRICT COLLECTOR VILLUPURAM_IDA)","Smart Class Room for Government High School, Nayanur, Mugaiyur","D Ravikumar","VILUPPURAM(SC)","N/A","29-Nov-2025","200000"
"371","Normal/Others","WS/MP457/2025-2026/235168-Purchase of smart boards, visual display units and projectors","Tamil Nadu","Viluppuram(DISTRICT COLLECTOR VILLUPURAM_IDA)","Smart Class Room for Government High School, Ayandur, Mugaiyur.","D Ravikumar","VILUPPURAM(SC)","N/A","29-Nov-2025","200000"
"372","Normal/Others","WS/MP457/2025-2026/235169-Purchase of smart boards, visual display units and projectors","Tamil Nadu","Viluppuram(DISTRICT COLLECTOR VILLUPURAM_IDA)","Smart Class Room for Government High School, Arungurukkai, Mugaiyur.","D Ravikumar","VILUPPURAM(SC)","N/A","29-Nov-2025","200000"
"373","Normal/Others","WS/MP457/2025-2026/235170-Purchase of smart boards, visual display units and projectors","Tamil Nadu","Viluppuram(DISTRICT COLLECTOR VILLUPURAM_IDA)","Smart Class Room for Government High School, Melakondai, Vikravandi","D Ravikumar","VILUPPURAM(SC)","N/A","29-Nov-2025","200000"
"374","Normal/Others","WS/MP457/2025-2026/235171-Purchase of smart boards, visual display units and projectors","Tamil Nadu","Viluppuram(DISTRICT COLLECTOR VILLUPURAM_IDA)","Smart Class Room for Government High School, Kundalapuliyur, Vikravandi","D Ravikumar","VILUPPURAM(SC)","N/A","29-Nov-2025","200000"
"375","Normal/Others","WS/MP457/2025-2026/235172-Purchase of training equipment","Tamil Nadu","Viluppuram(DISTRICT COLLECTOR VILLUPURAM_IDA)","Teaching, Learning materials and sports items for Physically Challenged Government special school, (Day care centre) Koliyanur, Viluppuram","D Ravikumar","VILUPPURAM(SC)","N/A","29-Nov-2025","550000"
"376","Normal/Others","WS/MP457/2025-2026/235173-Purchase of training equipment","Tamil Nadu","Viluppuram(DISTRICT COLLECTOR VILLUPURAM_IDA)","Teaching, Learning materials and sports items for Physically Challenged Government special school, (Day care centre), Viluppuram","D Ravikumar","VILUPPURAM(SC)","N/A","29-Nov-2025","550000"
"377","Normal/Others","WS/MP457/2025-2026/235174-Purchase of training equipment","Tamil Nadu","Viluppuram(DISTRICT COLLECTOR VILLUPURAM_IDA)","Teaching, Learning materials and sports items for Physically Challenged Government special school, (Day care centre) Kanai, Vikravandi","D Ravikumar","VILUPPURAM(SC)","N/A","29-Nov-2025","550000"
"378","Normal/Others","WS/MP457/2025-2026/235175-Purchase of training equipment","Tamil Nadu","Viluppuram(DISTRICT COLLECTOR VILLUPURAM_IDA)","Teaching, Learning materials and sports items for Physically Challenged Government special school, (Day care centre) Vikravandi.","D Ravikumar","VILUPPURAM(SC)","N/A","29-Nov-2025","550000"
"379","Normal/Others","WS/MP457/2025-2026/235176-Purchase of smart boards, visual display units and projectors","Tamil Nadu","Viluppuram(DISTRICT COLLECTOR VILLUPURAM_IDA)","Smart Class Room for Government Model Higher Secondary School, Chinnathatchur, Vikravandi","D Ravikumar","VILUPPURAM(SC)","N/A","29-Nov-2025","200000"
"380","Normal/Others","WS/MP457/2025-2026/235177-Purchase of smart boards, visual display units and projectors","Tamil Nadu","Viluppuram(DISTRICT COLLECTOR VILLUPURAM_IDA)","Smart Class Room for ARR Government  higher Secondary school, Karanai, Perichanur, Mugaiyur","D Ravikumar","VILUPPURAM(SC)","N/A","30-Nov-2025","200000"
"381","Normal/Others","WS/MP457/2025-2026/235178-Purchase of smart boards, visual display units and projectors","Tamil Nadu","Viluppuram(DISTRICT COLLECTOR VILLUPURAM_IDA)","Smart Class Room for Government  high School, Nallapalayam, Kanai","D Ravikumar","VILUPPURAM(SC)","N/A","29-Nov-2025","200000"
"382","Normal/Others","WS/MP457/2025-2026/235179-Purchase of smart boards, visual display units and projectors","Tamil Nadu","Viluppuram(DISTRICT COLLECTOR VILLUPURAM_IDA)","Smart Class Room for Government High School, Puthu karuvatchi, Kanai","D Ravikumar","VILUPPURAM(SC)","N/A","29-Nov-2025","200000"
"383","Normal/Others","WS/MP457/2025-2026/235180-Purchase of smart boards, visual display units and projectors","Tamil Nadu","Viluppuram(DISTRICT COLLECTOR VILLUPURAM_IDA)","Smart Class Room for Government High School, Kadayam, Kanai","D Ravikumar","VILUPPURAM(SC)","N/A","29-Nov-2025","200000"
"384","Normal/Others","WS/MP457/2025-2026/235181-Purchase of smart boards, visual display units and projectors","Tamil Nadu","Viluppuram(DISTRICT COLLECTOR VILLUPURAM_IDA)","Smart Class Room for Government High School, Kallapattu, Koliyanur.","D Ravikumar","VILUPPURAM(SC)","N/A","29-Nov-2025","200000"
"385","Normal/Others","WS/MP457/2025-2026/235182-Purchase of smart boards, visual display units and projectors","Tamil Nadu","Viluppuram(DISTRICT COLLECTOR VILLUPURAM_IDA)","Smart Class Room for Government High School, Kondangi, Koilyanur","D Ravikumar","VILUPPURAM(SC)","N/A","29-Nov-2025","200000"
"386","Normal/Others","WS/MP457/2025-2026/235183-Purchase of smart boards, visual display units and projectors","Tamil Nadu","Viluppuram(DISTRICT COLLECTOR VILLUPURAM_IDA)","Smart Class Room for Government High School, Sozhaganur, Koilyanur.","D Ravikumar","VILUPPURAM(SC)","N/A","29-Nov-2025","200000"
"387","Normal/Others","WS/MP457/2025-2026/235184-Purchase of smart boards, visual display units and projectors","Tamil Nadu","Viluppuram(DISTRICT COLLECTOR VILLUPURAM_IDA)","Smart Class Room for Government High School, Poyyapakkam, Koliyanur.","D Ravikumar","VILUPPURAM(SC)","N/A","29-Nov-2025","200000"
"388","Normal/Others","WS/MP457/2025-2026/242919-Construction of common work sheds/ common covered sitting area","Tamil Nadu","Viluppuram(DISTRICT COLLECTOR VILLUPURAM_IDA)","constructing platforms, Sheds, etc at Fish Market in the Bungalow Street of 7th ward in Marakkanam Municipality.","D Ravikumar","VILUPPURAM(SC)","Images","27-Jul-2026","2000000"
"389","Normal/Others","WS/MP457/2025-2026/246206-Crematoriums/energy efficient crematoriums or structures on burial/cremation ground","Tamil Nadu","Viluppuram(DISTRICT COLLECTOR VILLUPURAM_IDA)","Construction of Waiting shed at Kurumapuram graveyard, Kandhadu, Alandur post, Marakkanam Block, Tindivanam.","D Ravikumar","VILUPPURAM(SC)","Images","28-Jul-2026","599729"
"390","Normal/Others","WS/MP457/2025-2026/253537-Purchase of smart boards, visual display units and projectors","Tamil Nadu","Viluppuram(DISTRICT COLLECTOR VILLUPURAM_IDA)","Smart class room for Government Higher Secondary School, Olakkur, Tindivanam","D Ravikumar","VILUPPURAM(SC)","N/A","04-Mar-2026","200000"
"391","Normal/Others","WS/MP457/2025-2026/253538-Purchase of smart boards, visual display units and projectors","Tamil Nadu","Viluppuram(DISTRICT COLLECTOR VILLUPURAM_IDA)","Smart class room for Government Higher Secondary School, Nolambur, Tindivanam","D Ravikumar","VILUPPURAM(SC)","N/A","04-Mar-2026","200000"
"392","Normal/Others","WS/MP457/2025-2026/253539-Purchase of smart boards, visual display units and projectors","Tamil Nadu","Viluppuram(DISTRICT COLLECTOR VILLUPURAM_IDA)","Smart class room for Government High School, Atchipakkam, Tindivanam","D Ravikumar","VILUPPURAM(SC)","N/A","04-Mar-2026","200000"
"393","Normal/Others","WS/MP457/2025-2026/253540-Purchase of smart boards, visual display units and projectors","Tamil Nadu","Viluppuram(DISTRICT COLLECTOR VILLUPURAM_IDA)","Smart class room for Government Higher Secondary School, Avanipur, Tindivanam","D Ravikumar","VILUPPURAM(SC)","N/A","04-Mar-2026","200000"
"394","Normal/Others","WS/MP457/2025-2026/253541-Purchase of smart boards, visual display units and projectors","Tamil Nadu","Viluppuram(DISTRICT COLLECTOR VILLUPURAM_IDA)","Smart class room for Government Higher Secondary School, Ongur, Tindivanam","D Ravikumar","VILUPPURAM(SC)","N/A","04-Mar-2026","200000"
"395","Normal/Others","WS/MP457/2025-2026/253542-Purchase of smart boards, visual display units and projectors","Tamil Nadu","Viluppuram(DISTRICT COLLECTOR VILLUPURAM_IDA)","Smart class room for Government Higher Secondary School, Saram, Tindivanam","D Ravikumar","VILUPPURAM(SC)","N/A","04-Mar-2026","200000"
"396","Normal/Others","WS/MP457/2025-2026/253543-Purchase of smart boards, visual display units and projectors","Tamil Nadu","Viluppuram(DISTRICT COLLECTOR VILLUPURAM_IDA)","Smart class room for Government Higher Secondary School, Murungapakkam, Olakkur, Tindivanam","D Ravikumar","VILUPPURAM(SC)","N/A","04-Mar-2026","200000"
"397","Normal/Others","WS/MP457/2025-2026/253544-Purchase of smart boards, visual display units and projectors","Tamil Nadu","Viluppuram(DISTRICT COLLECTOR VILLUPURAM_IDA)","Smart class room for Government High School, Kanthadu, Marakkanam","D Ravikumar","VILUPPURAM(SC)","N/A","04-Mar-2026","200000"
"398","Normal/Others","WS/MP457/2025-2026/253545-Purchase of smart boards, visual display units and projectors","Tamil Nadu","Viluppuram(DISTRICT COLLECTOR VILLUPURAM_IDA)","Smart class room for Government High School, girls Marakkanam","D Ravikumar","VILUPPURAM(SC)","N/A","04-Mar-2026","200000"
"399","Normal/Others","WS/MP457/2025-2026/253546-Purchase of smart boards, visual display units and projectors","Tamil Nadu","Viluppuram(DISTRICT COLLECTOR VILLUPURAM_IDA)","Smart class room for Government Higher Secondary School, Marakkanam","D Ravikumar","VILUPPURAM(SC)","N/A","04-Mar-2026","200000"
"400","Normal/Others","WS/MP457/2025-2026/253547-Purchase of smart boards, visual display units and projectors","Tamil Nadu","Viluppuram(DISTRICT COLLECTOR VILLUPURAM_IDA)","Smart class room for Government Higher Secondary School, Anumandhai, Marakkanam","D Ravikumar","VILUPPURAM(SC)","N/A","04-Mar-2026","200000"
"401","Normal/Others","WS/MP457/2025-2026/253548-Purchase of smart boards, visual display units and projectors","Tamil Nadu","Viluppuram(DISTRICT COLLECTOR VILLUPURAM_IDA)","Smart class room for Government ADW Higher Secondary School, Singanur,","D Ravikumar","VILUPPURAM(SC)","N/A","04-Mar-2026","200000"
"402","Normal/Others","WS/MP457/2025-2026/253549-Purchase of smart boards, visual display units and projectors","Tamil Nadu","Viluppuram(DISTRICT COLLECTOR VILLUPURAM_IDA)","Smart class room for Government High School, Alankuppam, Marakkanam.","D Ravikumar","VILUPPURAM(SC)","N/A","04-Mar-2026","200000"
"403","Normal/Others","WS/MP457/2025-2026/253550-Purchase of smart boards, visual display units and projectors","Tamil Nadu","Viluppuram(DISTRICT COLLECTOR VILLUPURAM_IDA)","Smart class room for Government Higher Secondary School, Pudhukuppam, Vanur","D Ravikumar","VILUPPURAM(SC)","N/A","04-Mar-2026","200000"
"404","Normal/Others","WS/MP457/2025-2026/253551-Purchase of smart boards, visual display units and projectors","Tamil Nadu","Viluppuram(DISTRICT COLLECTOR VILLUPURAM_IDA)","Smart class room for Government ADW Higher Secondary School, Kondhamur, Vanur","D Ravikumar","VILUPPURAM(SC)","N/A","05-Mar-2026","200000"
"405","Normal/Others","WS/MP457/2025-2026/253552-Purchase of smart boards, visual display units and projectors","Tamil Nadu","Viluppuram(DISTRICT COLLECTOR VILLUPURAM_IDA)","Smart class room for Government  Higher Secondary School, Koonimedu, Marakkanam.","D Ravikumar","VILUPPURAM(SC)","N/A","05-Mar-2026","200000"
"406","Normal/Others","WS/MP457/2025-2026/253553-Purchase of smart boards, visual display units and projectors","Tamil Nadu","Viluppuram(DISTRICT COLLECTOR VILLUPURAM_IDA)","Smart class room for Government Higher Secondary School, Ennayiram, Vikravandi","D Ravikumar","VILUPPURAM(SC)","N/A","05-Mar-2026","200000"
"407","Normal/Others","WS/MP457/2025-2026/253554-Purchase of smart boards, visual display units and projectors","Tamil Nadu","Viluppuram(DISTRICT COLLECTOR VILLUPURAM_IDA)","Smart class room for Government Higher Secondary School, Arcadu, Mugaiyur, Kandachipuram","D Ravikumar","VILUPPURAM(SC)","N/A","04-Mar-2026","200000"
"408","Normal/Others","WS/MP457/2025-2026/253555-Purchase of smart boards, visual display units and projectors","Tamil Nadu","Viluppuram(DISTRICT COLLECTOR VILLUPURAM_IDA)","Smart class room for Government Higher Secondary School, Vazhuthavur, Kandamangalam.","D Ravikumar","VILUPPURAM(SC)","N/A","05-Mar-2026","200000"
"409","Normal/Others","WS/MP457/2025-2026/253556-Purchase of smart boards, visual display units and projectors","Tamil Nadu","Viluppuram(DISTRICT COLLECTOR VILLUPURAM_IDA)","Smart class room for Government High School, MittaMandagapattu, Kandamangalam.","D Ravikumar","VILUPPURAM(SC)","N/A","05-Mar-2026","200000"
"410","Normal/Others","WS/MP457/2025-2026/253557-Purchase of smart boards, visual display units and projectors","Tamil Nadu","Viluppuram(DISTRICT COLLECTOR VILLUPURAM_IDA)","Smart class room for Government High School, Thaduthatkondar, Thiruvennainallur.","D Ravikumar","VILUPPURAM(SC)","N/A","05-Mar-2026","200000"
"411","Normal/Others","WS/MP457/2025-2026/253558-Purchase of smart boards, visual display units and projectors","Tamil Nadu","Viluppuram(DISTRICT COLLECTOR VILLUPURAM_IDA)","Smart class room for Government Higher Secondary School, Anathur, Thiruvennainallur.","D Ravikumar","VILUPPURAM(SC)","N/A","05-Mar-2026","200000"
"412","Normal/Others","WS/MP457/2025-2026/253559-Purchase of smart boards, visual display units and projectors","Tamil Nadu","Viluppuram(DISTRICT COLLECTOR VILLUPURAM_IDA)","Smart class room for Government Higher Secondary School, Marakathapuram, Koliyanur, Viluppuram","D Ravikumar","VILUPPURAM(SC)","N/A","05-Mar-2026","200000"
"413","Normal/Others","WS/MP457/2025-2026/253560-Purchase of smart boards, visual display units and projectors","Tamil Nadu","Viluppuram(DISTRICT COLLECTOR VILLUPURAM_IDA)","Smart class room for Government ADW Higher Secondary School, Vazhuthareddy, Koliyanur, Viluppuram","D Ravikumar","VILUPPURAM(SC)","N/A","05-Mar-2026","200000"
"414","Normal/Others","WS/MP457/2025-2026/255582-Construction of roads, link roads, pathways or any other road with or without drainage system","Tamil Nadu","Viluppuram(DISTRICT COLLECTOR VILLUPURAM_IDA)","Providing 200 metre Cement concrete Road at Mettu Street in Munnur Panchayat","D Ravikumar","VILUPPURAM(SC)","Images","28-Jul-2026","1249980"
"415","Normal/Others","WS/MP457/2025-2026/256517-Construction of buildings for community cultural activities","Tamil Nadu","Viluppuram(DISTRICT COLLECTOR VILLUPURAM_IDA)","Construction of Drama Stage at Echchangkuppam village in Vikravandi Taluk","D Ravikumar","VILUPPURAM(SC)","Images","29-Jul-2026","799706"
"416","Normal/Others","WS/MP457/2025-2026/257046-Construction of roads, link roads, pathways or any other road with or without drainage system","Tamil Nadu","Viluppuram(DISTRICT COLLECTOR VILLUPURAM_IDA)","Construction of Cement concrete road at Pillaiyar koil street, Venganthoor village, Kanai Block, Vikravandi","D Ravikumar","VILUPPURAM(SC)","Images","17-Mar-2026","499668"
"417","Normal/Others","WS/MP458/2025-2026/149728-Construction of rooms and halls in school and colleges","Tamil Nadu","Thoothukkudi(DISTRICT COLLECTOR THOOTHUKUDI_IDA)","Construction of 2 Class Rooms at  St. Joseph Primary School Pothakalanvilai Village Sasthavinallur Panchayat Sathankulam Panchayat Union","Kanimozhi Karunanidhi","THOOTHUKKUDI","Images","07-Aug-2026","3596664"
"418","Normal/Others","WS/MP458/2025-2026/150048-Construction of community centers and community halls","Tamil Nadu","Thoothukkudi(DISTRICT COLLECTOR THOOTHUKUDI_IDA)","Construction of Community Hall at Pommaiahpuram Village in Sakkammalpuram Panchayat Vilathikulam Panchayat Union","Kanimozhi Karunanidhi","THOOTHUKKUDI","Images","10-Mar-2026","3999840"
"419","Normal/Others","WS/MP458/2025-2026/150051-Construction of community centers and community halls","Tamil Nadu","Thoothukkudi(DISTRICT COLLECTOR THOOTHUKUDI_IDA)","Construction of Community Hall at Arunthathiyar street in Sivagnanapuram Village and Panchayat in Vilathikulam Panchayat Union","Kanimozhi Karunanidhi","THOOTHUKKUDI","Images","13-Feb-2026","1998754"
"420","Normal/Others","WS/MP458/2025-2026/150052-Construction of community centers and community halls","Tamil Nadu","Thoothukkudi(DISTRICT COLLECTOR THOOTHUKUDI_IDA)","Construction of Community Hall at Arunthathiyar Street in Mettilpatti Village and Panchayat in Pudur panchayat Union","Kanimozhi Karunanidhi","THOOTHUKKUDI","Images","03-Sep-2025","1999892"
"421","Normal/Others","WS/MP458/2024-2025/150087-Construction of buildings for crèches and anganwadies","Tamil Nadu","Thoothukkudi(DISTRICT COLLECTOR THOOTHUKUDI_IDA)","Construction of Anganwadi centre at Punnakayal Panchayat in Alwarthirunagari Union","Kanimozhi Karunanidhi","THOOTHUKKUDI","N/A","30-Jun-2025","1749114"
"422","Normal/Others","WS/MP458/2025-2026/153610-Construction of buildings for crèches and anganwadies","Tamil Nadu","Thoothukkudi(DISTRICT COLLECTOR THOOTHUKUDI_IDA)","Construction of Anganwadi at  R.C.Church Area Therespuram North zone Thoothukudi Corporation - Ward 8","Kanimozhi Karunanidhi","THOOTHUKKUDI","Images","18-Jul-2025","1590997"
"423","Normal/Others","WS/MP458/2025-2026/153614-Construction of Government office buildings (Post office, Police station, Police chauki, etc.)","Tamil Nadu","Thoothukkudi(DISTRICT COLLECTOR THOOTHUKUDI_IDA)","Construction of Ration Shop Building at Levingipuram South zone Thoothukudi Corporation - Ward 45","Kanimozhi Karunanidhi","THOOTHUKKUDI","Images","22-Jul-2025","1400000"
"424","Normal/Others","WS/MP458/2025-2026/153616-Construction of Government office buildings (Post office, Police station, Police chauki, etc.)","Tamil Nadu","Thoothukkudi(DISTRICT COLLECTOR THOOTHUKUDI_IDA)","Construction of Ration Shop Building at Chatram Street Opp. Arignar Anna Mandapam East zone Thoothukudi Corporation - Ward 38","Kanimozhi Karunanidhi","THOOTHUKKUDI","Images","18-Jul-2025","1400000"
"425","Normal/Others","WS/MP458/2025-2026/157129-Construction of water tanks","Tamil Nadu","Thoothukkudi(DISTRICT COLLECTOR THOOTHUKUDI_IDA)","Construction of 60,000 Litre Capacity GLR  at Cambellabad Panchayat in Alwarthirunagari Panchayat Union","Kanimozhi Karunanidhi","THOOTHUKKUDI","N/A","06-May-2025","949670"
"426","Normal/Others","WS/MP458/2025-2026/180092-Construction of community centers and community halls","Tamil Nadu","Thoothukkudi(DISTRICT COLLECTOR THOOTHUKUDI_IDA)","Construction of Multi Purpose Hall at Paneerkulam Village and Panchayat in Kayathar Panchayat Union","Kanimozhi Karunanidhi","THOOTHUKKUDI","Images","22-Sep-2025","3998675"
"427","Normal/Others","WS/MP458/2025-2026/180146-Construction of bus-sheds or bus-stops","Tamil Nadu","Thoothukkudi(DISTRICT COLLECTOR THOOTHUKUDI_IDA)","Construction of Bus Shelter at near Vattakovil ECR Road Ward No. 5 in Thoothukudi Corporation","Kanimozhi Karunanidhi","THOOTHUKKUDI","Images","23-Sep-2025","400000"
"428","Normal/Others","WS/MP458/2025-2026/225340-Construction of bus-sheds or bus-stops","Tamil Nadu","Thoothukkudi(DISTRICT COLLECTOR THOOTHUKUDI_IDA)","Construction of Bus shelter at Manthithoppu Village in Manthithoppu Panchayat in Kovilpatti Panchayat Union","Kanimozhi Karunanidhi","THOOTHUKKUDI","Images","13-Mar-2026","695085"
"429","Normal/Others","WS/MP459/2025-2026/149087-Construction of roads, link roads, pathways or any other road with or without drainage system","Tamil Nadu","CHENNAI(COMMISSIONER MUNCIPAL CORPORATION CHENNAI_IDA)","Construction of Road in NSK Street, Shanmugam Street, Z-10, Ward 129","T Sumathy (A) Thamizhachi Thangapandian","CHENNAI SOUTH","Images","14-Oct-2025","1746641"
"430","Normal/Others","WS/MP459/2025-2026/149088-Construction of roads, link roads, pathways or any other road with or without drainage system","Tamil Nadu","CHENNAI(COMMISSIONER MUNCIPAL CORPORATION CHENNAI_IDA)","Kaveri Rengan Street, Thasarathapuram Diwakar Nagar & Streets Z-10, Ward 129","T Sumathy (A) Thamizhachi Thangapandian","CHENNAI SOUTH","Images","14-Oct-2025","3138374"
"431","Normal/Others","WS/MP459/2025-2026/149089-Construction of rooms and facilities for hospitals, FWC , PHC Centers and ANM centers","Tamil Nadu","CHENNAI(COMMISSIONER MUNCIPAL CORPORATION CHENNAI_IDA)","Construction of First Floor in UPHC, Radhakrishnan Salai. Zone - 10, Ward - 133","T Sumathy (A) Thamizhachi Thangapandian","CHENNAI SOUTH","Images","17-Feb-2026","10478968"
"432","Normal/Others","WS/MP459/2025-2026/201930-Construction of public toilets and bathrooms","Tamil Nadu","CHENNAI(COMMISSIONER MUNCIPAL CORPORATION CHENNAI_IDA)","Construction of Toilet, Fixing Wall Tiles","T Sumathy (A) Thamizhachi Thangapandian","CHENNAI SOUTH","Images","29-Jan-2026","1587249"
"433","Normal/Others","WS/MP459/2025-2026/231095-Purchase of smart boards, visual display units and projectors","Tamil Nadu","CHENNAI(COMMISSIONER MUNCIPAL CORPORATION CHENNAI_IDA)","Setting Smart Board for 7 Class Rooms in Chennai Middle School, NS Garden","T Sumathy (A) Thamizhachi Thangapandian","CHENNAI SOUTH","Images","02-Mar-2026","1295616"
"434","Normal/Others","WS/MP508/2024-2025/134677-Street lights","Tamil Nadu","TIRUVANNAMALAI(DISTRICT COLLECTOR TIRUVANNAMALAI_IDA)","Providing High mast light at Melkaripur Panchayat at Thandarampet Block","CN Annadurai","TIRUVANNAMALAI","Images","30-Mar-2026","435000"
"435","Normal/Others","WS/MP508/2024-2025/134680-Street lights","Tamil Nadu","TIRUVANNAMALAI(DISTRICT COLLECTOR TIRUVANNAMALAI_IDA)","Providing High mast light at Sathanoor Panchayat at Thandarampet Block","CN Annadurai","TIRUVANNAMALAI","Images","30-Mar-2026","435000"
"436","Normal/Others","WS/MP508/2024-2025/134684-Street lights","Tamil Nadu","TIRUVANNAMALAI(DISTRICT COLLECTOR TIRUVANNAMALAI_IDA)","Providing High mast light at Devanampattu Panchayat at Thurinjapuram Block","CN Annadurai","TIRUVANNAMALAI","N/A","23-Dec-2024","435000"
"437","Normal/Others","WS/MP508/2024-2025/134687-Street lights","Tamil Nadu","TIRUVANNAMALAI(DISTRICT COLLECTOR TIRUVANNAMALAI_IDA)","Providing High mast light at Che. Sorpanandal Panchayat at Chengam Block","CN Annadurai","TIRUVANNAMALAI","Images","05-Jul-2025","435000"
"438","Normal/Others","WS/MP508/2024-2025/134688-Street lights","Tamil Nadu","TIRUVANNAMALAI(DISTRICT COLLECTOR TIRUVANNAMALAI_IDA)","Providing High mast light at Che. Nachipattu Panchayat at Chengam Block","CN Annadurai","TIRUVANNAMALAI","Images","05-Jul-2025","435000"
"439","Normal/Others","WS/MP508/2024-2025/134689-Street lights","Tamil Nadu","TIRUVANNAMALAI(DISTRICT COLLECTOR TIRUVANNAMALAI_IDA)","Providing High mast light at Che. Kayampattu Panchayat at Chengam Block","CN Annadurai","TIRUVANNAMALAI","Images","05-Jul-2025","435000"
"440","Normal/Others","WS/MP508/2025-2026/134707-Street lights","Tamil Nadu","Tirupathur(District Collector Tirupathur_IDA)","Providing High mast light at Chinnakandili","CN Annadurai","TIRUVANNAMALAI","Images","03-Feb-2026","434102"
"441","Normal/Others","WS/MP508/2025-2026/134708-Street lights","Tamil Nadu","Tirupathur(District Collector Tirupathur_IDA)","Providing High mast light at Puliyur in Nellivasalnadu panchayat","CN Annadurai","TIRUVANNAMALAI","Images","27-Jun-2025","434956"
"442","Normal/Others","WS/MP508/2025-2026/134709-Street lights","Tamil Nadu","Tirupathur(District Collector Tirupathur_IDA)","Providing High mast light at Perumpalli in Pungampattunadu panchayat","CN Annadurai","TIRUVANNAMALAI","Images","27-Jun-2025","434956"
"443","Normal/Others","WS/MP508/2025-2026/134710-Street lights","Tamil Nadu","Tirupathur(District Collector Tirupathur_IDA)","Providing High mast light at Eswaran koil street at Tiruppathur Municipality","CN Annadurai","TIRUVANNAMALAI","Images","11-Jul-2025","435000"
"444","Normal/Others","WS/MP508/2025-2026/134711-Street lights","Tamil Nadu","Tirupathur(District Collector Tirupathur_IDA)","Providing High mast light at Tiruppathur ITI main road at Tirupathur Municipality","CN Annadurai","TIRUVANNAMALAI","Images","11-Jul-2025","435000"
"445","Normal/Others","WS/MP508/2024-2025/137468-Street lights","Tamil Nadu","Tirupathur(District Collector Tirupathur_IDA)","Providing LED Street Light arrangements in pakkirithaka at Katteri panchayat km 0/0-0/300","CN Annadurai","TIRUVANNAMALAI","N/A","23-Apr-2025","1000000"
"446","Normal/Others","WS/MP508/2024-2025/137469-Street lights","Tamil Nadu","Tirupathur(District Collector Tirupathur_IDA)","Providing LED Street Light arrangements in pakkirithaka at Katteri panchayat km 0/301-0/600","CN Annadurai","TIRUVANNAMALAI","Images","23-Apr-2025","1000000"
"447","Normal/Others","WS/MP508/2024-2025/137470-Street lights","Tamil Nadu","Tirupathur(District Collector Tirupathur_IDA)","Providing LED Street Light arrangements in Koratti at Kandali Block km 0/0-0/300","CN Annadurai","TIRUVANNAMALAI","Images","23-Apr-2025","1000000"
"448","Normal/Others","WS/MP508/2024-2025/137471-Street lights","Tamil Nadu","Tirupathur(District Collector Tirupathur_IDA)","Providing LED Street Light arrangements in Koratti at Kandali Block km 0/301-0/600","CN Annadurai","TIRUVANNAMALAI","Images","23-Apr-2025","1000000"
"449","Normal/Others","WS/MP508/2024-2025/137472-Street lights","Tamil Nadu","Tirupathur(District Collector Tirupathur_IDA)","Providing LED Street Light arrangements in Thoranampathi at Kandali Block km 0/0 - 0/300","CN Annadurai","TIRUVANNAMALAI","Images","23-Apr-2025","1000000"
"450","Normal/Others","WS/MP508/2024-2025/137473-Street lights","Tamil Nadu","Tirupathur(District Collector Tirupathur_IDA)","Providing LED Street Light arrangements in Thoranampathi at Kandali Block km 0/301 - 0/600","CN Annadurai","TIRUVANNAMALAI","Images","23-Apr-2025","1000000"
"451","Normal/Others","WS/MP508/2025-2026/164157-Construction of bus-sheds or bus-stops","Tamil Nadu","TIRUVANNAMALAI(DISTRICT COLLECTOR TIRUVANNAMALAI_IDA)","Construction of Bus shelter at Mattavettu panchayat","CN Annadurai","TIRUVANNAMALAI","N/A","02-Jan-2026","499800"
"452","Normal/Others","WS/MP508/2025-2026/164158-Construction of roads, link roads, pathways or any other road with or without drainage system","Tamil Nadu","TIRUVANNAMALAI(DISTRICT COLLECTOR TIRUVANNAMALAI_IDA)","Providing CC Pavement in North Street at Kilkuppam panchayat","CN Annadurai","TIRUVANNAMALAI","N/A","02-Jan-2026","249843"
"453","Normal/Others","WS/MP508/2025-2026/164159-Construction of roads, link roads, pathways or any other road with or without drainage system","Tamil Nadu","TIRUVANNAMALAI(DISTRICT COLLECTOR TIRUVANNAMALAI_IDA)","Providing CC Pavement in Reddiyar street at Melpalur panchayat","CN Annadurai","TIRUVANNAMALAI","N/A","02-Jan-2026","249672"
"454","Normal/Others","WS/MP508/2025-2026/164160-Construction of roads, link roads, pathways or any other road with or without drainage system","Tamil Nadu","TIRUVANNAMALAI(DISTRICT COLLECTOR TIRUVANNAMALAI_IDA)","Providing CC Pavement in murugar koil street at Aniyalai panchayat","CN Annadurai","TIRUVANNAMALAI","Images","31-May-2025","299828"
"455","Normal/Others","WS/MP508/2025-2026/164161-Construction of roads, link roads, pathways or any other road with or without drainage system","Tamil Nadu","TIRUVANNAMALAI(DISTRICT COLLECTOR TIRUVANNAMALAI_IDA)","Providing CC Pavement in Padagam street at Seettampattu panchayat","CN Annadurai","TIRUVANNAMALAI","Images","12-Aug-2025","299735"
"456","Normal/Others","WS/MP508/2025-2026/164162-Construction of roads, link roads, pathways or any other road with or without drainage system","Tamil Nadu","TIRUVANNAMALAI(DISTRICT COLLECTOR TIRUVANNAMALAI_IDA)","Providing CC pavement in Nadu street at Kalur Panchayat","CN Annadurai","TIRUVANNAMALAI","Images","07-May-2025","299738"
"457","Normal/Others","WS/MP508/2025-2026/164183-Construction of boundary walls of existing public and community buildings","Tamil Nadu","TIRUVANNAMALAI(DISTRICT COLLECTOR TIRUVANNAMALAI_IDA)","Construction of Compound wall in christian BG at Sanipoondi panchayat","CN Annadurai","TIRUVANNAMALAI","N/A","19-Sep-2025","298921"
"458","Normal/Others","WS/MP508/2025-2026/164184-Construction of roads, link roads, pathways or any other road with or without drainage system","Tamil Nadu","TIRUVANNAMALAI(DISTRICT COLLECTOR TIRUVANNAMALAI_IDA)","Providing CC pavement in Pilliyar koil street at Iyangunnam panchayat","CN Annadurai","TIRUVANNAMALAI","Images","11-Aug-2026","199329"
"459","Normal/Others","WS/MP508/2025-2026/164185-Setting up crops conservation facilities","Tamil Nadu","TIRUVANNAMALAI(DISTRICT COLLECTOR TIRUVANNAMALAI_IDA)","Construction of threshing floor at Ganapapauram panchayat","CN Annadurai","TIRUVANNAMALAI","Images","11-Aug-2026","199695"
"460","Normal/Others","WS/MP508/2025-2026/164186-Construction of roads, link roads, pathways or any other road with or without drainage system","Tamil Nadu","TIRUVANNAMALAI(DISTRICT COLLECTOR TIRUVANNAMALAI_IDA)","Providing CC Pavement in murugar koil street at Neivanatham panchayat","CN Annadurai","TIRUVANNAMALAI","Images","18-Mar-2026","199727"
"461","Normal/Others","WS/MP508/2025-2026/164188-Construction of roads, link roads, pathways or any other road with or without drainage system","Tamil Nadu","TIRUVANNAMALAI(DISTRICT COLLECTOR TIRUVANNAMALAI_IDA)","providing CC Pavement in New road street at Vazhuthalangunnam panchayat","CN Annadurai","TIRUVANNAMALAI","N/A","19-Sep-2025","199673"
"462","Normal/Others","WS/MP508/2025-2026/164189-Construction of roads, link roads, pathways or any other road with or without drainage system","Tamil Nadu","TIRUVANNAMALAI(DISTRICT COLLECTOR TIRUVANNAMALAI_IDA)","Providing CC pavement in Anthoniyar street at Nagengapattu panchayat","CN Annadurai","TIRUVANNAMALAI","Images","11-Aug-2026","199447"
"463","Normal/Others","WS/MP508/2025-2026/164190-Construction of roads, link roads, pathways or any other road with or without drainage system","Tamil Nadu","TIRUVANNAMALAI(DISTRICT COLLECTOR TIRUVANNAMALAI_IDA)","Providing CC Pavement in ADC street at Kazhikulam panchayat","CN Annadurai","TIRUVANNAMALAI","N/A","19-Sep-2025","199526"
"464","Normal/Others","WS/MP508/2024-2025/164191-Construction of roads, link roads, pathways or any other road with or without drainage system","Tamil Nadu","TIRUVANNAMALAI(DISTRICT COLLECTOR TIRUVANNAMALAI_IDA)","Providing CC pavement in Bajani koil lane at Aruddirapattu panchayat","CN Annadurai","TIRUVANNAMALAI","N/A","29-Apr-2025","199920"
"465","Normal/Others","WS/MP508/2024-2025/164192-Construction of roads, link roads, pathways or any other road with or without drainage system","Tamil Nadu","TIRUVANNAMALAI(DISTRICT COLLECTOR TIRUVANNAMALAI_IDA)","Providing CC Pavement in ADC salanaiyankollai west street at Viruvilanginan panchayat","CN Annadurai","TIRUVANNAMALAI","Images","05-Jul-2025","199880"
"466","Normal/Others","WS/MP508/2024-2025/164193-Construction of roads, link roads, pathways or any other road with or without drainage system","Tamil Nadu","TIRUVANNAMALAI(DISTRICT COLLECTOR TIRUVANNAMALAI_IDA)","Providing CC pavement in ADC madha koil street at Panaiyur panchayat","CN Annadurai","TIRUVANNAMALAI","Images","05-Jul-2025","199900"
"467","Normal/Others","WS/MP508/2024-2025/164291-Construction of roads, link roads, pathways or any other road with or without drainage system","Tamil Nadu","TIRUVANNAMALAI(DISTRICT COLLECTOR TIRUVANNAMALAI_IDA)","Providing CC Pavement in Palla street at Mallavadi panchayat","CN Annadurai","TIRUVANNAMALAI","N/A","05-Jan-2026","199716"
"468","Normal/Others","WS/MP508/2024-2025/164292-Construction of roads, link roads, pathways or any other road with or without drainage system","Tamil Nadu","TIRUVANNAMALAI(DISTRICT COLLECTOR TIRUVANNAMALAI_IDA)","Providing CC Pavement in ADC puthu colony at Kiliyapattu panchayat","CN Annadurai","TIRUVANNAMALAI","Images","13-May-2025","199455"
"469","Normal/Others","WS/MP508/2024-2025/164293-Construction of roads, link roads, pathways or any other road with or without drainage system","Tamil Nadu","TIRUVANNAMALAI(DISTRICT COLLECTOR TIRUVANNAMALAI_IDA)","Providing CC pavement in ADC Colony in Maruthuvambadi panchayat","CN Annadurai","TIRUVANNAMALAI","N/A","06-Aug-2025","198869"
"470","Normal/Others","WS/MP508/2024-2025/164294-Construction of roads, link roads, pathways or any other road with or without drainage system","Tamil Nadu","TIRUVANNAMALAI(DISTRICT COLLECTOR TIRUVANNAMALAI_IDA)","Providing CC Pavement in Muniyappanthangal street at Vadapulithiyur panchayat","CN Annadurai","TIRUVANNAMALAI","N/A","06-Aug-2025","199542"
"471","Normal/Others","WS/MP508/2024-2025/164295-Construction of roads, link roads, pathways or any other road with or without drainage system","Tamil Nadu","TIRUVANNAMALAI(DISTRICT COLLECTOR TIRUVANNAMALAI_IDA)","Providing CC Pavement in ADC New Colony in Kalasthambadi panchayat","CN Annadurai","TIRUVANNAMALAI","N/A","06-Aug-2025","199424"
"472","Normal/Others","WS/MP508/2024-2025/164296-Construction of roads, link roads, pathways or any other road with or without drainage system","Tamil Nadu","TIRUVANNAMALAI(DISTRICT COLLECTOR TIRUVANNAMALAI_IDA)","Providing CC Pavement in Anna nagar at Randam Panchayat","CN Annadurai","TIRUVANNAMALAI","N/A","05-Jan-2026","199559"
"473","Normal/Others","WS/MP508/2025-2026/165176-Construction of roads, link roads, pathways or any other road with or without drainage system","Tamil Nadu","TIRUVANNAMALAI(DISTRICT COLLECTOR TIRUVANNAMALAI_IDA)","Providing CC pavement in ADC cross street at Puthur chekkadi","CN Annadurai","TIRUVANNAMALAI","Images","30-Mar-2026","199266"
"474","Normal/Others","WS/MP508/2025-2026/165177-Construction of roads, link roads, pathways or any other road with or without drainage system","Tamil Nadu","TIRUVANNAMALAI(DISTRICT COLLECTOR TIRUVANNAMALAI_IDA)","Providing CC Pavement in Mettupalayam road street at Malayanoor chakkadi","CN Annadurai","TIRUVANNAMALAI","Images","30-Mar-2026","199795"
"475","Normal/Others","WS/MP508/2025-2026/165178-Construction of roads, link roads, pathways or any other road with or without drainage system","Tamil Nadu","TIRUVANNAMALAI(DISTRICT COLLECTOR TIRUVANNAMALAI_IDA)","Providing CC Pavement in Murugar koil madavedi street at Se.Andapattu","CN Annadurai","TIRUVANNAMALAI","Images","30-Mar-2026","199863"
"476","Normal/Others","WS/MP508/2025-2026/165179-Construction of roads, link roads, pathways or any other road with or without drainage system","Tamil Nadu","TIRUVANNAMALAI(DISTRICT COLLECTOR TIRUVANNAMALAI_IDA)","Providing CC Pavement in ADC main road in Veppurchekkadi","CN Annadurai","TIRUVANNAMALAI","Images","30-Mar-2026","199075"
"477","Normal/Others","WS/MP508/2025-2026/166138-Construction of roads, link roads, pathways or any other road with or without drainage system","Tamil Nadu","TIRUVANNAMALAI(DISTRICT COLLECTOR TIRUVANNAMALAI_IDA)","Providing CC Pavement in Thombar street in Thenmudiyanur panchayat","CN Annadurai","TIRUVANNAMALAI","Images","30-Mar-2026","199648"
"478","Normal/Others","WS/MP508/2025-2026/166139-Construction of roads, link roads, pathways or any other road with or without drainage system","Tamil Nadu","TIRUVANNAMALAI(DISTRICT COLLECTOR TIRUVANNAMALAI_IDA)","Providing CC Pavement in Kalthampadi mariyamman koil street at Agarampallipattupanchayat","CN Annadurai","TIRUVANNAMALAI","Images","30-Mar-2026","199082"
"479","Normal/Others","WS/MP508/2025-2026/166140-Construction of roads, link roads, pathways or any other road with or without drainage system","Tamil Nadu","TIRUVANNAMALAI(DISTRICT COLLECTOR TIRUVANNAMALAI_IDA)","Providing CC Pavement in Theeder nagar at Sathanur panchayat","CN Annadurai","TIRUVANNAMALAI","Images","30-Mar-2026","198444"
"480","Normal/Others","WS/MP508/2025-2026/166141-Construction of roads, link roads, pathways or any other road with or without drainage system","Tamil Nadu","TIRUVANNAMALAI(DISTRICT COLLECTOR TIRUVANNAMALAI_IDA)","Providing CC Pavement in Ambedkar street at Kolundampattu panchayat","CN Annadurai","TIRUVANNAMALAI","Images","30-Mar-2026","199530"
"481","Normal/Others","WS/MP508/2025-2026/166143-Construction of roads, link roads, pathways or any other road with or without drainage system","Tamil Nadu","TIRUVANNAMALAI(DISTRICT COLLECTOR TIRUVANNAMALAI_IDA)","Providing CC Pavement in Gandhi nagar Kuruvikara colony at Melvanakkambadi panchayat","CN Annadurai","TIRUVANNAMALAI","Images","07-Jul-2025","199960"
"482","Normal/Others","WS/MP508/2025-2026/166144-Construction of roads, link roads, pathways or any other road with or without drainage system","Tamil Nadu","TIRUVANNAMALAI(DISTRICT COLLECTOR TIRUVANNAMALAI_IDA)","Providing CC Pavement in New colony santhu street at Porasapattu panchayat","CN Annadurai","TIRUVANNAMALAI","Images","07-Jul-2025","199960"
"483","Normal/Others","WS/MP508/2025-2026/166145-Construction of roads, link roads, pathways or any other road with or without drainage system","Tamil Nadu","TIRUVANNAMALAI(DISTRICT COLLECTOR TIRUVANNAMALAI_IDA)","Providing CC Pavement in Ambedkar nagar 2nd street at Melpulidiyur panchayat","CN Annadurai","TIRUVANNAMALAI","Images","07-Jul-2025","199960"
"484","Normal/Others","WS/MP508/2025-2026/166146-Construction of roads, link roads, pathways or any other road with or without drainage system","Tamil Nadu","TIRUVANNAMALAI(DISTRICT COLLECTOR TIRUVANNAMALAI_IDA)","Providing CC pavement in Mariyamman koil street at Pudupattu panchayat","CN Annadurai","TIRUVANNAMALAI","Images","18-Mar-2026","199863"
"485","Normal/Others","WS/MP508/2025-2026/166147-Construction of roads, link roads, pathways or any other road with or without drainage system","Tamil Nadu","TIRUVANNAMALAI(DISTRICT COLLECTOR TIRUVANNAMALAI_IDA)","Providing CC Pavement in Thurinjapuram colony kalliamman koil street at Andanur panchayat","CN Annadurai","TIRUVANNAMALAI","Images","18-Mar-2026","299770"
"486","Normal/Others","WS/MP508/2025-2026/166148-Construction of roads, link roads, pathways or any other road with or without drainage system","Tamil Nadu","TIRUVANNAMALAI(DISTRICT COLLECTOR TIRUVANNAMALAI_IDA)","Providing CC Pavement in Komatha street at Theethandapattu panchayat","CN Annadurai","TIRUVANNAMALAI","Images","18-Mar-2026","299824"
"487","Normal/Others","WS/MP508/2025-2026/166149-Construction of roads, link roads, pathways or any other road with or without drainage system","Tamil Nadu","TIRUVANNAMALAI(DISTRICT COLLECTOR TIRUVANNAMALAI_IDA)","Providing CC Pavement in 1st street at puliyampatti panchayat","CN Annadurai","TIRUVANNAMALAI","Images","18-Mar-2026","199798"
"488","Normal/Others","WS/MP508/2025-2026/166150-Construction of roads, link roads, pathways or any other road with or without drainage system","Tamil Nadu","TIRUVANNAMALAI(DISTRICT COLLECTOR TIRUVANNAMALAI_IDA)","Providing CC Pavement in Joyar street at perumakkam panchayat","CN Annadurai","TIRUVANNAMALAI","Images","07-Jul-2025","199667"
"489","Normal/Others","WS/MP508/2025-2026/166151-Construction of roads, link roads, pathways or any other road with or without drainage system","Tamil Nadu","TIRUVANNAMALAI(DISTRICT COLLECTOR TIRUVANNAMALAI_IDA)","Providing CC Pavement in ADC Colony Amedkar street at Kannakurukkai panchayat","CN Annadurai","TIRUVANNAMALAI","Images","18-Mar-2026","199814"
"490","Normal/Others","WS/MP508/2025-2026/166152-Construction of roads, link roads, pathways or any other road with or without drainage system","Tamil Nadu","TIRUVANNAMALAI(DISTRICT COLLECTOR TIRUVANNAMALAI_IDA)","Providing CC pavement in ADC Colony Library street at Beemanandal panchayat","CN Annadurai","TIRUVANNAMALAI","Images","05-Jul-2025","197873"
"491","Normal/Others","WS/MP508/2025-2026/166153-Construction of roads, link roads, pathways or any other road with or without drainage system","Tamil Nadu","TIRUVANNAMALAI(DISTRICT COLLECTOR TIRUVANNAMALAI_IDA)","Providing CC Pavement in Ramasamy nagar kulathamettu street at Pachal panchayat","CN Annadurai","TIRUVANNAMALAI","Images","07-Jul-2025","199728"
"492","Normal/Others","WS/MP508/2025-2026/166156-Construction of roads, link roads, pathways or any other road with or without drainage system","Tamil Nadu","TIRUVANNAMALAI(DISTRICT COLLECTOR TIRUVANNAMALAI_IDA)","Providing CC Pavement in Urgoundanur panchayat","CN Annadurai","TIRUVANNAMALAI","Images","19-Feb-2026","199565"
"493","Normal/Others","WS/MP508/2025-2026/166157-Construction of roads, link roads, pathways or any other road with or without drainage system","Tamil Nadu","TIRUVANNAMALAI(DISTRICT COLLECTOR TIRUVANNAMALAI_IDA)","Providing CC Pavement in Thenmalai athipattu panchayat","CN Annadurai","TIRUVANNAMALAI","N/A","18-Mar-2026","199600"
"494","Normal/Others","WS/MP508/2025-2026/166159-Construction of bus-sheds or bus-stops","Tamil Nadu","TIRUVANNAMALAI(DISTRICT COLLECTOR TIRUVANNAMALAI_IDA)","Construction of bus shelter in shenbagathopu near at Kanamalai panchayat","CN Annadurai","TIRUVANNAMALAI","N/A","03-Oct-2025","598350"
"495","Normal/Others","WS/MP508/2025-2026/166160-Construction of roads, link roads, pathways or any other road with or without drainage system","Tamil Nadu","TIRUVANNAMALAI(DISTRICT COLLECTOR TIRUVANNAMALAI_IDA)","Providing CC pavement in PDS shop street at Nellanthangal panchayat","CN Annadurai","TIRUVANNAMALAI","Images","11-Aug-2026","199030"
"496","Normal/Others","WS/MP508/2025-2026/176403-Lighting of public spaces","Tamil Nadu","TIRUVANNAMALAI(DISTRICT COLLECTOR TIRUVANNAMALAI_IDA)","Providing LED Street Light arrangements in Polur Kuppanatham junction Polur road 500 Meter","CN Annadurai","TIRUVANNAMALAI","Images","22-Aug-2025","970018"
"497","Normal/Others","WS/MP508/2025-2026/176404-Lighting of public spaces","Tamil Nadu","TIRUVANNAMALAI(DISTRICT COLLECTOR TIRUVANNAMALAI_IDA)","Providing LED Street Light arrangements in Polur Kuppanatham junction  Kuppanatham road 500 Meter","CN Annadurai","TIRUVANNAMALAI","Images","22-Aug-2025","969644"
"498","Normal/Others","WS/MP508/2025-2026/176405-Lighting of public spaces","Tamil Nadu","TIRUVANNAMALAI(DISTRICT COLLECTOR TIRUVANNAMALAI_IDA)","Providing LED Street Light arrangements in Annamalaiyar koil near north road 100 feet high at Tiruvannamalai municipality","CN Annadurai","TIRUVANNAMALAI","Images","22-Sep-2025","1799543"
"499","Normal/Others","WS/MP508/2025-2026/176406-Lighting of public spaces","Tamil Nadu","TIRUVANNAMALAI(DISTRICT COLLECTOR TIRUVANNAMALAI_IDA)","Providing LED Street Light arrangements in Annamalaiyar koil near south road 100 feet high at Tiruvannamalai municipality","CN Annadurai","TIRUVANNAMALAI","Images","22-Sep-2025","1799693"
"500","Normal/Others","WS/MP508/2025-2026/189207-Construction of bus-sheds or bus-stops","Tamil Nadu","Tirupathur(District Collector Tirupathur_IDA)","Construction of Bus shelter at Kunichi government Higher Secondary School Ho Kunichi Panchayath","CN Annadurai","TIRUVANNAMALAI","Images","27-Feb-2026","500000"
"501","Normal/Others","WS/MP508/2025-2026/189208-Construction of roads, link roads, pathways or any other road with or without drainage system","Tamil Nadu","Tirupathur(District Collector Tirupathur_IDA)","Providing Paver Block From Kumar House To Rajambal House At Pudur Colony (55m) In Sevathi Panchayat","CN Annadurai","TIRUVANNAMALAI","Images","02-Feb-2026","249500"
"502","Normal/Others","WS/MP508/2025-2026/189209-Construction of roads, link roads, pathways or any other road with or without drainage system","Tamil Nadu","Tirupathur(District Collector Tirupathur_IDA)","Providing  paver block road from Chinnathambi house to Kesavan house in Dandukanoor  Adi-Dravidar  colony in Koratti Panchayat.","CN Annadurai","TIRUVANNAMALAI","Images","08-Aug-2025","249409"
"503","Normal/Others","WS/MP508/2025-2026/189210-Construction of community centers and community halls","Tamil Nadu","Tirupathur(District Collector Tirupathur_IDA)","Construction of Multi Purpose Building at Kurumber theru in Udhaiyamuthur Panchayat","CN Annadurai","TIRUVANNAMALAI","Images","02-Jan-2026","599276"
"504","Normal/Others","WS/MP508/2025-2026/189211-Construction of roads, link roads, pathways or any other road with or without drainage system","Tamil Nadu","Tirupathur(District Collector Tirupathur_IDA)","Providing Interlocking Paver Block From Subramani Veedu To Dhandapalli At Pulikuthivattam HO Matrapalli Panchayat","CN Annadurai","TIRUVANNAMALAI","N/A","26-Dec-2025","296380"
"505","Normal/Others","WS/MP508/2025-2026/189212-Construction of roads, link roads, pathways or any other road with or without drainage system","Tamil Nadu","Tirupathur(District Collector Tirupathur_IDA)","Providing Interlocking Paver Block From KT Road to Ram Lakshmi Nagar at Gajalnaickenpatti HO Gajalnaickenpatti","CN Annadurai","TIRUVANNAMALAI","Images","12-Jun-2025","399928"
"506","Normal/Others","WS/MP508/2025-2026/189214-Construction of community centers and community halls","Tamil Nadu","Tirupathur(District Collector Tirupathur_IDA)","Construction of Multi Purpose Building at Madavalam in Madapalli Panchayat","CN Annadurai","TIRUVANNAMALAI","N/A","29-Jul-2025","699930"
"507","Normal/Others","WS/MP508/2025-2026/189215-Construction of roads, link roads, pathways or any other road with or without drainage system","Tamil Nadu","Tirupathur(District Collector Tirupathur_IDA)","Providing CC pavement from Murugan House to Perumal House at Pudhu Poongulam A.K. Mottur Panchayat","CN Annadurai","TIRUVANNAMALAI","Images","08-Jul-2025","124812"
"508","Normal/Others","WS/MP508/2025-2026/189216-Construction of roads, link roads, pathways or any other road with or without drainage system","Tamil Nadu","Tirupathur(District Collector Tirupathur_IDA)","Providing CC pavement from Perumal House to Mariamman Kovil at Pudhu Poongulam A.K. Mottur Panchayat","CN Annadurai","TIRUVANNAMALAI","Images","08-Jul-2025","246630"
"509","Normal/Others","WS/MP508/2025-2026/189218-Construction of bus-sheds or bus-stops","Tamil Nadu","Tirupathur(District Collector Tirupathur_IDA)","Construction Of New Bus Shelter At Kathari In Kathari Panchayat.","CN Annadurai","TIRUVANNAMALAI","Images","30-Sep-2025","499000"
"510","Normal/Others","WS/MP508/2025-2026/189219-Construction of roads, link roads, pathways or any other road with or without drainage system","Tamil Nadu","Tirupathur(District Collector Tirupathur_IDA)","Providing Paver Block Road From Alagarpettai Srinivassan House To Rajendhirani In Patchur Panchayat","CN Annadurai","TIRUVANNAMALAI","Images","13-Jun-2025","299285"
"511","Normal/Others","WS/MP508/2025-2026/189220-Construction of rooms and halls in school and colleges","Tamil Nadu","Tirupathur(District Collector Tirupathur_IDA)","Construction Stage at PUMS Oddapatti Ho Oddapatti","CN Annadurai","TIRUVANNAMALAI","N/A","09-Oct-2025","500000"
"512","Normal/Others","WS/MP508/2025-2026/189221-Construction of roads, link roads, pathways or any other road with or without drainage system","Tamil Nadu","Tirupathur(District Collector Tirupathur_IDA)","Providing Interlocking Paver Block From Sankar house to Krishnan house and Babu house to Ramesh house at Konapattu Ho Konapattu","CN Annadurai","TIRUVANNAMALAI","Images","03-Jul-2025","360281"
"513","Normal/Others","WS/MP508/2025-2026/189222-Construction of roads, link roads, pathways or any other road with or without drainage system","Tamil Nadu","Tirupathur(District Collector Tirupathur_IDA)","Providing Interlocking Paver Block From Panchayat office Street at Agraharam Ho Agraharam","CN Annadurai","TIRUVANNAMALAI","N/A","29-Aug-2025","400000"
"514","Normal/Others","WS/MP508/2025-2026/189223-Construction of bus-sheds or bus-stops","Tamil Nadu","Tirupathur(District Collector Tirupathur_IDA)","Constructions of Bus Shelter at Kuttigoundanur Ho Mallapalli","CN Annadurai","TIRUVANNAMALAI","N/A","10-Nov-2025","500000"
"515","Normal/Others","WS/MP508/2025-2026/189225-Construction of roads, link roads, pathways or any other road with or without drainage system","Tamil Nadu","Tirupathur(District Collector Tirupathur_IDA)","Providing Interlocking Paver Block From Mariyamman Koil  to Ranjitham house at ad colony  Ho Kaveripattu","CN Annadurai","TIRUVANNAMALAI","N/A","28-Aug-2025","200000"
"516","Normal/Others","WS/MP508/2025-2026/189226-Construction of roads, link roads, pathways or any other road with or without drainage system","Tamil Nadu","Tirupathur(District Collector Tirupathur_IDA)","Providing cc road from Seenu house to  Mariyamman Koil   at ad colony  Ho Kethandapatti","CN Annadurai","TIRUVANNAMALAI","N/A","10-Nov-2025","176500"
"517","Normal/Others","WS/MP508/2025-2026/195966-Construction of common work sheds/ common covered sitting area","Tamil Nadu","Tirupathur(District Collector Tirupathur_IDA)","Construction of Multipurpose centre at Govindan street in Ward no 14","CN Annadurai","TIRUVANNAMALAI","Images","29-Jan-2026","1200000"
"518","Normal/Others","WS/MP508/2025-2026/195967-Lighting of public spaces","Tamil Nadu","Tirupathur(District Collector Tirupathur_IDA)","Providing High mast light at Mariamman koil four road in Ward no 4","CN Annadurai","TIRUVANNAMALAI","Images","25-Sep-2025","435000"
"519","Normal/Others","WS/MP508/2025-2026/195968-Lighting of public spaces","Tamil Nadu","Tirupathur(District Collector Tirupathur_IDA)","Providing High mast light at pilliyar  koil four road in Ward no 4","CN Annadurai","TIRUVANNAMALAI","Images","25-Sep-2025","435000"
"520","Normal/Others","WS/MP508/2025-2026/195969-Street lights","Tamil Nadu","Tirupathur(District Collector Tirupathur_IDA)","Providing High mast light at Kaliappan layout near in ward no 4","CN Annadurai","TIRUVANNAMALAI","Images","25-Sep-2025","435000"
"521","Normal/Others","WS/MP508/2025-2026/195970-Lighting of public spaces","Tamil Nadu","Tirupathur(District Collector Tirupathur_IDA)","Providing High mast light at Perumal koil near in Ward no 10","CN Annadurai","TIRUVANNAMALAI","Images","25-Sep-2025","435000"
"522","Normal/Others","WS/MP508/2025-2026/195971-Lighting of public spaces","Tamil Nadu","Tirupathur(District Collector Tirupathur_IDA)","Providing High mast light at Verapalli somanayagampattiyal","CN Annadurai","TIRUVANNAMALAI","Images","24-Jan-2026","432964"
"523","Normal/Others","WS/MP508/2025-2026/195972-Lighting of public spaces","Tamil Nadu","Tirupathur(District Collector Tirupathur_IDA)","Construction of Bus shelter in Housing board at Su.pallipattu","CN Annadurai","TIRUVANNAMALAI","Images","27-Feb-2026","600000"
"524","Normal/Others","WS/MP508/2025-2026/196038-Lighting of public spaces","Tamil Nadu","TIRUVANNAMALAI(DISTRICT COLLECTOR TIRUVANNAMALAI_IDA)","Providing High mast light at Kanakurukai panchayat","CN Annadurai","TIRUVANNAMALAI","Images","18-Mar-2026","435000"
"525","Normal/Others","WS/MP508/2025-2026/196039-Lighting of public spaces","Tamil Nadu","TIRUVANNAMALAI(DISTRICT COLLECTOR TIRUVANNAMALAI_IDA)","Providing High mast light at Bemmandal panchayat","CN Annadurai","TIRUVANNAMALAI","Images","18-Mar-2026","435000"
"526","Normal/Others","WS/MP508/2025-2026/196040-Lighting of public spaces","Tamil Nadu","TIRUVANNAMALAI(DISTRICT COLLECTOR TIRUVANNAMALAI_IDA)","Providing Highmast light in C,Nammiyandal ADC at Pudupalayam block","CN Annadurai","TIRUVANNAMALAI","Images","30-Jun-2025","435000"
"527","Normal/Others","WS/MP508/2025-2026/196041-Lighting of public spaces","Tamil Nadu","TIRUVANNAMALAI(DISTRICT COLLECTOR TIRUVANNAMALAI_IDA)","Providing High mast light in near Pudur Mariamman koil at Pudupalayam block","CN Annadurai","TIRUVANNAMALAI","Images","30-Jun-2025","435000"
"528","Normal/Others","WS/MP508/2025-2026/196042-Lighting of public spaces","Tamil Nadu","TIRUVANNAMALAI(DISTRICT COLLECTOR TIRUVANNAMALAI_IDA)","Providing Hight Mast Light in Puthurchekkadi Bridge near at Thandarampet block","CN Annadurai","TIRUVANNAMALAI","Images","30-Mar-2026","435000"
"529","Normal/Others","WS/MP508/2025-2026/196049-Construction of roads, link roads, pathways or any other road with or without drainage system","Tamil Nadu","TIRUVANNAMALAI(DISTRICT COLLECTOR TIRUVANNAMALAI_IDA)","Providing CC Pavement in mariamman koil street at Anandapuram panchayat","CN Annadurai","TIRUVANNAMALAI","Images","29-Aug-2025","299880"
"530","Normal/Others","WS/MP508/2025-2026/196050-Construction of roads, link roads, pathways or any other road with or without drainage system","Tamil Nadu","TIRUVANNAMALAI(DISTRICT COLLECTOR TIRUVANNAMALAI_IDA)","Providing CC Pavement in PUES near at Kalkuppam Panchayat","CN Annadurai","TIRUVANNAMALAI","Images","02-Apr-2026","299856"
"531","Normal/Others","WS/MP508/2025-2026/196051-Crematoriums/energy efficient crematoriums or structures on burial/cremation ground","Tamil Nadu","TIRUVANNAMALAI(DISTRICT COLLECTOR TIRUVANNAMALAI_IDA)","Construction of Compound wall in Karunkalikuppam BG at Kilpennathur Town Panchayat","CN Annadurai","TIRUVANNAMALAI","Images","28-Jan-2026","300000"
"532","Normal/Others","WS/MP508/2025-2026/197296-Construction of roads, link roads, pathways or any other road with or without drainage system","Tamil Nadu","TIRUVANNAMALAI(DISTRICT COLLECTOR TIRUVANNAMALAI_IDA)","Providing CC pavement in Ganapathy Nagar Kaliamman kovil near at Kalkuppam Panchayat","CN Annadurai","TIRUVANNAMALAI","Images","06-Apr-2026","299910"
"533","Normal/Others","WS/MP508/2025-2026/197297-Construction of roads, link roads, pathways or any other road with or without drainage system","Tamil Nadu","TIRUVANNAMALAI(DISTRICT COLLECTOR TIRUVANNAMALAI_IDA)","Providing CC pavement in Pasarai kottai at Kuppam Panchayat","CN Annadurai","TIRUVANNAMALAI","Images","06-Apr-2026","299880"
"534","Normal/Others","WS/MP508/2025-2026/197298-Construction of roads, link roads, pathways or any other road with or without drainage system","Tamil Nadu","TIRUVANNAMALAI(DISTRICT COLLECTOR TIRUVANNAMALAI_IDA)","Providing CC Pavement in A.K.Padavedu Kuravar palayam at Padavedu Panchayat","CN Annadurai","TIRUVANNAMALAI","Images","02-Apr-2026","199588"
"535","Normal/Others","WS/MP508/2025-2026/197299-Construction of rooms and halls in school and colleges","Tamil Nadu","TIRUVANNAMALAI(DISTRICT COLLECTOR TIRUVANNAMALAI_IDA)","Construction of Drama Stage at Padagam Panchayat","CN Annadurai","TIRUVANNAMALAI","Images","05-Mar-2026","699384"
"536","Normal/Others","WS/MP508/2025-2026/197300-Construction of roads, link roads, pathways or any other road with or without drainage system","Tamil Nadu","TIRUVANNAMALAI(DISTRICT COLLECTOR TIRUVANNAMALAI_IDA)","Providing CC pavement in Kampattu Panchayat","CN Annadurai","TIRUVANNAMALAI","N/A","02-Jan-2026","299715"
"537","Normal/Others","WS/MP508/2025-2026/197301-Construction of rooms and halls in school and colleges","Tamil Nadu","TIRUVANNAMALAI(DISTRICT COLLECTOR TIRUVANNAMALAI_IDA)","Construction of Drama Stage at Kadalady Panchayat","CN Annadurai","TIRUVANNAMALAI","Images","05-Mar-2026","699580"
"538","Normal/Others","WS/MP508/2025-2026/197302-Construction of roads, link roads, pathways or any other road with or without drainage system","Tamil Nadu","TIRUVANNAMALAI(DISTRICT COLLECTOR TIRUVANNAMALAI_IDA)","Providing CC Pavement in Kanthapalayam Panchayat","CN Annadurai","TIRUVANNAMALAI","Images","06-Aug-2025","299790"
"539","Normal/Others","WS/MP508/2025-2026/197379-Construction of bus-sheds or bus-stops","Tamil Nadu","TIRUVANNAMALAI(DISTRICT COLLECTOR TIRUVANNAMALAI_IDA)","Construction of Bus Shelter at Palananthal Cross road","CN Annadurai","TIRUVANNAMALAI","N/A","05-Jan-2026","698401"
"540","Normal/Others","WS/MP508/2025-2026/197380-Construction of roads, link roads, pathways or any other road with or without drainage system","Tamil Nadu","TIRUVANNAMALAI(DISTRICT COLLECTOR TIRUVANNAMALAI_IDA)","Providing CC Pavement in Velayautham nagar at C.Gengampattu","CN Annadurai","TIRUVANNAMALAI","Images","13-Aug-2025","299560"
"541","Normal/Others","WS/MP508/2025-2026/197381-Construction of bus-sheds or bus-stops","Tamil Nadu","TIRUVANNAMALAI(DISTRICT COLLECTOR TIRUVANNAMALAI_IDA)","Construction of Bus Shelter in Periyakulam at Melpadur panchayat","CN Annadurai","TIRUVANNAMALAI","N/A","30-Mar-2026","599637"
"542","Normal/Others","WS/MP508/2025-2026/197382-Purchase of motor boats for flood and cyclone prone areas","Tamil Nadu","TIRUVANNAMALAI(DISTRICT COLLECTOR TIRUVANNAMALAI_IDA)","Construction of Bus Shelter in C.Namiyandal cross road","CN Annadurai","TIRUVANNAMALAI","N/A","25-Mar-2026","599663"
"543","Normal/Others","WS/MP508/2025-2026/197383-Construction of roads, link roads, pathways or any other road with or without drainage system","Tamil Nadu","TIRUVANNAMALAI(DISTRICT COLLECTOR TIRUVANNAMALAI_IDA)","Providing CC Pavement in ADC at C.Namiyandal Panchayat","CN Annadurai","TIRUVANNAMALAI","N/A","14-Jul-2025","298710"
"544","Normal/Others","WS/MP508/2026-2027/197384-Construction of bus-sheds or bus-stops","Tamil Nadu","TIRUVANNAMALAI(DISTRICT COLLECTOR TIRUVANNAMALAI_IDA)","Construction of Bus Shelter in Murgar kovil near at Kovilur Panchayat","CN Annadurai","TIRUVANNAMALAI","Images","11-Aug-2026","598974"
"545","Normal/Others","WS/MP508/2025-2026/201455-Lighting of public spaces","Tamil Nadu","TIRUVANNAMALAI(DISTRICT COLLECTOR TIRUVANNAMALAI_IDA)","Providing High mast light at Adidravidar colony in Thorapadi panchayat","CN Annadurai","TIRUVANNAMALAI","Images","26-Aug-2025","435000"
"546","Normal/Others","WS/MP508/2025-2026/201456-Lighting of public spaces","Tamil Nadu","TIRUVANNAMALAI(DISTRICT COLLECTOR TIRUVANNAMALAI_IDA)","Providing High mast light at Melmudiyanur panchayat","CN Annadurai","TIRUVANNAMALAI","Images","26-Aug-2025","435000"
"547","Normal/Others","WS/MP508/2025-2026/201457-Lighting of public spaces","Tamil Nadu","TIRUVANNAMALAI(DISTRICT COLLECTOR TIRUVANNAMALAI_IDA)","Providing High mast light at Munnurmangalam panchayat","CN Annadurai","TIRUVANNAMALAI","Images","26-Aug-2025","435000"
"548","Normal/Others","WS/MP508/2025-2026/201458-Lighting of public spaces","Tamil Nadu","TIRUVANNAMALAI(DISTRICT COLLECTOR TIRUVANNAMALAI_IDA)","Providing High mast light at Panchayat Office near in Thamaraipakkam panchayat","CN Annadurai","TIRUVANNAMALAI","Images","26-Aug-2025","435000"
"549","Normal/Others","WS/MP508/2025-2026/201459-Lighting of public spaces","Tamil Nadu","TIRUVANNAMALAI(DISTRICT COLLECTOR TIRUVANNAMALAI_IDA)","Providing High mast light at Rajiv Gandhi Nagar in Eraiyur Panchayat","CN Annadurai","TIRUVANNAMALAI","Images","26-Aug-2025","435000"
"550","Normal/Others","WS/MP508/2025-2026/201462-Lighting of public spaces","Tamil Nadu","TIRUVANNAMALAI(DISTRICT COLLECTOR TIRUVANNAMALAI_IDA)","Providing High mast light at Ambedkar Statue near at in Aniyalai panchayat","CN Annadurai","TIRUVANNAMALAI","N/A","02-Jan-2026","435000"
"551","Normal/Others","WS/MP508/2025-2026/201463-Lighting of public spaces","Tamil Nadu","TIRUVANNAMALAI(DISTRICT COLLECTOR TIRUVANNAMALAI_IDA)","Providing High mast light at Navambattu Panchayat","CN Annadurai","TIRUVANNAMALAI","Images","26-Aug-2025","435000"
"552","Normal/Others","WS/MP508/2025-2026/201486-Construction of bus-sheds or bus-stops","Tamil Nadu","TIRUVANNAMALAI(DISTRICT COLLECTOR TIRUVANNAMALAI_IDA)","Construction of Bus Shelter in Melsarampallayam at Perieri Panchayat","CN Annadurai","TIRUVANNAMALAI","N/A","19-Jan-2026","598743"
"553","Normal/Others","WS/MP508/2025-2026/202671-Lighting of public spaces","Tamil Nadu","Tirupathur(District Collector Tirupathur_IDA)","Providing of High Mast Light (300w 6 lights) Near Chinnakulam Mariyamman Koil Street at Thirupathur Municipality.","CN Annadurai","TIRUVANNAMALAI","Images","09-Jan-2026","435000"
"554","Normal/Others","WS/MP508/2025-2026/202672-Lighting of public spaces","Tamil Nadu","Tirupathur(District Collector Tirupathur_IDA)","Providing of High Mast Light (300w 6 lights) Ward No. 8, Jinnah Road towards Aareeb Nagar at Thirupathur Municipality.","CN Annadurai","TIRUVANNAMALAI","Images","09-Jan-2026","435000"
"555","Normal/Others","WS/MP508/2025-2026/202673-Lighting of public spaces","Tamil Nadu","Tirupathur(District Collector Tirupathur_IDA)","Providing of High Mast Light (300w 6 lights) Ward No.32, Velan Nagar Near Adhiparasakthi Koil at Thirupathur Municipality.","CN Annadurai","TIRUVANNAMALAI","Images","09-Jan-2026","435000"
"556","Normal/Others","WS/MP508/2025-2026/202674-Lighting of public spaces","Tamil Nadu","Tirupathur(District Collector Tirupathur_IDA)","Providing of High Mast Light (300w 6 lights) in Achamangalam Panchayat in Tirupathur Block.","CN Annadurai","TIRUVANNAMALAI","Images","14-Nov-2025","434130"
"557","Normal/Others","WS/MP508/2025-2026/202677-Lighting of public spaces","Tamil Nadu","Tirupathur(District Collector Tirupathur_IDA)","Installation of LED street lights from Ward No.2 to S.Kodiyur on a four-lane road in Jolarpet Municipality (0-0-0-300)","CN Annadurai","TIRUVANNAMALAI","N/A","27-Nov-2025","1000000"
"558","Normal/Others","WS/MP508/2025-2026/202678-Lighting of public spaces","Tamil Nadu","Tirupathur(District Collector Tirupathur_IDA)","Installation of LED street lights from Gajalnaickenpatti Rainbow School to Kandhili Santhai Osman House in Kandhili Block (0-0-0-300)","CN Annadurai","TIRUVANNAMALAI","Images","10-Feb-2026","1000000"
"559","Normal/Others","WS/MP508/2025-2026/202679-Lighting of public spaces","Tamil Nadu","Tirupathur(District Collector Tirupathur_IDA)","Installation of LED street lights on a four-lane road in Natrampalli Town Panchayat (0-0-0-300)","CN Annadurai","TIRUVANNAMALAI","Images","27-Nov-2025","1000000"
"560","Normal/Others","WS/MP508/2025-2026/202680-Construction of roads, link roads, pathways or any other road with or without drainage system","Tamil Nadu","Tirupathur(District Collector Tirupathur_IDA)","Providing Paver Block from Jayakumar House to Perumal Koil in Vettapattu Village at Vettapattu Panchayat.","CN Annadurai","TIRUVANNAMALAI","N/A","10-Oct-2025","700000"
"561","Normal/Others","WS/MP508/2025-2026/202682-Construction of roads, link roads, pathways or any other road with or without drainage system","Tamil Nadu","Tirupathur(District Collector Tirupathur_IDA)","Providing Paver Block from Mariyamman Koil to Nadu Street in Nandhibeda Village at Velakalnatham Panchayat.","CN Annadurai","TIRUVANNAMALAI","Images","23-Dec-2025","299370"
"562","Normal/Others","WS/MP508/2025-2026/202683-Construction of roads, link roads, pathways or any other road with or without drainage system","Tamil Nadu","Tirupathur(District Collector Tirupathur_IDA)","Providing Paver Block from Allimuthu House to Nadu Street in Nandhibeda Village at Velakalnatham Panchayat.","CN Annadurai","TIRUVANNAMALAI","Images","23-Dec-2025","349300"
"563","Normal/Others","WS/MP508/2025-2026/202684-Construction of roads, link roads, pathways or any other road with or without drainage system","Tamil Nadu","Tirupathur(District Collector Tirupathur_IDA)","Providing Paver Block from Perumal Koil to Nandhi House in Somanaickenpatti Panchayat.","CN Annadurai","TIRUVANNAMALAI","Images","23-Dec-2025","494397"
"564","Normal/Others","WS/MP508/2025-2026/202685-Construction of roads, link roads, pathways or any other road with or without drainage system","Tamil Nadu","Tirupathur(District Collector Tirupathur_IDA)","Providing Paver Block for Thappattakaran Vattam in Somanaickenpatti Panchayat.","CN Annadurai","TIRUVANNAMALAI","N/A","25-Mar-2026","499060"
"565","Normal/Others","WS/MP508/2025-2026/202687-Construction of roads, link roads, pathways or any other road with or without drainage system","Tamil Nadu","Tirupathur(District Collector Tirupathur_IDA)","Providing Cement Road from Magesh House to Thiyagu House in Kaveripattu Village at Kaveripattu Panchayat.","CN Annadurai","TIRUVANNAMALAI","N/A","10-Oct-2025","500000"
"566","Normal/Others","WS/MP508/2025-2026/202688-Construction of roads, link roads, pathways or any other road with or without drainage system","Tamil Nadu","Tirupathur(District Collector Tirupathur_IDA)","Providing Cement Road from Magendran House in Anumampatti Village at Mandalavadi Panchayat.","CN Annadurai","TIRUVANNAMALAI","Images","23-Dec-2025","495661"
"567","Normal/Others","WS/MP508/2025-2026/202689-Construction of roads, link roads, pathways or any other road with or without drainage system","Tamil Nadu","Tirupathur(District Collector Tirupathur_IDA)","Providing Paver Block in Alraji Vattam at Chinna Mookanur Panchayat.","CN Annadurai","TIRUVANNAMALAI","Images","23-Dec-2025","395258"
"568","Normal/Others","WS/MP508/2025-2026/202690-Construction of roads, link roads, pathways or any other road with or without drainage system","Tamil Nadu","Tirupathur(District Collector Tirupathur_IDA)","Providing Paver Block in V.M. Vattam at Ammaiyappanagar Panchayat.","CN Annadurai","TIRUVANNAMALAI","Images","24-Jan-2026","399609"
"569","Normal/Others","WS/MP508/2025-2026/202692-Construction of roads, link roads, pathways or any other road with or without drainage system","Tamil Nadu","Tirupathur(District Collector Tirupathur_IDA)","Providing Paver Block in Jaibeem Nagar Adhidravidar Colony at Pachal Panchayat.","CN Annadurai","TIRUVANNAMALAI","N/A","25-Mar-2026","398821"
"570","Normal/Others","WS/MP508/2025-2026/202693-Construction of roads, link roads, pathways or any other road with or without drainage system","Tamil Nadu","Tirupathur(District Collector Tirupathur_IDA)","Providing Paver Block from Porakizhavan  Vattam to Palkaran Vattam at Elagiri Village Panchayat.","CN Annadurai","TIRUVANNAMALAI","Images","29-Dec-2025","394863"
"571","Normal/Others","WS/MP508/2025-2026/202695-Construction of roads, link roads, pathways or any other road with or without drainage system","Tamil Nadu","Tirupathur(District Collector Tirupathur_IDA)","Providing Paver Block in Mel Thoppalagunda Village at Thoppalagunda Panchayat.","CN Annadurai","TIRUVANNAMALAI","Images","21-Feb-2026","399600"
"572","Normal/Others","WS/MP508/2025-2026/202696-Construction of roads, link roads, pathways or any other road with or without drainage system","Tamil Nadu","Tirupathur(District Collector Tirupathur_IDA)","Providing Paver Block in Adhidravidar Colony at Nayanaseruvu Panchayat.","CN Annadurai","TIRUVANNAMALAI","Images","13-Jan-2026","399349"
"573","Normal/Others","WS/MP508/2025-2026/202697-Construction of roads, link roads, pathways or any other road with or without drainage system","Tamil Nadu","Tirupathur(District Collector Tirupathur_IDA)","Providing Paver Block in Puthumanai at Nallakindanapalli Village at Nayanaseruvu Panchayat.","CN Annadurai","TIRUVANNAMALAI","Images","12-Feb-2026","399600"
"574","Normal/Others","WS/MP508/2025-2026/202701-Construction of roads, link roads, pathways or any other road with or without drainage system","Tamil Nadu","Tirupathur(District Collector Tirupathur_IDA)","Providing Paver Block from Kandhan House to Vijayakumar House in Uthandivattam at Kathirimangalam Panchayat.","CN Annadurai","TIRUVANNAMALAI","Images","06-Jan-2026","599710"
"575","Normal/Others","WS/MP508/2025-2026/225068-Lighting of public spaces","Tamil Nadu","TIRUVANNAMALAI(DISTRICT COLLECTOR TIRUVANNAMALAI_IDA)","Providing Highmast light in Segudalore at Thandarampet block","CN Annadurai","TIRUVANNAMALAI","Images","30-Mar-2026","435000"
"576","Normal/Others","WS/MP508/2025-2026/225069-Lighting of public spaces","Tamil Nadu","TIRUVANNAMALAI(DISTRICT COLLECTOR TIRUVANNAMALAI_IDA)","Providing Highmast light in koluthampattu panchayat at Thandarampet block","CN Annadurai","TIRUVANNAMALAI","Images","30-Mar-2026","435000"
"577","Normal/Others","WS/MP508/2025-2026/225070-Lighting of public spaces","Tamil Nadu","TIRUVANNAMALAI(DISTRICT COLLECTOR TIRUVANNAMALAI_IDA)","Providing Highmast light in Kilpallur panchayat at Kalasapakkam Block","CN Annadurai","TIRUVANNAMALAI","N/A","02-Jan-2026","435000"
"578","Normal/Others","WS/MP508/2025-2026/225071-Construction of common work sheds/ common covered sitting area","Tamil Nadu","TIRUVANNAMALAI(DISTRICT COLLECTOR TIRUVANNAMALAI_IDA)","Construction of Multipurpose building in Natchathira kovil at Mottur","CN Annadurai","TIRUVANNAMALAI","N/A","02-Jan-2026","2439349"
"579","Normal/Others","WS/MP508/2025-2026/225083-Lighting of public spaces","Tamil Nadu","Tirupathur(District Collector Tirupathur_IDA)","Installation of LED street lights from Ward No.2 to S.Kodiyur on a four-lane road in Jolarpet Municipality (0-301-0-600)","CN Annadurai","TIRUVANNAMALAI","Images","27-Nov-2025","1000000"
"580","Normal/Others","WS/MP508/2025-2026/225085-Lighting of public spaces","Tamil Nadu","Tirupathur(District Collector Tirupathur_IDA)","Installation of LED street lights from Gajalnaickenpatti Rainbow School to Kandhili Santhai Osman House in Kandhili Block (0-301-0-600)","CN Annadurai","TIRUVANNAMALAI","Images","10-Feb-2026","1000000"
"581","Normal/Others","WS/MP508/2025-2026/225087-Lighting of public spaces","Tamil Nadu","Tirupathur(District Collector Tirupathur_IDA)","Installation of LED street lights on a four-lane road in Natrampalli Town Panchayat (0-301-0-600)","CN Annadurai","TIRUVANNAMALAI","Images","27-Nov-2025","1000000"
"582","Normal/Others","WS/MP508/2025-2026/229809-Lighting of public spaces","Tamil Nadu","TIRUVANNAMALAI(DISTRICT COLLECTOR TIRUVANNAMALAI_IDA)","Providing Highmast light in Rajapalayam ADC Main Road at Kilpennathur Block","CN Annadurai","TIRUVANNAMALAI","Images","07-Aug-2026","435000"
"583","Normal/Others","WS/MP508/2025-2026/229810-Lighting of public spaces","Tamil Nadu","TIRUVANNAMALAI(DISTRICT COLLECTOR TIRUVANNAMALAI_IDA)","Providing Highmast light in So.Kattukulam village Vedanatham cross road at Somaspadi Panchayat","CN Annadurai","TIRUVANNAMALAI","Images","07-Aug-2026","435000"
"584","Normal/Others","WS/MP508/2025-2026/229811-Lighting of public spaces","Tamil Nadu","TIRUVANNAMALAI(DISTRICT COLLECTOR TIRUVANNAMALAI_IDA)","Providing Highmast light in Veraiyur Cross road at Veraiyur Panchayat","CN Annadurai","TIRUVANNAMALAI","Images","07-Jan-2026","435000"
"585","Normal/Others","WS/MP508/2025-2026/229812-Lighting of public spaces","Tamil Nadu","TIRUVANNAMALAI(DISTRICT COLLECTOR TIRUVANNAMALAI_IDA)","Providing Highmast light in Kalleri Vaniyanagaram cross road at Kalleri panchayat","CN Annadurai","TIRUVANNAMALAI","Images","07-Jan-2026","435000"
"586","Normal/Others","WS/MP508/2025-2026/229813-Lighting of public spaces","Tamil Nadu","TIRUVANNAMALAI(DISTRICT COLLECTOR TIRUVANNAMALAI_IDA)","Providing Highmast light in Devanur Cross road at Devanur Panchayat","CN Annadurai","TIRUVANNAMALAI","Images","07-Jan-2026","435000"
"587","Normal/Others","WS/MP508/2025-2026/229814-Lighting of public spaces","Tamil Nadu","TIRUVANNAMALAI(DISTRICT COLLECTOR TIRUVANNAMALAI_IDA)","Providing Highmast light in Pudu mallavadi Cross road at Pudumallavadi panchayat","CN Annadurai","TIRUVANNAMALAI","N/A","05-Jan-2026","435000"
"588","Normal/Others","WS/MP508/2025-2026/229815-Lighting of public spaces","Tamil Nadu","TIRUVANNAMALAI(DISTRICT COLLECTOR TIRUVANNAMALAI_IDA)","Providing Highmast light in Nookambadi Cross road at Nookambadi Panchayat","CN Annadurai","TIRUVANNAMALAI","N/A","05-Jan-2026","435000"
"589","Normal/Others","WS/MP508/2025-2026/229816-Lighting of public spaces","Tamil Nadu","TIRUVANNAMALAI(DISTRICT COLLECTOR TIRUVANNAMALAI_IDA)","Providing Highmast light near Primary school at Devanampattu panchayat","CN Annadurai","TIRUVANNAMALAI","N/A","02-Apr-2026","435000"
"590","Normal/Others","WS/MP508/2025-2026/229817-Lighting of public spaces","Tamil Nadu","TIRUVANNAMALAI(DISTRICT COLLECTOR TIRUVANNAMALAI_IDA)","Providing Highmast light in Ambedkar nagar at Karunthuvambadi panchayat","CN Annadurai","TIRUVANNAMALAI","N/A","05-Jan-2026","435000"
"591","Normal/Others","WS/MP508/2025-2026/229818-Lighting of public spaces","Tamil Nadu","TIRUVANNAMALAI(DISTRICT COLLECTOR TIRUVANNAMALAI_IDA)","Providing Highmast light in ADC at Porkunnam panchayat","CN Annadurai","TIRUVANNAMALAI","N/A","05-Jan-2026","435000"
"592","Normal/Others","WS/MP508/2025-2026/229850-Lighting of public spaces","Tamil Nadu","TIRUVANNAMALAI(DISTRICT COLLECTOR TIRUVANNAMALAI_IDA)","Providing Highmast light in Pudur chengam ADC area at Pudur Chengam Panchayat","CN Annadurai","TIRUVANNAMALAI","Images","07-Jan-2026","435000"
"593","Normal/Others","WS/MP508/2025-2026/229851-Lighting of public spaces","Tamil Nadu","TIRUVANNAMALAI(DISTRICT COLLECTOR TIRUVANNAMALAI_IDA)","Providing Highmast light in ADC area at Kallaraipadi panchayat","CN Annadurai","TIRUVANNAMALAI","Images","07-Jan-2026","435000"
"594","Normal/Others","WS/MP508/2025-2026/229852-Lighting of public spaces","Tamil Nadu","TIRUVANNAMALAI(DISTRICT COLLECTOR TIRUVANNAMALAI_IDA)","Providing Highmast light in Muthanur ADC area at Muthanur Panchayat","CN Annadurai","TIRUVANNAMALAI","Images","07-Jan-2026","435000"
"595","Normal/Others","WS/MP508/2026-2027/229855-Construction of bus-sheds or bus-stops","Tamil Nadu","TIRUVANNAMALAI(DISTRICT COLLECTOR TIRUVANNAMALAI_IDA)","Construction of Bus Shelter in Kallayyee sorathur at Kallayyee panchayat","CN Annadurai","TIRUVANNAMALAI","Images","15-May-2026","598436"
"596","Normal/Others","WS/MP508/2025-2026/229960-Lighting of public spaces","Tamil Nadu","TIRUVANNAMALAI(DISTRICT COLLECTOR TIRUVANNAMALAI_IDA)","Providing Highmast light in Nariyamangalam cross road (bypass) at Kilpennathur Town Panchayat","CN Annadurai","TIRUVANNAMALAI","Images","05-Mar-2026","435000"
"597","Normal/Others","WS/MP508/2025-2026/246899-Lighting of public spaces","Tamil Nadu","Tirupathur(District Collector Tirupathur_IDA)","Providing Highmast light at Tirupathur Municipality Ward no 13 Ponniamman koil street (300wx6 lights)","CN Annadurai","TIRUVANNAMALAI","Images","11-May-2026","435000"
"598","Normal/Others","WS/MP508/2025-2026/246900-Lighting of public spaces","Tamil Nadu","Tirupathur(District Collector Tirupathur_IDA)","Providing Highmast light at Tirupathur Municipality Ward no 3 Sivarajpattai Community Centre near (300wx6 lights)","CN Annadurai","TIRUVANNAMALAI","Images","11-May-2026","435000"
"599","Normal/Others","WS/MP508/2025-2026/246901-Lighting of public spaces","Tamil Nadu","Tirupathur(District Collector Tirupathur_IDA)","Provision of LED Street Lighting arragements from km 0-0-0-300 on the road from Tirupathur MLA Office to Jolarpet at Tirupathur Municipality","CN Annadurai","TIRUVANNAMALAI","Images","04-Mar-2026","1000000"
"600","Normal/Others","WS/MP508/2025-2026/246902-Lighting of public spaces","Tamil Nadu","Tirupathur(District Collector Tirupathur_IDA)","Providing LED Street Lights in Elagiri Hills Main road 0-901-0-1200 at Elagiri Hills","CN Annadurai","TIRUVANNAMALAI","Images","02-Mar-2026","1000000"
"601","Normal/Others","WS/MP508/2025-2026/246903-Lighting of public spaces","Tamil Nadu","Tirupathur(District Collector Tirupathur_IDA)","Providing LED Street Lights in Elagiri Hills Main road 0-1201-0-1500 at Elagiri Hills","CN Annadurai","TIRUVANNAMALAI","Images","02-Mar-2026","1000000"
"602","Normal/Others","WS/MP508/2025-2026/250984-Lighting of public spaces","Tamil Nadu","TIRUVANNAMALAI(DISTRICT COLLECTOR TIRUVANNAMALAI_IDA)","Providing Highmast light in Kattuputhur anna nagar bus stop near at Devanampattu panchayat","CN Annadurai","TIRUVANNAMALAI","N/A","02-Apr-2026","435000"
"603","Normal/Others","WS/MP508/2025-2026/250985-Lighting of public spaces","Tamil Nadu","TIRUVANNAMALAI(DISTRICT COLLECTOR TIRUVANNAMALAI_IDA)","Providing Highmast light at Thayagaduruvam road Navambattu panchayat","CN Annadurai","TIRUVANNAMALAI","Images","10-Feb-2026","435000"
"604","Normal/Others","WS/MP508/2026-2027/266266-Construction of roads, link roads, pathways or any other road with or without drainage system","Tamil Nadu","TIRUVANNAMALAI(DISTRICT COLLECTOR TIRUVANNAMALAI_IDA)","Providing CC pavement in Pilliyar koil street at Maruthuvambadi panchayat","CN Annadurai","TIRUVANNAMALAI","Images","11-Aug-2026","563389"
"605","Normal/Others","WS/MP740/2025-2026/140335-Construction of bus-sheds or bus-stops","Tamil Nadu","ERODE(DISTRICT_COLLECTORE_ERODE_IDA)","Construction of Passenger Shelter at Alagiri Colony Bus Stop H/O Ariyappam Palayam Town Panchayat","Andimuthu Raja","NILGIRIS(SC)","Images","16-May-2025","500000"
"606","Normal/Others","WS/MP740/2025-2026/140336-Construction of community centers and community halls","Tamil Nadu","COIMBATORE(DISTRICT COLLECTOR COIMBATORE_IDA)","Construction of Milk Producers co-operative society building at Jothipuram H/O Marudhur Panchayat","Andimuthu Raja","NILGIRIS(SC)","N/A","04-Jul-2025","1298804"
"607","Normal/Others","WS/MP740/2025-2026/140338-Construction of bus-sheds or bus-stops","Tamil Nadu","COIMBATORE(DISTRICT COLLECTOR COIMBATORE_IDA)","Construction of Passenger Shelter at Alapalayam Village H/O Kanuvakarai Panchayat","Andimuthu Raja","NILGIRIS(SC)","N/A","29-Jan-2026","499977"
"608","Normal/Others","WS/MP740/2026-2027/140339-Construction of water tanks","Tamil Nadu","COIMBATORE(DISTRICT COLLECTOR COIMBATORE_IDA)","Construction of 30000 Litres capacity OHT 12M Stage at Alagepalayam AD Colony at Kuppanur Panchayat","Andimuthu Raja","NILGIRIS(SC)","Images","19-Aug-2026","1399943"
"609","Normal/Others","WS/MP740/2025-2026/140342-Construction of community centers and community halls","Tamil Nadu","ERODE(DISTRICT_COLLECTORE_ERODE_IDA)","Construction of PD Shop Building in Kempanaickenpalayam Town Panchayat(Ward No. 3)","Andimuthu Raja","NILGIRIS(SC)","Images","05-Jun-2025","1300000"
"610","Normal/Others","WS/MP740/2025-2026/140343-Construction of water tanks","Tamil Nadu","TIRUPPUR(DISTRICT COLLECTOR TIRUPPUR_IDA)","Construction of 30,000 Litres capacity OHT at AD Colony H/O Dhandukaranpalayam Panchayat","Andimuthu Raja","NILGIRIS(SC)","Images","09-Oct-2025","899731"
"611","Normal/Others","WS/MP740/2025-2026/140344-Construction of buildings for crèches and anganwadies","Tamil Nadu","TIRUPPUR(DISTRICT COLLECTOR TIRUPPUR_IDA)","Construction of Anganvadi Building at Tirumurugan poondi Town (Ward No 23)","Andimuthu Raja","NILGIRIS(SC)","N/A","02-Dec-2025","1200000"
"612","Normal/Others","WS/MP740/2025-2026/160526-Construction of community centers and community halls","Tamil Nadu","ERODE(DISTRICT_COLLECTORE_ERODE_IDA)","Construction of Part Time PD Shop Building at Ward No 7 Coolies line H/O Bhavani Sagar Town Panchayat","Andimuthu Raja","NILGIRIS(SC)","Images","19-Aug-2025","1230000"
"613","Normal/Others","WS/MP740/2025-2026/160527-Construction of bus-sheds or bus-stops","Tamil Nadu","ERODE(DISTRICT_COLLECTORE_ERODE_IDA)","Construction of Passenger Shelter at Kallipalayam H/O Mathampalayam Panchayat","Andimuthu Raja","NILGIRIS(SC)","Images","01-Nov-2025","499989"
"614","Normal/Others","WS/MP740/2025-2026/160528-Construction of bus-sheds or bus-stops","Tamil Nadu","ERODE(DISTRICT_COLLECTORE_ERODE_IDA)","Construction of Passenger Shelter at Sungakaranpalayam H/O Desipalayam Panchayat","Andimuthu Raja","NILGIRIS(SC)","Images","01-Nov-2025","499998"
"615","Normal/Others","WS/MP740/2025-2026/160530-Construction of buildings for crèches and anganwadies","Tamil Nadu","ERODE(DISTRICT_COLLECTORE_ERODE_IDA)","Construction of Anganvadi Building at Machinamkombai H/O Machinamkombai Panchayat","Andimuthu Raja","NILGIRIS(SC)","Images","29-Apr-2026","1399935"
"616","Normal/Others","WS/MP740/2025-2026/160531-Construction of community centers and community halls","Tamil Nadu","ERODE(DISTRICT_COLLECTORE_ERODE_IDA)","Construction of PD Shop at Chikkarasampalayam AD Colony H/O Chikkarasampalayam Panchayat","Andimuthu Raja","NILGIRIS(SC)","Images","29-Dec-2025","1183152"
"617","Normal/Others","WS/MP740/2025-2026/160532-Construction of community centers and community halls","Tamil Nadu","ERODE(DISTRICT_COLLECTORE_ERODE_IDA)","Construction of PD Shop at Gettavadi H/O Bynapuram Panchayat","Andimuthu Raja","NILGIRIS(SC)","N/A","11-Nov-2025","1149993"
"618","Normal/Others","WS/MP740/2025-2026/160534-Construction of bus-sheds or bus-stops","Tamil Nadu","ERODE(DISTRICT_COLLECTORE_ERODE_IDA)","Construction of Passenger Shelter at Osatti H/O Assanur Panchayat","Andimuthu Raja","NILGIRIS(SC)","N/A","17-Sep-2025","496530"
"619","Normal/Others","WS/MP740/2025-2026/160921-Construction of buildings for crèches and anganwadies","Tamil Nadu","COIMBATORE(DISTRICT COLLECTOR COIMBATORE_IDA)","Construction of Anganvadi Building at Gandhipuram (Ward No 25) H/O Mettupalayam Town","Andimuthu Raja","NILGIRIS(SC)","Images","27-Jan-2026","1400000"
"620","Normal/Others","WS/MP740/2025-2026/160922-Construction of roads, link roads, pathways or any other road with or without drainage system","Tamil Nadu","COIMBATORE(DISTRICT COLLECTOR COIMBATORE_IDA)","Renewal of CC Road at Uppukinathu Pettai & United theatre sandhu in ward no 5 H/O Mettupalayam Town","Andimuthu Raja","NILGIRIS(SC)","Images","18-Jun-2025","700000"
"621","Normal/Others","WS/MP740/2025-2026/160923-Construction of roads, link roads, pathways or any other road with or without drainage system","Tamil Nadu","COIMBATORE(DISTRICT COLLECTOR COIMBATORE_IDA)","Renewal of CC Road at MSR Puram in Ward No 12 & 16 H/O Mettupalayam Town","Andimuthu Raja","NILGIRIS(SC)","Images","29-Oct-2025","1450000"
"622","Normal/Others","WS/MP740/2026-2027/160926-Construction of water tanks","Tamil Nadu","COIMBATORE(DISTRICT COLLECTOR COIMBATORE_IDA)","Construction of 30,000 Litres capacity OHT (12M stage) at Kuttaipudhur (Ward No.2) H/o Annur Town Panchayat.","Andimuthu Raja","NILGIRIS(SC)","Images","08-Aug-2026","1600000"
"623","Normal/Others","WS/MP740/2025-2026/160932-Construction of water tanks","Tamil Nadu","TIRUPPUR(DISTRICT COLLECTOR TIRUPPUR_IDA)","Construction of 30,000 Litres capacity OHT at Avinashi lingampalayam Indhra Colony H/o Pazhankarai Panchayat.","Andimuthu Raja","NILGIRIS(SC)","Images","10-Oct-2025","894991"
"624","Normal/Others","WS/MP740/2025-2026/160938-Construction of bus-sheds or bus-stops","Tamil Nadu","THE NILGIRIS(DISTRICT COLLECTOR NILGIRIS_IDA)","Construction of Bus shelter at Queensoolai at Denadu Panchayat","Andimuthu Raja","NILGIRIS(SC)","Images","16-Oct-2025","499703"
"625","Normal/Others","WS/MP740/2025-2026/160940-Construction of boundary walls of existing public and community buildings","Tamil Nadu","THE NILGIRIS(DISTRICT COLLECTOR NILGIRIS_IDA)","Providing Revitment from Nagaraj's house to Durai house Sunshine Nagar at Nedugula Panchayat","Andimuthu Raja","NILGIRIS(SC)","Images","12-Sep-2025","249870"
"626","Normal/Others","WS/MP740/2025-2026/160941-Construction of boundary walls of existing public and community buildings","Tamil Nadu","THE NILGIRIS(DISTRICT COLLECTOR NILGIRIS_IDA)","Providing Revitment from Chandran's house to Velliammal house amman nagar at Nedugula Panchayat","Andimuthu Raja","NILGIRIS(SC)","Images","15-Sep-2025","228919"
"627","Normal/Others","WS/MP740/2025-2026/160942-Construction of community centers and community halls","Tamil Nadu","THE NILGIRIS(DISTRICT COLLECTOR NILGIRIS_IDA)","Construction of Ration shop at Pazhathottam at Hubbathalai Panchayat","Andimuthu Raja","NILGIRIS(SC)","N/A","29-Aug-2025","1500000"
"628","Normal/Others","WS/MP740/2025-2026/160944-Construction of additional rooms and halls in the existing public and community building","Tamil Nadu","THE NILGIRIS(DISTRICT COLLECTOR NILGIRIS_IDA)","Construction of Kitchen shed at  Mukkimalai village at Bikkatty Town Panchayat","Andimuthu Raja","NILGIRIS(SC)","N/A","13-Nov-2025","684523"
"629","Normal/Others","WS/MP740/2025-2026/160945-Construction of bus-sheds or bus-stops","Tamil Nadu","THE NILGIRIS(DISTRICT COLLECTOR NILGIRIS_IDA)","Construction of Bus shelter at Mullanvayal","Andimuthu Raja","NILGIRIS(SC)","N/A","19-Aug-2025","499995"
"630","Normal/Others","WS/MP740/2025-2026/160949-Construction of bus-sheds or bus-stops","Tamil Nadu","THE NILGIRIS(DISTRICT COLLECTOR NILGIRIS_IDA)","Construction of Bus Shelter in front Kuthiraivattam road at Seriyari","Andimuthu Raja","NILGIRIS(SC)","Images","16-Oct-2025","499809"
"631","Normal/Others","WS/MP740/2025-2026/160951-Construction of roads, link roads, pathways or any other road with or without drainage system","Tamil Nadu","THE NILGIRIS(DISTRICT COLLECTOR NILGIRIS_IDA)","Providing CC road from Irumudi to Boothangkandi Pandalur","Andimuthu Raja","NILGIRIS(SC)","Images","14-Oct-2025","499873"
"632","Normal/Others","WS/MP740/2025-2026/160953-Construction of footpaths and pedestrian ways","Tamil Nadu","THE NILGIRIS(DISTRICT COLLECTOR NILGIRIS_IDA)","Providing Footpath with retaining wall near Gowmathi house Olimada at Cherangode Panchayat","Andimuthu Raja","NILGIRIS(SC)","N/A","14-Mar-2026","199684"
"633","Normal/Others","WS/MP740/2025-2026/160955-Construction of bus-sheds or bus-stops","Tamil Nadu","THE NILGIRIS(DISTRICT COLLECTOR NILGIRIS_IDA)","Construction of Bus shelter at Badrimoola Ayyankolli at Cherangode Panchayat","Andimuthu Raja","NILGIRIS(SC)","Images","14-Oct-2025","499890"
"634","Normal/Others","WS/MP740/2025-2026/160957-Installing tube-wells and borewells","Tamil Nadu","THE NILGIRIS(DISTRICT COLLECTOR NILGIRIS_IDA)","Providing Drinking water well near Ayyappan temple Kollapalli at Cherangode Panchayat","Andimuthu Raja","NILGIRIS(SC)","N/A","13-May-2026","500000"
"635","Normal/Others","WS/MP740/2025-2026/160959-Construction of boundary walls of existing public and community buildings","Tamil Nadu","THE NILGIRIS(DISTRICT COLLECTOR NILGIRIS_IDA)","Providing Revitment near Deepa's house at Factory mattam Kollapalli at Cherangode Panchayat","Andimuthu Raja","NILGIRIS(SC)","N/A","20-Dec-2025","299076"
"636","Normal/Others","WS/MP740/2025-2026/160960-Construction of common work sheds/ common covered sitting area","Tamil Nadu","THE NILGIRIS(DISTRICT COLLECTOR NILGIRIS_IDA)","Providing Shed over community hall at Kenthorai village at Thumanahatty Panchayat","Andimuthu Raja","NILGIRIS(SC)","N/A","19-Aug-2025","499911"
"637","Normal/Others","WS/MP740/2025-2026/160962-Construction of common work sheds/ common covered sitting area","Tamil Nadu","THE NILGIRIS(DISTRICT COLLECTOR NILGIRIS_IDA)","Providing Shed over Community hall at Dheenhatty village at Kakkuchi Panchayat","Andimuthu Raja","NILGIRIS(SC)","Images","14-Oct-2025","599911"
"638","Normal/Others","WS/MP740/2025-2026/160995-Construction of common work sheds/ common covered sitting area","Tamil Nadu","THE NILGIRIS(DISTRICT COLLECTOR NILGIRIS_IDA)","Construction of Kitchen shed near multipurpose building at Sokkanalli at Kadanadu Panchayat","Andimuthu Raja","NILGIRIS(SC)","Images","17-Mar-2026","599966"
"639","Normal/Others","WS/MP740/2025-2026/160996-Construction of community centers and community halls","Tamil Nadu","THE NILGIRIS(DISTRICT COLLECTOR NILGIRIS_IDA)","Construction of PD Shop building at Melur, Kallampalayam H/o Thengumarahada Panchayat","Andimuthu Raja","NILGIRIS(SC)","Images","17-Nov-2025","1600000"
"640","Normal/Others","WS/MP740/2025-2026/161001-Construction of roads, link roads, pathways or any other road with or without drainage system","Tamil Nadu","THE NILGIRIS(DISTRICT COLLECTOR NILGIRIS_IDA)","Providing Interlock paver block at Coonoor TNSTC Depot","Andimuthu Raja","NILGIRIS(SC)","N/A","02-Jan-2026","1928872"
"641","Normal/Others","WS/MP740/2025-2026/181319-Construction of roads, link roads, pathways or any other road with or without drainage system","Tamil Nadu","THE NILGIRIS(DISTRICT COLLECTOR NILGIRIS_IDA)","Providing Cement Concrete Platform in front of Multipurpose Building at Kavilorai Village at Nedugala Panchayat","Andimuthu Raja","NILGIRIS(SC)","Images","03-Jul-2025","499510"
"642","Normal/Others","WS/MP740/2025-2026/197193-Construction of community centers and community halls","Tamil Nadu","COIMBATORE(DISTRICT COLLECTOR COIMBATORE_IDA)","Construction of PD Shop Building at Mathaiyan Layout (Ward No. 20) Mettupalayam Town","Andimuthu Raja","NILGIRIS(SC)","Images","12-Feb-2026","1600000"
"643","Normal/Others","WS/MP740/2026-2027/211760-Construction of roads, link roads, pathways or any other road with or without drainage system","Tamil Nadu","COIMBATORE(DISTRICT COLLECTOR COIMBATORE_IDA)","Providing CC Road at Rangaiya Gowder Street main Rangaiya Gowder street 1st cut Mallajja gowder main and Street 1st cut Sanjay Gandhi nagar 14th cut Ward No 19 at Karamadai Municipality","Andimuthu Raja","NILGIRIS(SC)","Images","13-Aug-2026","1482790"
"644","Normal/Others","WS/MP740/2025-2026/197211-Purchase of smart boards, visual display units and projectors","Tamil Nadu","TIRUPPUR(DISTRICT COLLECTOR TIRUPPUR_IDA)","Providing Smart Class at Government High School (Ward No. 13) at Tirumuruganpoondi  Town","Andimuthu Raja","NILGIRIS(SC)","Images","01-Dec-2025","199951"
"645","Normal/Others","WS/MP740/2025-2026/203995-Construction of community centers and community halls","Tamil Nadu","ERODE(DISTRICT_COLLECTORE_ERODE_IDA)","Constuction of PD Shop Building at Kaliyur (Ward No. 15) at Kembanaicken Palayam Town","Andimuthu Raja","NILGIRIS(SC)","Images","03-Mar-2026","1500000"
"646","Normal/Others","WS/MP740/2025-2026/203996-Construction of community centers and community halls","Tamil Nadu","ERODE(DISTRICT_COLLECTORE_ERODE_IDA)","Constuction of PD Shop Building at Solavanur at  Panayamlpalli Panchayat at Bhavanisagar Block","Andimuthu Raja","NILGIRIS(SC)","Images","19-Jan-2026","1279968"
"647","Normal/Others","WS/MP740/2025-2026/204001-Street lights","Tamil Nadu","ERODE(DISTRICT_COLLECTORE_ERODE_IDA)","Supply and Fixing of Automatic ON OFF 100 Watts 6 Nos LED Street Lights(6.00 mtr height) Near the Ongalvadi PHC at Hasanur Panchayat at Thalavadi Block","Andimuthu Raja","NILGIRIS(SC)","N/A","17-Sep-2025","181957"
"648","Normal/Others","WS/MP740/2025-2026/204002-Street lights","Tamil Nadu","ERODE(DISTRICT_COLLECTORE_ERODE_IDA)","Supply and Fixing of Automatic ON OFF 100 Watts 6 Nos LED Street Lights(6.00 mtr height) Near the Bynapuram PHC at  Panchayat at Thalavadi Block","Andimuthu Raja","NILGIRIS(SC)","N/A","02-Sep-2025","181957"
"649","Normal/Others","WS/MP740/2025-2026/204003-Street lights","Tamil Nadu","ERODE(DISTRICT_COLLECTORE_ERODE_IDA)","Supply and Fixing of Automatic ON OFF 100 Watts 6 Nos LED Street Lights(6.00 mtr height) Near the Soosaipiram PHC at Mallankuli  Panchayat at Thalavadi Block","Andimuthu Raja","NILGIRIS(SC)","N/A","02-Sep-2025","181957"
"650","Normal/Others","WS/MP740/2025-2026/204006-Street lights","Tamil Nadu","ERODE(DISTRICT_COLLECTORE_ERODE_IDA)","Supply and Fixing of Automatic ON OFF 100 Watts 6 Nos LED Street Lights (6.00 mtr height) Near the Gumtapuram PHC at Thalavadi Panchayat","Andimuthu Raja","NILGIRIS(SC)","N/A","17-Sep-2025","181957"
"651","Normal/Others","WS/MP740/2025-2026/204007-Street lights","Tamil Nadu","ERODE(DISTRICT_COLLECTORE_ERODE_IDA)","Supply and Fixing of Automatic ON OFF 100 Watts 6 Nos LED Street Lights (6.00 mtr height) Near the Thalavadi Government Hospital at Thalavadi  Panchayat","Andimuthu Raja","NILGIRIS(SC)","N/A","17-Sep-2025","181957"
"652","Normal/Others","WS/MP740/2025-2026/204012-Construction of bus-sheds or bus-stops","Tamil Nadu","ERODE(DISTRICT_COLLECTORE_ERODE_IDA)","Construction of Passenger Shelter at Nanjappa kavundanpudur Pirivu at Konamoolai Panchayat at Sathymangalam Block","Andimuthu Raja","NILGIRIS(SC)","Images","08-Jan-2026","499820"
"653","Normal/Others","WS/MP740/2025-2026/204038-Construction of boundary walls of existing public and community buildings","Tamil Nadu","THE NILGIRIS(DISTRICT COLLECTOR NILGIRIS_IDA)","Construction of Revetment at Priya Colony in Keradamattam Village Kodanadu Panchayat at Kotagiri Block","Andimuthu Raja","NILGIRIS(SC)","Images","28-Nov-2025","499706"
"654","Normal/Others","WS/MP740/2025-2026/204039-Construction of footpaths and pedestrian ways","Tamil Nadu","THE NILGIRIS(DISTRICT COLLECTOR NILGIRIS_IDA)","Providing Foot path in front of Moorthy House (Ward No.32) at Udhagamandalam Municipality","Andimuthu Raja","NILGIRIS(SC)","N/A","10-Feb-2026","500000"
"655","Normal/Others","WS/MP740/2025-2026/204049-Construction of boundary walls of existing public and community buildings","Tamil Nadu","THE NILGIRIS(DISTRICT COLLECTOR NILGIRIS_IDA)","Providing Revetment at CSR Road  (Ward No 7) at Gudalur Municipality","Andimuthu Raja","NILGIRIS(SC)","N/A","17-Dec-2025","1498471"
"656","Normal/Others","WS/MP740/2025-2026/204058-Construction of footpaths and pedestrian ways","Tamil Nadu","THE NILGIRIS(DISTRICT COLLECTOR NILGIRIS_IDA)","Providing CC Footpath from Magesh House to Vijayakumar House at SC Patta Colony at Coonoor Block","Andimuthu Raja","NILGIRIS(SC)","N/A","21-Nov-2025","1499551"
"657","Normal/Others","WS/MP740/2025-2026/204060-Construction of bus-sheds or bus-stops","Tamil Nadu","THE NILGIRIS(DISTRICT COLLECTOR NILGIRIS_IDA)","Construction of Passenger Shelter at Hundi Moyar at Masinagudi Panchayat Gudalur Block","Andimuthu Raja","NILGIRIS(SC)","Images","16-Oct-2025","498895"
"658","Normal/Others","WS/MP740/2025-2026/204061-Construction of bus-sheds or bus-stops","Tamil Nadu","THE NILGIRIS(DISTRICT COLLECTOR NILGIRIS_IDA)","Construction of Passenger Shelter at Manavanallah at Masinagudi Panchayat Gudalur Block","Andimuthu Raja","NILGIRIS(SC)","Images","16-Oct-2025","499372"
"659","Normal/Others","WS/MP740/2026-2027/204068-Construction of footpaths and pedestrian ways","Tamil Nadu","THE NILGIRIS(DISTRICT COLLECTOR NILGIRIS_IDA)","Providing CC Platform at l at Mission Compound at Kotagiri Municipality","Andimuthu Raja","NILGIRIS(SC)","Images","11-Aug-2026","400000"
"660","Normal/Others","WS/MP740/2025-2026/204074-Construction of bus-sheds or bus-stops","Tamil Nadu","THE NILGIRIS(DISTRICT COLLECTOR NILGIRIS_IDA)","Construction of Passenger Shelter near Government Hospital (Ward No 1) at Udhagamandalam Municipality","Andimuthu Raja","NILGIRIS(SC)","N/A","17-Oct-2025","597433"
"661","Normal/Others","WS/MP740/2025-2026/204076-Construction of bus-sheds or bus-stops","Tamil Nadu","THE NILGIRIS(DISTRICT COLLECTOR NILGIRIS_IDA)","Construction of Passenger Shelter near Government Hospital (Ward No 2) at Udhagamandalam Municipality","Andimuthu Raja","NILGIRIS(SC)","N/A","17-Oct-2025","596543"
"662","Normal/Others","WS/MP740/2025-2026/211763-Crematoriums/energy efficient crematoriums or structures on burial/cremation ground","Tamil Nadu","THE NILGIRIS(DISTRICT COLLECTOR NILGIRIS_IDA)","Construction of Burial Shelter at Kil Kundha Village Ward No 14 at Kil Kundha Town Panchayat","Andimuthu Raja","NILGIRIS(SC)","N/A","10-Mar-2026","700000"
"663","Normal/Others","WS/MP740/2025-2026/211776-Construction of public irrigation facilities","Tamil Nadu","THE NILGIRIS(DISTRICT COLLECTOR NILGIRIS_IDA)","Construction of Drainage and Road at Nadu Gudalur Ward No 20 at Gudalur Municipality","Andimuthu Raja","NILGIRIS(SC)","N/A","17-Dec-2025","500000"
"664","Normal/Others","WS/MP740/2025-2026/219239-Construction of boundary walls of existing public and community buildings","Tamil Nadu","THE NILGIRIS(DISTRICT COLLECTOR NILGIRIS_IDA)","Revitment at Ration Shop at Pazhathottam t Hubbathalai Panchayat","Andimuthu Raja","NILGIRIS(SC)","N/A","25-Sep-2025","999759"
"665","Normal/Others","WS/MP740/2025-2026/219240-Construction of roads, link roads, pathways or any other road with or without drainage system","Tamil Nadu","THE NILGIRIS(DISTRICT COLLECTOR NILGIRIS_IDA)","Providing CC Road at Thiruvalluvar Nagar  Ward No 12 at Gudalur Municipality","Andimuthu Raja","NILGIRIS(SC)","N/A","17-Dec-2025","1500000"
"666","Normal/Others","WS/MP740/2026-2027/219241-Construction of community centers and community halls","Tamil Nadu","THE NILGIRIS(DISTRICT COLLECTOR NILGIRIS_IDA)","Construction of Multipurpose Building at Muthugula Village Balacola Panchayat at Udhagai block","Andimuthu Raja","NILGIRIS(SC)","Images","11-Aug-2026","1499757"
"667","Normal/Others","WS/MP740/2025-2026/219242-Construction of bus-sheds or bus-stops","Tamil Nadu","THE NILGIRIS(DISTRICT COLLECTOR NILGIRIS_IDA)","Construction of Bus shelter at Tehikil village at Kookal thorai Main Road t Kookal Panchayat Udhagai Block","Andimuthu Raja","NILGIRIS(SC)","Images","11-Aug-2026","499700"
"668","Normal/Others","WS/MP740/2025-2026/219243-Construction of common work sheds/ common covered sitting area","Tamil Nadu","THE NILGIRIS(DISTRICT COLLECTOR NILGIRIS_IDA)","Providing Shed Over Community Hall Agalar at Ebband Panchayat at Udhagai Block","Andimuthu Raja","NILGIRIS(SC)","Images","09-Oct-2025","499888"
"669","Normal/Others","WS/MP740/2025-2026/219244-Crematoriums/energy efficient crematoriums or structures on burial/cremation ground","Tamil Nadu","THE NILGIRIS(DISTRICT COLLECTOR NILGIRIS_IDA)","Providing Shelter (Roof) at Graveyard at Baralahatty Thummanatty Panchayat at Udhagai Block","Andimuthu Raja","NILGIRIS(SC)","N/A","25-Sep-2025","499924"
"670","Normal/Others","WS/MP740/2025-2026/219247-Construction of common work sheds/ common covered sitting area","Tamil Nadu","THE NILGIRIS(DISTRICT COLLECTOR NILGIRIS_IDA)","Construction of Kithen Shed at Indra Nagar (Ward No 12) at Naduvattam Town Panchayat","Andimuthu Raja","NILGIRIS(SC)","N/A","09-Mar-2026","500000"
"671","Normal/Others","WS/MP740/2025-2026/219285-Construction of roads, link roads, pathways or any other road with or without drainage system","Tamil Nadu","THE NILGIRIS(DISTRICT COLLECTOR NILGIRIS_IDA)","Providing CC Road from Nirmala House to Emalda House Ward No 17 at Gudalur Municipality","Andimuthu Raja","NILGIRIS(SC)","N/A","30-Aug-2025","970000"
"672","Normal/Others","WS/MP740/2025-2026/219291-Construction of footpaths and pedestrian ways","Tamil Nadu","THE NILGIRIS(DISTRICT COLLECTOR NILGIRIS_IDA)","Providing CC footpath to Buril Ground at Kutrimoochi (Ward No 12) at Devarsholai Town Panchayat","Andimuthu Raja","NILGIRIS(SC)","N/A","03-Dec-2025","450000"
"673","Normal/Others","WS/MP740/2026-2027/223215-Construction of common work sheds/ common covered sitting area","Tamil Nadu","THE NILGIRIS(DISTRICT COLLECTOR NILGIRIS_IDA)","Providing Shelter Near Community Hall at Ithalar Panchayat at Udhagai Block","Andimuthu Raja","NILGIRIS(SC)","Images","11-Aug-2026","699519"
"674","Normal/Others","WS/MP740/2025-2026/228442-Purchase of books and periodicals for libraries/digitization of library books","Tamil Nadu","THE NILGIRIS(DISTRICT COLLECTOR NILGIRIS_IDA)","Purchase of Books for School Library","Andimuthu Raja","NILGIRIS(SC)","N/A","17-Feb-2026","470000"
"675","Normal/Others","WS/MP740/2025-2026/254408-Construction of community centers and community halls","Tamil Nadu","ERODE(DISTRICT_COLLECTORE_ERODE_IDA)","Construction of PD Shop Building at Ayyampalayam at Periyakallipatti Panchayat","Andimuthu Raja","NILGIRIS(SC)","Images","20-Feb-2026","1299955"
"676","Normal/Others","WS/MP740/2026-2027/269574-Purchase of hospital equipment","Tamil Nadu","THE NILGIRIS(DISTRICT COLLECTOR NILGIRIS_IDA)","Providing Water Doctor 75 Ltr hot and cold at Government Hospital at Gudalur Town","Andimuthu Raja","NILGIRIS(SC)","Images","13-Aug-2026","45000"
"677","Normal/Others","WS/MP740/2026-2027/269575-Purchase of hospital equipment","Tamil Nadu","THE NILGIRIS(DISTRICT COLLECTOR NILGIRIS_IDA)","Providing 20KV UPS for dialysis unit 2hrs backup at Government Hospital at Gudalur Town","Andimuthu Raja","NILGIRIS(SC)","Images","13-Aug-2026","335000"
"678","Normal/Others","WS/MP743/2025-2026/142089-Construction of community centers and community halls","Tamil Nadu","Kancheepuram(DISTRICT COLLECTOR KANCHEEPURAM_IDA)","Construction of New Building at Konerikuppam Panchayat, Kanchipuram Panchayat Union.","Ganesan Selvam","KANCHEEPURAM(SC)","Images","26-May-2025","944811"
"679","Normal/Others","WS/MP743/2024-2025/142090-Construction of bus-sheds or bus-stops","Tamil Nadu","Kancheepuram(DISTRICT COLLECTOR KANCHEEPURAM_IDA)","Construction of Bus Shelter at Vaiyavur Colony, Vaiyavur Panchayat in Walajabad Panchayat Union.","Ganesan Selvam","KANCHEEPURAM(SC)","Images","25-Feb-2026","498490"
"680","Normal/Others","WS/MP743/2024-2025/142091-Construction of buildings for crèches and anganwadies","Tamil Nadu","Kancheepuram(DISTRICT COLLECTOR KANCHEEPURAM_IDA)","Construction of Anganwadi Building at Govindavadi Colony, Govindavadi Panchayat, Walajabad Panchayat Union.","Ganesan Selvam","KANCHEEPURAM(SC)","Images","13-Mar-2026","1498588"
"681","Normal/Others","WS/MP743/2025-2026/142092-Construction of community centers and community halls","Tamil Nadu","Kancheepuram(DISTRICT COLLECTOR KANCHEEPURAM_IDA)","Construction of Community Hall at Naickenkuppam Panchayat, Walajabad Panchayat Union.","Ganesan Selvam","KANCHEEPURAM(SC)","Images","18-Aug-2026","3993140"
"682","Normal/Others","WS/MP743/2025-2026/142093-Construction of buildings for crèches and anganwadies","Tamil Nadu","Kancheepuram(DISTRICT COLLECTOR KANCHEEPURAM_IDA)","Construction of Anganwadi Building at Ward No.14 Uthiramerur Town Panchayat.","Ganesan Selvam","KANCHEEPURAM(SC)","Images","07-Aug-2026","1600000"
"683","Normal/Others","WS/MP743/2025-2026/142100-Construction of bus-sheds or bus-stops","Tamil Nadu","Kancheepuram(DISTRICT COLLECTOR KANCHEEPURAM_IDA)","Construction of Bus Shelter at Kattupakkam Village, Menalur Panchayat Uthiramerur Panchayat Union.","Ganesan Selvam","KANCHEEPURAM(SC)","Images","15-May-2025","631745"
"684","Normal/Others","WS/MP743/2025-2026/142104-Construction of buildings for community cultural activities","Tamil Nadu","Kancheepuram(DISTRICT COLLECTOR KANCHEEPURAM_IDA)","Construction of Drama Stage at Kammalampoondi Panchayat in Uthiramerur Panchayat Union.","Ganesan Selvam","KANCHEEPURAM(SC)","Images","03-Apr-2025","999900"
"685","Normal/Others","WS/MP743/2025-2026/142801-Construction of community centers and community halls","Tamil Nadu","CHENGALPATTU(District Collector Chengalpattu_IDA)","Construction of PDS Building at Nedunkuram Panchayat, Kattankolathur Panchayat Union.","Ganesan Selvam","KANCHEEPURAM(SC)","Images","24-Aug-2026","1010704"
"686","Normal/Others","WS/MP743/2025-2026/142802-Construction of buildings for community cultural activities","Tamil Nadu","CHENGALPATTU(District Collector Chengalpattu_IDA)","Construction of Drama Stage at Govt Higher Secondary School, Karunguzh Town Panchayat.","Ganesan Selvam","KANCHEEPURAM(SC)","Images","08-Aug-2025","898541"
"687","Normal/Others","WS/MP743/2025-2026/142803-Construction of buildings for community cultural activities","Tamil Nadu","CHENGALPATTU(District Collector Chengalpattu_IDA)","Construction of Drama Stage at Govt., Higher Secondary School at Achirupakkam.","Ganesan Selvam","KANCHEEPURAM(SC)","N/A","13-Jan-2026","891821"
"688","Normal/Others","WS/MP743/2025-2026/142804-Construction of community centers and community halls","Tamil Nadu","CHENGALPATTU(District Collector Chengalpattu_IDA)","Construction of PDS Building at Athimanam Panchayat.","Ganesan Selvam","KANCHEEPURAM(SC)","Images","02-Jan-2026","799676"
"689","Normal/Others","WS/MP743/2025-2026/142805-Construction of bus-sheds or bus-stops","Tamil Nadu","CHENGALPATTU(District Collector Chengalpattu_IDA)","Construction of Bus Shelter at Anathamangalam Panchayat (Mettu Street) Neay Perumal Koil.","Ganesan Selvam","KANCHEEPURAM(SC)","Images","20-Aug-2025","799198"
"690","Normal/Others","WS/MP743/2025-2026/142806-Construction of buildings for community cultural activities","Tamil Nadu","CHENGALPATTU(District Collector Chengalpattu_IDA)","Construction of Drama Stage at GWHSS, Erumbedu.","Ganesan Selvam","KANCHEEPURAM(SC)","N/A","24-Sep-2025","899711"
"691","Normal/Others","WS/MP743/2025-2026/142807-Installing community drinking water plants","Tamil Nadu","CHENGALPATTU(District Collector Chengalpattu_IDA)","Construction of RO Plant at Merku Cheyyur, Lathur Panchayat Union.","Ganesan Selvam","KANCHEEPURAM(SC)","Images","11-Feb-2026","749986"
"692","Normal/Others","WS/MP743/2025-2026/142808-Construction of community centers and community halls","Tamil Nadu","CHENGALPATTU(District Collector Chengalpattu_IDA)","Construction of PDS Buildings at Panakkattupakkam Panchayat, Thiruporur Panchayat Union.","Ganesan Selvam","KANCHEEPURAM(SC)","Images","02-May-2025","1010707"
"693","Normal/Others","WS/MP743/2025-2026/142809-Construction of water tanks","Tamil Nadu","CHENGALPATTU(District Collector Chengalpattu_IDA)","Construction of 30000 Ltr OHT Tank at Nemmeli Panchayat, Thirporur Panchayat Union.","Ganesan Selvam","KANCHEEPURAM(SC)","Images","22-Jul-2025","1499661"
"694","Normal/Others","WS/MP743/2024-2025/143062-Purchase of smart boards, visual display units and projectors","Tamil Nadu","Kancheepuram(DISTRICT COLLECTOR KANCHEEPURAM_IDA)","Purchasing of smart class room equipment for Thammanur Govt.High School in Kanchipuram Panchayat Union. (Supply of smart class equipment 2 set)","Ganesan Selvam","KANCHEEPURAM(SC)","Images","29-Nov-2024","400000"
"695","Normal/Others","WS/MP743/2024-2025/143063-Purchase of smart boards, visual display units and projectors","Tamil Nadu","Kancheepuram(DISTRICT COLLECTOR KANCHEEPURAM_IDA)","Purchasing of smart class room equipment for Ekanampettai Govt.Girls.Hr.sec.School in Walajabad Panchayat Union. (Supply of smart class equipment 2 set)","Ganesan Selvam","KANCHEEPURAM(SC)","Images","29-Nov-2024","400000"
"696","Normal/Others","WS/MP743/2024-2025/143064-Purchase of smart boards, visual display units and projectors","Tamil Nadu","Kancheepuram(DISTRICT COLLECTOR KANCHEEPURAM_IDA)","Purchasing of smart class room equipment for Walajabad Govt.Girls.Hr.sec. School in Walajabad Panchayat Union. (Supply of smart class equipment 2 set)","Ganesan Selvam","KANCHEEPURAM(SC)","Images","29-Nov-2024","400000"
"697","Normal/Others","WS/MP743/2024-2025/143065-Purchase of smart boards, visual display units and projectors","Tamil Nadu","Kancheepuram(DISTRICT COLLECTOR KANCHEEPURAM_IDA)","Purchasing of smart class room equipment for Arignar anna Govt.Boys Hr.sec.School in Walajabad Panchayat Union. (Supply of smart class equipment 2 set)","Ganesan Selvam","KANCHEEPURAM(SC)","Images","29-Nov-2024","400000"
"698","Normal/Others","WS/MP743/2024-2025/143066-Purchase of smart boards, visual display units and projectors","Tamil Nadu","Kancheepuram(DISTRICT COLLECTOR KANCHEEPURAM_IDA)","Purchasing of smart class room equipment for Avalur Govt.Hr.sec. School in Kanchipuram Panchayat Union. (Supply of smart class equipment 2 set)","Ganesan Selvam","KANCHEEPURAM(SC)","Images","29-Nov-2024","400000"
"699","Normal/Others","WS/MP743/2024-2025/143067-Purchase of smart boards, visual display units and projectors","Tamil Nadu","Kancheepuram(DISTRICT COLLECTOR KANCHEEPURAM_IDA)","Purchasing of smart class room equipment for ADW Hr.sec. School in Walajabad Panchayat Union. (Supply of smart class equipment 2 set)","Ganesan Selvam","KANCHEEPURAM(SC)","Images","29-Nov-2024","400000"
"700","Normal/Others","WS/MP743/2024-2025/143068-Purchase of smart boards, visual display units and projectors","Tamil Nadu","Kancheepuram(DISTRICT COLLECTOR KANCHEEPURAM_IDA)","Purchasing of smart class room equipment for Singadivakkam Govt.Hr.sec. School in Walajabad Panchayat Union. (Supply of smart class equipment 2 set)","Ganesan Selvam","KANCHEEPURAM(SC)","Images","29-Nov-2024","400000"
"701","Normal/Others","WS/MP743/2024-2025/143069-Purchase of smart boards, visual display units and projectors","Tamil Nadu","Kancheepuram(DISTRICT COLLECTOR KANCHEEPURAM_IDA)","Purchasing of smart class room equipment for Govindavadi Govt.Hr.sec.School in Walajabad Panchayat Union. (Supply of smart class equipment 2 set)","Ganesan Selvam","KANCHEEPURAM(SC)","Images","03-Dec-2024","400000"
"702","Normal/Others","WS/MP743/2024-2025/143070-Purchase of smart boards, visual display units and projectors","Tamil Nadu","Kancheepuram(DISTRICT COLLECTOR KANCHEEPURAM_IDA)","Purchasing of smart class room equipment for Uthukadu VSA Govt.High School in Walajabad Panchayat Union. (Supply of smart class equipment 2 set)","Ganesan Selvam","KANCHEEPURAM(SC)","Images","23-Jan-2025","400000"
"703","Normal/Others","WS/MP743/2024-2025/143071-Purchase of smart boards, visual display units and projectors","Tamil Nadu","Kancheepuram(DISTRICT COLLECTOR KANCHEEPURAM_IDA)","Purchasing of smart class room equipment for Pullalur Govt.Hr.sec. School in Walajabad Panchayat Union. (Supply of smart class equipment 2 set)","Ganesan Selvam","KANCHEEPURAM(SC)","Images","23-Jan-2025","400000"
"704","Normal/Others","WS/MP743/2024-2025/143072-Purchase of smart boards, visual display units and projectors","Tamil Nadu","Kancheepuram(DISTRICT COLLECTOR KANCHEEPURAM_IDA)","Purchasing of smart class room equipment for Manampathy Govt.Hr.sec. School in Uthiramerur Panchayat Union. (Supply of smart class equipment 2 set)","Ganesan Selvam","KANCHEEPURAM(SC)","Images","23-Jan-2025","400000"
"705","Normal/Others","WS/MP743/2024-2025/143073-Purchase of smart boards, visual display units and projectors","Tamil Nadu","Kancheepuram(DISTRICT COLLECTOR KANCHEEPURAM_IDA)","Purchasing of smart class room equipment for Salavakkam Govt.Hr.sec. School in Uthiramerur Panchayat Union. (Supply of smart class equipment 2 set)","Ganesan Selvam","KANCHEEPURAM(SC)","Images","23-Jan-2025","400000"
"706","Normal/Others","WS/MP743/2024-2025/143074-Purchase of smart boards, visual display units and projectors","Tamil Nadu","Kancheepuram(DISTRICT COLLECTOR KANCHEEPURAM_IDA)","Purchasing of smart class room equipment for Kaliyampoondi Govt.Girls.Hr.sec. School in Uthiramerur Panchayat Union. (Supply of smart class equipment 2 set)","Ganesan Selvam","KANCHEEPURAM(SC)","Images","23-Jan-2025","400000"
"707","Normal/Others","WS/MP743/2024-2025/143097-Purchase of smart boards, visual display units and projectors","Tamil Nadu","Kancheepuram(DISTRICT COLLECTOR KANCHEEPURAM_IDA)","Purchasing of smart class room equipment for Thirumukkudal Govt.Hr.sec. School in Uthiramerur Panchayat Union. (Supply of smart class equipment 2 set)","Ganesan Selvam","KANCHEEPURAM(SC)","Images","23-Jan-2025","400000"
"708","Normal/Others","WS/MP743/2024-2025/143098-Purchase of smart boards, visual display units and projectors","Tamil Nadu","Kancheepuram(DISTRICT COLLECTOR KANCHEEPURAM_IDA)","Purchasing of smart class room equipment for Kammalampoondi Govt.Girls Hr.sec. School in Uthiramerur Panchayat Union. (Supply of smart class equipment 2 set)","Ganesan Selvam","KANCHEEPURAM(SC)","Images","23-Jan-2025","400000"
"709","Normal/Others","WS/MP743/2024-2025/143099-Purchase of smart boards, visual display units and projectors","Tamil Nadu","Kancheepuram(DISTRICT COLLECTOR KANCHEEPURAM_IDA)","Purchasing of smart class room equipment for Anampakkam Govt.Hr.sec. School in Uthiramerur Panchayat Union. (Supply of smart class equipment 2 set)","Ganesan Selvam","KANCHEEPURAM(SC)","Images","23-Jan-2025","400000"
"710","Normal/Others","WS/MP743/2024-2025/143106-Purchase of smart boards, visual display units and projectors","Tamil Nadu","Kancheepuram(DISTRICT COLLECTOR KANCHEEPURAM_IDA)","Purchasing of smart class room equipment for BMS Govt.Girls Hr.sec. School in Kanchipuram Corporation. (Supply of smart class equipment 2 set)","Ganesan Selvam","KANCHEEPURAM(SC)","Images","22-Nov-2024","400000"
"711","Normal/Others","WS/MP743/2024-2025/143107-Purchase of smart boards, visual display units and projectors","Tamil Nadu","Kancheepuram(DISTRICT COLLECTOR KANCHEEPURAM_IDA)","Purchasing of smart class room equipment for Big Kanchipuram CMS Hr.sec. School in Kanchipuram Corporation. (Supply of smart class equipment 2 set)","Ganesan Selvam","KANCHEEPURAM(SC)","Images","22-Nov-2024","400000"
"712","Normal/Others","WS/MP743/2024-2025/143108-Purchase of smart boards, visual display units and projectors","Tamil Nadu","Kancheepuram(DISTRICT COLLECTOR KANCHEEPURAM_IDA)","Purchasing of smart class room equipment for Rani Annadurai Govt.Hr.sec. School in Kanchipuram Corporation. (Supply of smart class equipment 2 set)","Ganesan Selvam","KANCHEEPURAM(SC)","Images","22-Nov-2024","400000"
"713","Normal/Others","WS/MP743/2024-2025/143109-Purchase of smart boards, visual display units and projectors","Tamil Nadu","Kancheepuram(DISTRICT COLLECTOR KANCHEEPURAM_IDA)","Purchasing of smart class room equipment for Dr.PSS Mpl.Hr.sec. School in Kanchipuram Corporation. (Supply of smart class equipment 2 set)","Ganesan Selvam","KANCHEEPURAM(SC)","Images","22-Nov-2024","400000"
"714","Normal/Others","WS/MP743/2024-2025/143110-Purchase of smart boards, visual display units and projectors","Tamil Nadu","Kancheepuram(DISTRICT COLLECTOR KANCHEEPURAM_IDA)","Purchasing of smart class room equipment for AKT Mpl.High School in Kanchipuram Corporation. (Supply of smart class equipment 2 set)","Ganesan Selvam","KANCHEEPURAM(SC)","Images","22-Nov-2024","400000"
"715","Normal/Others","WS/MP743/2024-2025/143111-Purchase of smart boards, visual display units and projectors","Tamil Nadu","Kancheepuram(DISTRICT COLLECTOR KANCHEEPURAM_IDA)","Purchasing of smart class room equipment for Govt.High School, Collectorate Colony in Kanchipuram Corporation. (Supply of smart class equipment 2 set)","Ganesan Selvam","KANCHEEPURAM(SC)","Images","22-Nov-2024","400000"
"716","Normal/Others","WS/MP743/2024-2025/143112-Purchase of smart boards, visual display units and projectors","Tamil Nadu","Kancheepuram(DISTRICT COLLECTOR KANCHEEPURAM_IDA)","Purchasing of smart class room equipment for Govt.High School, Sevilimedu in Kanchipuram Corporation. (Supply of smart class equipment 2 set)","Ganesan Selvam","KANCHEEPURAM(SC)","Images","22-Nov-2024","400000"
"717","Normal/Others","WS/MP743/2024-2025/143116-Purchase of smart boards, visual display units and projectors","Tamil Nadu","Kancheepuram(DISTRICT COLLECTOR KANCHEEPURAM_IDA)","Purchasing of smart class room equipment for Thirupukuzhi Govt.Hr.sec.School in Kanchipuram Panchayat Union. (Supply of smart class equipment 2 set)","Ganesan Selvam","KANCHEEPURAM(SC)","Images","22-Nov-2024","400000"
"718","Normal/Others","WS/MP743/2024-2025/143117-Purchase of smart boards, visual display units and projectors","Tamil Nadu","Kancheepuram(DISTRICT COLLECTOR KANCHEEPURAM_IDA)","Purchasing of smart class room equipment for Musaravakkam Govt.Hr.sec.School in Kanchipuram Panchayat Union. (Supply of smart class equipment 2 set)","Ganesan Selvam","KANCHEEPURAM(SC)","Images","22-Nov-2024","400000"
"719","Normal/Others","WS/MP743/2024-2025/152618-Construction of buildings for community cultural activities","Tamil Nadu","Kancheepuram(DISTRICT COLLECTOR KANCHEEPURAM_IDA)","Construction of Drama Stage at Padunelli Panchayat, Walajabad Panchayat Union.","Ganesan Selvam","KANCHEEPURAM(SC)","Images","10-Sep-2025","999058"
"720","Normal/Others","WS/MP743/2025-2026/152620-Construction of buildings for community cultural activities","Tamil Nadu","Kancheepuram(DISTRICT COLLECTOR KANCHEEPURAM_IDA)","Construction of Drama Stage at Avalur Panchayat, Kanchipuram Panchayat Union.","Ganesan Selvam","KANCHEEPURAM(SC)","Images","03-Sep-2025","1479194"
"721","Normal/Others","WS/MP743/2025-2026/152622-Street lights","Tamil Nadu","Kancheepuram(DISTRICT COLLECTOR KANCHEEPURAM_IDA)","Providing Solar Light at Mambakkam Village, Sirupinayur Panchayat in Uthiramerur Panchayat Union.","Ganesan Selvam","KANCHEEPURAM(SC)","Images","11-Jul-2025","412621"
"722","Normal/Others","WS/MP743/2025-2026/152623-Street lights","Tamil Nadu","Kancheepuram(DISTRICT COLLECTOR KANCHEEPURAM_IDA)","Providing Solar Light at kalakattur Panchayat in Kanchipuram Panchayat Union.","Ganesan Selvam","KANCHEEPURAM(SC)","Images","11-Jul-2025","413502"
"723","Normal/Others","WS/MP743/2025-2026/161096-Purchase of sports equipment","Tamil Nadu","CHENGALPATTU(District Collector Chengalpattu_IDA)","Supply of Sports Equipments To Government Higher Secondary Achool, Thiruporur.","Ganesan Selvam","KANCHEEPURAM(SC)","Images","21-Jul-2025","250000"
"724","Normal/Others","WS/MP743/2025-2026/161098-Purchase of sports equipment","Tamil Nadu","CHENGALPATTU(District Collector Chengalpattu_IDA)","Supoly of Sports Equipments to Govt. Higher Sec School Thozhupedu","Ganesan Selvam","KANCHEEPURAM(SC)","Images","21-Jul-2025","250000"
"725","Normal/Others","WS/MP743/2025-2026/161099-Purchase of sports equipment","Tamil Nadu","CHENGALPATTU(District Collector Chengalpattu_IDA)","Supply of Sprots Equipments to Marvar Govt Boys Higher Secondary School Acharapakkam","Ganesan Selvam","KANCHEEPURAM(SC)","Images","26-Jul-2025","250000"
"726","Normal/Others","WS/MP743/2025-2026/161101-Purchase of sports equipment","Tamil Nadu","CHENGALPATTU(District Collector Chengalpattu_IDA)","Supply of Sports Equipments To Government Higher Sec School Chunambedu","Ganesan Selvam","KANCHEEPURAM(SC)","Images","26-Jul-2025","250000"
"727","Normal/Others","WS/MP743/2025-2026/161740-Purchase of sports equipment","Tamil Nadu","CHENGALPATTU(District Collector Chengalpattu_IDA)","Supply of Sports Equipements to Government Boys Higher Secondary School Cheyyur","Ganesan Selvam","KANCHEEPURAM(SC)","Images","26-Jul-2025","250000"
"728","Normal/Others","WS/MP743/2025-2026/161741-Purchase of sports equipment","Tamil Nadu","CHENGALPATTU(District Collector Chengalpattu_IDA)","Supply of Sports Equipements to Government Boys Higher Secondary School Thirukalukundramn","Ganesan Selvam","KANCHEEPURAM(SC)","Images","26-Jul-2025","250000"
"729","Normal/Others","WS/MP743/2025-2026/161742-Purchase of sports equipment","Tamil Nadu","CHENGALPATTU(District Collector Chengalpattu_IDA)","Supply of Sports Equipements to Government Higher Secondary School Vengampakkam","Ganesan Selvam","KANCHEEPURAM(SC)","Images","26-Jul-2025","250000"
"730","Normal/Others","WS/MP743/2025-2026/161743-Purchase of sports equipment","Tamil Nadu","CHENGALPATTU(District Collector Chengalpattu_IDA)","Supply of Sports Equipements to Government Higher Secondary School Manampathi","Ganesan Selvam","KANCHEEPURAM(SC)","Images","26-Jul-2025","250000"
"731","Normal/Others","WS/MP743/2025-2026/161744-Purchase of sports equipment","Tamil Nadu","CHENGALPATTU(District Collector Chengalpattu_IDA)","Supply of Sports Equipements to Government Higher Secondary School Kelambakkam","Ganesan Selvam","KANCHEEPURAM(SC)","Images","26-Jul-2025","250000"
"732","Normal/Others","WS/MP743/2025-2026/161756-Purchase of sports equipment","Tamil Nadu","CHENGALPATTU(District Collector Chengalpattu_IDA)","Supply of Sports Equipements to Government Higher Secondary School Morapakkam","Ganesan Selvam","KANCHEEPURAM(SC)","Images","26-Jul-2025","250000"
"733","Normal/Others","WS/MP743/2025-2026/161757-Purchase of sports equipment","Tamil Nadu","CHENGALPATTU(District Collector Chengalpattu_IDA)","Supply of Sports Equipements to Government Higher Secondary School Polambakkam","Ganesan Selvam","KANCHEEPURAM(SC)","Images","26-Jul-2025","250000"
"734","Normal/Others","WS/MP743/2025-2026/161758-Purchase of sports equipment","Tamil Nadu","CHENGALPATTU(District Collector Chengalpattu_IDA)","Supply of Sports Equipements to Government Higher Secondary School Sothupakkam","Ganesan Selvam","KANCHEEPURAM(SC)","Images","26-Jul-2025","250000"
"735","Normal/Others","WS/MP743/2025-2026/161759-Purchase of sports equipment","Tamil Nadu","CHENGALPATTU(District Collector Chengalpattu_IDA)","Supply of Sports Equipements to Government Higher Secondary School Thiruvathur","Ganesan Selvam","KANCHEEPURAM(SC)","Images","26-Jul-2025","250000"
"736","Normal/Others","WS/MP743/2025-2026/161760-Purchase of sports equipment","Tamil Nadu","CHENGALPATTU(District Collector Chengalpattu_IDA)","Supply of Sports Equipements to Government Higher Secondary School Kunnankulathur","Ganesan Selvam","KANCHEEPURAM(SC)","Images","26-Jul-2025","250000"
"737","Normal/Others","WS/MP743/2025-2026/161762-Purchase of sports equipment","Tamil Nadu","CHENGALPATTU(District Collector Chengalpattu_IDA)","Supply of Sports Equipments To Government Higher Secondary School Padalam","Ganesan Selvam","KANCHEEPURAM(SC)","Images","26-Jul-2025","250000"
"738","Normal/Others","WS/MP743/2025-2026/161763-Purchase of sports equipment","Tamil Nadu","CHENGALPATTU(District Collector Chengalpattu_IDA)","Supply of Sports Equipments to Government Higher Secondary School Sembakkam","Ganesan Selvam","KANCHEEPURAM(SC)","Images","26-Jul-2025","250000"
"739","Normal/Others","WS/MP743/2025-2026/161764-Purchase of sports equipment","Tamil Nadu","CHENGALPATTU(District Collector Chengalpattu_IDA)","Supply of Sports Equipements to Government higher Secondary School Kuvathur","Ganesan Selvam","KANCHEEPURAM(SC)","Images","26-Jul-2025","250000"
"740","Normal/Others","WS/MP743/2025-2026/161765-Purchase of sports equipment","Tamil Nadu","CHENGALPATTU(District Collector Chengalpattu_IDA)","Supply of Sports Equipements to Government Higher Secondary School Elapakkam","Ganesan Selvam","KANCHEEPURAM(SC)","Images","26-Jul-2025","250000"
"741","Normal/Others","WS/MP743/2025-2026/162119-Purchase of sports equipment","Tamil Nadu","CHENGALPATTU(District Collector Chengalpattu_IDA)","Supply of Sports Equipments to Government Higher Secondary School Vennangupattu.","Ganesan Selvam","KANCHEEPURAM(SC)","Images","26-Jul-2025","250000"
"742","Normal/Others","WS/MP743/2025-2026/169820-Purchase of sports equipment","Tamil Nadu","CHENGALPATTU(District Collector Chengalpattu_IDA)","Supply of Sports Equipments to Government Higher Secondary School Anaicut","Ganesan Selvam","KANCHEEPURAM(SC)","Images","26-Jul-2025","250000"
"743","Normal/Others","WS/MP743/2025-2026/170868-Purchase of smart boards, visual display units and projectors","Tamil Nadu","Kancheepuram(DISTRICT COLLECTOR KANCHEEPURAM_IDA)","Purchase of Smart Class Rooms at Government Higher Secondary School at Singadivakkam Panchayt, Walajabad Panchayat Union.","Ganesan Selvam","KANCHEEPURAM(SC)","Images","28-May-2025","400000"
"744","Normal/Others","WS/MP743/2025-2026/170869-Lighting of public spaces","Tamil Nadu","Kancheepuram(DISTRICT COLLECTOR KANCHEEPURAM_IDA)","Providing High  Mast Light at Ward No.10, Santhaveliyamman Koil 3 Road Junction, Kanchipuram Corporation","Ganesan Selvam","KANCHEEPURAM(SC)","Images","15-Sep-2025","735974"
"745","Normal/Others","WS/MP743/2025-2026/170870-Lighting of public spaces","Tamil Nadu","Kancheepuram(DISTRICT COLLECTOR KANCHEEPURAM_IDA)","Providing High Mast Light at Ward No.23. Thirukalimedu, Nethaji Nagar, Kanchipuram Corporation","Ganesan Selvam","KANCHEEPURAM(SC)","Images","10-Sep-2025","730787"
"746","Normal/Others","WS/MP743/2025-2026/170871-Lighting of public spaces","Tamil Nadu","Kancheepuram(DISTRICT COLLECTOR KANCHEEPURAM_IDA)","Providing High Mast Light at Ward No.42, Collector Camp Office Near, Kanchpuram Corporation","Ganesan Selvam","KANCHEEPURAM(SC)","Images","15-Sep-2025","734313"
"747","Normal/Others","WS/MP743/2026-2027/170872-Construction of Government office buildings (Post office, Police station, Police chauki, etc.)","Tamil Nadu","CHENGALPATTU(District Collector Chengalpattu_IDA)","Construction of PDS Buildings at Karanaipuducheri Panchayat, Kattankolathur Panchayat Union.","Ganesan Selvam","KANCHEEPURAM(SC)","Images","24-Aug-2026","999869"
"748","Normal/Others","WS/MP743/2025-2026/170874-Construction of bus-sheds or bus-stops","Tamil Nadu","CHENGALPATTU(District Collector Chengalpattu_IDA)","Construction of Bus Shelter at Oradadam Panchayat, Thiruporur Panchayat Union.","Ganesan Selvam","KANCHEEPURAM(SC)","Images","19-Nov-2025","499771"
"749","Normal/Others","WS/MP743/2025-2026/170875-Construction of bus-sheds or bus-stops","Tamil Nadu","CHENGALPATTU(District Collector Chengalpattu_IDA)","Construction of Bus Shelter at Thirumani Panchayat, Thirukalukundram Panchayat Union.","Ganesan Selvam","KANCHEEPURAM(SC)","Images","09-Feb-2026","499496"
"750","Normal/Others","WS/MP743/2025-2026/170876-Construction of bus-sheds or bus-stops","Tamil Nadu","CHENGALPATTU(District Collector Chengalpattu_IDA)","Construction of Bus Shelter at Mamapakkam Panchayat, Thiruporur Panchayat Union.","Ganesan Selvam","KANCHEEPURAM(SC)","Images","09-Feb-2026","499402"
"751","Normal/Others","WS/MP743/2025-2026/170877-Construction of bus-sheds or bus-stops","Tamil Nadu","CHENGALPATTU(District Collector Chengalpattu_IDA)","Construction of Bus Shelter at Anoor Panchayat, Thirukalukundram Panchayat Union.","Ganesan Selvam","KANCHEEPURAM(SC)","Images","09-Feb-2026","498141"
"752","Normal/Others","WS/MP743/2025-2026/170878-Construction of bus-sheds or bus-stops","Tamil Nadu","CHENGALPATTU(District Collector Chengalpattu_IDA)","Construction of Bus Shelter at Nathamkarimacheri Panchayat, Thirukalukundram Panchayat Union.","Ganesan Selvam","KANCHEEPURAM(SC)","Images","23-Sep-2025","499312"
"753","Normal/Others","WS/MP743/2025-2026/170879-Lighting of public spaces","Tamil Nadu","CHENGALPATTU(District Collector Chengalpattu_IDA)","Providing High Mast Light at Ward No.16, Muthigai Nallakuppam Thrmaraja Koil nearm Thriukalukundram Town Panchayat.","Ganesan Selvam","KANCHEEPURAM(SC)","Images","11-Sep-2025","714773"
"754","Normal/Others","WS/MP743/2025-2026/182127-Lighting of public spaces","Tamil Nadu","Kancheepuram(DISTRICT COLLECTOR KANCHEEPURAM_IDA)","Providing High Mast Light at Ward No 2, (Ekambaranathar Kovil Near) Kanchipuram Corporation","Ganesan Selvam","KANCHEEPURAM(SC)","Images","15-Sep-2025","724989"
"755","Normal/Others","WS/MP743/2025-2026/190792-Construction of rooms and halls in school and colleges","Tamil Nadu","Kancheepuram(DISTRICT COLLECTOR KANCHEEPURAM_IDA)","Construction of Drama Stage at Vissor PUMS School, Vissor Panchayat, Uthiramerur Panchayat Union.","Ganesan Selvam","KANCHEEPURAM(SC)","Images","12-Jan-2026","997478"
"756","Normal/Others","WS/MP743/2025-2026/190828-Purchase of smart boards, visual display units and projectors","Tamil Nadu","CHENGALPATTU(District Collector Chengalpattu_IDA)","Purchasing of smart class room equipment for GHSS School Karunguzhi Town panchayat","Ganesan Selvam","KANCHEEPURAM(SC)","Images","01-Sep-2025","400000"
"757","Normal/Others","WS/MP743/2025-2026/190829-Purchase of smart boards, visual display units and projectors","Tamil Nadu","CHENGALPATTU(District Collector Chengalpattu_IDA)","Purchasing of smart class room equipment for Marvar GBHSS Acharapakkam Town Panchayat","Ganesan Selvam","KANCHEEPURAM(SC)","Images","01-Sep-2025","400000"
"758","Normal/Others","WS/MP743/2025-2026/190830-Purchase of smart boards, visual display units and projectors","Tamil Nadu","CHENGALPATTU(District Collector Chengalpattu_IDA)","Purchasing of smart class room (2) equipment for GGHSS Acharapakkam Town Panchayat","Ganesan Selvam","KANCHEEPURAM(SC)","Images","01-Sep-2025","400000"
"759","Normal/Others","WS/MP743/2025-2026/190831-Purchase of smart boards, visual display units and projectors","Tamil Nadu","CHENGALPATTU(District Collector Chengalpattu_IDA)","Purchasing of smart class room (2) equipment for GGHSS School Maduranthakam Municipality","Ganesan Selvam","KANCHEEPURAM(SC)","Images","01-Sep-2025","400000"
"760","Normal/Others","WS/MP743/2025-2026/190832-Purchase of smart boards, visual display units and projectors","Tamil Nadu","CHENGALPATTU(District Collector Chengalpattu_IDA)","Purchasing of smart class room (2) equipment for GHSS Vedanthangal Panchayat, Acharapakkam Panchayat Union.","Ganesan Selvam","KANCHEEPURAM(SC)","Images","01-Sep-2025","400000"
"761","Normal/Others","WS/MP743/2025-2026/190833-Purchase of smart boards, visual display units and projectors","Tamil Nadu","CHENGALPATTU(District Collector Chengalpattu_IDA)","Purchasing of smart class room (2) equipment for GHSS School Endathur, Acharapakkam Panchayat Union.","Ganesan Selvam","KANCHEEPURAM(SC)","Images","01-Sep-2025","400000"
"762","Normal/Others","WS/MP743/2025-2026/190834-Purchase of smart boards, visual display units and projectors","Tamil Nadu","CHENGALPATTU(District Collector Chengalpattu_IDA)","Purchasing of smart class room (2) equipment for GHSS School Elapakkam Panchayat, Acharapakkam Panchayat Union.","Ganesan Selvam","KANCHEEPURAM(SC)","Images","01-Sep-2025","400000"
"763","Normal/Others","WS/MP743/2025-2026/190835-Purchase of smart boards, visual display units and projectors","Tamil Nadu","CHENGALPATTU(District Collector Chengalpattu_IDA)","Purchasing of smart class room (2) equipment for MCSM GHSS, School Padalam Panchayat, Maduranthakam Panchayat Union.","Ganesan Selvam","KANCHEEPURAM(SC)","Images","01-Sep-2025","400000"
"764","Normal/Others","WS/MP743/2025-2026/190836-Purchase of smart boards, visual display units and projectors","Tamil Nadu","CHENGALPATTU(District Collector Chengalpattu_IDA)","Purchasing of smart class room (2) equipment for GHSS Anaicut, Maduranthagam Pancyayat Union.","Ganesan Selvam","KANCHEEPURAM(SC)","Images","04-Sep-2025","400000"
"765","Normal/Others","WS/MP743/2025-2026/190837-Purchase of smart boards, visual display units and projectors","Tamil Nadu","CHENGALPATTU(District Collector Chengalpattu_IDA)","Purchasing of smart class room (2) equipment for GHS Chithalamangalam, Maduranthagam Panchayat Union.","Ganesan Selvam","KANCHEEPURAM(SC)","Images","01-Sep-2025","400000"
"766","Normal/Others","WS/MP743/2025-2026/190838-Purchase of smart boards, visual display units and projectors","Tamil Nadu","CHENGALPATTU(District Collector Chengalpattu_IDA)","Purchasing of smart class room (2) equipment for GHS School Onambakkam, Madurantham Pancyayat Union.","Ganesan Selvam","KANCHEEPURAM(SC)","Images","01-Sep-2025","400000"
"767","Normal/Others","WS/MP743/2025-2026/190839-Purchase of smart boards, visual display units and projectors","Tamil Nadu","CHENGALPATTU(District Collector Chengalpattu_IDA)","Purchasing of smart class room (2) equipment for GHS School 149 Budur, Madurantham Pancyayat Union.","Ganesan Selvam","KANCHEEPURAM(SC)","Images","01-Sep-2025","400000"
"768","Normal/Others","WS/MP743/2025-2026/190841-Purchase of smart boards, visual display units and projectors","Tamil Nadu","CHENGALPATTU(District Collector Chengalpattu_IDA)","Purchasing of smart class room (2) equipment for GGHSS Cheyyur, Lathur Panchayat Union.","Ganesan Selvam","KANCHEEPURAM(SC)","Images","01-Sep-2025","400000"
"769","Normal/Others","WS/MP743/2025-2026/190842-Purchase of smart boards, visual display units and projectors","Tamil Nadu","CHENGALPATTU(District Collector Chengalpattu_IDA)","Purchasing of smart class room (2) equipment for GBHSS, Cheyyur, Lathur Panchayat Union.","Ganesan Selvam","KANCHEEPURAM(SC)","Images","01-Sep-2025","400000"
"770","Normal/Others","WS/MP743/2025-2026/190843-Purchase of smart boards, visual display units and projectors","Tamil Nadu","CHENGALPATTU(District Collector Chengalpattu_IDA)","Purchasing of smart class room (2) equipment for GHSS, Koovathur, Lathur Panchayat Union.","Ganesan Selvam","KANCHEEPURAM(SC)","Images","01-Sep-2025","400000"
"771","Normal/Others","WS/MP743/2025-2026/190844-Purchase of smart boards, visual display units and projectors","Tamil Nadu","CHENGALPATTU(District Collector Chengalpattu_IDA)","Purchasing of smart class room (2) equipment for GHSS, thiruvathur Panchayat","Ganesan Selvam","KANCHEEPURAM(SC)","Images","01-Sep-2025","400000"
"772","Normal/Others","WS/MP743/2025-2026/190845-Purchase of smart boards, visual display units and projectors","Tamil Nadu","CHENGALPATTU(District Collector Chengalpattu_IDA)","Purchasing of smart class room (2) equipment for GHS, Kodur, Lathur Panchayat Union.","Ganesan Selvam","KANCHEEPURAM(SC)","Images","01-Sep-2025","400000"
"773","Normal/Others","WS/MP743/2025-2026/190846-Purchase of smart boards, visual display units and projectors","Tamil Nadu","CHENGALPATTU(District Collector Chengalpattu_IDA)","Purchasing of smart class room (2) equipment for GHS, Neelamangalam Panchayat.","Ganesan Selvam","KANCHEEPURAM(SC)","Images","01-Sep-2025","400000"
"774","Normal/Others","WS/MP743/2025-2026/190848-Purchase of smart boards, visual display units and projectors","Tamil Nadu","CHENGALPATTU(District Collector Chengalpattu_IDA)","Purchasing of smart class room (2) equipment for GHSS, Sothupakkam Panchayat","Ganesan Selvam","KANCHEEPURAM(SC)","Images","01-Sep-2025","400000"
"775","Normal/Others","WS/MP743/2025-2026/190849-Purchase of smart boards, visual display units and projectors","Tamil Nadu","CHENGALPATTU(District Collector Chengalpattu_IDA)","Purchasing of smart class room (2) equipment for GHSS, Polampakkam Panchayat","Ganesan Selvam","KANCHEEPURAM(SC)","Images","01-Sep-2025","400000"
"776","Normal/Others","WS/MP743/2025-2026/190850-Purchase of smart boards, visual display units and projectors","Tamil Nadu","CHENGALPATTU(District Collector Chengalpattu_IDA)","Purchasing of smart class room (2) equipment for GHSS, kayapakkam Panchayat","Ganesan Selvam","KANCHEEPURAM(SC)","Images","01-Sep-2025","400000"
"777","Normal/Others","WS/MP743/2025-2026/190851-Purchase of smart boards, visual display units and projectors","Tamil Nadu","CHENGALPATTU(District Collector Chengalpattu_IDA)","Purchasing of smart class room (2) equipment for GHSS, Chunambedu Panchayat","Ganesan Selvam","KANCHEEPURAM(SC)","Images","01-Sep-2025","400000"
"778","Normal/Others","WS/MP743/2025-2026/190864-Lighting of public spaces","Tamil Nadu","CHENGALPATTU(District Collector Chengalpattu_IDA)","providing High Mast Light at Thuropathi Amman Koil Near, Amainthakaranai Panchayat","Ganesan Selvam","KANCHEEPURAM(SC)","Images","27-Nov-2025","749791"
"779","Normal/Others","WS/MP743/2025-2026/190868-Lighting of public spaces","Tamil Nadu","CHENGALPATTU(District Collector Chengalpattu_IDA)","Providing High Mast Light at Maiyur Panchayat Manthaiveli","Ganesan Selvam","KANCHEEPURAM(SC)","Images","28-Nov-2025","741507"
"780","Normal/Others","WS/MP743/2025-2026/190870-Lighting of public spaces","Tamil Nadu","CHENGALPATTU(District Collector Chengalpattu_IDA)","Providing High Mast Lingh at  Karunilam Panchayat","Ganesan Selvam","KANCHEEPURAM(SC)","Images","18-Nov-2025","749817"
"781","Normal/Others","WS/MP743/2025-2026/190871-Lighting of public spaces","Tamil Nadu","CHENGALPATTU(District Collector Chengalpattu_IDA)","Providing High Mast Light at Pattaravakkam Panchayat","Ganesan Selvam","KANCHEEPURAM(SC)","Images","18-Nov-2025","749817"
"782","Normal/Others","WS/MP743/2025-2026/190872-Lighting of public spaces","Tamil Nadu","CHENGALPATTU(District Collector Chengalpattu_IDA)","Providing High Mast Light at Pazhaveli Panchayat","Ganesan Selvam","KANCHEEPURAM(SC)","Images","18-Nov-2025","749817"
"783","Normal/Others","WS/MP743/2025-2026/190873-Construction of bus-sheds or bus-stops","Tamil Nadu","CHENGALPATTU(District Collector Chengalpattu_IDA)","Vandalur Zoo Near Bus Shellter","Ganesan Selvam","KANCHEEPURAM(SC)","Images","21-Jan-2026","992927"
"784","Normal/Others","WS/MP743/2025-2026/190874-Construction of roads, link roads, pathways or any other road with or without drainage system","Tamil Nadu","CHENGALPATTU(District Collector Chengalpattu_IDA)","Construction of CC Road at Bairavar Kovil Street, Vembedu Panchayat","Ganesan Selvam","KANCHEEPURAM(SC)","Images","17-Nov-2025","999474"
"785","Normal/Others","WS/MP743/2025-2026/190875-Construction of bus-sheds or bus-stops","Tamil Nadu","CHENGALPATTU(District Collector Chengalpattu_IDA)","Construction of Bus Shellter at Manamathy Panchayat","Ganesan Selvam","KANCHEEPURAM(SC)","Images","14-Jan-2026","649422"
"786","Normal/Others","WS/MP743/2025-2026/190876-Construction of community centers and community halls","Tamil Nadu","CHENGALPATTU(District Collector Chengalpattu_IDA)","Construction of PDS Building at Padur Panchayat","Ganesan Selvam","KANCHEEPURAM(SC)","Images","19-Jan-2026","1345986"
"787","Normal/Others","WS/MP743/2025-2026/191319-Purchase of books and periodicals for libraries/digitization of library books","Tamil Nadu","CHENGALPATTU(District Collector Chengalpattu_IDA)","Purchase of Books for PUMS Unamancheri","Ganesan Selvam","KANCHEEPURAM(SC)","Images","27-Sep-2025","10000"
"788","Normal/Others","WS/MP743/2025-2026/191320-Purchase of books and periodicals for libraries/digitization of library books","Tamil Nadu","CHENGALPATTU(District Collector Chengalpattu_IDA)","Purchase of Books for PUMS, Perumattunallur","Ganesan Selvam","KANCHEEPURAM(SC)","Images","27-Sep-2025","10000"
"789","Normal/Others","WS/MP743/2025-2026/191321-Purchase of books and periodicals for libraries/digitization of library books","Tamil Nadu","CHENGALPATTU(District Collector Chengalpattu_IDA)","Purchase of Books for PUMS Keerapakkam","Ganesan Selvam","KANCHEEPURAM(SC)","Images","27-Sep-2025","10000"
"790","Normal/Others","WS/MP743/2025-2026/191322-Purchase of books and periodicals for libraries/digitization of library books","Tamil Nadu","CHENGALPATTU(District Collector Chengalpattu_IDA)","Purchase of Books for Nallambakkam","Ganesan Selvam","KANCHEEPURAM(SC)","Images","27-Sep-2025","10000"
"791","Normal/Others","WS/MP743/2025-2026/191323-Purchase of books and periodicals for libraries/digitization of library books","Tamil Nadu","CHENGALPATTU(District Collector Chengalpattu_IDA)","Purchase of Books for PUMS Kalvoy","Ganesan Selvam","KANCHEEPURAM(SC)","Images","27-Sep-2025","10000"
"792","Normal/Others","WS/MP743/2025-2026/191324-Purchase of books and periodicals for libraries/digitization of library books","Tamil Nadu","CHENGALPATTU(District Collector Chengalpattu_IDA)","Puchase of Books for PUMS Melkalovy","Ganesan Selvam","KANCHEEPURAM(SC)","Images","27-Sep-2025","10000"
"793","Normal/Others","WS/MP743/2025-2026/191325-Purchase of books and periodicals for libraries/digitization of library books","Tamil Nadu","CHENGALPATTU(District Collector Chengalpattu_IDA)","Purchase of books PUMS at Appur","Ganesan Selvam","KANCHEEPURAM(SC)","Images","27-Sep-2025","10000"
"794","Normal/Others","WS/MP743/2025-2026/191326-Purchase of books and periodicals for libraries/digitization of library books","Tamil Nadu","CHENGALPATTU(District Collector Chengalpattu_IDA)","Purchase of books for Guruvanmedu","Ganesan Selvam","KANCHEEPURAM(SC)","Images","27-Sep-2025","10000"
"795","Normal/Others","WS/MP743/2025-2026/191327-Purchase of books and periodicals for libraries/digitization of library books","Tamil Nadu","CHENGALPATTU(District Collector Chengalpattu_IDA)","Puchase of Books for PUMS KONGANANCHERY","Ganesan Selvam","KANCHEEPURAM(SC)","Images","27-Sep-2025","10000"
"796","Normal/Others","WS/MP743/2025-2026/191328-Purchase of books and periodicals for libraries/digitization of library books","Tamil Nadu","CHENGALPATTU(District Collector Chengalpattu_IDA)","Puchase of Books for PUMS Reddipalayam","Ganesan Selvam","KANCHEEPURAM(SC)","Images","27-Sep-2025","10000"
"797","Normal/Others","WS/MP743/2025-2026/191329-Purchase of books and periodicals for libraries/digitization of library books","Tamil Nadu","CHENGALPATTU(District Collector Chengalpattu_IDA)","Puchase of Books for PUMS Melacheri, Kattankolathur village","Ganesan Selvam","KANCHEEPURAM(SC)","Images","27-Sep-2025","10000"
"798","Normal/Others","WS/MP743/2025-2026/191334-Purchase of books and periodicals for libraries/digitization of library books","Tamil Nadu","CHENGALPATTU(District Collector Chengalpattu_IDA)","Puchase of Books for PUMS Villiyambakkam","Ganesan Selvam","KANCHEEPURAM(SC)","Images","27-Sep-2025","10000"
"799","Normal/Others","WS/MP743/2025-2026/191336-Purchase of books and periodicals for libraries/digitization of library books","Tamil Nadu","CHENGALPATTU(District Collector Chengalpattu_IDA)","Puchase of Books for PUMS Athur","Ganesan Selvam","KANCHEEPURAM(SC)","Images","27-Sep-2025","10000"
"800","Normal/Others","WS/MP743/2025-2026/191337-Purchase of books and periodicals for libraries/digitization of library books","Tamil Nadu","CHENGALPATTU(District Collector Chengalpattu_IDA)","Puchase of Books for PUMS Chettipunyam","Ganesan Selvam","KANCHEEPURAM(SC)","Images","27-Sep-2025","10000"
"801","Normal/Others","WS/MP743/2025-2026/191339-Purchase of books and periodicals for libraries/digitization of library books","Tamil Nadu","CHENGALPATTU(District Collector Chengalpattu_IDA)","Puchase of Books for ADWPS Kilambakkam","Ganesan Selvam","KANCHEEPURAM(SC)","Images","27-Sep-2025","10000"
"802","Normal/Others","WS/MP743/2025-2026/191341-Purchase of books and periodicals for libraries/digitization of library books","Tamil Nadu","CHENGALPATTU(District Collector Chengalpattu_IDA)","Puchase of Books for ADWPS Mannivakkam","Ganesan Selvam","KANCHEEPURAM(SC)","Images","27-Sep-2025","10000"
"803","Normal/Others","WS/MP743/2025-2026/191345-Purchase of books and periodicals for libraries/digitization of library books","Tamil Nadu","CHENGALPATTU(District Collector Chengalpattu_IDA)","Puchase of Books for PUPS Otteri Extentsion","Ganesan Selvam","KANCHEEPURAM(SC)","Images","27-Sep-2025","10000"
"804","Normal/Others","WS/MP743/2025-2026/191347-Purchase of books and periodicals for libraries/digitization of library books","Tamil Nadu","CHENGALPATTU(District Collector Chengalpattu_IDA)","Puchase of Books for ADWMS Nandhivaram","Ganesan Selvam","KANCHEEPURAM(SC)","Images","27-Sep-2025","10000"
"805","Normal/Others","WS/MP743/2025-2026/191348-Purchase of books and periodicals for libraries/digitization of library books","Tamil Nadu","CHENGALPATTU(District Collector Chengalpattu_IDA)","Puchase of Books for PUPS KAYARAMBEDU","Ganesan Selvam","KANCHEEPURAM(SC)","Images","27-Sep-2025","10000"
"806","Normal/Others","WS/MP743/2025-2026/191351-Purchase of books and periodicals for libraries/digitization of library books","Tamil Nadu","CHENGALPATTU(District Collector Chengalpattu_IDA)","Puchase of Books for PUPS MANNIVAKKAM","Ganesan Selvam","KANCHEEPURAM(SC)","Images","27-Sep-2025","10000"
"807","Normal/Others","WS/MP743/2025-2026/191354-Purchase of books and periodicals for libraries/digitization of library books","Tamil Nadu","CHENGALPATTU(District Collector Chengalpattu_IDA)","Puchase of Books for PUPS, Nandhivaram","Ganesan Selvam","KANCHEEPURAM(SC)","Images","27-Sep-2025","10000"
"808","Normal/Others","WS/MP743/2025-2026/191355-Purchase of books and periodicals for libraries/digitization of library books","Tamil Nadu","CHENGALPATTU(District Collector Chengalpattu_IDA)","Puchase of Books for PUPS, Asthinapuram","Ganesan Selvam","KANCHEEPURAM(SC)","Images","27-Sep-2025","10000"
"809","Normal/Others","WS/MP743/2025-2026/191356-Purchase of books and periodicals for libraries/digitization of library books","Tamil Nadu","CHENGALPATTU(District Collector Chengalpattu_IDA)","Puchase of Books for PUPS, Palur","Ganesan Selvam","KANCHEEPURAM(SC)","Images","27-Sep-2025","10000"
"810","Normal/Others","WS/MP743/2025-2026/191357-Purchase of books and periodicals for libraries/digitization of library books","Tamil Nadu","CHENGALPATTU(District Collector Chengalpattu_IDA)","Puchase of Books for ADWPS Palur","Ganesan Selvam","KANCHEEPURAM(SC)","Images","27-Sep-2025","10000"
"811","Normal/Others","WS/MP743/2025-2026/191358-Purchase of books and periodicals for libraries/digitization of library books","Tamil Nadu","CHENGALPATTU(District Collector Chengalpattu_IDA)","Puchase of Books for PUPS Vadapathi","Ganesan Selvam","KANCHEEPURAM(SC)","Images","27-Sep-2025","10000"
"812","Normal/Others","WS/MP743/2025-2026/191360-Purchase of books and periodicals for libraries/digitization of library books","Tamil Nadu","CHENGALPATTU(District Collector Chengalpattu_IDA)","Puchase of Books for MMS Vadamalai","Ganesan Selvam","KANCHEEPURAM(SC)","Images","27-Sep-2025","10000"
"813","Normal/Others","WS/MP743/2025-2026/191362-Purchase of books and periodicals for libraries/digitization of library books","Tamil Nadu","CHENGALPATTU(District Collector Chengalpattu_IDA)","Puchase of Books for PUPS PAZHAVELI","Ganesan Selvam","KANCHEEPURAM(SC)","Images","27-Sep-2025","10000"
"814","Normal/Others","WS/MP743/2025-2026/191363-Purchase of books and periodicals for libraries/digitization of library books","Tamil Nadu","CHENGALPATTU(District Collector Chengalpattu_IDA)","Puchase of Books for PUPS VADAGAL","Ganesan Selvam","KANCHEEPURAM(SC)","Images","27-Sep-2025","10000"
"815","Normal/Others","WS/MP743/2025-2026/191364-Purchase of books and periodicals for libraries/digitization of library books","Tamil Nadu","CHENGALPATTU(District Collector Chengalpattu_IDA)","Puchase of Books for ADWMS, Ozhalur village","Ganesan Selvam","KANCHEEPURAM(SC)","Images","27-Sep-2025","10000"
"816","Normal/Others","WS/MP743/2025-2026/191365-Purchase of books and periodicals for libraries/digitization of library books","Tamil Nadu","CHENGALPATTU(District Collector Chengalpattu_IDA)","Puchase of Books for PUPS, Ozhalur","Ganesan Selvam","KANCHEEPURAM(SC)","Images","27-Sep-2025","10000"
"817","Normal/Others","WS/MP743/2025-2026/191366-Purchase of books and periodicals for libraries/digitization of library books","Tamil Nadu","CHENGALPATTU(District Collector Chengalpattu_IDA)","Puchase of Books for PUMS, Guduvancheri Village","Ganesan Selvam","KANCHEEPURAM(SC)","Images","27-Sep-2025","10000"
"818","Normal/Others","WS/MP743/2025-2026/191367-Purchase of books and periodicals for libraries/digitization of library books","Tamil Nadu","CHENGALPATTU(District Collector Chengalpattu_IDA)","Puchase of Books for PUPS, Kannivakkam","Ganesan Selvam","KANCHEEPURAM(SC)","Images","27-Sep-2025","10000"
"819","Normal/Others","WS/MP743/2025-2026/191368-Purchase of books and periodicals for libraries/digitization of library books","Tamil Nadu","CHENGALPATTU(District Collector Chengalpattu_IDA)","Puchase of Books for PUPS, Karanaipuducheri","Ganesan Selvam","KANCHEEPURAM(SC)","Images","27-Sep-2025","10000"
"820","Normal/Others","WS/MP743/2025-2026/191369-Purchase of books and periodicals for libraries/digitization of library books","Tamil Nadu","CHENGALPATTU(District Collector Chengalpattu_IDA)","Puchase of Books for PUPS, Kumizhi","Ganesan Selvam","KANCHEEPURAM(SC)","Images","27-Sep-2025","10000"
"821","Normal/Others","WS/MP743/2025-2026/191370-Purchase of books and periodicals for libraries/digitization of library books","Tamil Nadu","CHENGALPATTU(District Collector Chengalpattu_IDA)","Puchase of Books for PUPS, Pandur","Ganesan Selvam","KANCHEEPURAM(SC)","Images","27-Sep-2025","10000"
"822","Normal/Others","WS/MP743/2025-2026/191372-Purchase of books and periodicals for libraries/digitization of library books","Tamil Nadu","CHENGALPATTU(District Collector Chengalpattu_IDA)","Puchase of Books for PUPS, Kattankolathur","Ganesan Selvam","KANCHEEPURAM(SC)","Images","27-Sep-2025","10000"
"823","Normal/Others","WS/MP743/2025-2026/191373-Purchase of books and periodicals for libraries/digitization of library books","Tamil Nadu","CHENGALPATTU(District Collector Chengalpattu_IDA)","Puchase of Books for PUPS, Peramanur","Ganesan Selvam","KANCHEEPURAM(SC)","Images","27-Sep-2025","10000"
"824","Normal/Others","WS/MP743/2025-2026/191374-Purchase of books and periodicals for libraries/digitization of library books","Tamil Nadu","CHENGALPATTU(District Collector Chengalpattu_IDA)","Puchase of Books for PUPS Peramanur Anna Nagar","Ganesan Selvam","KANCHEEPURAM(SC)","Images","27-Sep-2025","10000"
"825","Normal/Others","WS/MP743/2025-2026/191375-Purchase of books and periodicals for libraries/digitization of library books","Tamil Nadu","CHENGALPATTU(District Collector Chengalpattu_IDA)","Puchase of Books for PUPS, Sattamangalam","Ganesan Selvam","KANCHEEPURAM(SC)","Images","27-Sep-2025","10000"
"826","Normal/Others","WS/MP743/2025-2026/191377-Purchase of books and periodicals for libraries/digitization of library books","Tamil Nadu","CHENGALPATTU(District Collector Chengalpattu_IDA)","Puchase of Books for PUPS, Thirukatchur","Ganesan Selvam","KANCHEEPURAM(SC)","Images","27-Sep-2025","10000"
"827","Normal/Others","WS/MP743/2025-2026/191378-Purchase of books and periodicals for libraries/digitization of library books","Tamil Nadu","CHENGALPATTU(District Collector Chengalpattu_IDA)","Puchase of Books for PUMS, 9 Alapakkam","Ganesan Selvam","KANCHEEPURAM(SC)","Images","27-Sep-2025","10000"
"828","Normal/Others","WS/MP743/2025-2026/191791-Purchase of books and periodicals for libraries/digitization of library books","Tamil Nadu","CHENGALPATTU(District Collector Chengalpattu_IDA)","Puchase of Books for PUPS Kandigai","Ganesan Selvam","KANCHEEPURAM(SC)","Images","27-Sep-2025","10000"
"829","Normal/Others","WS/MP743/2025-2026/191793-Purchase of books and periodicals for libraries/digitization of library books","Tamil Nadu","CHENGALPATTU(District Collector Chengalpattu_IDA)","Puchase of Books for PUPS, Kolapakkam","Ganesan Selvam","KANCHEEPURAM(SC)","Images","27-Sep-2025","10000"
"830","Normal/Others","WS/MP743/2025-2026/191794-Purchase of books and periodicals for libraries/digitization of library books","Tamil Nadu","CHENGALPATTU(District Collector Chengalpattu_IDA)","Puchase of Books for PUPS, RATTINAMANGALAM","Ganesan Selvam","KANCHEEPURAM(SC)","Images","27-Sep-2025","10000"
"831","Normal/Others","WS/MP743/2025-2026/191795-Purchase of books and periodicals for libraries/digitization of library books","Tamil Nadu","CHENGALPATTU(District Collector Chengalpattu_IDA)","Puchase of Books for PUPS, Vengadamangalam","Ganesan Selvam","KANCHEEPURAM(SC)","Images","27-Sep-2025","10000"
"832","Normal/Others","WS/MP743/2025-2026/191797-Purchase of books and periodicals for libraries/digitization of library books","Tamil Nadu","CHENGALPATTU(District Collector Chengalpattu_IDA)","Puchase of Books for Vallam","Ganesan Selvam","KANCHEEPURAM(SC)","Images","27-Sep-2025","10000"
"833","Normal/Others","WS/MP743/2025-2026/191798-Purchase of books and periodicals for libraries/digitization of library books","Tamil Nadu","CHENGALPATTU(District Collector Chengalpattu_IDA)","Puchase of Books for PUMS Vallam","Ganesan Selvam","KANCHEEPURAM(SC)","Images","27-Sep-2025","10000"
"834","Normal/Others","WS/MP743/2025-2026/191799-Purchase of books and periodicals for libraries/digitization of library books","Tamil Nadu","CHENGALPATTU(District Collector Chengalpattu_IDA)","Puchase of Books for PUMS ANOOR","Ganesan Selvam","KANCHEEPURAM(SC)","Images","27-Sep-2025","10000"
"835","Normal/Others","WS/MP743/2025-2026/191800-Purchase of books and periodicals for libraries/digitization of library books","Tamil Nadu","CHENGALPATTU(District Collector Chengalpattu_IDA)","Puchase of Books for PUMS KILAPAKKAM","Ganesan Selvam","KANCHEEPURAM(SC)","Images","27-Sep-2025","10000"
"836","Normal/Others","WS/MP743/2025-2026/191920-Purchase of books and periodicals for libraries/digitization of library books","Tamil Nadu","CHENGALPATTU(District Collector Chengalpattu_IDA)","Purchase of Books for PUMS Vadakadampadi","Ganesan Selvam","KANCHEEPURAM(SC)","Images","27-Sep-2025","10000"
"837","Normal/Others","WS/MP743/2025-2026/191921-Purchase of books and periodicals for libraries/digitization of library books","Tamil Nadu","CHENGALPATTU(District Collector Chengalpattu_IDA)","Purchase of Books for PUMS kadambady","Ganesan Selvam","KANCHEEPURAM(SC)","Images","27-Sep-2025","10000"
"838","Normal/Others","WS/MP743/2025-2026/191922-Purchase of books and periodicals for libraries/digitization of library books","Tamil Nadu","CHENGALPATTU(District Collector Chengalpattu_IDA)","Purchase of Books for PUMS Kunnavakkam","Ganesan Selvam","KANCHEEPURAM(SC)","Images","27-Sep-2025","10000"
"839","Normal/Others","WS/MP743/2025-2026/191923-Purchase of books and periodicals for libraries/digitization of library books","Tamil Nadu","CHENGALPATTU(District Collector Chengalpattu_IDA)","Purchase of Books for PUMS Mullakolathur","Ganesan Selvam","KANCHEEPURAM(SC)","Images","27-Sep-2025","10000"
"840","Normal/Others","WS/MP743/2025-2026/191924-Purchase of books and periodicals for libraries/digitization of library books","Tamil Nadu","CHENGALPATTU(District Collector Chengalpattu_IDA)","Purchase of Books for PUMS Kunnathur","Ganesan Selvam","KANCHEEPURAM(SC)","Images","27-Sep-2025","10000"
"841","Normal/Others","WS/MP743/2025-2026/191925-Purchase of books and periodicals for libraries/digitization of library books","Tamil Nadu","CHENGALPATTU(District Collector Chengalpattu_IDA)","Purchase of Books for PUMS Sadurangapattinam","Ganesan Selvam","KANCHEEPURAM(SC)","Images","27-Sep-2025","10000"
"842","Normal/Others","WS/MP743/2025-2026/191926-Purchase of books and periodicals for libraries/digitization of library books","Tamil Nadu","CHENGALPATTU(District Collector Chengalpattu_IDA)","Purchase of Books for PUMS Vitlapuram","Ganesan Selvam","KANCHEEPURAM(SC)","Images","27-Sep-2025","10000"
"843","Normal/Others","WS/MP743/2025-2026/191927-Purchase of books and periodicals for libraries/digitization of library books","Tamil Nadu","CHENGALPATTU(District Collector Chengalpattu_IDA)","Purchase of Books for PUPS Kolathancheri","Ganesan Selvam","KANCHEEPURAM(SC)","Images","27-Sep-2025","10000"
"844","Normal/Others","WS/MP743/2025-2026/191929-Purchase of books and periodicals for libraries/digitization of library books","Tamil Nadu","CHENGALPATTU(District Collector Chengalpattu_IDA)","Purchase of Books for PUPS Moolakakalani","Ganesan Selvam","KANCHEEPURAM(SC)","Images","27-Sep-2025","10000"
"845","Normal/Others","WS/MP743/2025-2026/191930-Purchase of books and periodicals for libraries/digitization of library books","Tamil Nadu","CHENGALPATTU(District Collector Chengalpattu_IDA)","Purchase of Books for PUMS Vembakkam","Ganesan Selvam","KANCHEEPURAM(SC)","Images","27-Sep-2025","10000"
"846","Normal/Others","WS/MP743/2025-2026/191931-Purchase of books and periodicals for libraries/digitization of library books","Tamil Nadu","CHENGALPATTU(District Collector Chengalpattu_IDA)","Purchase of Books for PUPS Anna Ambetkar Nagar","Ganesan Selvam","KANCHEEPURAM(SC)","Images","27-Sep-2025","10000"
"847","Normal/Others","WS/MP743/2025-2026/192816-Purchase of books and periodicals for libraries/digitization of library books","Tamil Nadu","CHENGALPATTU(District Collector Chengalpattu_IDA)","Purchase of Books for GHSS Kunnankulathur","Ganesan Selvam","KANCHEEPURAM(SC)","Images","07-Jan-2026","25000"
"848","Normal/Others","WS/MP743/2025-2026/192839-Purchase of books and periodicals for libraries/digitization of library books","Tamil Nadu","CHENGALPATTU(District Collector Chengalpattu_IDA)","Purchase of Books for MCSM HSS Padalam","Ganesan Selvam","KANCHEEPURAM(SC)","Images","07-Jan-2026","25000"
"849","Normal/Others","WS/MP743/2025-2026/192844-Purchase of books and periodicals for libraries/digitization of library books","Tamil Nadu","CHENGALPATTU(District Collector Chengalpattu_IDA)","Purchase of Books for GHSS Veeranakunnam","Ganesan Selvam","KANCHEEPURAM(SC)","Images","07-Jan-2026","25000"
"850","Normal/Others","WS/MP743/2025-2026/192846-Purchase of books and periodicals for libraries/digitization of library books","Tamil Nadu","CHENGALPATTU(District Collector Chengalpattu_IDA)","Purchase of Books for GHSS(G) Maduranthagam","Ganesan Selvam","KANCHEEPURAM(SC)","Images","07-Jan-2026","25000"
"851","Normal/Others","WS/MP743/2025-2026/192850-Purchase of books and periodicals for libraries/digitization of library books","Tamil Nadu","CHENGALPATTU(District Collector Chengalpattu_IDA)","Purchase of Books for GHSS Kaurnguzhi","Ganesan Selvam","KANCHEEPURAM(SC)","Images","07-Jan-2026","25000"
"852","Normal/Others","WS/MP743/2025-2026/192851-Purchase of books and periodicals for libraries/digitization of library books","Tamil Nadu","CHENGALPATTU(District Collector Chengalpattu_IDA)","Purchase of Books for GHSS PANDUR","Ganesan Selvam","KANCHEEPURAM(SC)","Images","07-Jan-2026","25000"
"853","Normal/Others","WS/MP743/2025-2026/192875-Purchase of books and periodicals for libraries/digitization of library books","Tamil Nadu","CHENGALPATTU(District Collector Chengalpattu_IDA)","Purchase of Books for GHSS (BOYS) Thirukalukundram","Ganesan Selvam","KANCHEEPURAM(SC)","Images","07-Jan-2026","25000"
"854","Normal/Others","WS/MP743/2025-2026/192876-Purchase of books and periodicals for libraries/digitization of library books","Tamil Nadu","CHENGALPATTU(District Collector Chengalpattu_IDA)","Purchase of Books for ADWHSS MANAMAI","Ganesan Selvam","KANCHEEPURAM(SC)","Images","07-Jan-2026","25000"
"855","Normal/Others","WS/MP743/2025-2026/192877-Purchase of books and periodicals for libraries/digitization of library books","Tamil Nadu","CHENGALPATTU(District Collector Chengalpattu_IDA)","Purchase of Books for GHSS vengampakkam","Ganesan Selvam","KANCHEEPURAM(SC)","Images","07-Jan-2026","25000"
"856","Normal/Others","WS/MP743/2025-2026/192878-Purchase of books and periodicals for libraries/digitization of library books","Tamil Nadu","CHENGALPATTU(District Collector Chengalpattu_IDA)","Purchase of Books for GHSS Sadurangapattinam","Ganesan Selvam","KANCHEEPURAM(SC)","Images","07-Jan-2026","25000"
"857","Normal/Others","WS/MP743/2025-2026/192880-Purchase of books and periodicals for libraries/digitization of library books","Tamil Nadu","CHENGALPATTU(District Collector Chengalpattu_IDA)","Purchase of Books for GHSS Voyalur","Ganesan Selvam","KANCHEEPURAM(SC)","Images","07-Jan-2026","25000"
"858","Normal/Others","WS/MP743/2025-2026/192881-Purchase of books and periodicals for libraries/digitization of library books","Tamil Nadu","CHENGALPATTU(District Collector Chengalpattu_IDA)","Purchase of Books for GHSS(G) Thirukalukundram","Ganesan Selvam","KANCHEEPURAM(SC)","Images","07-Jan-2026","25000"
"859","Normal/Others","WS/MP743/2025-2026/192882-Purchase of books and periodicals for libraries/digitization of library books","Tamil Nadu","CHENGALPATTU(District Collector Chengalpattu_IDA)","Purchase of Books for ADWHSS, Kilambakkam","Ganesan Selvam","KANCHEEPURAM(SC)","Images","07-Jan-2026","25000"
"860","Normal/Others","WS/MP743/2025-2026/192884-Purchase of books and periodicals for libraries/digitization of library books","Tamil Nadu","CHENGALPATTU(District Collector Chengalpattu_IDA)","Purchase of Books for GHS Mannivakkam","Ganesan Selvam","KANCHEEPURAM(SC)","Images","07-Jan-2026","25000"
"861","Normal/Others","WS/MP743/2025-2026/192886-Purchase of books and periodicals for libraries/digitization of library books","Tamil Nadu","CHENGALPATTU(District Collector Chengalpattu_IDA)","Purchase of Books for GHSS Otteri Extension","Ganesan Selvam","KANCHEEPURAM(SC)","Images","08-Jan-2026","25000"
"862","Normal/Others","WS/MP743/2025-2026/192887-Purchase of books and periodicals for libraries/digitization of library books","Tamil Nadu","CHENGALPATTU(District Collector Chengalpattu_IDA)","Purchase of Books for GHS Kayarambedu","Ganesan Selvam","KANCHEEPURAM(SC)","Images","08-Jan-2026","25000"
"863","Normal/Others","WS/MP743/2025-2026/192893-Purchase of books and periodicals for libraries/digitization of library books","Tamil Nadu","CHENGALPATTU(District Collector Chengalpattu_IDA)","Purchase of Books for ADWHSS, PALUR","Ganesan Selvam","KANCHEEPURAM(SC)","Images","08-Jan-2026","25000"
"864","Normal/Others","WS/MP743/2025-2026/192894-Purchase of books and periodicals for libraries/digitization of library books","Tamil Nadu","CHENGALPATTU(District Collector Chengalpattu_IDA)","Purchase of Books for GHSS (GIRLS) CHENGALPATTU","Ganesan Selvam","KANCHEEPURAM(SC)","Images","08-Jan-2026","25000"
"865","Normal/Others","WS/MP743/2025-2026/192896-Purchase of books and periodicals for libraries/digitization of library books","Tamil Nadu","CHENGALPATTU(District Collector Chengalpattu_IDA)","Purchase of Books for GHS ASTHINAPURAM","Ganesan Selvam","KANCHEEPURAM(SC)","Images","08-Jan-2026","25000"
"866","Normal/Others","WS/MP743/2025-2026/193285-Purchase of books and periodicals for libraries/digitization of library books","Tamil Nadu","CHENGALPATTU(District Collector Chengalpattu_IDA)","Purchase of Books for GHS Karanai Puducheri","Ganesan Selvam","KANCHEEPURAM(SC)","Images","08-Jan-2026","25000"
"867","Normal/Others","WS/MP743/2025-2026/193286-Purchase of books and periodicals for libraries/digitization of library books","Tamil Nadu","CHENGALPATTU(District Collector Chengalpattu_IDA)","Purchase of Books for GHS Kumizhi","Ganesan Selvam","KANCHEEPURAM(SC)","Images","08-Jan-2026","25000"
"868","Normal/Others","WS/MP743/2025-2026/193288-Purchase of books and periodicals for libraries/digitization of library books","Tamil Nadu","CHENGALPATTU(District Collector Chengalpattu_IDA)","Purchase of Books for GHSS (Boys) Nandhivaram","Ganesan Selvam","KANCHEEPURAM(SC)","Images","07-Jan-2026","25000"
"869","Normal/Others","WS/MP743/2025-2026/193290-Purchase of books and periodicals for libraries/digitization of library books","Tamil Nadu","CHENGALPATTU(District Collector Chengalpattu_IDA)","Purchase of Books for GHSS (GIRLS) Nandhivaram","Ganesan Selvam","KANCHEEPURAM(SC)","Images","08-Jan-2026","25000"
"870","Normal/Others","WS/MP743/2025-2026/193291-Purchase of books and periodicals for libraries/digitization of library books","Tamil Nadu","CHENGALPATTU(District Collector Chengalpattu_IDA)","Purchase of Books for GHS Kattankolathur","Ganesan Selvam","KANCHEEPURAM(SC)","Images","08-Jan-2026","25000"
"871","Normal/Others","WS/MP743/2025-2026/193293-Purchase of books and periodicals for libraries/digitization of library books","Tamil Nadu","CHENGALPATTU(District Collector Chengalpattu_IDA)","Purchase of Books for GHS Peramanur","Ganesan Selvam","KANCHEEPURAM(SC)","Images","08-Jan-2026","25000"
"872","Normal/Others","WS/MP743/2025-2026/193294-Purchase of books and periodicals for libraries/digitization of library books","Tamil Nadu","CHENGALPATTU(District Collector Chengalpattu_IDA)","Purchase of Books for GHSS Singaperumalkoil","Ganesan Selvam","KANCHEEPURAM(SC)","Images","08-Jan-2026","25000"
"873","Normal/Others","WS/MP743/2025-2026/193296-Purchase of books and periodicals for libraries/digitization of library books","Tamil Nadu","CHENGALPATTU(District Collector Chengalpattu_IDA)","Purchase of Books for GHS Kandigai","Ganesan Selvam","KANCHEEPURAM(SC)","Images","08-Jan-2026","25000"
"874","Normal/Others","WS/MP743/2025-2026/193298-Purchase of books and periodicals for libraries/digitization of library books","Tamil Nadu","CHENGALPATTU(District Collector Chengalpattu_IDA)","Purchase of Books for GHS Kolapakkam","Ganesan Selvam","KANCHEEPURAM(SC)","Images","08-Jan-2026","25000"
"875","Normal/Others","WS/MP743/2025-2026/193299-Purchase of books and periodicals for libraries/digitization of library books","Tamil Nadu","CHENGALPATTU(District Collector Chengalpattu_IDA)","Purchase of Books for GHS Rathinamangalam","Ganesan Selvam","KANCHEEPURAM(SC)","Images","08-Jan-2026","25000"
"876","Normal/Others","WS/MP743/2025-2026/193343-Purchase of books and periodicals for libraries/digitization of library books","Tamil Nadu","CHENGALPATTU(District Collector Chengalpattu_IDA)","Purchase of Books for GHS Karunilam","Ganesan Selvam","KANCHEEPURAM(SC)","Images","08-Jan-2026","25000"
"877","Normal/Others","WS/MP743/2025-2026/193349-Purchase of books and periodicals for libraries/digitization of library books","Tamil Nadu","CHENGALPATTU(District Collector Chengalpattu_IDA)","Purchase of Books for GHS Thirukatchur","Ganesan Selvam","KANCHEEPURAM(SC)","Images","08-Jan-2026","25000"
"878","Normal/Others","WS/MP743/2025-2026/193351-Purchase of books and periodicals for libraries/digitization of library books","Tamil Nadu","CHENGALPATTU(District Collector Chengalpattu_IDA)","Purchase of Books for GHS MM Nagar","Ganesan Selvam","KANCHEEPURAM(SC)","Images","08-Jan-2026","25000"
"879","Normal/Others","WS/MP743/2025-2026/195553-Purchase of books and periodicals for libraries/digitization of library books","Tamil Nadu","CHENGALPATTU(District Collector Chengalpattu_IDA)","Purchase of Books for Branch library sembakkam kulakarai street","Ganesan Selvam","KANCHEEPURAM(SC)","Images","29-Aug-2025","50000"
"880","Normal/Others","WS/MP743/2025-2026/195554-Purchase of books and periodicals for libraries/digitization of library books","Tamil Nadu","CHENGALPATTU(District Collector Chengalpattu_IDA)","Purchase of Books for Branch library Mamallapuram","Ganesan Selvam","KANCHEEPURAM(SC)","Images","29-Aug-2025","50000"
"881","Normal/Others","WS/MP743/2025-2026/195555-Purchase of books and periodicals for libraries/digitization of library books","Tamil Nadu","CHENGALPATTU(District Collector Chengalpattu_IDA)","Purchase of Books for Branch library Nesco Joint Kalpakkam","Ganesan Selvam","KANCHEEPURAM(SC)","Images","29-Aug-2025","50000"
"882","Normal/Others","WS/MP743/2025-2026/195569-Purchase of books and periodicals for libraries/digitization of library books","Tamil Nadu","CHENGALPATTU(District Collector Chengalpattu_IDA)","Purchase of Books and periodicals for Branch library Othavadai street, Karunkuzhi panchayat","Ganesan Selvam","KANCHEEPURAM(SC)","Images","29-Aug-2025","50000"
"883","Normal/Others","WS/MP743/2025-2026/195570-Purchase of books and periodicals for libraries/digitization of library books","Tamil Nadu","CHENGALPATTU(District Collector Chengalpattu_IDA)","Purchase of Books and periodicals for Branch library Kadalurgramam","Ganesan Selvam","KANCHEEPURAM(SC)","Images","29-Aug-2025","50000"
"884","Normal/Others","WS/MP743/2025-2026/195571-Purchase of books and periodicals for libraries/digitization of library books","Tamil Nadu","CHENGALPATTU(District Collector Chengalpattu_IDA)","Purchase of Books and periodicals for Branch library Kalaignar nagar Mannivakam","Ganesan Selvam","KANCHEEPURAM(SC)","Images","29-Aug-2025","50000"
"885","Normal/Others","WS/MP743/2025-2026/195572-Purchase of books and periodicals for libraries/digitization of library books","Tamil Nadu","CHENGALPATTU(District Collector Chengalpattu_IDA)","Purchase of Books and periodicals for Branch library Urapakkam","Ganesan Selvam","KANCHEEPURAM(SC)","Images","29-Aug-2025","50000"
"886","Normal/Others","WS/MP743/2025-2026/195574-Purchase of books and periodicals for libraries/digitization of library books","Tamil Nadu","CHENGALPATTU(District Collector Chengalpattu_IDA)","Purchase of Books and periodicals for Branch library Perunkalathur","Ganesan Selvam","KANCHEEPURAM(SC)","Images","29-Aug-2025","50000"
"887","Normal/Others","WS/MP743/2025-2026/195575-Purchase of books and periodicals for libraries/digitization of library books","Tamil Nadu","CHENGALPATTU(District Collector Chengalpattu_IDA)","Purchase of Books and periodicals for Branch library Potheri","Ganesan Selvam","KANCHEEPURAM(SC)","Images","29-Aug-2025","50000"
"888","Normal/Others","WS/MP743/2025-2026/195576-Purchase of books and periodicals for libraries/digitization of library books","Tamil Nadu","CHENGALPATTU(District Collector Chengalpattu_IDA)","Purchase of Books and periodicals for Branch library Guduvancheri","Ganesan Selvam","KANCHEEPURAM(SC)","Images","29-Aug-2025","50000"
"889","Normal/Others","WS/MP743/2025-2026/195577-Purchase of books and periodicals for libraries/digitization of library books","Tamil Nadu","CHENGALPATTU(District Collector Chengalpattu_IDA)","Purchase of Books and periodicals for Branch library nandhivaram Guduvancheri","Ganesan Selvam","KANCHEEPURAM(SC)","Images","29-Aug-2025","50000"
"890","Normal/Others","WS/MP743/2025-2026/195578-Purchase of books and periodicals for libraries/digitization of library books","Tamil Nadu","CHENGALPATTU(District Collector Chengalpattu_IDA)","Purchase of Books and periodicals for Branch library Illalur","Ganesan Selvam","KANCHEEPURAM(SC)","Images","29-Aug-2025","50000"
"891","Normal/Others","WS/MP743/2025-2026/195579-Purchase of books and periodicals for libraries/digitization of library books","Tamil Nadu","CHENGALPATTU(District Collector Chengalpattu_IDA)","Purchase of Books and periodicals for Branch library Vadamanipakkam kongaraimampattu","Ganesan Selvam","KANCHEEPURAM(SC)","Images","29-Aug-2025","50000"
"892","Normal/Others","WS/MP743/2025-2026/195603-Purchase of books and periodicals for libraries/digitization of library books","Tamil Nadu","CHENGALPATTU(District Collector Chengalpattu_IDA)","Purchase of Books and periodicals for Branch library Vedavakkam","Ganesan Selvam","KANCHEEPURAM(SC)","Images","29-Aug-2025","50000"
"893","Normal/Others","WS/MP743/2025-2026/202563-Purchase of books and periodicals for libraries/digitization of library books","Tamil Nadu","Kancheepuram(DISTRICT COLLECTOR KANCHEEPURAM_IDA)","Purchase of Books at Arpakkam Village Library, Kanchipuram District.","Ganesan Selvam","KANCHEEPURAM(SC)","Images","18-Dec-2025","50000"
"894","Normal/Others","WS/MP743/2025-2026/202565-Purchase of books and periodicals for libraries/digitization of library books","Tamil Nadu","Kancheepuram(DISTRICT COLLECTOR KANCHEEPURAM_IDA)","Purchase of Books at Orikkai Library, Kanchipuram Corporation, Kanchipuram District.","Ganesan Selvam","KANCHEEPURAM(SC)","Images","18-Dec-2025","50000"
"895","Normal/Others","WS/MP743/2025-2026/202539-Purchase of sports equipment","Tamil Nadu","Kancheepuram(DISTRICT COLLECTOR KANCHEEPURAM_IDA)","Supply of Sports Equipments to Government Hr.Sec. School in Damal at Kanchipuram District.","Ganesan Selvam","KANCHEEPURAM(SC)","Images","10-Sep-2025","250000"
"896","Normal/Others","WS/MP743/2025-2026/202540-Purchase of sports equipment","Tamil Nadu","Kancheepuram(DISTRICT COLLECTOR KANCHEEPURAM_IDA)","Supply of Sports Equipments to Government Hr. Sec. School in Musaravakkam at Kanchipuram District.","Ganesan Selvam","KANCHEEPURAM(SC)","Images","10-Sep-2025","250000"
"897","Normal/Others","WS/MP743/2025-2026/202541-Purchase of sports equipment","Tamil Nadu","Kancheepuram(DISTRICT COLLECTOR KANCHEEPURAM_IDA)","Supply of Sports Equipments to Government Hr. Sec. School in Arpakkam at Kanchipuram District.","Ganesan Selvam","KANCHEEPURAM(SC)","Images","10-Sep-2025","250000"
"898","Normal/Others","WS/MP743/2025-2026/202542-Purchase of sports equipment","Tamil Nadu","Kancheepuram(DISTRICT COLLECTOR KANCHEEPURAM_IDA)","Supply of Sports Equipments to Government Girls Hr. Sec School in Kanchipuram at Kanchipuram District.","Ganesan Selvam","KANCHEEPURAM(SC)","Images","10-Sep-2025","250000"
"899","Normal/Others","WS/MP743/2025-2026/202543-Purchase of sports equipment","Tamil Nadu","Kancheepuram(DISTRICT COLLECTOR KANCHEEPURAM_IDA)","Supply of Sports Equipments to Government  Hr. Sec. School Naickenpettai at Kanchipuram District.","Ganesan Selvam","KANCHEEPURAM(SC)","Images","10-Sep-2025","250000"
"900","Normal/Others","WS/MP743/2025-2026/202544-Purchase of sports equipment","Tamil Nadu","Kancheepuram(DISTRICT COLLECTOR KANCHEEPURAM_IDA)","Supply of Sports Equipments to Government Hr. Sec. School in Thenneri at Kanchipuram District.","Ganesan Selvam","KANCHEEPURAM(SC)","Images","10-Sep-2025","250000"
"901","Normal/Others","WS/MP743/2025-2026/202545-Purchase of sports equipment","Tamil Nadu","Kancheepuram(DISTRICT COLLECTOR KANCHEEPURAM_IDA)","Supply of Sports Equipments to Government Hr. Sec. School in Parandur at Kanchipuram District.","Ganesan Selvam","KANCHEEPURAM(SC)","Images","10-Sep-2025","250000"
"902","Normal/Others","WS/MP743/2025-2026/202546-Purchase of sports equipment","Tamil Nadu","Kancheepuram(DISTRICT COLLECTOR KANCHEEPURAM_IDA)","Supply of Sports Equipments to Government Model Hr. Sec. School in Perunagar at Kanchipuram District.","Ganesan Selvam","KANCHEEPURAM(SC)","Images","10-Sep-2025","250000"
"903","Normal/Others","WS/MP743/2025-2026/202547-Purchase of sports equipment","Tamil Nadu","Kancheepuram(DISTRICT COLLECTOR KANCHEEPURAM_IDA)","Supply of Sports Equipments to Government Hr. Sec. School in Thirupulivanam at Kanchipuram District.","Ganesan Selvam","KANCHEEPURAM(SC)","Images","10-Sep-2025","250000"
"904","Normal/Others","WS/MP743/2025-2026/202548-Purchase of sports equipment","Tamil Nadu","Kancheepuram(DISTRICT COLLECTOR KANCHEEPURAM_IDA)","Supply of Sports Equipments to Government Hr. Sec. School in Neiyadupakkam at Kanchipuram District.","Ganesan Selvam","KANCHEEPURAM(SC)","Images","10-Sep-2025","250000"
"905","Normal/Others","WS/MP743/2025-2026/220667-Lighting of public spaces","Tamil Nadu","CHENGALPATTU(District Collector Chengalpattu_IDA)","Providing High Mast Light at District Collector, Campus Chengalpattu District.","Ganesan Selvam","KANCHEEPURAM(SC)","Images","06-Mar-2026","749325"
"906","Normal/Others","WS/MP743/2025-2026/220668-Lighting of public spaces","Tamil Nadu","CHENGALPATTU(District Collector Chengalpattu_IDA)","Providing High Mast Light at District Superintendent of Police Taring Centre, Chengalpattu District.","Ganesan Selvam","KANCHEEPURAM(SC)","Images","06-Mar-2026","749325"
"907","Normal/Others","WS/MP743/2025-2026/220670-Lighting of public spaces","Tamil Nadu","CHENGALPATTU(District Collector Chengalpattu_IDA)","Providing High Mast Light at Edayamputhur Panchayat","Ganesan Selvam","KANCHEEPURAM(SC)","Images","04-Mar-2026","749072"
"908","Normal/Others","WS/MP743/2026-2027/224683-Construction of bus-sheds or bus-stops","Tamil Nadu","CHENGALPATTU(District Collector Chengalpattu_IDA)","Construction of Bus Shelter at Kalpakkam Panchayat, Thirukalukundram Panchayat Union.","Ganesan Selvam","KANCHEEPURAM(SC)","Images","21-Aug-2026","1998477"
"909","Normal/Others","WS/MP743/2025-2026/230501-Purchase of sports equipment","Tamil Nadu","Kancheepuram(DISTRICT COLLECTOR KANCHEEPURAM_IDA)","Supply of Sports Equipments to BMS Government Girls Higher Secondry School in Little Kanchipuram at Kanchipuram District.","Ganesan Selvam","KANCHEEPURAM(SC)","Images","13-Nov-2025","300000"
"910","Normal/Others","WS/MP743/2025-2026/230502-Purchase of sports equipment","Tamil Nadu","Kancheepuram(DISTRICT COLLECTOR KANCHEEPURAM_IDA)","Supply of Sports Equipments to Government Higher Secondary School in Ayyangarkulam at Kanchipuram District.","Ganesan Selvam","KANCHEEPURAM(SC)","Images","13-Nov-2025","300000"
"911","Normal/Others","WS/MP743/2025-2026/230503-Purchase of sports equipment","Tamil Nadu","Kancheepuram(DISTRICT COLLECTOR KANCHEEPURAM_IDA)","Supply of Sports Equipments to CMS Government Higher Secondary School in kanchipuram at Kanchipuram District.","Ganesan Selvam","KANCHEEPURAM(SC)","Images","13-Nov-2025","300000"
"912","Normal/Others","WS/MP743/2025-2026/230504-Purchase of sports equipment","Tamil Nadu","Kancheepuram(DISTRICT COLLECTOR KANCHEEPURAM_IDA)","Supply of Sports Equipments to Government Higher Schondary School in Enjampakkam at Kanchipuram District.","Ganesan Selvam","KANCHEEPURAM(SC)","Images","13-Nov-2025","300000"
"913","Normal/Others","WS/MP743/2025-2026/230505-Purchase of sports equipment","Tamil Nadu","Kancheepuram(DISTRICT COLLECTOR KANCHEEPURAM_IDA)","Supply of Sports Equipments to Government High School in Karai at Kanchipuram District.","Ganesan Selvam","KANCHEEPURAM(SC)","Images","13-Nov-2025","300000"
"914","Normal/Others","WS/MP743/2025-2026/230506-Purchase of sports equipment","Tamil Nadu","Kancheepuram(DISTRICT COLLECTOR KANCHEEPURAM_IDA)","Supply of Sports Equipments to ADW High School in Orikkai at Kanchipuram District.","Ganesan Selvam","KANCHEEPURAM(SC)","Images","13-Nov-2025","300000"
"915","Normal/Others","WS/MP743/2025-2026/230507-Purchase of sports equipment","Tamil Nadu","Kancheepuram(DISTRICT COLLECTOR KANCHEEPURAM_IDA)","Supply of Sports Equipments to Government Higher Secondary School in Salavakkam at Kanchipuram District.","Ganesan Selvam","KANCHEEPURAM(SC)","Images","13-Nov-2025","300000"
"916","Normal/Others","WS/MP743/2025-2026/230508-Purchase of sports equipment","Tamil Nadu","Kancheepuram(DISTRICT COLLECTOR KANCHEEPURAM_IDA)","Higher Secondary School in Manampathy at Kanchipuram District.","Ganesan Selvam","KANCHEEPURAM(SC)","Images","13-Nov-2025","300000"
"917","Normal/Others","WS/MP743/2025-2026/230509-Purchase of sports equipment","Tamil Nadu","Kancheepuram(DISTRICT COLLECTOR KANCHEEPURAM_IDA)","Supply of Sports Equipments to Government Higher Secondary School in Rettamangalam at Kanchipuram District.","Ganesan Selvam","KANCHEEPURAM(SC)","Images","13-Nov-2025","300000"
"918","Normal/Others","WS/MP743/2025-2026/230510-Purchase of sports equipment","Tamil Nadu","Kancheepuram(DISTRICT COLLECTOR KANCHEEPURAM_IDA)","Supply of Sports Equipments to Government Boys Higher Secondary School in Walajabad, at Kanchipuram District.","Ganesan Selvam","KANCHEEPURAM(SC)","Images","13-Nov-2025","300000"
"919","Normal/Others","WS/MP743/2025-2026/230511-Purchase of sports equipment","Tamil Nadu","Kancheepuram(DISTRICT COLLECTOR KANCHEEPURAM_IDA)","Supply of Sports Equipments to Government Girls Higher Secondary School in Ekanampettai at Kanchipuram District.","Ganesan Selvam","KANCHEEPURAM(SC)","Images","13-Nov-2025","300000"
"920","Normal/Others","WS/MP743/2025-2026/230512-Purchase of sports equipment","Tamil Nadu","Kancheepuram(DISTRICT COLLECTOR KANCHEEPURAM_IDA)","Supply of Sports Equipments to Government High School in Kattupakkam at Kanchipuram District.","Ganesan Selvam","KANCHEEPURAM(SC)","Images","13-Nov-2025","300000"
"921","Normal/Others","WS/MP743/2025-2026/230513-Purchase of sports equipment","Tamil Nadu","Kancheepuram(DISTRICT COLLECTOR KANCHEEPURAM_IDA)","Supply of Sports Equipments to Government High School in Uthukkadu at Kanchipuram District.","Ganesan Selvam","KANCHEEPURAM(SC)","Images","13-Nov-2025","300000"
"922","Normal/Others","WS/MP743/2025-2026/230514-Purchase of training equipment","Tamil Nadu","Kancheepuram(DISTRICT COLLECTOR KANCHEEPURAM_IDA)","Supply of Lab Equipments to Govt Higher Sec School in Damal at Kanchipuram District.","Ganesan Selvam","KANCHEEPURAM(SC)","Images","08-Oct-2025","625000"
"923","Normal/Others","WS/MP743/2025-2026/230515-Purchase of training equipment","Tamil Nadu","Kancheepuram(DISTRICT COLLECTOR KANCHEEPURAM_IDA)","Supply of Lab Equipments to Govt Higher Sec School in Avalur at Kanchipuram District.","Ganesan Selvam","KANCHEEPURAM(SC)","Images","08-Oct-2025","625000"
"924","Normal/Others","WS/MP743/2025-2026/230516-Purchase of training equipment","Tamil Nadu","Kancheepuram(DISTRICT COLLECTOR KANCHEEPURAM_IDA)","Supply of Lab Equipments to Govt Girls Higher Sec School in Big Kanchipuram at Kanchipuram District.","Ganesan Selvam","KANCHEEPURAM(SC)","Images","08-Oct-2025","625000"
"925","Normal/Others","WS/MP743/2025-2026/230517-Purchase of training equipment","Tamil Nadu","Kancheepuram(DISTRICT COLLECTOR KANCHEEPURAM_IDA)","Supply of Lab Equipments to Rani Annadurai Govt, Girls Higher Sec School in Kanchipuram at Kanchipuram District.","Ganesan Selvam","KANCHEEPURAM(SC)","Images","08-Oct-2025","625000"
"926","Normal/Others","WS/MP743/2025-2026/230518-Purchase of sports equipment","Tamil Nadu","Kancheepuram(DISTRICT COLLECTOR KANCHEEPURAM_IDA)","Supply of Lab Equipment to Government Hr. Sec. School in Singadivakkam at Kanchipuram District","Ganesan Selvam","KANCHEEPURAM(SC)","Images","19-Nov-2025","625000"
"927","Normal/Others","WS/MP743/2025-2026/230519-Purchase of training equipment","Tamil Nadu","Kancheepuram(DISTRICT COLLECTOR KANCHEEPURAM_IDA)","Supply of Lab Equipment to Government Hr. Sec. School in Govindavadi at Kanchipuram District","Ganesan Selvam","KANCHEEPURAM(SC)","Images","19-Nov-2025","625000"
"928","Normal/Others","WS/MP743/2025-2026/230520-Purchase of training equipment","Tamil Nadu","Kancheepuram(DISTRICT COLLECTOR KANCHEEPURAM_IDA)","Supply of Lab Equipment to Government Hr. Sec. School in Pullalur at Kanchipuram District","Ganesan Selvam","KANCHEEPURAM(SC)","Images","19-Nov-2025","625000"
"929","Normal/Others","WS/MP743/2025-2026/230521-Purchase of training equipment","Tamil Nadu","Kancheepuram(DISTRICT COLLECTOR KANCHEEPURAM_IDA)","Supply of Lab Equipment to Government Girls Hr. Sec. School in Walajabad at Kanchipuram District","Ganesan Selvam","KANCHEEPURAM(SC)","Images","19-Nov-2025","625000"
"930","Normal/Others","WS/MP743/2025-2026/230522-Purchase of training equipment","Tamil Nadu","Kancheepuram(DISTRICT COLLECTOR KANCHEEPURAM_IDA)","Supply of Lab Equipment to Government Hr. Sec. School in Ayyampettai at Kanchipuram District","Ganesan Selvam","KANCHEEPURAM(SC)","Images","19-Nov-2025","625000"
"931","Normal/Others","WS/MP743/2025-2026/230523-Purchase of training equipment","Tamil Nadu","Kancheepuram(DISTRICT COLLECTOR KANCHEEPURAM_IDA)","Supply of Lab Equipment to Government Hr. Sec. School in Kaliyampoondi at Kanchipuram District","Ganesan Selvam","KANCHEEPURAM(SC)","Images","19-Nov-2025","625000"
"932","Normal/Others","WS/MP743/2025-2026/230524-Purchase of training equipment","Tamil Nadu","Kancheepuram(DISTRICT COLLECTOR KANCHEEPURAM_IDA)","Supply of Lab Equipment to Government Hr. Sec. School in Kammalampoondi at Kanchipuram District","Ganesan Selvam","KANCHEEPURAM(SC)","Images","19-Nov-2025","625000"
"933","Normal/Others","WS/MP743/2025-2026/230525-Purchase of training equipment","Tamil Nadu","Kancheepuram(DISTRICT COLLECTOR KANCHEEPURAM_IDA)","Supply of Lab Equipment to Government Hr. Sec. School in Orakkattupettai at Kanchipuram District","Ganesan Selvam","KANCHEEPURAM(SC)","Images","19-Nov-2025","625000"
"934","Normal/Others","WS/MP743/2025-2026/230526-Purchase of training equipment","Tamil Nadu","Kancheepuram(DISTRICT COLLECTOR KANCHEEPURAM_IDA)","Supply of Lab Equipment to Government Boys Hr. Sec. School in Uthiramerur at Kanchipuram District","Ganesan Selvam","KANCHEEPURAM(SC)","Images","24-Oct-2025","625000"
"935","Normal/Others","WS/MP743/2025-2026/230527-Purchase of training equipment","Tamil Nadu","Kancheepuram(DISTRICT COLLECTOR KANCHEEPURAM_IDA)","Supply of Lab Equipment to Government Hr. Sec. School in Uthiramerur at Kanchipuram District","Ganesan Selvam","KANCHEEPURAM(SC)","Images","24-Oct-2025","625000"
"936","Normal/Others","WS/MP743/2025-2026/230531-Installing community drinking water plants","Tamil Nadu","Kancheepuram(DISTRICT COLLECTOR KANCHEEPURAM_IDA)","RO PLANT in GDP Hall, Collectorate, Kanchipuram Corporation","Ganesan Selvam","KANCHEEPURAM(SC)","Images","24-Mar-2026","1480236"
"937","Normal/Others","WS/MP743/2025-2026/230532-Installing community drinking water plants","Tamil Nadu","Kancheepuram(DISTRICT COLLECTOR KANCHEEPURAM_IDA)","RO PLANT in Kanchipuram Taluk Office Campus, Kanchipuram Corporation","Ganesan Selvam","KANCHEEPURAM(SC)","Images","24-Mar-2026","1484419"
"938","Normal/Others","WS/MP743/2025-2026/230533-Installing community drinking water plants","Tamil Nadu","Kancheepuram(DISTRICT COLLECTOR KANCHEEPURAM_IDA)","RO PLANT in Kanchipuram GH Campus, Kanchipuram Corporation","Ganesan Selvam","KANCHEEPURAM(SC)","Images","23-Mar-2026","1500000"
"939","Normal/Others","WS/MP743/2026-2027/230540-Installing community drinking water plants","Tamil Nadu","CHENGALPATTU(District Collector Chengalpattu_IDA)","RO PLANT in Cheyyur Taluk Office Campus, Chengalpattu District.","Ganesan Selvam","KANCHEEPURAM(SC)","Images","21-Aug-2026","1495280"
"940","Normal/Others","WS/MP743/2025-2026/230542-Construction of rooms and halls in school and colleges","Tamil Nadu","CHENGALPATTU(District Collector Chengalpattu_IDA)","Construction of Drama Stage at Vedanthagal Government Higher Secondary Schol at Vedanthangal Panchayat.","Ganesan Selvam","KANCHEEPURAM(SC)","Images","14-Jan-2026","997138"
"941","Normal/Others","WS/MP743/2026-2027/230543-Lighting of public spaces","Tamil Nadu","CHENGALPATTU(District Collector Chengalpattu_IDA)","Providing High Mast Light at Mugaiyur Panchayt, Naduthittu at Lathur Panchayat Union.","Ganesan Selvam","KANCHEEPURAM(SC)","Images","21-Aug-2026","749894"
"942","Normal/Others","WS/MP743/2025-2026/230544-Construction of bus-sheds or bus-stops","Tamil Nadu","CHENGALPATTU(District Collector Chengalpattu_IDA)","Construction of Bus Shelter at Sirunallur, Sirunallur Panchayat, Maduranthagam Panchayat Union","Ganesan Selvam","KANCHEEPURAM(SC)","Images","02-Jan-2026","498842"
"943","Normal/Others","WS/MP743/2025-2026/230549-Purchase of training equipment","Tamil Nadu","CHENGALPATTU(District Collector Chengalpattu_IDA)","Supply of Lab Equipments to Govt Boys Higher Secondary School in Cheyyur at Chengalpattu District.","Ganesan Selvam","KANCHEEPURAM(SC)","Images","01-Dec-2025","625000"
"944","Normal/Others","WS/MP743/2025-2026/230550-Purchase of training equipment","Tamil Nadu","CHENGALPATTU(District Collector Chengalpattu_IDA)","Supply of Lab Equipments to Govt Boys Higher Secondary School in Kdapakkam at Chengalpattu District.","Ganesan Selvam","KANCHEEPURAM(SC)","Images","01-Dec-2025","625000"
"945","Normal/Others","WS/MP743/2025-2026/230551-Purchase of training equipment","Tamil Nadu","CHENGALPATTU(District Collector Chengalpattu_IDA)","Supply of Lab Equipments to Govt Girls Higher Secondary School in Kadappakkam at Chengalpattu District.","Ganesan Selvam","KANCHEEPURAM(SC)","Images","01-Dec-2025","625000"
"946","Normal/Others","WS/MP743/2025-2026/230552-Purchase of training equipment","Tamil Nadu","CHENGALPATTU(District Collector Chengalpattu_IDA)","Supply of Lab Equipments to Govt Higher Secondary School in Koovathur at Chengalpattu District.","Ganesan Selvam","KANCHEEPURAM(SC)","N/A","01-Dec-2025","625000"
"947","Normal/Others","WS/MP743/2025-2026/230553-Purchase of training equipment","Tamil Nadu","CHENGALPATTU(District Collector Chengalpattu_IDA)","Supply of Lab Equipments to Govt Higher Secondary School in Sothupakkam, Changalpattu District.","Ganesan Selvam","KANCHEEPURAM(SC)","Images","01-Dec-2025","625000"
"948","Normal/Others","WS/MP743/2025-2026/230554-Purchase of training equipment","Tamil Nadu","CHENGALPATTU(District Collector Chengalpattu_IDA)","Supply of Lab Equipments to Govt Higher Secondary School, Vennagupattu, Chengalpattu District.","Ganesan Selvam","KANCHEEPURAM(SC)","Images","01-Dec-2025","625000"
"949","Normal/Others","WS/MP743/2025-2026/253020-Lighting of public spaces","Tamil Nadu","Kancheepuram(DISTRICT COLLECTOR KANCHEEPURAM_IDA)","Providing High Mast Light at Near Railway Sation, Walajabad at Walajabad Town Panchayat.","Ganesan Selvam","KANCHEEPURAM(SC)","Images","05-Mar-2026","750000"
"950","Normal/Others","WS/MP743/2026-2027/256386-Purchase of furniture and fixtures for educational purposes","Tamil Nadu","CHENGALPATTU(District Collector Chengalpattu_IDA)","Oyrcgase of Bench and Desk at Panchayat Union Middle School in Nallur, Edaikazhinadu Town Panchayat. (20 Set)","Ganesan Selvam","KANCHEEPURAM(SC)","Images","19-Aug-2026","250000"
"951","Normal/Others","WS/MP745/2025-2026/138563-Lighting of public spaces","Tamil Nadu","TIRUPPUR(DISTRICT COLLECTOR TIRUPPUR_IDA)","Providing Highmass light at ward no-32 Golden nagar -Tiruppur corporation","K Subbarayan","TIRUPPUR","Images","05-Jul-2025","511070"
"952","Normal/Others","WS/MP745/2024-2025/138564-Lighting of public spaces","Tamil Nadu","TIRUPPUR(DISTRICT COLLECTOR TIRUPPUR_IDA)","Providing Highmass light at ward no 43 Vetathallankadu Ration shop near - Tiruppur corporation","K Subbarayan","TIRUPPUR","Images","27-Mar-2025","539160"
"953","Normal/Others","WS/MP745/2025-2026/138565-Lighting of public spaces","Tamil Nadu","TIRUPPUR(DISTRICT COLLECTOR TIRUPPUR_IDA)","Providing Highmass light at ward no 24 Sathya nagar - Tiruppur corporation","K Subbarayan","TIRUPPUR","Images","05-Jul-2025","509737"
"954","Normal/Others","WS/MP745/2025-2026/138566-Construction of community centers and community halls","Tamil Nadu","TIRUPPUR(DISTRICT COLLECTOR TIRUPPUR_IDA)","Construction of New Ration Shop building at ward no.20 Ramanathapuram 3rd street(32BB003PN) - Tiruppur corporation","K Subbarayan","TIRUPPUR","Images","25-Sep-2025","1345965"
"955","Normal/Others","WS/MP745/2025-2026/138568-Construction of rooms and halls in school and colleges","Tamil Nadu","TIRUPPUR(DISTRICT COLLECTOR TIRUPPUR_IDA)","Construction of Two classroom building at ward no.14 Periyar colony MMS - Triruppur corporation","K Subbarayan","TIRUPPUR","Images","01-Nov-2025","3245416"
"956","Normal/Others","WS/MP745/2025-2026/138569-Construction of community centers and community halls","Tamil Nadu","TIRUPPUR(DISTRICT COLLECTOR TIRUPPUR_IDA)","Construction of Ration shop Building at ward no.1 Priyanka nagar - Tiruppur corporation","K Subbarayan","TIRUPPUR","Images","07-Oct-2025","1350000"
"957","Normal/Others","WS/MP745/2024-2025/138572-Construction of water tanks","Tamil Nadu","TIRUPPUR(DISTRICT COLLECTOR TIRUPPUR_IDA)","Construction of 30000 ltr OHT at Aathiyur Kalaivani garden H/o. Veliampathi, Uthukuli Block","K Subbarayan","TIRUPPUR","Images","26-Mar-2025","998871"
"958","Normal/Others","WS/MP745/2025-2026/138574-Construction of roads, link roads, pathways or any other road with or without drainage system","Tamil Nadu","TIRUPPUR(DISTRICT COLLECTOR TIRUPPUR_IDA)","Providing BT Road at Mallankattupudur H/o. Punjaithalavaipalayam, Uthukuli block","K Subbarayan","TIRUPPUR","Images","03-Jul-2025","1501451"
"959","Normal/Others","WS/MP745/2024-2025/138590-Purchase of prosthetics, wheel chairs, tricycles (manual or motorized), elect scooties, hearing aids","Tamil Nadu","ERODE(DISTRICT_COLLECTORE_ERODE_IDA)","Providing speech processor Nucleus -8 OT the Cochlear Medical Device company Restore hearing at the very earliest  at S.P.shivani priya D/o. shanmugarm, Thendral nagar, Perundurai.","K Subbarayan","TIRUPPUR","Images","03-Mar-2025","730000"
"960","Normal/Others","WS/MP745/2025-2026/138591-Lighting of public spaces","Tamil Nadu","TIRUPPUR(DISTRICT COLLECTOR TIRUPPUR_IDA)","Providing Highmass light at ward no.25 near Solipalayam Bus stop - Tiruppur corporation","K Subbarayan","TIRUPPUR","Images","05-Jul-2025","535393"
"961","Normal/Others","WS/MP745/2025-2026/141239-Construction of rooms and halls in school and colleges","Tamil Nadu","TIRUPPUR(DISTRICT COLLECTOR TIRUPPUR_IDA)","Anupparpalaiyam puthur school,additional 2 class rooms tiruppur corpration","K Subbarayan","TIRUPPUR","Images","05-Aug-2025","1649648"
"962","Normal/Others","WS/MP745/2024-2025/141240-Construction of roads, link roads, pathways or any other road with or without drainage system","Tamil Nadu","TIRUPPUR(DISTRICT COLLECTOR TIRUPPUR_IDA)","11th ward, sasthiri street,consrection of cc road at tirupur corpration","K Subbarayan","TIRUPPUR","Images","07-Feb-2025","750000"
"963","Normal/Others","WS/MP745/2025-2026/141243-Lighting of public spaces","Tamil Nadu","TIRUPPUR(DISTRICT COLLECTOR TIRUPPUR_IDA)","ward no 14th, arulmiku sri maakaliyamman kovil at tiruppur corpration","K Subbarayan","TIRUPPUR","Images","05-Jul-2025","532984"
"964","Normal/Others","WS/MP745/2024-2025/141245-Lighting of public spaces","Tamil Nadu","TIRUPPUR(DISTRICT COLLECTOR TIRUPPUR_IDA)","ward no 36th, suusaiyaapuram near T.M.C colany at tirupur corpration","K Subbarayan","TIRUPPUR","Images","27-Mar-2025","535059"
"965","Normal/Others","WS/MP745/2025-2026/141246-Lighting of public spaces","Tamil Nadu","TIRUPPUR(DISTRICT COLLECTOR TIRUPPUR_IDA)","ward no 18th, katta pomman nagar near main road at tiruppuur corpration","K Subbarayan","TIRUPPUR","Images","05-Jul-2025","526591"
"966","Normal/Others","WS/MP745/2025-2026/141247-Construction of road under bridge","Tamil Nadu","TIRUPPUR(DISTRICT COLLECTOR TIRUPPUR_IDA)","ward no 11th, puthukkaalani,thiyaaki kumaran extention street,near at tiruppuur corpration","K Subbarayan","TIRUPPUR","Images","24-Jul-2025","550000"
"967","Normal/Others","WS/MP745/2024-2025/141294-Lighting of public spaces","Tamil Nadu","TIRUPPUR(DISTRICT COLLECTOR TIRUPPUR_IDA)","ward no 8th, kanga nagar, nall road near at tiruppur corpration","K Subbarayan","TIRUPPUR","Images","20-Mar-2025","530014"
"968","Normal/Others","WS/MP745/2024-2025/141295-Lighting of public spaces","Tamil Nadu","TIRUPPUR(DISTRICT COLLECTOR TIRUPPUR_IDA)","ward no 8, palanissamy nagar,nanthaa nagar naal road near at tiruppur corpration","K Subbarayan","TIRUPPUR","Images","20-Mar-2025","534121"
"969","Normal/Others","WS/MP745/2025-2026/141296-Construction of community centers and community halls","Tamil Nadu","TIRUPPUR(DISTRICT COLLECTOR TIRUPPUR_IDA)","ward no 18th,katta pomman nagar near,at tiruppur corpration","K Subbarayan","TIRUPPUR","Images","04-Aug-2025","1350000"
"970","Normal/Others","WS/MP745/2025-2026/141299-Construction of public toilets and bathrooms","Tamil Nadu","TIRUPPUR(DISTRICT COLLECTOR TIRUPPUR_IDA)","ward no 11th,bathrooms,portikoo,compund wall at tirupur corpration","K Subbarayan","TIRUPPUR","Images","23-Jul-2025","500000"
"971","Normal/Others","WS/MP745/2025-2026/141300-Lighting of public spaces","Tamil Nadu","TIRUPPUR(DISTRICT COLLECTOR TIRUPPUR_IDA)","ward no 10th,aaththuppalaiyam road near at tiruppur corpration","K Subbarayan","TIRUPPUR","Images","02-Jul-2025","527747"
"972","Normal/Others","WS/MP745/2025-2026/141314-Construction of community centers and community halls","Tamil Nadu","ERODE(DISTRICT_COLLECTORE_ERODE_IDA)","gobi, ayalur uratchi, consraction of new building","K Subbarayan","TIRUPPUR","Images","28-Aug-2025","1034903"
"973","Normal/Others","WS/MP745/2025-2026/141315-Construction of community centers and community halls","Tamil Nadu","ERODE(DISTRICT_COLLECTORE_ERODE_IDA)","gobi,kugalur-B,(pommanaayakkan palaiyam)consraction pf community hall at gobi","K Subbarayan","TIRUPPUR","Images","15-Oct-2025","6000000"
"974","Normal/Others","WS/MP745/2025-2026/141430-Construction of roads, link roads, pathways or any other road with or without drainage system","Tamil Nadu","ERODE(DISTRICT_COLLECTORE_ERODE_IDA)","Anthiyur,ammapettai thaalukka,maanikkamplaiyam  H/o consraction of road at erode","K Subbarayan","TIRUPPUR","Images","15-May-2025","1807337"
"975","Normal/Others","WS/MP745/2025-2026/141431-Construction of public toilets and bathrooms","Tamil Nadu","TIRUPPUR(DISTRICT COLLECTOR TIRUPPUR_IDA)","perumaanallur,podarampalaiyam, costraction of tailet and bath rooms at tiruppur panchayat","K Subbarayan","TIRUPPUR","N/A","16-Oct-2025","999902"
"976","Normal/Others","WS/MP745/2025-2026/141432-Construction of water tanks","Tamil Nadu","TIRUPPUR(DISTRICT COLLECTOR TIRUPPUR_IDA)","merkupathy,consrsction of water tank in10000ltr H/o merkupathiy panchayat","K Subbarayan","TIRUPPUR","Images","27-Sep-2025","1524749"
"977","Normal/Others","WS/MP745/2025-2026/144827-Construction of community centers and community halls","Tamil Nadu","TIRUPPUR(DISTRICT COLLECTOR TIRUPPUR_IDA)","Construction of community Hall H/O vallipuram panchayat.","K Subbarayan","TIRUPPUR","Images","20-Feb-2026","5260434"
"978","Normal/Others","WS/MP745/2025-2026/144828-Construction of roads, link roads, pathways or any other road with or without drainage system","Tamil Nadu","TIRUPPUR(DISTRICT COLLECTOR TIRUPPUR_IDA)","Construction of Roads CSI Colony H/O perumanallur Panchayat","K Subbarayan","TIRUPPUR","Images","01-Aug-2025","1499453"
"979","Normal/Others","WS/MP745/2025-2026/146609-Construction of water tanks","Tamil Nadu","ERODE(DISTRICT_COLLECTORE_ERODE_IDA)","Construction of 30000lr OHT  Ward No. 14 old Arisana Colony at Athani TP","K Subbarayan","TIRUPPUR","Images","20-May-2025","1500000"
"980","Normal/Others","WS/MP745/2024-2025/181799-Construction of roads, link roads, pathways or any other road with or without drainage system","Tamil Nadu","ERODE(DISTRICT_COLLECTORE_ERODE_IDA)","PATTLUR PANCHAYAT - PROVIDING CC ROAD FROM BOMMANPATTI TO PERUMAL KOVIL -ERODE DISTRICT","K Subbarayan","TIRUPPUR","Images","14-Mar-2025","2014990"
"981","Normal/Others","WS/MP745/2024-2025/181802-Construction of roads, link roads, pathways or any other road with or without drainage system","Tamil Nadu","ERODE(DISTRICT_COLLECTORE_ERODE_IDA)","PROVIDING THAR ROAD FROM THANNEERPALLAM ROAD TO KOPPUKADU ROAD , KOMARAYANUR PANCHAYAT, ERODE DISTRICT","K Subbarayan","TIRUPPUR","Images","18-Mar-2025","2499742"
"982","Normal/Others","WS/MP745/2025-2026/181807-Lighting of public spaces","Tamil Nadu","TIRUPPUR(DISTRICT COLLECTOR TIRUPPUR_IDA)","PROVIDING HIGHMASS LIGHT AT WARD-31, TSR LAYOUT 6TH STREET, TIRUPPUR CORPORATION","K Subbarayan","TIRUPPUR","Images","16-Oct-2025","487117"
"983","Normal/Others","WS/MP745/2025-2026/181810-Lighting of public spaces","Tamil Nadu","TIRUPPUR(DISTRICT COLLECTOR TIRUPPUR_IDA)","PROVIDING HIGHMASS LIGHT AT MARIYAPURAM , MERKUPATHI PANCHAYAT, TIRUPPUR DIST.","K Subbarayan","TIRUPPUR","Images","18-Jul-2025","549054"
"984","Normal/Others","WS/MP745/2025-2026/181824-Security gates in streets/public place for safety purpose","Tamil Nadu","TIRUPPUR(DISTRICT COLLECTOR TIRUPPUR_IDA)","CONSTRUCTION OF  COMPOUND WALL AND PAVING STONE AT WARD-11 THIYAGI KUMARAN PUTHU COLONY RATION SHOP , TIRUPPUR CORPORATION","K Subbarayan","TIRUPPUR","Images","04-Aug-2025","150000"
"985","Normal/Others","WS/MP745/2025-2026/188980-Lighting of public spaces","Tamil Nadu","TIRUPPUR(DISTRICT COLLECTOR TIRUPPUR_IDA)","PROVIDING HIGHMASS LIGHT AT WARD NO-7 NANJAPPA NAGAR NAAL ROAD TIRUPPUR CORPORATION","K Subbarayan","TIRUPPUR","Images","08-Feb-2026","474001"
"986","Normal/Others","WS/MP745/2025-2026/189018-Lighting of public spaces","Tamil Nadu","TIRUPPUR(DISTRICT COLLECTOR TIRUPPUR_IDA)","PROVIDING HIGHMASS LIGHT AT WARD-17 NEAR CHINNABOMMANAIKANPALAYAM PUNKN TIRUPPUR CORPORATION","K Subbarayan","TIRUPPUR","Images","08-Feb-2026","463445"
"987","Normal/Others","WS/MP745/2025-2026/189019-Lighting of public spaces","Tamil Nadu","TIRUPPUR(DISTRICT COLLECTOR TIRUPPUR_IDA)","PROVIDING HIGHMASS LIGHT AT WARD-17 NEAR BHARATHI NAGAR RATION SHOP TIRUPPUR CORPORATION","K Subbarayan","TIRUPPUR","Images","08-Feb-2026","464058"
"988","Normal/Others","WS/MP745/2025-2026/189020-Lighting of public spaces","Tamil Nadu","TIRUPPUR(DISTRICT COLLECTOR TIRUPPUR_IDA)","PROVIDING HIGHMASS LIGHT AT WARD-17 NEAR KANJAMPALAYAM MOONU ROAD TIRUPPUR CORPORATION","K Subbarayan","TIRUPPUR","Images","08-Feb-2026","465051"
"989","Normal/Others","WS/MP745/2025-2026/189021-Lighting of public spaces","Tamil Nadu","TIRUPPUR(DISTRICT COLLECTOR TIRUPPUR_IDA)","PROVIDING HIGHMASS LIGHT AT WARD-17 MS NAGAR KARUPPARAYAN KOVIL  TIRUPPUR CORPORATION","K Subbarayan","TIRUPPUR","Images","08-Feb-2026","464504"
"990","Normal/Others","WS/MP745/2025-2026/189022-Lighting of public spaces","Tamil Nadu","TIRUPPUR(DISTRICT COLLECTOR TIRUPPUR_IDA)","PROVIDING HIGHMASS LIGHT AT WARD-55 PATTUKOTTAIYAR NAGAR NEAR MARRIAMMAN KOVIL  TIRUPPUR CORPORATION","K Subbarayan","TIRUPPUR","Images","08-Feb-2026","463453"
"991","Normal/Others","WS/MP745/2025-2026/189023-Lighting of public spaces","Tamil Nadu","TIRUPPUR(DISTRICT COLLECTOR TIRUPPUR_IDA)","PROVIDING HIGHMASS LIGHT AT WARD-55 NEAR THENNAMPPALAYAM  COLONY MARRIAMMAN KOVIL TIRUPPUR CORPORATION","K Subbarayan","TIRUPPUR","Images","08-Feb-2026","463453"
"992","Normal/Others","WS/MP745/2025-2026/189024-Lighting of public spaces","Tamil Nadu","TIRUPPUR(DISTRICT COLLECTOR TIRUPPUR_IDA)","PROVIDING HIGHMASS LIGHT AT WARD-43 OPPSSITE TO ESWARAMOORTHI LAYOUT KARUPPARAYAN KOVIL TIRUPPUR CORPORATION","K Subbarayan","TIRUPPUR","Images","08-Feb-2026","470670"
"993","Normal/Others","WS/MP745/2025-2026/189025-Lighting of public spaces","Tamil Nadu","TIRUPPUR(DISTRICT COLLECTOR TIRUPPUR_IDA)","PROVIDING HIGHMASS LIGHT AT WARD-43 NAYAR HOSPITAL MOONU ROAD TIRUPPUR CORPORATION","K Subbarayan","TIRUPPUR","Images","08-Feb-2026","470670"
"994","Normal/Others","WS/MP745/2025-2026/189026-Lighting of public spaces","Tamil Nadu","ERODE(DISTRICT_COLLECTORE_ERODE_IDA)","PROVIDING HIGHMASS LIGHT AT VELAMPALAYAM AREA SINGANALLUR POST BHAVANI ERODE DISTRICT","K Subbarayan","TIRUPPUR","N/A","24-Feb-2026","549928"
"995","Normal/Others","WS/MP745/2025-2026/189027-Lighting of public spaces","Tamil Nadu","ERODE(DISTRICT_COLLECTORE_ERODE_IDA)","PROVIDING HIGHMASS LIGHT AT WARD-2 NEAR NEW SURIAMPALAYAM BUS STOP NAMBIYUR TOWN PANCHAYAT","K Subbarayan","TIRUPPUR","Images","28-Oct-2025","500000"
"996","Normal/Others","WS/MP745/2025-2026/189028-Lighting of public spaces","Tamil Nadu","ERODE(DISTRICT_COLLECTORE_ERODE_IDA)","PROVIDING HIGHMASS LIGHT AT WARD-3 NEAR MAIN KONNAMADAI  BUS STOP NAMBIYUR TOWN PANCHAYAT","K Subbarayan","TIRUPPUR","Images","28-Oct-2025","500000"
"997","Normal/Others","WS/MP745/2025-2026/189029-Lighting of public spaces","Tamil Nadu","ERODE(DISTRICT_COLLECTORE_ERODE_IDA)","PROVIDING HIGHMASS LIGHT AT WARD-12 KETTICHEVIYUR TO NAMBIYUR ROAD JUNCTION NAMBIYUR TOWN PANCHAYAT","K Subbarayan","TIRUPPUR","Images","28-Oct-2025","500000"
"998","Normal/Others","WS/MP745/2025-2026/189030-Lighting of public spaces","Tamil Nadu","ERODE(DISTRICT_COLLECTORE_ERODE_IDA)","PROVIDING HIGHMASS LIGHT AT WARD-4 THANNDALUR MARRIAMMAN KOVIL JUNCTION NAMBIYUR TOWN PANCHAYAT","K Subbarayan","TIRUPPUR","Images","28-Oct-2025","500000"
"999","Normal/Others","WS/MP745/2025-2026/189031-Lighting of public spaces","Tamil Nadu","ERODE(DISTRICT_COLLECTORE_ERODE_IDA)","PROVIDING HIGHMASS LIGHT AT WARD-1 NEAR BALAN NAGAR BUS STOP KARUMANDI CHELLIPALAYAM TOWN PANCHAYAT","K Subbarayan","TIRUPPUR","Images","18-Feb-2026","500000"
"1000","Normal/Others","WS/MP745/2025-2026/189088-Construction of culverts and bridges","Tamil Nadu","TIRUPPUR(DISTRICT COLLECTOR TIRUPPUR_IDA)","PROVIDING DRAINAGE CULVERT AND CC ROAD AT WARD NO-31 SNVS LAYOUT TIRUPPUR CORPORATION","K Subbarayan","TIRUPPUR","Images","06-Nov-2025","1165142"
"1001","Normal/Others","WS/MP745/2025-2026/189092-Installing tube-wells and borewells","Tamil Nadu","TIRUPPUR(DISTRICT COLLECTOR TIRUPPUR_IDA)","PROVIDING NEW BOREWELL AT WARD NO-11 KPS STREET AND SASTHRI STREET TIRUPPUR CORPORATION","K Subbarayan","TIRUPPUR","Images","04-Aug-2025","1000000"
"1002","Normal/Others","WS/MP745/2025-2026/189094-Construction of water tanks","Tamil Nadu","ERODE(DISTRICT_COLLECTORE_ERODE_IDA)","CONSTRUCTION OF 30000 LTR OHT AT WARD NO 6 SAKKARAPALAYAM AREA KUHALUR TOWN PANCHAYAT ERODE DISTRICT","K Subbarayan","TIRUPPUR","Images","02-Dec-2025","1200000"
"1003","Normal/Others","WS/MP745/2025-2026/202577-Construction of water tanks","Tamil Nadu","ERODE(DISTRICT_COLLECTORE_ERODE_IDA)","Construction of 60000 Ltr OHT tank in ward No.4 at Karapaadi in Bhavanisagar in Erode District","K Subbarayan","TIRUPPUR","Images","13-May-2026","2134898"
"1004","Normal/Others","WS/MP745/2025-2026/202578-Providing supply pipelines for drinking water","Tamil Nadu","ERODE(DISTRICT_COLLECTORE_ERODE_IDA)","Providing 3000 mtr water Pipeline Work in ward No.8 Kavulipalayam in Bhavanisagar in Erode District","K Subbarayan","TIRUPPUR","Images","21-Nov-2025","1064636"
"1005","Normal/Others","WS/MP745/2025-2026/202592-Construction of roads, link roads, pathways or any other road with or without drainage system","Tamil Nadu","ERODE(DISTRICT_COLLECTORE_ERODE_IDA)","providing to compound wall at 11 ward kanjikkovil peruratchi, erode district","K Subbarayan","TIRUPPUR","Images","01-Sep-2025","1100000"
"1006","Normal/Others","WS/MP745/2025-2026/202601-Construction of footpaths and pedestrian ways","Tamil Nadu","ERODE(DISTRICT_COLLECTORE_ERODE_IDA)","Construction of steps on pasuveshwarar road in Ward No-20, Bhavani Municipality at Erode District","K Subbarayan","TIRUPPUR","Images","13-Mar-2026","1000000"
"1007","Normal/Others","WS/MP745/2025-2026/202602-Construction of community centers and community halls","Tamil Nadu","ERODE(DISTRICT_COLLECTORE_ERODE_IDA)","Construction of Community Building at Ward No.9 Chinna perichupalayam colony in Varadhanallur Panchayat, Bhavani Union in Erode District","K Subbarayan","TIRUPPUR","N/A","24-Feb-2026","1229874"
"1008","Normal/Others","WS/MP745/2025-2026/202617-Construction of roads, link roads, pathways or any other road with or without drainage system","Tamil Nadu","ERODE(DISTRICT_COLLECTORE_ERODE_IDA)","providing to conkriit road at neru street to kaliyannan vedu varai at gettisamudiram,anthiyur,erode","K Subbarayan","TIRUPPUR","N/A","26-Sep-2025","320000"
"1009","Normal/Others","WS/MP745/2025-2026/202618-Construction of roads, link roads, pathways or any other road with or without drainage system","Tamil Nadu","ERODE(DISTRICT_COLLECTORE_ERODE_IDA)","providing to congreet road krishna puram to senthil veedu varai at gettisamudram,anthiyuur,erode","K Subbarayan","TIRUPPUR","N/A","31-Oct-2025","270000"
"1010","Normal/Others","WS/MP745/2025-2026/202620-Construction of roads, link roads, pathways or any other road with or without drainage system","Tamil Nadu","ERODE(DISTRICT_COLLECTORE_ERODE_IDA)","Construction of CC road in Vellai Pillaiyar Kovil church to Chithamalai at Gettisamudram panchayat in Andhiyur Block in Erode District","K Subbarayan","TIRUPPUR","N/A","31-Oct-2025","599926"
"1011","Normal/Others","WS/MP745/2025-2026/202621-Construction of Government office buildings (Post office, Police station, Police chauki, etc.)","Tamil Nadu","ERODE(DISTRICT_COLLECTORE_ERODE_IDA)","Constructions of PDS Shop in ward no.11 at kasipalayam Town Panchayat in Gobi Erode District","K Subbarayan","TIRUPPUR","Images","02-Mar-2026","1500000"
"1012","Normal/Others","WS/MP745/2025-2026/241597-Construction of public irrigation facilities","Tamil Nadu","ERODE(DISTRICT_COLLECTORE_ERODE_IDA)","erode district, ammapettai union, kittampatti to drainage","K Subbarayan","TIRUPPUR","N/A","16-Apr-2026","709850"
"1013","Normal/Others","WS/MP745/2025-2026/241598-Construction of roads, link roads, pathways or any other road with or without drainage system","Tamil Nadu","ERODE(DISTRICT_COLLECTORE_ERODE_IDA)","erode district,anthiyurr, ammapettai union, conkreet road","K Subbarayan","TIRUPPUR","Images","02-Feb-2026","789935"
"1014","Normal/Others","WS/MP745/2025-2026/241599-Construction of bus-sheds or bus-stops","Tamil Nadu","ERODE(DISTRICT_COLLECTORE_ERODE_IDA)","Erode district,bhavani sagar union varppalaiyam viilage, bus stop","K Subbarayan","TIRUPPUR","Images","09-May-2026","500000"
"1015","Normal/Others","WS/MP745/2026-2027/263272-Construction of roads, link roads, pathways or any other road with or without drainage system","Tamil Nadu","ERODE(DISTRICT_COLLECTORE_ERODE_IDA)","Laying BT road from Komarayanur to Boomiyanthanda  through Burial ground in Komarayanur panchayat, Ammapettai Block","K Subbarayan","TIRUPPUR","Images","15-May-2026","1499459"
"1016","Normal/Others","WS/MP746/2024-2025/177407-Lighting of public spaces","Tamil Nadu","RAMANATHAPURAM(DISTRICT COLLECTOR RAMANATHAPURAM_IDA)","Installation of Highmast Light of near by Muthu Ramalinga Devar Temple in Pusumpon Village at Pasumpon Pt.","Kani K Navas","RAMANATHAPURAM","Images","06-Mar-2025","900000"
"1017","Normal/Others","WS/MP746/2024-2025/177408-Purchase of furniture and fixtures for educational purposes","Tamil Nadu","VIRUDHUNAGAR(DISTRICT COLLECTOR VIRUDHUNAGAR_IDA)","Supply of Desk and Bench Govt. Arts Science College in Thirusuli","Kani K Navas","RAMANATHAPURAM","N/A","17-Mar-2025","999345"
"1018","Normal/Others","WS/MP746/2025-2026/177659-Construction of roads, link roads, pathways or any other road with or without drainage system","Tamil Nadu","RAMANATHAPURAM(DISTRICT COLLECTOR RAMANATHAPURAM_IDA)","Providing Paver Block Road from near By Pallivasal in Keelaramanathi Village at Keelaramanathi Pt.","Kani K Navas","RAMANATHAPURAM","Images","02-May-2025","699477"
"1019","Normal/Others","WS/MP746/2025-2026/177666-Construction of rooms and halls in school and colleges","Tamil Nadu","VIRUDHUNAGAR(DISTRICT COLLECTOR VIRUDHUNAGAR_IDA)","Construction of School Building (Additional Class Room) in Thimmanpatti Satriya Nadaar Vidyala Primary School at Mallankinaru Town Panchayat.","Kani K Navas","RAMANATHAPURAM","Images","09-Oct-2025","2250000"
"1020","Normal/Others","WS/MP746/2025-2026/177667-Construction of water tanks","Tamil Nadu","VIRUDHUNAGAR(DISTRICT COLLECTOR VIRUDHUNAGAR_IDA)","Construction of Water Tank (Kuliyal Thotti) in Namasivayapuram at Kalkurichi Pt","Kani K Navas","RAMANATHAPURAM","Images","24-Jul-2025","249785"
"1021","Normal/Others","WS/MP746/2025-2026/177669-Construction of buildings for community cultural activities","Tamil Nadu","VIRUDHUNAGAR(DISTRICT COLLECTOR VIRUDHUNAGAR_IDA)","Construction of buildings for community cultural activities (Kalaiyarangam) in Eluvani Village at Eluvani Pt - Narikudi Union.","Kani K Navas","RAMANATHAPURAM","N/A","25-Oct-2025","749595"
"1022","Normal/Others","WS/MP746/2026-2027/177670-Construction of buildings for community cultural activities","Tamil Nadu","VIRUDHUNAGAR(DISTRICT COLLECTOR VIRUDHUNAGAR_IDA)","Construction of buildings for community cultural activities (Kalaiyarangam) in 15 Ward Kovilpatti at Mallankinaru Town Pt.","Kani K Navas","RAMANATHAPURAM","Images","10-Aug-2026","1120000"
"1023","Normal/Others","WS/MP746/2025-2026/177671-Construction of roads, link roads, pathways or any other road with or without drainage system","Tamil Nadu","VIRUDHUNAGAR(DISTRICT COLLECTOR VIRUDHUNAGAR_IDA)","Providing of Paver Block Road from  near by Union Office Ward No.11 at Kariapatti Town Pt","Kani K Navas","RAMANATHAPURAM","Images","12-Aug-2025","1000000"
"1024","Normal/Others","WS/MP746/2025-2026/177695-Lighting of public spaces","Tamil Nadu","PUDUKKOTTAI(DISTRICT COLLECTOR PUDUKKOTTAI_IDA)","Installation of Highmast Light in near Chithakoor Shop Street Sri Muthumariyamman Kovil at Thunhanur Pt.","Kani K Navas","RAMANATHAPURAM","Images","14-May-2026","430000"
"1025","Normal/Others","WS/MP746/2025-2026/177716-Lighting of public spaces","Tamil Nadu","PUDUKKOTTAI(DISTRICT COLLECTOR PUDUKKOTTAI_IDA)","Installation of Highmast Light in Vithiyankudi Kadai Veethi at Idaiyattur Panchayat.","Kani K Navas","RAMANATHAPURAM","Images","13-Jan-2026","430000"
"1026","Normal/Others","WS/MP746/2025-2026/177717-Construction of buildings for community cultural activities","Tamil Nadu","PUDUKKOTTAI(DISTRICT COLLECTOR PUDUKKOTTAI_IDA)","Construction of buildings for community cultural activities (Kalaiyarangam) in near Pillaiyar Kovil at Karakkottai Pt.","Kani K Navas","RAMANATHAPURAM","Images","16-Sep-2025","699214"
"1027","Normal/Others","WS/MP746/2025-2026/177720-Construction of roads, link roads, pathways or any other road with or without drainage system","Tamil Nadu","PUDUKKOTTAI(DISTRICT COLLECTOR PUDUKKOTTAI_IDA)","CC Road from Kottaipattinam Nakoor Veethi at Kottaipattinam Pt","Kani K Navas","RAMANATHAPURAM","Images","30-Jul-2025","449473"
"1028","Normal/Others","WS/MP746/2025-2026/177726-Lighting of public spaces","Tamil Nadu","PUDUKKOTTAI(DISTRICT COLLECTOR PUDUKKOTTAI_IDA)","Installation of Solar Highmast Light in Front Side L.N.Puram Selva Vinayagar Kovil (Kadaiveethi) at Aranthangi Municipality","Kani K Navas","RAMANATHAPURAM","N/A","07-Nov-2025","497060"
"1029","Normal/Others","WS/MP746/2025-2026/177727-Lighting of public spaces","Tamil Nadu","PUDUKKOTTAI(DISTRICT COLLECTOR PUDUKKOTTAI_IDA)","Installation of Solar Highmast Light Front side in Rajendra Soliswar Thiurkovil at Aranthangi Municipality","Kani K Navas","RAMANATHAPURAM","N/A","07-Nov-2025","497060"
"1030","Normal/Others","WS/MP746/2025-2026/177728-Lighting of public spaces","Tamil Nadu","PUDUKKOTTAI(DISTRICT COLLECTOR PUDUKKOTTAI_IDA)","Installation of Solar Highmast Light front Side in Kammankadu Road Islamiyar Adakashthalam at Aranthangai Municipality","Kani K Navas","RAMANATHAPURAM","N/A","07-Nov-2025","497060"
"1031","Normal/Others","WS/MP746/2025-2026/212906-Purchase of books and periodicals for libraries/digitization of library books","Tamil Nadu","RAMANATHAPURAM(DISTRICT COLLECTOR RAMANATHAPURAM_IDA)","Purchase of Books in Schools and libraries. Author Thiru.A.Koppanna","Kani K Navas","RAMANATHAPURAM","Images","01-Apr-2026","500000"
"1032","Normal/Others","WS/MP746/2025-2026/212907-Purchase of hospital equipment","Tamil Nadu","RAMANATHAPURAM(DISTRICT COLLECTOR RAMANATHAPURAM_IDA)","Purchase of hospital equipment (X-ray Machine) in Sayalkudi Govt Hospital.","Kani K Navas","RAMANATHAPURAM","Images","06-Aug-2025","398000"
"1033","Normal/Others","WS/MP746/2025-2026/225635-Lighting of public spaces","Tamil Nadu","PUDUKKOTTAI(DISTRICT COLLECTOR PUDUKKOTTAI_IDA)","Installation of Solar Highmast Llight in Avudaiyar Kovil Keelaveethi Vadakalur Road at Avudaiyar Kovil Pt (2024-2025)","Kani K Navas","RAMANATHAPURAM","Images","25-Feb-2026","499998"
"1034","Normal/Others","WS/MP746/2025-2026/225636-Lighting of public spaces","Tamil Nadu","PUDUKKOTTAI(DISTRICT COLLECTOR PUDUKKOTTAI_IDA)","Installation of Solar Highmast Llight in near by Pillaiyarkovil in Sethuramanvayal Village at Veeramanagalam Pt (2024-2025)","Kani K Navas","RAMANATHAPURAM","Images","25-Feb-2026","499998"
"1035","Normal/Others","WS/MP746/2025-2026/225637-Lighting of public spaces","Tamil Nadu","PUDUKKOTTAI(DISTRICT COLLECTOR PUDUKKOTTAI_IDA)","Installation of Solar Highmast Llight in nearby Sri Kannammal Kovil at Karur Pt (2024-2025)","Kani K Navas","RAMANATHAPURAM","Images","25-Feb-2026","499998"
"1036","Normal/Others","WS/MP746/2025-2026/225638-Lighting of public spaces","Tamil Nadu","PUDUKKOTTAI(DISTRICT COLLECTOR PUDUKKOTTAI_IDA)","Installation of Solar Highmast Llight in near by Thirupuvanavasal Arbutha Kulanthai Esu Kovil at Thiruppunavasal Pt (2024-2025)","Kani K Navas","RAMANATHAPURAM","Images","25-Feb-2026","499998"
"1037","Normal/Others","WS/MP746/2025-2026/225639-Lighting of public spaces","Tamil Nadu","PUDUKKOTTAI(DISTRICT COLLECTOR PUDUKKOTTAI_IDA)","Installation of Solar Highmast Llight in oppsite Muthaiyankovil at Embal Pt (2024-2025)","Kani K Navas","RAMANATHAPURAM","N/A","12-Mar-2026","499998"
"1038","Normal/Others","WS/MP746/2025-2026/225642-Lighting of public spaces","Tamil Nadu","PUDUKKOTTAI(DISTRICT COLLECTOR PUDUKKOTTAI_IDA)","Installation of Solar Highmast Light in Muslim Kudiyuruppu at Krishnajipattinam Pt (2024-2025)","Kani K Navas","RAMANATHAPURAM","Images","02-Jan-2026","499998"
"1039","Normal/Others","WS/MP746/2025-2026/225643-Lighting of public spaces","Tamil Nadu","PUDUKKOTTAI(DISTRICT COLLECTOR PUDUKKOTTAI_IDA)","Installation of Solar Highmast Light in near by Ambala Vananendal Ayyanar Kovil at Nerkuppam Pt (2024-2025)","Kani K Navas","RAMANATHAPURAM","Images","02-Jan-2026","499998"
"1040","Normal/Others","WS/MP746/2025-2026/225644-Lighting of public spaces","Tamil Nadu","PUDUKKOTTAI(DISTRICT COLLECTOR PUDUKKOTTAI_IDA)","Installation of Solar Highmast Light in near by Palaikudi Kali Kovil at Vettivayal Pt (2024-2025)","Kani K Navas","RAMANATHAPURAM","Images","02-Jan-2026","499998"
"1041","Normal/Others","WS/MP746/2025-2026/225645-Lighting of public spaces","Tamil Nadu","PUDUKKOTTAI(DISTRICT COLLECTOR PUDUKKOTTAI_IDA)","Installation of Solar Highmast Light in near by Vadakadu Bus Stop at Melapattu Pt (2024-2025)","Kani K Navas","RAMANATHAPURAM","Images","18-Feb-2026","499998"
"1042","Normal/Others","WS/MP746/2025-2026/225646-Lighting of public spaces","Tamil Nadu","PUDUKKOTTAI(DISTRICT COLLECTOR PUDUKKOTTAI_IDA)","Installation of Solar Highmast Light in near by Ayyanar kovil in Kuthadivayal Village at Retnakottai Pt (2024-2025)","Kani K Navas","RAMANATHAPURAM","Images","18-Feb-2026","499998"
"1043","Normal/Others","WS/MP746/2025-2026/225647-Lighting of public spaces","Tamil Nadu","PUDUKKOTTAI(DISTRICT COLLECTOR PUDUKKOTTAI_IDA)","Installation of Solar Highmast Light in near by Pillaiyar kovil in Thenpathi Adhi Dhiravidar Kudiyiruppu at Eginivayal Pt (2024-2025)","Kani K Navas","RAMANATHAPURAM","N/A","18-Feb-2026","499998"
"1044","Normal/Others","WS/MP746/2025-2026/225710-Lighting of public spaces","Tamil Nadu","RAMANATHAPURAM(DISTRICT COLLECTOR RAMANATHAPURAM_IDA)","Installation of Highmast Light in near by Neelakandi Oorani Four way road (Kasi Vishvanathar Kasi Vichalatchi Kovil) in Ward No.1 at Ramanathapuram Municipality. (2024-2025)","Kani K Navas","RAMANATHAPURAM","Images","30-Oct-2025","421405"
"1045","Normal/Others","WS/MP746/2025-2026/225711-Lighting of public spaces","Tamil Nadu","RAMANATHAPURAM(DISTRICT COLLECTOR RAMANATHAPURAM_IDA)","Installation of Highmast Light in near by Periya Mariyamman Kovil (Alli Kanmay) in Ward No.6 at Ramanathapuram Municipality. (2024-2025)","Kani K Navas","RAMANATHAPURAM","Images","30-Oct-2025","421405"
"1046","Normal/Others","WS/MP746/2025-2026/225712-Lighting of public spaces","Tamil Nadu","RAMANATHAPURAM(DISTRICT COLLECTOR RAMANATHAPURAM_IDA)","Installation of Highmast Light in near by Haja Places  in Ward No.1 at Ramanathapuram Municipality. (2024-2025)","Kani K Navas","RAMANATHAPURAM","Images","30-Oct-2025","421405"
"1047","Normal/Others","WS/MP746/2025-2026/225713-Lighting of public spaces","Tamil Nadu","RAMANATHAPURAM(DISTRICT COLLECTOR RAMANATHAPURAM_IDA)","Installation of Highmast Light in Dharbasayanam Street  in Ward No.1 at Ramanathapuram Municipality. (2024-2025)","Kani K Navas","RAMANATHAPURAM","Images","30-Oct-2025","421405"
"1048","Normal/Others","WS/MP746/2025-2026/225714-Lighting of public spaces","Tamil Nadu","RAMANATHAPURAM(DISTRICT COLLECTOR RAMANATHAPURAM_IDA)","Installation of Highmast Light in Near by Chettiyar Street Muthulamman Kovil  in Ward No.1 at Ramanathapuram Municipality. (2024-2025)","Kani K Navas","RAMANATHAPURAM","Images","30-Oct-2025","421405"
"1049","Normal/Others","WS/MP746/2025-2026/225759-Lighting of public spaces","Tamil Nadu","RAMANATHAPURAM(DISTRICT COLLECTOR RAMANATHAPURAM_IDA)","Installation of Highmast Light in near by Kundukarai Murugan Kovil in Ward 22 at Ramanathapuram Municipality. (2024-2025)","Kani K Navas","RAMANATHAPURAM","Images","30-Oct-2025","421405"
"1050","Normal/Others","WS/MP746/2025-2026/225760-Lighting of public spaces","Tamil Nadu","RAMANATHAPURAM(DISTRICT COLLECTOR RAMANATHAPURAM_IDA)","Installation of Highmast Light in near by Maravar Sangam in Ward 24 at Ramanathapuram Municipality. (2024-2025)","Kani K Navas","RAMANATHAPURAM","Images","30-Oct-2025","421405"
"1051","Normal/Others","WS/MP746/2025-2026/225761-Lighting of public spaces","Tamil Nadu","RAMANATHAPURAM(DISTRICT COLLECTOR RAMANATHAPURAM_IDA)","Installation of Highmast Light in Frond side by Aranmai Sivan kovil in Ward 1 at Ramanathapuram Municipality. (2024-2025)","Kani K Navas","RAMANATHAPURAM","Images","30-Oct-2025","421405"
"1052","Normal/Others","WS/MP746/2025-2026/225762-Lighting of public spaces","Tamil Nadu","RAMANATHAPURAM(DISTRICT COLLECTOR RAMANATHAPURAM_IDA)","Installation of Highmast Light in nearby Ajmankhan Hospital in Ward 9 at Ramanathapuram Municipality. (2024-2025)","Kani K Navas","RAMANATHAPURAM","Images","30-Oct-2025","421405"
"1053","Normal/Others","WS/MP746/2025-2026/225763-Lighting of public spaces","Tamil Nadu","RAMANATHAPURAM(DISTRICT COLLECTOR RAMANATHAPURAM_IDA)","Installation of Highmast Light in near by KooriSatha Ayyanar Kovil in Ward 1 at Ramanathapuram Municipality. (2024-2025)","Kani K Navas","RAMANATHAPURAM","Images","30-Oct-2025","421405"
"1054","Normal/Others","WS/MP746/2025-2026/225764-Lighting of public spaces","Tamil Nadu","RAMANATHAPURAM(DISTRICT COLLECTOR RAMANATHAPURAM_IDA)","Installation of Highmast Light in near by Sivakami Nagar Pillaiyar kovil in Ward 9 at Rameswaram Municipality. (2024-2025)","Kani K Navas","RAMANATHAPURAM","N/A","29-Oct-2025","421523"
"1055","Normal/Others","WS/MP746/2025-2026/225765-Lighting of public spaces","Tamil Nadu","RAMANATHAPURAM(DISTRICT COLLECTOR RAMANATHAPURAM_IDA)","Installation of Highmast Light in near by Keelavasal Kilaku Gopuram  in Ward 1 at Rameswaram Municipality. (2024-2025)","Kani K Navas","RAMANATHAPURAM","N/A","29-Oct-2025","421523"
"1056","Normal/Others","WS/MP746/2025-2026/225766-Lighting of public spaces","Tamil Nadu","RAMANATHAPURAM(DISTRICT COLLECTOR RAMANATHAPURAM_IDA)","Installation of Highmast Light in near by Pallivasal Adakashthalam in Ward 12 at Rameswaram Municipality. (2024-2025)","Kani K Navas","RAMANATHAPURAM","N/A","30-Oct-2025","421523"
"1057","Normal/Others","WS/MP746/2025-2026/225768-Lighting of public spaces","Tamil Nadu","RAMANATHAPURAM(DISTRICT COLLECTOR RAMANATHAPURAM_IDA)","Installation of Highmast Light in near by Karaiyur Mariyamman Kovil  in Ward 21 at Rameswaram Municipality. (2024-2025)","Kani K Navas","RAMANATHAPURAM","N/A","30-Oct-2025","421523"
"1058","Normal/Others","WS/MP746/2025-2026/225769-Lighting of public spaces","Tamil Nadu","RAMANATHAPURAM(DISTRICT COLLECTOR RAMANATHAPURAM_IDA)","Installation of Highmast Light in near by Angala Parameswari Kovil in Ward 18 at Rameswaram Municipality. (2024-2025)","Kani K Navas","RAMANATHAPURAM","N/A","30-Oct-2025","421523"
"1059","Normal/Others","WS/MP746/2025-2026/225770-Lighting of public spaces","Tamil Nadu","RAMANATHAPURAM(DISTRICT COLLECTOR RAMANATHAPURAM_IDA)","Installation of Highmast Light in near by North Street Manalmedu area in Ward 7 at Keelakarai Municipality. (2024-2025)","Kani K Navas","RAMANATHAPURAM","Images","10-Nov-2025","426595"
"1060","Normal/Others","WS/MP746/2025-2026/225771-Lighting of public spaces","Tamil Nadu","RAMANATHAPURAM(DISTRICT COLLECTOR RAMANATHAPURAM_IDA)","Installation of Highmast Light in near by Thavvith School  area in Ward 1 at Keelakarai Municipality. (2024-2025)","Kani K Navas","RAMANATHAPURAM","Images","10-Nov-2025","426596"
"1061","Normal/Others","WS/MP746/2025-2026/225772-Lighting of public spaces","Tamil Nadu","RAMANATHAPURAM(DISTRICT COLLECTOR RAMANATHAPURAM_IDA)","Installation of Highmast Light in near by Ayisha Palli in Ward 21 at Keelakarai Municipality. (2024-2025)","Kani K Navas","RAMANATHAPURAM","Images","14-Nov-2025","426595"
"1062","Normal/Others","WS/MP746/2025-2026/225773-Lighting of public spaces","Tamil Nadu","RAMANATHAPURAM(DISTRICT COLLECTOR RAMANATHAPURAM_IDA)","Installation of Highmast Light in near by North Beach Elakkudam in Ward 1 at Mandapam Town Panchayat. (2024-2025)","Kani K Navas","RAMANATHAPURAM","Images","16-Oct-2025","421582"
"1063","Normal/Others","WS/MP746/2025-2026/225774-Lighting of public spaces","Tamil Nadu","RAMANATHAPURAM(DISTRICT COLLECTOR RAMANATHAPURAM_IDA)","Installation of Highmast Light in near by South Beach Elakkudam in Ward 1 at Mandapam Town Panchayat. (2024-2025)","Kani K Navas","RAMANATHAPURAM","Images","16-Oct-2025","421582"
"1064","Normal/Others","WS/MP746/2025-2026/225775-Lighting of public spaces","Tamil Nadu","RAMANATHAPURAM(DISTRICT COLLECTOR RAMANATHAPURAM_IDA)","Installation of Highmast Light in near by Balan Company in Ward 3 at Mandapam Town Panchayat. (2024-2025)","Kani K Navas","RAMANATHAPURAM","Images","16-Oct-2025","421582"
"1065","Normal/Others","WS/MP746/2025-2026/225776-Providing drains and gutters for public drainage","Tamil Nadu","RAMANATHAPURAM(DISTRICT COLLECTOR RAMANATHAPURAM_IDA)","Construction of drainage Platform in Sayakkari Amman Kovil street Near by Kanna Store in Ward 22 at Ramanathapuram Municipality","Kani K Navas","RAMANATHAPURAM","Images","28-Nov-2025","694892"
"1066","Normal/Others","WS/MP746/2025-2026/225777-Lighting of public spaces","Tamil Nadu","RAMANATHAPURAM(DISTRICT COLLECTOR RAMANATHAPURAM_IDA)","Installation of Highmast Light in near by Vallal Sethakathi Road Jumma Pallivasal in Ward 1 at Keelakarai Municipality","Kani K Navas","RAMANATHAPURAM","Images","14-Nov-2025","426595"
"1067","Normal/Others","WS/MP746/2026-2027/225785-Construction of community centers and community halls","Tamil Nadu","VIRUDHUNAGAR(DISTRICT COLLECTOR VIRUDHUNAGAR_IDA)","Construction of Community Hall in Valukkalotti Colony at Valukkalotti Pt (2025-2026)","Kani K Navas","RAMANATHAPURAM","Images","20-Aug-2026","2998071"
"1068","Normal/Others","WS/MP746/2025-2026/225786-Construction of roads, link roads, pathways or any other road with or without drainage system","Tamil Nadu","VIRUDHUNAGAR(DISTRICT COLLECTOR VIRUDHUNAGAR_IDA)","Providing of Pavarblock road in Sannachi Shop to Perumal House in Kalaiyar Karisalkulam village at Kalaiyar Karisalkulam Pt (2025-2026)","Kani K Navas","RAMANATHAPURAM","N/A","31-Dec-2025","499065"
"1069","Normal/Others","WS/MP746/2025-2026/225787-Construction of roads, link roads, pathways or any other road with or without drainage system","Tamil Nadu","VIRUDHUNAGAR(DISTRICT COLLECTOR VIRUDHUNAGAR_IDA)","Providing of Paver block road in Aruppukottai - Valinokkam road to Rubasunthari Ammal House at Muthuramalingapuram Pt (2025-2026)","Kani K Navas","RAMANATHAPURAM","N/A","25-Mar-2026","499422"
"1070","Normal/Others","WS/MP746/2025-2026/232892-Construction of rooms and halls in school and colleges","Tamil Nadu","PUDUKKOTTAI(DISTRICT COLLECTOR PUDUKKOTTAI_IDA)","Construction of School Building (Class Room and Kalaiyarangam) in R.Pudupattinam PUMS at Nattanipurasakudi Pt. (2024-2025)","Kani K Navas","RAMANATHAPURAM","Images","17-Mar-2026","2464758"
"1071","Normal/Others","WS/MP746/2025-2026/232904-Lighting of public spaces","Tamil Nadu","PUDUKKOTTAI(DISTRICT COLLECTOR PUDUKKOTTAI_IDA)","Installation of Solar Light in near by Aaladikadu Kovil at Vettanur Pt (2025-2026)","Kani K Navas","RAMANATHAPURAM","Images","14-May-2026","499998"
"1072","Normal/Others","WS/MP746/2025-2026/232906-Lighting of public spaces","Tamil Nadu","PUDUKKOTTAI(DISTRICT COLLECTOR PUDUKKOTTAI_IDA)","Installation of Solar Light in nearby Sri Sundraraja perumal Kovil in Sunthavur village at Senganam Pt (2025-2026)","Kani K Navas","RAMANATHAPURAM","Images","14-May-2026","499998"
"1073","Normal/Others","WS/MP746/2025-2026/232913-Lighting of public spaces","Tamil Nadu","PUDUKKOTTAI(DISTRICT COLLECTOR PUDUKKOTTAI_IDA)","Installation of Solar Light in Idaiyattimangalam Kudiyuruppu at Idaiyattimangalam Pt (2025-2026)","Kani K Navas","RAMANATHAPURAM","Images","01-Apr-2026","499998"
"1074","Normal/Others","WS/MP746/2026-2027/232915-Construction of bus-sheds or bus-stops","Tamil Nadu","VIRUDHUNAGAR(DISTRICT COLLECTOR VIRUDHUNAGAR_IDA)","Construction of Bus Shelter in Kanjampatti Village at Suthmadam Pt (2025-2026)","Kani K Navas","RAMANATHAPURAM","Images","10-Aug-2026","699235"
"1075","Normal/Others","WS/MP746/2025-2026/232985-Construction of bus-sheds or bus-stops","Tamil Nadu","RAMANATHAPURAM(DISTRICT COLLECTOR RAMANATHAPURAM_IDA)","Construction of Bus Shelder in Thooval Vilaku at Keelathooval Pt (2024-2025)","Kani K Navas","RAMANATHAPURAM","Images","20-Jan-2026","522707"
"1076","Normal/Others","WS/MP746/2026-2027/232986-Lighting of public spaces","Tamil Nadu","RAMANATHAPURAM(DISTRICT COLLECTOR RAMANATHAPURAM_IDA)","Installation of Solar Light in near by Sri Siva Kaliyamman Kovil at Keelakodumalur Pt (2024 - 2025)","Kani K Navas","RAMANATHAPURAM","Images","14-May-2026","499998"
"1077","Normal/Others","WS/MP746/2026-2027/232987-Lighting of public spaces","Tamil Nadu","RAMANATHAPURAM(DISTRICT COLLECTOR RAMANATHAPURAM_IDA)","Installation of Solar Light in Mayanam at Maruthagam Village  (2024 - 2025)","Kani K Navas","RAMANATHAPURAM","Images","14-May-2026","499998"
"1078","Normal/Others","WS/MP746/2026-2027/232998-Lighting of public spaces","Tamil Nadu","RAMANATHAPURAM(DISTRICT COLLECTOR RAMANATHAPURAM_IDA)","Installation of Highmast Light in Indira Nagar Colony Bus Stop at Valanadu Pt (2024-2025)","Kani K Navas","RAMANATHAPURAM","Images","14-May-2026","430000"
"1079","Normal/Others","WS/MP746/2025-2026/233204-Construction of bus-sheds or bus-stops","Tamil Nadu","RAMANATHAPURAM(DISTRICT COLLECTOR RAMANATHAPURAM_IDA)","Construction of Bus Shelder in Kumaraiya Kovil Bus Stop at Sakkarakottai Pt. (2024-2025)","Kani K Navas","RAMANATHAPURAM","Images","06-Mar-2026","644921"
"1080","Normal/Others","WS/MP746/2025-2026/233205-Construction of rooms and halls in school and colleges","Tamil Nadu","RAMANATHAPURAM(DISTRICT COLLECTOR RAMANATHAPURAM_IDA)","Construction of School Compundwall in Sirumalar Hr. Sec. School at Andavoorani Pt (2024-2025)","Kani K Navas","RAMANATHAPURAM","Images","28-Oct-2025","799304"
"1081","Normal/Others","WS/MP746/2025-2026/233207-Construction of community centers and community halls","Tamil Nadu","RAMANATHAPURAM(DISTRICT COLLECTOR RAMANATHAPURAM_IDA)","Construction of Community Hall (Meals Room) in near by K.K.Nagar Sonaiya Kovil at Surankottai Pt (2024-2025)","Kani K Navas","RAMANATHAPURAM","Images","14-Jan-2026","796749"
"1082","Normal/Others","WS/MP746/2025-2026/255086-Lighting of public spaces","Tamil Nadu","RAMANATHAPURAM(DISTRICT COLLECTOR RAMANATHAPURAM_IDA)","Installation of Highmast Light in near by Santhana Mariyamman Kovil in Ward 16 at Rameswaram Municipality. (2024-2025)","Kani K Navas","RAMANATHAPURAM","N/A","09-Jan-2026","421523"
"1083","Normal/Others","WS/MP746/2025-2026/269929-Construction of roads, link roads, pathways or any other road with or without drainage system","Tamil Nadu","RAMANATHAPURAM(DISTRICT COLLECTOR RAMANATHAPURAM_IDA)","Providing Paver block road for Arulmigu Nallakka Nachiyappan via thidal in Mustakurichi at Muthalnadu Pt. (2025-2026)","Kani K Navas","RAMANATHAPURAM","Images","23-Feb-2026","999052"
"1084","Normal/Others","WS/MP747/2024-2025/135704-Construction of community centers and community halls","Tamil Nadu","MADURAI(DISTRICT COLLECTOR MADURAI_IDA)","Construction of Community Hall in Valayapatti Village and panchayat. Thirupparankundram Panchayat Union.","Manickam Tagore B","VIRUDHUNAGAR","Images","08-Jul-2025","2495751"
"1085","Normal/Others","WS/MP747/2024-2025/136647-Construction of community centers and community halls","Tamil Nadu","MADURAI(DISTRICT COLLECTOR MADURAI_IDA)","Construction of Community center in Koothiyarkundu village at Nilaiyur Bit 1 panchayat","Manickam Tagore B","VIRUDHUNAGAR","Images","15-Dec-2025","2370415"
"1086","Normal/Others","WS/MP747/2024-2025/136648-Construction of community centers and community halls","Tamil Nadu","MADURAI(DISTRICT COLLECTOR MADURAI_IDA)","Construction of Community center in Ward no.89 at Madurai Corporation","Manickam Tagore B","VIRUDHUNAGAR","Images","08-Oct-2025","2494342"
"1087","Normal/Others","WS/MP747/2025-2026/136699-Installing community drinking water plants","Tamil Nadu","VIRUDHUNAGAR(DISTRICT COLLECTOR VIRUDHUNAGAR_IDA)","Providing RO plant in special armed reserve Police  force Complex at Anaiyur Panchayat","Manickam Tagore B","VIRUDHUNAGAR","Images","01-Jul-2025","600000"
"1088","Normal/Others","WS/MP747/2025-2026/136700-Installing community drinking water plants","Tamil Nadu","VIRUDHUNAGAR(DISTRICT COLLECTOR VIRUDHUNAGAR_IDA)","Providing RO Plant in Vadapatti village and Panchayat","Manickam Tagore B","VIRUDHUNAGAR","Images","01-Jul-2025","600000"
"1089","Normal/Others","WS/MP747/2025-2026/140329-Construction of community centers and community halls","Tamil Nadu","VIRUDHUNAGAR(DISTRICT COLLECTOR VIRUDHUNAGAR_IDA)","Construction of Community Centre in Meenampatti village at Anuppankulam panchayat","Manickam Tagore B","VIRUDHUNAGAR","Images","23-Jan-2026","2499149"
"1090","Normal/Others","WS/MP747/2025-2026/141751-Lighting of public spaces","Tamil Nadu","VIRUDHUNAGAR(DISTRICT COLLECTOR VIRUDHUNAGAR_IDA)","Installation of Highmass Light (LED) in Nathikkudi village and Panchayat","Manickam Tagore B","VIRUDHUNAGAR","Images","02-Apr-2025","800000"
"1091","Normal/Others","WS/MP747/2025-2026/141752-Construction of buildings for community cultural activities","Tamil Nadu","VIRUDHUNAGAR(DISTRICT COLLECTOR VIRUDHUNAGAR_IDA)","Construction of Drama stage in Keelanmarainadu village and Panchayat","Manickam Tagore B","VIRUDHUNAGAR","Images","24-Nov-2025","998818"
"1092","Normal/Others","WS/MP747/2025-2026/141753-Construction of bus-sheds or bus-stops","Tamil Nadu","VIRUDHUNAGAR(DISTRICT COLLECTOR VIRUDHUNAGAR_IDA)","Construction of Bus shelter in Ethirkkottai village at Ettakkapatti Panchayat","Manickam Tagore B","VIRUDHUNAGAR","N/A","29-Sep-2025","748056"
"1093","Normal/Others","WS/MP747/2025-2026/141755-Construction of bus-sheds or bus-stops","Tamil Nadu","VIRUDHUNAGAR(DISTRICT COLLECTOR VIRUDHUNAGAR_IDA)","Construction of Bus shelter in Muthandiapuram village and Panchayat","Manickam Tagore B","VIRUDHUNAGAR","Images","08-Aug-2025","748443"
"1094","Normal/Others","WS/MP747/2025-2026/141756-Construction of bus-sheds or bus-stops","Tamil Nadu","VIRUDHUNAGAR(DISTRICT COLLECTOR VIRUDHUNAGAR_IDA)","Construction of Bus shelter in Thulukkankuruchi village and Panchayat","Manickam Tagore B","VIRUDHUNAGAR","Images","12-Jan-2026","749124"
"1095","Normal/Others","WS/MP747/2025-2026/141757-Construction of bus-sheds or bus-stops","Tamil Nadu","VIRUDHUNAGAR(DISTRICT COLLECTOR VIRUDHUNAGAR_IDA)","Construction of Bus shelter in Guhanparai village and Panchayat","Manickam Tagore B","VIRUDHUNAGAR","Images","08-Aug-2025","732809"
"1096","Normal/Others","WS/MP747/2025-2026/141758-Construction of bus-sheds or bus-stops","Tamil Nadu","VIRUDHUNAGAR(DISTRICT COLLECTOR VIRUDHUNAGAR_IDA)","Construction of Bus shelter in Ondiveeran colony at Vetrilaiyoorani village and Panchayat","Manickam Tagore B","VIRUDHUNAGAR","Images","08-Aug-2025","748111"
"1097","Normal/Others","WS/MP747/2025-2026/141760-Lighting of public spaces","Tamil Nadu","VIRUDHUNAGAR(DISTRICT COLLECTOR VIRUDHUNAGAR_IDA)","Installation of Highmass Light (LED) in Anbinnagaram village at Kangarakkottai Panchayat","Manickam Tagore B","VIRUDHUNAGAR","Images","03-Apr-2025","800000"
"1098","Normal/Others","WS/MP747/2025-2026/147476-Construction of bus-sheds or bus-stops","Tamil Nadu","VIRUDHUNAGAR(DISTRICT COLLECTOR VIRUDHUNAGAR_IDA)","Construction of Bus shelter in Kandiyapuram village at Muthusamypuram Panchayat","Manickam Tagore B","VIRUDHUNAGAR","Images","17-Jul-2025","749622"
"1099","Normal/Others","WS/MP747/2025-2026/147477-Construction of community centers and community halls","Tamil Nadu","VIRUDHUNAGAR(DISTRICT COLLECTOR VIRUDHUNAGAR_IDA)","Construction of Community Centre in valavanthalpuram village at Kattalampatti panchayat","Manickam Tagore B","VIRUDHUNAGAR","Images","05-Dec-2025","2499979"
"1100","Normal/Others","WS/MP747/2025-2026/152182-Construction of community centers and community halls","Tamil Nadu","VIRUDHUNAGAR(DISTRICT COLLECTOR VIRUDHUNAGAR_IDA)","Construction of Additional Work in Sivagnanapuram Community Hall at Sivagnanapuram Village and Panchayat.","Manickam Tagore B","VIRUDHUNAGAR","Images","11-Apr-2025","999395"
"1101","Normal/Others","WS/MP747/2026-2027/178049-Construction of community centers and community halls","Tamil Nadu","VIRUDHUNAGAR(DISTRICT COLLECTOR VIRUDHUNAGAR_IDA)","Construction of community hall in Govindanallur Village at Kattanarpatti Panchayat","Manickam Tagore B","VIRUDHUNAGAR","Images","14-May-2026","2999494"
"1102","Normal/Others","WS/MP747/2025-2026/178050-Construction of additional rooms and halls in the existing public and community building","Tamil Nadu","VIRUDHUNAGAR(DISTRICT COLLECTOR VIRUDHUNAGAR_IDA)","Construction of additional rooms and halls in the existing community building in Nandhireddipatti Village at Sivagnanapuram Panchayat","Manickam Tagore B","VIRUDHUNAGAR","Images","04-Dec-2025","999819"
"1103","Normal/Others","WS/MP747/2025-2026/178077-Construction of additional rooms and halls in the existing public and community building","Tamil Nadu","VIRUDHUNAGAR(DISTRICT COLLECTOR VIRUDHUNAGAR_IDA)","Construction of additional rooms and halls in the existing community building in Kooraikundu Village and Panchayat.","Manickam Tagore B","VIRUDHUNAGAR","Images","04-Dec-2025","999671"
"1104","Normal/Others","WS/MP747/2025-2026/178081-Construction of additional rooms and halls in the existing public and community building","Tamil Nadu","VIRUDHUNAGAR(DISTRICT COLLECTOR VIRUDHUNAGAR_IDA)","Construction of additional rooms and halls in existing community building at Ward no 34 in Virudhunagar municipality","Manickam Tagore B","VIRUDHUNAGAR","Images","17-Oct-2025","1000000"
"1105","Normal/Others","WS/MP747/2025-2026/178088-Construction of bus-sheds or bus-stops","Tamil Nadu","MADURAI(DISTRICT COLLECTOR MADURAI_IDA)","Construction of bus-shelter in Lalapuram Village at Kalligudi Panchayat.","Manickam Tagore B","VIRUDHUNAGAR","Images","09-Apr-2026","748994"
"1106","Normal/Others","WS/MP747/2025-2026/181336-Construction of toilet blocks","Tamil Nadu","VIRUDHUNAGAR(DISTRICT COLLECTOR VIRUDHUNAGAR_IDA)","Construction of Sanitary Complex in Devangar Higher Secondary School at ward no.25 in Aruppulottai Municipality","Manickam Tagore B","VIRUDHUNAGAR","Images","21-Jan-2026","2500000"
"1107","Normal/Others","WS/MP747/2025-2026/181341-Construction of bus-sheds or bus-stops","Tamil Nadu","VIRUDHUNAGAR(DISTRICT COLLECTOR VIRUDHUNAGAR_IDA)","Construction of bus shelter in Kuppampatti village at Endapuli Panchayat","Manickam Tagore B","VIRUDHUNAGAR","Images","07-Jan-2026","749788"
"1108","Normal/Others","WS/MP747/2025-2026/181344-Construction of bus-sheds or bus-stops","Tamil Nadu","VIRUDHUNAGAR(DISTRICT COLLECTOR VIRUDHUNAGAR_IDA)","Construction of bus-shelter in Nallamanaickenpatti village and panchayat","Manickam Tagore B","VIRUDHUNAGAR","Images","30-Jul-2025","749455"
"1109","Normal/Others","WS/MP747/2025-2026/181390-Construction of bus-sheds or bus-stops","Tamil Nadu","MADURAI(DISTRICT COLLECTOR MADURAI_IDA)","Construction of bus shelter in Melapatti Village at k.Vellakulam Panchayat.","Manickam Tagore B","VIRUDHUNAGAR","Images","09-Apr-2026","748353"
"1110","Normal/Others","WS/MP747/2025-2026/181393-Construction of buildings for community cultural activities","Tamil Nadu","MADURAI(DISTRICT COLLECTOR MADURAI_IDA)","Construction of buildings for community cultural activities (Chavadi) in Kellaurappanur village at Urappanur panchayat.","Manickam Tagore B","VIRUDHUNAGAR","Images","23-Feb-2026","1296034"
"1111","Normal/Others","WS/MP747/2025-2026/195858-Construction of buildings for community cultural activities","Tamil Nadu","MADURAI(DISTRICT COLLECTOR MADURAI_IDA)","Construction of buildings for community cultural activities in S.Meenakshipuram Village at Sowdarpatty Panchayat","Manickam Tagore B","VIRUDHUNAGAR","Images","27-Feb-2026","1297509"
"1112","Normal/Others","WS/MP747/2025-2026/195916-Construction of buildings for community cultural activities","Tamil Nadu","MADURAI(DISTRICT COLLECTOR MADURAI_IDA)","Construction of Drama stage in Appakarai Village and Panchayat at Kallupatti Block.","Manickam Tagore B","VIRUDHUNAGAR","Images","08-Jan-2026","998111"
"1113","Normal/Others","WS/MP747/2025-2026/195936-Construction of community centers and community halls","Tamil Nadu","MADURAI(DISTRICT COLLECTOR MADURAI_IDA)","Construction of PDS building in Perungudi Village and Panchayat.","Manickam Tagore B","VIRUDHUNAGAR","Images","12-Jan-2026","1349635"
"1114","Normal/Others","WS/MP747/2025-2026/195939-Lighting of public spaces","Tamil Nadu","MADURAI(DISTRICT COLLECTOR MADURAI_IDA)","Installation of High mass light in Avaniyapuram MMC colony Wardno 92 at Madurai Corporation","Manickam Tagore B","VIRUDHUNAGAR","Images","12-Jan-2026","818706"
"1115","Normal/Others","WS/MP747/2025-2026/195941-Lighting of public spaces","Tamil Nadu","VIRUDHUNAGAR(DISTRICT COLLECTOR VIRUDHUNAGAR_IDA)","Installation of Mini high mass light in Velan nagar Ward no 22 at Sivakasi Corporation","Manickam Tagore B","VIRUDHUNAGAR","Images","17-Sep-2025","447049"
"1116","Normal/Others","WS/MP747/2025-2026/195949-Street lights","Tamil Nadu","VIRUDHUNAGAR(DISTRICT COLLECTOR VIRUDHUNAGAR_IDA)","Providing LED Steet light (120 watts 4 nos) (40 watts 6 nos) in ward no 24 at Virudhunagar Municipality","Manickam Tagore B","VIRUDHUNAGAR","N/A","17-Dec-2025","150000"
"1117","Normal/Others","WS/MP747/2025-2026/195965-Lighting of public spaces","Tamil Nadu","VIRUDHUNAGAR(DISTRICT COLLECTOR VIRUDHUNAGAR_IDA)","Installation of Mini high mass light in ward no 24 at Virudhunagar Municipality","Manickam Tagore B","VIRUDHUNAGAR","N/A","16-Oct-2025","441786"
"1118","Normal/Others","WS/MP747/2025-2026/195974-Construction of water tanks","Tamil Nadu","VIRUDHUNAGAR(DISTRICT COLLECTOR VIRUDHUNAGAR_IDA)","Providing Borewell with syntex tank in Kambar street ward no 14 at Virudhunagar Municipality","Manickam Tagore B","VIRUDHUNAGAR","N/A","29-Oct-2025","429139"
"1119","Normal/Others","WS/MP747/2025-2026/195976-Construction of water tanks","Tamil Nadu","VIRUDHUNAGAR(DISTRICT COLLECTOR VIRUDHUNAGAR_IDA)","Providing Borewell with syntex tank in Thiruvalluvar street ward no 14 at Virudhunagar Municipality","Manickam Tagore B","VIRUDHUNAGAR","N/A","29-Oct-2025","434945"
"1120","Normal/Others","WS/MP747/2025-2026/195980-Lighting of public spaces","Tamil Nadu","VIRUDHUNAGAR(DISTRICT COLLECTOR VIRUDHUNAGAR_IDA)","Installation of Highmass light  near NH road in Nallichatram Village of Pulvoipatti Panchayat.","Manickam Tagore B","VIRUDHUNAGAR","Images","04-Nov-2025","850000"
"1121","Normal/Others","WS/MP747/2025-2026/195994-Construction of public toilets and bathrooms","Tamil Nadu","MADURAI(DISTRICT COLLECTOR MADURAI_IDA)","Providing Borewell and bathtub for women with compound wall in Samanatham village and panchayat","Manickam Tagore B","VIRUDHUNAGAR","Images","23-Sep-2025","698386"
"1122","Normal/Others","WS/MP747/2025-2026/205068-Lighting of public spaces","Tamil Nadu","VIRUDHUNAGAR(DISTRICT COLLECTOR VIRUDHUNAGAR_IDA)","Installation of Highmass light in Madurai-Thoothukudi NH Road at Kovilangulam Junction of Kovilangulam Village and Panchayat. (2024-2025)","Manickam Tagore B","VIRUDHUNAGAR","Images","22-Sep-2025","850000"
"1123","Normal/Others","WS/MP747/2025-2026/205072-Construction of boundary walls of existing public and community buildings","Tamil Nadu","VIRUDHUNAGAR(DISTRICT COLLECTOR VIRUDHUNAGAR_IDA)","Construction of Compound wall in Theppakulam at Avudaiahpuram Village and Panchayat. (2024-2025)","Manickam Tagore B","VIRUDHUNAGAR","Images","03-Oct-2025","1194033"
"1124","Normal/Others","WS/MP747/2025-2026/205090-Construction of buildings for community cultural activities","Tamil Nadu","MADURAI(DISTRICT COLLECTOR MADURAI_IDA)","Construction of Drama stage at AD colony of Rengapalayam Panchayat. T.Kallupatti Block","Manickam Tagore B","VIRUDHUNAGAR","Images","19-Jan-2026","998423"
"1125","Normal/Others","WS/MP747/2025-2026/205132-Construction of bus-sheds or bus-stops","Tamil Nadu","VIRUDHUNAGAR(DISTRICT COLLECTOR VIRUDHUNAGAR_IDA)","Construction of Bushelter in Veerarpatti Village and Panchayat. (2024-2025)","Manickam Tagore B","VIRUDHUNAGAR","Images","09-Jan-2026","749294"
"1126","Normal/Others","WS/MP747/2025-2026/205135-Lighting of public spaces","Tamil Nadu","VIRUDHUNAGAR(DISTRICT COLLECTOR VIRUDHUNAGAR_IDA)","Installation of Highmass light in front of Crazy Art, opposite Plaal Compound, between these two areas in Ward No. 48, Kaliyappa Nagar, J. Nagar, at Sivakasi Corporation. (2024-2025)","Manickam Tagore B","VIRUDHUNAGAR","Images","17-Sep-2025","447049"
"1127","Normal/Others","WS/MP747/2025-2026/207543-Lighting of public spaces","Tamil Nadu","VIRUDHUNAGAR(DISTRICT COLLECTOR VIRUDHUNAGAR_IDA)","Installation of High mass light near Nadar Sivan Kovil at Ward no29 of Aruppukottai Municipality.","Manickam Tagore B","VIRUDHUNAGAR","Images","06-Oct-2025","722960"
"1128","Normal/Others","WS/MP747/2026-2027/214843-Construction of buildings for community cultural activities","Tamil Nadu","VIRUDHUNAGAR(DISTRICT COLLECTOR VIRUDHUNAGAR_IDA)","Construction Kalaiarangam Building at varagunaramapuram Village in Zaminnathampatti Panchayat","Manickam Tagore B","VIRUDHUNAGAR","Images","14-May-2026","999085"
"1129","Normal/Others","WS/MP747/2025-2026/214858-Construction of bus-sheds or bus-stops","Tamil Nadu","VIRUDHUNAGAR(DISTRICT COLLECTOR VIRUDHUNAGAR_IDA)","Construction of Bus shelter Chokkaligapuram village at samusigapuram Panchayat (Chatrapatti Main Road)","Manickam Tagore B","VIRUDHUNAGAR","Images","06-Apr-2026","799272"
"1130","Normal/Others","WS/MP747/2025-2026/214886-Construction of bus-sheds or bus-stops","Tamil Nadu","VIRUDHUNAGAR(DISTRICT COLLECTOR VIRUDHUNAGAR_IDA)","Construcction of bus shelter at Thenkarai Village and panchayat","Manickam Tagore B","VIRUDHUNAGAR","Images","02-Mar-2026","799094"
"1131","Normal/Others","WS/MP747/2025-2026/214888-Construction of bus-sheds or bus-stops","Tamil Nadu","VIRUDHUNAGAR(DISTRICT COLLECTOR VIRUDHUNAGAR_IDA)","Construction of bus shelter at Chathrappatti Village and Panchayat","Manickam Tagore B","VIRUDHUNAGAR","Images","06-Apr-2026","797664"
"1132","Normal/Others","WS/MP747/2025-2026/214889-Construction of buildings for community cultural activities","Tamil Nadu","VIRUDHUNAGAR(DISTRICT COLLECTOR VIRUDHUNAGAR_IDA)","Construction of Kalaiarangam building at Chellampatti Village in Korukkampatti Panchayat","Manickam Tagore B","VIRUDHUNAGAR","Images","17-Mar-2026","999358"
"1133","Normal/Others","WS/MP747/2025-2026/214893-Installing community drinking water plants","Tamil Nadu","MADURAI(DISTRICT COLLECTOR MADURAI_IDA)","Installation of RO Plant in Pokkampatti Village and Panchayat","Manickam Tagore B","VIRUDHUNAGAR","Images","18-Mar-2026","754628"
"1134","Normal/Others","WS/MP747/2025-2026/214894-Construction of buildings for community cultural activities","Tamil Nadu","MADURAI(DISTRICT COLLECTOR MADURAI_IDA)","Construction of Kalaiarangam at Soorakkulam Village and Panchayat","Manickam Tagore B","VIRUDHUNAGAR","Images","09-Apr-2026","998921"
"1135","Normal/Others","WS/MP747/2025-2026/223309-Construction of rooms and halls in school and colleges","Tamil Nadu","VIRUDHUNAGAR(DISTRICT COLLECTOR VIRUDHUNAGAR_IDA)","Construction of a science classroom and laboratory building at Vellakottai Sengundar High School in Aruppukottai Municipality","Manickam Tagore B","VIRUDHUNAGAR","Images","16-Apr-2026","2500000"
"1136","Normal/Others","WS/MP747/2025-2026/223311-Lighting of public spaces","Tamil Nadu","VIRUDHUNAGAR(DISTRICT COLLECTOR VIRUDHUNAGAR_IDA)","Installation of Highmast LED light in ward no 26 Valavanthamman Kovil street at Aruppukottai Municipality","Manickam Tagore B","VIRUDHUNAGAR","Images","12-Dec-2025","826112"
"1137","Normal/Others","WS/MP747/2025-2026/223312-Lighting of public spaces","Tamil Nadu","VIRUDHUNAGAR(DISTRICT COLLECTOR VIRUDHUNAGAR_IDA)","Installation of Highmast LED light in ward no 4 in Weavers Colony area near Maharani Theatre at Aruppukottai Municipality","Manickam Tagore B","VIRUDHUNAGAR","Images","12-Dec-2025","826112"
"1138","Normal/Others","WS/MP747/2025-2026/231156-Construction of public toilets and bathrooms","Tamil Nadu","VIRUDHUNAGAR(DISTRICT COLLECTOR VIRUDHUNAGAR_IDA)","Construction of Bathtub With borewell in Sundrakudumpanpatti village at Chettudayanpatti Village","Manickam Tagore B","VIRUDHUNAGAR","Images","12-Feb-2026","599784"
"1139","Normal/Others","WS/MP747/2025-2026/231157-Construction of flood control embankments/ protection walls along riverbanks, hilltops, roadsides","Tamil Nadu","VIRUDHUNAGAR(DISTRICT COLLECTOR VIRUDHUNAGAR_IDA)","Construction of Retaining wall in Poddureddiyapatti Oorani at pandalgudi village and panchayat","Manickam Tagore B","VIRUDHUNAGAR","Images","02-Jan-2026","1399260"
"1140","Normal/Others","WS/MP747/2025-2026/231762-Construction of community centers and community halls","Tamil Nadu","VIRUDHUNAGAR(DISTRICT COLLECTOR VIRUDHUNAGAR_IDA)","Construction of PDS Outlet in Kasilingapuram Village at Sethurajapuram Panchayat","Manickam Tagore B","VIRUDHUNAGAR","Images","07-May-2026","1098728"
"1141","Normal/Others","WS/MP747/2026-2027/231764-Construction of public toilets and bathrooms","Tamil Nadu","VIRUDHUNAGAR(DISTRICT COLLECTOR VIRUDHUNAGAR_IDA)","Construction of Bathtub with borewell at Kanjanaiyakkenpatti Village and panchayat","Manickam Tagore B","VIRUDHUNAGAR","Images","07-Aug-2026","599264"
"1142","Normal/Others","WS/MP747/2026-2027/231792-Construction of bus-sheds or bus-stops","Tamil Nadu","VIRUDHUNAGAR(DISTRICT COLLECTOR VIRUDHUNAGAR_IDA)","Construction of Bus stop at N.Mettupatti Village and panchayat","Manickam Tagore B","VIRUDHUNAGAR","Images","24-Aug-2026","999628"
"1143","Normal/Others","WS/MP747/2025-2026/231794-Purchase of furniture and fixtures for educational purposes","Tamil Nadu","VIRUDHUNAGAR(DISTRICT COLLECTOR VIRUDHUNAGAR_IDA)","Providing Steel Desk and Bench (34set) at STRN Government Higher Secondary school in Aruppukottai Municipality","Manickam Tagore B","VIRUDHUNAGAR","N/A","15-Dec-2025","296140"
"1144","Normal/Others","WS/MP747/2025-2026/231795-Construction of bus-sheds or bus-stops","Tamil Nadu","VIRUDHUNAGAR(DISTRICT COLLECTOR VIRUDHUNAGAR_IDA)","Construction of Bus stop in Chinnathummakundu at Thummakkundu Panchayat","Manickam Tagore B","VIRUDHUNAGAR","Images","25-Mar-2026","998765"
"1145","Normal/Others","WS/MP747/2026-2027/242026-Construction of Government office buildings (Post office, Police station, Police chauki, etc.)","Tamil Nadu","VIRUDHUNAGAR(DISTRICT COLLECTOR VIRUDHUNAGAR_IDA)","Construction of Public Distribution shop in Avudaiyapuram village and Panchayat.","Manickam Tagore B","VIRUDHUNAGAR","Images","13-May-2026","1399651"
"1146","Normal/Others","WS/MP747/2026-2027/242030-Construction of Government office buildings (Post office, Police station, Police chauki, etc.)","Tamil Nadu","VIRUDHUNAGAR(DISTRICT COLLECTOR VIRUDHUNAGAR_IDA)","Construction of Public Distribution shop in Thulukkapatti Village and panchayat.","Manickam Tagore B","VIRUDHUNAGAR","Images","13-May-2026","1399723"
"1147","Normal/Others","WS/MP747/2026-2027/242035-Construction of Government office buildings (Post office, Police station, Police chauki, etc.)","Tamil Nadu","VIRUDHUNAGAR(DISTRICT COLLECTOR VIRUDHUNAGAR_IDA)","Construction of PDS Building in Thenpalai Village and Puliyooran panchayat","Manickam Tagore B","VIRUDHUNAGAR","Images","07-Aug-2026","1099641"
"1148","Normal/Others","WS/MP747/2025-2026/242053-Lighting of public spaces","Tamil Nadu","MADURAI(DISTRICT COLLECTOR MADURAI_IDA)","Installation of Highmast LED light near Sundaravailliamman kovil in Chittalai Village and panchayat at Thirumagalam block","Manickam Tagore B","VIRUDHUNAGAR","Images","14-Mar-2026","830882"
"1149","Normal/Others","WS/MP747/2026-2027/242062-Construction of community centers and community halls","Tamil Nadu","VIRUDHUNAGAR(DISTRICT COLLECTOR VIRUDHUNAGAR_IDA)","Construction of community Hall Building in Sengamalapatti Village and panchayat 2024 25","Manickam Tagore B","VIRUDHUNAGAR","Images","08-Aug-2026","3000000"
"1150","Normal/Others","WS/MP747/2026-2027/260750-Crematoriums/energy efficient crematoriums or structures on burial/cremation ground","Tamil Nadu","VIRUDHUNAGAR(DISTRICT COLLECTOR VIRUDHUNAGAR_IDA)","Construction of Waiting shed and bath tub with borewell in Burial ground at Pudhukottai Village and Panchayat","Manickam Tagore B","VIRUDHUNAGAR","Images","07-Aug-2026","999593"
"1151","Normal/Others","WS/MP747/2025-2026/264841-Installing community drinking water plants","Tamil Nadu","VIRUDHUNAGAR(DISTRICT COLLECTOR VIRUDHUNAGAR_IDA)","Installation of Ro Water Plant at Virudhunagar District Armed Police Quaters at Kooraikundu Panchayat","Manickam Tagore B","VIRUDHUNAGAR","Images","19-Feb-2026","750000"
"1152","Normal/Others","WS/MP747/2026-2027/288943-Construction of bus-sheds or bus-stops","Tamil Nadu","VIRUDHUNAGAR(DISTRICT COLLECTOR VIRUDHUNAGAR_IDA)","Construction of Bus shelter in P.Kammaipatti Village at Papakudi Panchayat","Manickam Tagore B","VIRUDHUNAGAR","Images","24-Aug-2026","799993"
"1153","Normal/Others","WS/MP751/2024-2025/146656-Construction of bus-sheds or bus-stops","Tamil Nadu","MADURAI(DISTRICT COLLECTOR MADURAI_IDA)","Additional Fund for Construction of New Bus Stand at  Kottampatti (2024-2025)","S Venkatesan","MADURAI","Images","05-Nov-2024","2500000"
"1154","Normal/Others","WS/MP751/2025-2026/164566-Construction of public toilets and bathrooms","Tamil Nadu","MADURAI(DISTRICT COLLECTOR MADURAI_IDA)","Construction of Toilet for Tamilnadu State Transport Corporation (TNSTC) at Ellis Nagar, Madurai (2024-2025)","S Venkatesan","MADURAI","Images","12-Mar-2026","999784"
"1155","Normal/Others","WS/MP751/2025-2026/176690-Construction of additional rooms and halls in the existing public and community building","Tamil Nadu","MADURAI(DISTRICT COLLECTOR MADURAI_IDA)","Construction of Refresner Room for Transport Employees at Madurai City Branch (MCB) (Old SETC Panimanai) Madurai","S Venkatesan","MADURAI","Images","23-Mar-2026","999902"
"1156","Normal/Others","WS/MP751/2025-2026/180628-Lighting of public spaces","Tamil Nadu","MADURAI(DISTRICT COLLECTOR MADURAI_IDA)","providing High Mast Light in Ward No.25 kulamangalam Main Road, Meenambalpuram Sakarai Chettiyar Pathippagam near Madurai (2024-2025)","S Venkatesan","MADURAI","Images","02-Jan-2026","398040"
"1157","Normal/Others","WS/MP751/2025-2026/180629-Lighting of public spaces","Tamil Nadu","MADURAI(DISTRICT COLLECTOR MADURAI_IDA)","Providing High Mast Light in Ward No.10, Andheri Street, Madurai(2024-2025)","S Venkatesan","MADURAI","Images","20-Nov-2025","299770"
"1158","Normal/Others","WS/MP751/2025-2026/180630-Installing tube-wells and borewells","Tamil Nadu","MADURAI(DISTRICT COLLECTOR MADURAI_IDA)","Providing Borewell and Syntex in Ward No.12, Pudhur Loorthnagar,  9th Street, Madurai(2024-2025)","S Venkatesan","MADURAI","Images","22-Oct-2025","499892"
"1159","Normal/Others","WS/MP751/2025-2026/180632-Construction of community centers and community halls","Tamil Nadu","MADURAI(DISTRICT COLLECTOR MADURAI_IDA)","Construction of PDS in Ward No.14, Pudhur Manmalaimedu, Sankar Nagar, Madurai(2024-2025)","S Venkatesan","MADURAI","Images","20-Nov-2025","699660"
"1160","Normal/Others","WS/MP751/2025-2026/180698-Lighting of public spaces","Tamil Nadu","MADURAI(DISTRICT COLLECTOR MADURAI_IDA)","Providng High Mast Light in Ward No.23, Selur Police Station Near, Madurai (2024-2025)","S Venkatesan","MADURAI","Images","24-Dec-2025","248611"
"1161","Normal/Others","WS/MP751/2025-2026/180878-Lighting of public spaces","Tamil Nadu","MADURAI(DISTRICT COLLECTOR MADURAI_IDA)","Providing  New High Mast Light in Ward No.23  Selur 60 feet Road,(Church Street Near) Madurai(2024-2025)","S Venkatesan","MADURAI","Images","24-Dec-2025","248611"
"1162","Normal/Others","WS/MP751/2025-2026/180884-Lighting of public spaces","Tamil Nadu","MADURAI(DISTRICT COLLECTOR MADURAI_IDA)","Providing New High Mast Light in Ward No 22, Thathaneri Mayanam near, ABP Padippagam, Madurai","S Venkatesan","MADURAI","Images","20-Nov-2025","499892"
"1163","Normal/Others","WS/MP751/2025-2026/180889-Installing tube-wells and borewells","Tamil Nadu","MADURAI(DISTRICT COLLECTOR MADURAI_IDA)","Providing New Borewell syntex in Ward No.22 Bharathi Nagar, Madurai(2024-2025)","S Venkatesan","MADURAI","Images","22-Dec-2025","499892"
"1164","Normal/Others","WS/MP751/2025-2026/180909-Lighting of public spaces","Tamil Nadu","MADURAI(DISTRICT COLLECTOR MADURAI_IDA)","Providing High Mast Light in Ward No.53, Meenakshi Theater pallam, Madurai (2024-2025)","S Venkatesan","MADURAI","Images","07-Nov-2025","399890"
"1165","Normal/Others","WS/MP751/2025-2026/195863-Lighting of public spaces","Tamil Nadu","MADURAI(DISTRICT COLLECTOR MADURAI_IDA)","Providing High Mast Light in Ward No.54, Kazimaar Street, In Front of KPS Hotel, Madurai (2024-2025)","S Venkatesan","MADURAI","Images","14-Jan-2026","392077"
"1166","Normal/Others","WS/MP751/2025-2026/195869-Lighting of public spaces","Tamil Nadu","MADURAI(DISTRICT COLLECTOR MADURAI_IDA)","Providing High Mast Light in Ward No.22, Nerhu Nagar, Shanthi Vidyalaya, Madurai (2024-2025)","S Venkatesan","MADURAI","Images","12-Jan-2026","299770"
"1167","Normal/Others","WS/MP751/2025-2026/206055-Construction of community centers and community halls","Tamil Nadu","MADURAI(DISTRICT COLLECTOR MADURAI_IDA)","New construction of PDS Ward No 56, Near Manalmedu Hospital, Madurai(2024-2025)","S Venkatesan","MADURAI","Images","15-May-2026","699648"
"1168","Normal/Others","WS/MP751/2025-2026/206069-Installing tube-wells and borewells","Tamil Nadu","MADURAI(DISTRICT COLLECTOR MADURAI_IDA)","Ward No 86, Borewell syntex, Near villapuram Kaliyaman Kovil, Madurai(2024-2025)","S Venkatesan","MADURAI","Images","12-Feb-2026","549952"
"1169","Normal/Others","WS/MP751/2025-2026/206071-Setting up of kitchen and pantries","Tamil Nadu","MADURAI(DISTRICT COLLECTOR MADURAI_IDA)","Ward No 44, Construction of Kitchen set, Near balarengapuram Kennedy Hospital, Madurai(2024-2025)","S Venkatesan","MADURAI","Images","13-Mar-2026","799780"
"1170","Normal/Others","WS/MP751/2025-2026/206072-Lighting of public spaces","Tamil Nadu","MADURAI(DISTRICT COLLECTOR MADURAI_IDA)","Ward No 88, High Mast Light, Near Anupanadi Sonai Kovil, Madurai(2024-2025)","S Venkatesan","MADURAI","Images","12-Jan-2026","299180"
"1171","Normal/Others","WS/MP751/2025-2026/206075-Lighting of public spaces","Tamil Nadu","MADURAI(DISTRICT COLLECTOR MADURAI_IDA)","Ward No 62,High Mast Light, Near Arasaraty othakadai market, Madurai(2024-2025)","S Venkatesan","MADURAI","Images","11-Mar-2026","473797"
"1172","Normal/Others","WS/MP751/2025-2026/206079-Lighting of public spaces","Tamil Nadu","MADURAI(DISTRICT COLLECTOR MADURAI_IDA)","Ward No 67, High Mast Light, Near Verattipathu Herd, Madurai(2024-2025)","S Venkatesan","MADURAI","Images","11-Mar-2026","499571"
"1173","Normal/Others","WS/MP751/2025-2026/206083-Lighting of public spaces","Tamil Nadu","MADURAI(DISTRICT COLLECTOR MADURAI_IDA)","Ward No 71, High Mast Light, Maadakulam, Near Melatheru MGR statue, Madurai(2024-2025)","S Venkatesan","MADURAI","Images","11-Mar-2026","249946"
"1174","Normal/Others","WS/MP751/2025-2026/206086-Installing tube-wells and borewells","Tamil Nadu","MADURAI(DISTRICT COLLECTOR MADURAI_IDA)","Ward No 78, Borewell sytex, Kovalan Nagar Last Area Expansion, Maduai(2024-2025)","S Venkatesan","MADURAI","Images","12-Mar-2026","499892"
"1175","Normal/Others","WS/MP751/2025-2026/206088-Lighting of public spaces","Tamil Nadu","MADURAI(DISTRICT COLLECTOR MADURAI_IDA)","Ward No 73, High Mast Light, Muthupatti Kanmaikarai, Near Nadagamedai, Madurai(2024-2025)","S Venkatesan","MADURAI","Images","11-Mar-2026","349830"
"1176","Normal/Others","WS/MP751/2025-2026/206092-Lighting of public spaces","Tamil Nadu","MADURAI(DISTRICT COLLECTOR MADURAI_IDA)","ward No 80,81, High Mast Light, N.S. Konaar Veethi Santhippu, Madurai(2024-2025)","S Venkatesan","MADURAI","Images","11-Mar-2026","349830"
"1177","Normal/Others","WS/MP751/2025-2026/206093-Lighting of public spaces","Tamil Nadu","MADURAI(DISTRICT COLLECTOR MADURAI_IDA)","Ward No 83, High Mast Light, M.K.Puram Main Road, Near B6 Police station, Madurai(2024-2025)","S Venkatesan","MADURAI","Images","11-Mar-2026","349830"
"1178","Normal/Others","WS/MP751/2025-2026/206094-Lighting of public spaces","Tamil Nadu","MADURAI(DISTRICT COLLECTOR MADURAI_IDA)","Ward No 73,78,High Mast Light, Kovalan Nagar Santhippu, Madurai(2024-2025)","S Venkatesan","MADURAI","Images","11-Mar-2026","349830"
"1179","Normal/Others","WS/MP751/2025-2026/206112-Lighting of public spaces","Tamil Nadu","MADURAI(DISTRICT COLLECTOR MADURAI_IDA)","Ward No 17, High Mast Light, Manthai Amman Kovil yard, Alankulam, Maduari92024-2025)","S Venkatesan","MADURAI","Images","22-Jan-2026","359999"
"1180","Normal/Others","WS/MP751/2025-2026/206128-Lighting of public spaces","Tamil Nadu","MADURAI(DISTRICT COLLECTOR MADURAI_IDA)","Ward No 4,High Mast Light, Rice Mill Stop, bama Nagar division, Parkdown, Madurai(2024-2025)","S Venkatesan","MADURAI","Images","22-Jan-2026","359999"
"1181","Normal/Others","WS/MP751/2025-2026/206130-Lighting of public spaces","Tamil Nadu","MADURAI(DISTRICT COLLECTOR MADURAI_IDA)","Ward No 6, High Mast Light, Mahalakshmi Nagar Santhippu, Madurai(2024-2025)","S Venkatesan","MADURAI","Images","22-Jan-2026","359999"
"1182","Normal/Others","WS/MP751/2025-2026/206135-Construction of bus-sheds or bus-stops","Tamil Nadu","MADURAI(DISTRICT COLLECTOR MADURAI_IDA)","Ward No 2, Construction of Bus Sheds, Koodal Nagar bus stop, Koodal Nagar, Madurai(2024-2025","S Venkatesan","MADURAI","Images","12-Feb-2026","597120"
"1183","Normal/Others","WS/MP751/2025-2026/206184-Lighting of public spaces","Tamil Nadu","MADURAI(DISTRICT COLLECTOR MADURAI_IDA)","High Mast Light, Kovilpapakudi herd, Kovilpapkudi, Madurai(2024-2025)","S Venkatesan","MADURAI","Images","24-Dec-2025","389598"
"1184","Normal/Others","WS/MP751/2025-2026/206193-Installing tube-wells and borewells","Tamil Nadu","MADURAI(DISTRICT COLLECTOR MADURAI_IDA)","Borewell Syntex, Ambalakaranpatti Village,Topikana, Ambalakaranpatti Panchayat, Madurai(2024-2025)","S Venkatesan","MADURAI","Images","16-Dec-2025","298111"
"1185","Normal/Others","WS/MP751/2025-2026/206195-Construction of bus-sheds or bus-stops","Tamil Nadu","MADURAI(DISTRICT COLLECTOR MADURAI_IDA)","Construction of bus sheds, Uppodaipatti Vilakku, Kidaripatti Panchayat, Madurai(2024-2025)","S Venkatesan","MADURAI","Images","27-Feb-2026","598810"
"1186","Normal/Others","WS/MP751/2025-2026/206208-Lighting of public spaces","Tamil Nadu","MADURAI(DISTRICT COLLECTOR MADURAI_IDA)","High Mast Light, Taluka Office, Kadachanenthal Road Santhippu, Narasingam Panchayat, Madurai(2024-2025)","S Venkatesan","MADURAI","Images","18-Feb-2026","397660"
"1187","Normal/Others","WS/MP751/2025-2026/206209-Lighting of public spaces","Tamil Nadu","MADURAI(DISTRICT COLLECTOR MADURAI_IDA)","High Mast Light, Rajakampeeram, ya.othakadai panchayat, Madurai(2024-2025)","S Venkatesan","MADURAI","Images","17-Feb-2026","397660"
"1188","Normal/Others","WS/MP751/2025-2026/206210-Installing tube-wells and borewells","Tamil Nadu","MADURAI(DISTRICT COLLECTOR MADURAI_IDA)","Borewell Syntex and Motor Bathtub, sorukilipatti Road, Idayapatti Panchayat, Madurai(2024-2025)","S Venkatesan","MADURAI","Images","31-Oct-2025","399512"
"1189","Normal/Others","WS/MP751/2025-2026/210022-Lighting of public spaces","Tamil Nadu","MADURAI(DISTRICT COLLECTOR MADURAI_IDA)","Providing High Mast Light Ward No 38, Sourashtrapuram Service Road, Near Tenoor Madapum, Madurai  2024-2025","S Venkatesan","MADURAI","Images","12-Feb-2026","359999"
"1190","Normal/Others","WS/MP751/2025-2026/227625-Construction of public libraries and reading rooms","Tamil Nadu","MADURAI(DISTRICT COLLECTOR MADURAI_IDA)","Ward No 31, Doctor Thangaraj Road, Study Centre, Installation of CCTV, Study Shed and Way for Differently Abled Persons, Compound wall North Side and Grill Work (N to S) and Additional Study Shed (South west Corner) (2024-2025)","S Venkatesan","MADURAI","Images","07-Apr-2026","2499460"
"1191","Normal/Others","WS/MP751/2025-2026/232092-Installing community drinking water plants","Tamil Nadu","MADURAI(DISTRICT COLLECTOR MADURAI_IDA)","Installing New R.O. Water plants, Ward No 46, St Marys rc Priary School, Madurai 2024 - 2025","S Venkatesan","MADURAI","Images","17-Apr-2026","261754"
"1192","Normal/Others","WS/MP751/2025-2026/236466-Construction of rooms and halls in school and colleges","Tamil Nadu","MADURAI(DISTRICT COLLECTOR MADURAI_IDA)","Construction of School Class Room(HI-TECH-RAB) at  Panchayat Union Elementary School, Manjampatti (2025-2026)","S Venkatesan","MADURAI","Images","07-Mar-2026","1498968"
"1193","Normal/Others","WS/MP751/2025-2026/236745-Construction of roads, link roads, pathways or any other road with or without drainage system","Tamil Nadu","MADURAI(DISTRICT COLLECTOR MADURAI_IDA)","Laying Paver Blocks on the Street at Melasakkudi Village, Sakkudi Panchayat. (2025-2026)","S Venkatesan","MADURAI","Images","11-Mar-2026","499419"
"1194","Normal/Others","WS/MP751/2025-2026/236747-Installing tube-wells and borewells","Tamil Nadu","MADURAI(DISTRICT COLLECTOR MADURAI_IDA)","Providing Borewell, Electric Motor and Syntex at Kalanjiyam Village, Andarkottaram Panchayat. (2025-2026)","S Venkatesan","MADURAI","Images","10-Mar-2026","299517"
"1195","Normal/Others","WS/MP751/2025-2026/237068-Construction of bus-sheds or bus-stops","Tamil Nadu","MADURAI(DISTRICT COLLECTOR MADURAI_IDA)","Construction of Bus Stand at Kamarajapuram, Melamathur. (2025-2026)","S Venkatesan","MADURAI","Images","05-May-2026","998783"
"1196","Normal/Others","WS/MP751/2025-2026/239150-Purchase of books and periodicals for libraries/digitization of library books","Tamil Nadu","MADURAI(DISTRICT COLLECTOR MADURAI_IDA)","Purchase of Books  Ward No 31, Doctor Thangaraj Salai, Study Centre (2025-2026)","S Venkatesan","MADURAI","Images","30-Jan-2026","82950"
"1197","Normal/Others","WS/MP751/2025-2026/262380-Installing tube-wells and borewells","Tamil Nadu","MADURAI(DISTRICT COLLECTOR MADURAI_IDA)","Installing Borewell Syntex, Kendriya Vidyalaya Hr.Sec.School, B.B Kulam, Madurai. (2025-2026)","S Venkatesan","MADURAI","Images","16-Mar-2026","299700"
"1198","Normal/Others","WS/MP751/2025-2026/262389-Development of playground","Tamil Nadu","MADURAI(DISTRICT COLLECTOR MADURAI_IDA)","Laying Baver Block at Kendriya Vidyalaya Hr.Sec.School, B.B Kulam, Madurai. (2025-2026)","S Venkatesan","MADURAI","Images","16-Mar-2026","547946"
"1199","Normal/Others","WS/MP755/2025-2026/151519-Construction of buildings for crèches and anganwadies","Tamil Nadu","Kancheepuram(DISTRICT COLLECTOR KANCHEEPURAM_IDA)","Construction of an Anganwadi Building.","Thalikkottai Rajuthevar Baalu","SRIPERUMBUDUR","Images","25-Sep-2025","1549952"
"1200","Normal/Others","WS/MP755/2024-2025/151520-Construction of buildings for crèches and anganwadies","Tamil Nadu","Kancheepuram(DISTRICT COLLECTOR KANCHEEPURAM_IDA)","Construction of an Anganwadi Building.","Thalikkottai Rajuthevar Baalu","SRIPERUMBUDUR","Images","02-Sep-2025","1549631"
"1201","Normal/Others","WS/MP755/2024-2025/151521-Construction of buildings for crèches and anganwadies","Tamil Nadu","Kancheepuram(DISTRICT COLLECTOR KANCHEEPURAM_IDA)","Construction of an Anganwadi Building.","Thalikkottai Rajuthevar Baalu","SRIPERUMBUDUR","Images","24-Feb-2026","1548605"
"1202","Normal/Others","WS/MP755/2024-2025/151522-Construction of community centers and community halls","Tamil Nadu","Kancheepuram(DISTRICT COLLECTOR KANCHEEPURAM_IDA)","Construction of a Ration Shop.","Thalikkottai Rajuthevar Baalu","SRIPERUMBUDUR","Images","09-Dec-2025","1399631"
"1203","Normal/Others","WS/MP755/2024-2025/152820-Construction of community centers and community halls","Tamil Nadu","Kancheepuram(DISTRICT COLLECTOR KANCHEEPURAM_IDA)","Construction of 1st Floor for the Community Hall.","Thalikkottai Rajuthevar Baalu","SRIPERUMBUDUR","Images","12-Sep-2025","4999826"
"1204","Normal/Others","WS/MP755/2024-2025/152821-Construction of community centers and community halls","Tamil Nadu","Kancheepuram(DISTRICT COLLECTOR KANCHEEPURAM_IDA)","Construction of 1st Floor for the Community Hall.","Thalikkottai Rajuthevar Baalu","SRIPERUMBUDUR","Images","12-Sep-2025","4997916"
"1205","Normal/Others","WS/MP755/2025-2026/156753-Construction of buildings for crèches and anganwadies","Tamil Nadu","CHENNAI(COMMISSIONER MUNCIPAL CORPORATION CHENNAI_IDA)","Construction of ICDS Building.","Thalikkottai Rajuthevar Baalu","SRIPERUMBUDUR","Images","27-Feb-2026","3084454"
"1206","Normal/Others","WS/MP755/2024-2025/163142-Construction of Government office buildings (Post office, Police station, Police chauki, etc.)","Tamil Nadu","Kancheepuram(DISTRICT COLLECTOR KANCHEEPURAM_IDA)","Construction of a Ration Shop.","Thalikkottai Rajuthevar Baalu","SRIPERUMBUDUR","Images","06-Aug-2025","1700000"
"1207","Normal/Others","WS/MP755/2024-2025/163248-Construction of buildings for crèches and anganwadies","Tamil Nadu","Kancheepuram(DISTRICT COLLECTOR KANCHEEPURAM_IDA)","Construction of an Anganwadi Building.","Thalikkottai Rajuthevar Baalu","SRIPERUMBUDUR","Images","29-Jan-2026","1700000"
"1208","Normal/Others","WS/MP755/2025-2026/182599-Street lights","Tamil Nadu","CHENGALPATTU(District Collector Chengalpattu_IDA)","Providing 1 Nos Mini Highmast Light.","Thalikkottai Rajuthevar Baalu","SRIPERUMBUDUR","Images","10-Feb-2026","527532"
"1209","Normal/Others","WS/MP755/2025-2026/182600-Street lights","Tamil Nadu","CHENGALPATTU(District Collector Chengalpattu_IDA)","Providing 1 Nos Mini Highmast Light.","Thalikkottai Rajuthevar Baalu","SRIPERUMBUDUR","Images","10-Feb-2026","411600"
"1210","Normal/Others","WS/MP755/2026-2027/182601-Street lights","Tamil Nadu","CHENGALPATTU(District Collector Chengalpattu_IDA)","Providing 1 Nos Mini Highmast Light.","Thalikkottai Rajuthevar Baalu","SRIPERUMBUDUR","Images","21-Aug-2026","518062"
"1211","Normal/Others","WS/MP755/2025-2026/182602-Street lights","Tamil Nadu","CHENGALPATTU(District Collector Chengalpattu_IDA)","Providing 1 Nos Mini Highmast Light.","Thalikkottai Rajuthevar Baalu","SRIPERUMBUDUR","Images","13-Nov-2025","398840"
"1212","Normal/Others","WS/MP755/2025-2026/182603-Street lights","Tamil Nadu","CHENGALPATTU(District Collector Chengalpattu_IDA)","Providing 1 Nos Mini Highmast Light.","Thalikkottai Rajuthevar Baalu","SRIPERUMBUDUR","Images","13-Nov-2025","398840"
"1213","Normal/Others","WS/MP755/2025-2026/182604-Street lights","Tamil Nadu","CHENGALPATTU(District Collector Chengalpattu_IDA)","Providing 1 Nos Mini Highmast Light.","Thalikkottai Rajuthevar Baalu","SRIPERUMBUDUR","Images","13-Nov-2025","398840"
"1214","Normal/Others","WS/MP755/2025-2026/182605-Street lights","Tamil Nadu","CHENGALPATTU(District Collector Chengalpattu_IDA)","Providing 1 Nos Mini Highmast Light.","Thalikkottai Rajuthevar Baalu","SRIPERUMBUDUR","Images","13-Nov-2025","398840"
"1215","Normal/Others","WS/MP755/2025-2026/182606-Street lights","Tamil Nadu","CHENGALPATTU(District Collector Chengalpattu_IDA)","Providing 1 Nos Mini Highmast Light.","Thalikkottai Rajuthevar Baalu","SRIPERUMBUDUR","Images","13-Nov-2025","398840"
"1216","Normal/Others","WS/MP755/2025-2026/182607-Street lights","Tamil Nadu","CHENGALPATTU(District Collector Chengalpattu_IDA)","Providing 1 Nos Mini Highmast Light.","Thalikkottai Rajuthevar Baalu","SRIPERUMBUDUR","Images","13-Nov-2025","398840"
"1217","Normal/Others","WS/MP755/2025-2026/182608-Street lights","Tamil Nadu","CHENGALPATTU(District Collector Chengalpattu_IDA)","Providing 1 Nos Mini Highmast Light.","Thalikkottai Rajuthevar Baalu","SRIPERUMBUDUR","N/A","13-Nov-2025","398840"
"1218","Normal/Others","WS/MP755/2025-2026/189465-Street lights","Tamil Nadu","CHENGALPATTU(District Collector Chengalpattu_IDA)","Providing 1 Nos. Mini Highmast Light.","Thalikkottai Rajuthevar Baalu","SRIPERUMBUDUR","Images","13-Nov-2025","398120"
"1219","Normal/Others","WS/MP755/2025-2026/189466-Street lights","Tamil Nadu","CHENGALPATTU(District Collector Chengalpattu_IDA)","Providing 1 Nos. Mini Highmast Light.","Thalikkottai Rajuthevar Baalu","SRIPERUMBUDUR","Images","13-Nov-2025","398120"
"1220","Normal/Others","WS/MP755/2025-2026/189467-Street lights","Tamil Nadu","CHENGALPATTU(District Collector Chengalpattu_IDA)","Providing 1 Nos. Mini Highmast Light.","Thalikkottai Rajuthevar Baalu","SRIPERUMBUDUR","Images","13-Nov-2025","398120"
"1221","Normal/Others","WS/MP755/2025-2026/189468-Street lights","Tamil Nadu","CHENGALPATTU(District Collector Chengalpattu_IDA)","Providing 1 Nos. Mini Highmast Light.","Thalikkottai Rajuthevar Baalu","SRIPERUMBUDUR","Images","13-Nov-2025","398120"
"1222","Normal/Others","WS/MP755/2025-2026/189469-Street lights","Tamil Nadu","CHENGALPATTU(District Collector Chengalpattu_IDA)","Providing 1 Nos. Mini Highmast Light.","Thalikkottai Rajuthevar Baalu","SRIPERUMBUDUR","Images","13-Nov-2025","398120"
"1223","Normal/Others","WS/MP755/2025-2026/189470-Street lights","Tamil Nadu","CHENGALPATTU(District Collector Chengalpattu_IDA)","Providing 1 Nos. Mini Highmast Light.","Thalikkottai Rajuthevar Baalu","SRIPERUMBUDUR","Images","13-Nov-2025","398120"
"1224","Normal/Others","WS/MP755/2025-2026/189471-Street lights","Tamil Nadu","CHENGALPATTU(District Collector Chengalpattu_IDA)","Providing 1 Nos. Mini Highmast Light.","Thalikkottai Rajuthevar Baalu","SRIPERUMBUDUR","Images","08-Apr-2026","399300"
"1225","Normal/Others","WS/MP755/2025-2026/189472-Street lights","Tamil Nadu","CHENGALPATTU(District Collector Chengalpattu_IDA)","Providing 1 Nos. Mini Highmast Light.","Thalikkottai Rajuthevar Baalu","SRIPERUMBUDUR","Images","08-Apr-2026","399300"
"1226","Normal/Others","WS/MP755/2025-2026/189473-Street lights","Tamil Nadu","CHENGALPATTU(District Collector Chengalpattu_IDA)","Providing 1 Nos. Mini Highmast Light.","Thalikkottai Rajuthevar Baalu","SRIPERUMBUDUR","Images","08-Apr-2026","399300"
"1227","Normal/Others","WS/MP755/2025-2026/189474-Street lights","Tamil Nadu","CHENGALPATTU(District Collector Chengalpattu_IDA)","Providing 1 Nos. Mini Highmast Light.","Thalikkottai Rajuthevar Baalu","SRIPERUMBUDUR","Images","26-Nov-2025","399150"
"1228","Normal/Others","WS/MP755/2026-2027/189475-Street lights","Tamil Nadu","CHENGALPATTU(District Collector Chengalpattu_IDA)","Providing 1 Nos. Mini Highmast Light.","Thalikkottai Rajuthevar Baalu","SRIPERUMBUDUR","Images","21-Aug-2026","399300"
"1229","Normal/Others","WS/MP755/2026-2027/189476-Street lights","Tamil Nadu","CHENGALPATTU(District Collector Chengalpattu_IDA)","Providing 1 Nos. Mini Highmast Light.","Thalikkottai Rajuthevar Baalu","SRIPERUMBUDUR","Images","21-Aug-2026","399300"
"1230","Normal/Others","WS/MP755/2025-2026/196022-Street lights","Tamil Nadu","Kancheepuram(DISTRICT COLLECTOR KANCHEEPURAM_IDA)","Providing 1 Nos of Mini Highmast Light.","Thalikkottai Rajuthevar Baalu","SRIPERUMBUDUR","Images","31-Dec-2025","424635"
"1231","Normal/Others","WS/MP755/2025-2026/196023-Street lights","Tamil Nadu","Kancheepuram(DISTRICT COLLECTOR KANCHEEPURAM_IDA)","Providing 1 Nos of Mini Highmast Light.","Thalikkottai Rajuthevar Baalu","SRIPERUMBUDUR","Images","31-Dec-2025","424635"
"1232","Normal/Others","WS/MP755/2025-2026/196024-Street lights","Tamil Nadu","Kancheepuram(DISTRICT COLLECTOR KANCHEEPURAM_IDA)","Providing 1 Nos of Mini Highmast Light.","Thalikkottai Rajuthevar Baalu","SRIPERUMBUDUR","Images","31-Dec-2025","424635"
"1233","Normal/Others","WS/MP755/2025-2026/196025-Street lights","Tamil Nadu","Kancheepuram(DISTRICT COLLECTOR KANCHEEPURAM_IDA)","Providing 1 Nos of Mini Highmast Light.","Thalikkottai Rajuthevar Baalu","SRIPERUMBUDUR","Images","31-Dec-2025","424635"
"1234","Normal/Others","WS/MP755/2025-2026/196026-Street lights","Tamil Nadu","Kancheepuram(DISTRICT COLLECTOR KANCHEEPURAM_IDA)","Providing 1 Nos of Mini Highmast Light.","Thalikkottai Rajuthevar Baalu","SRIPERUMBUDUR","Images","31-Dec-2025","424635"
"1235","Normal/Others","WS/MP755/2025-2026/196027-Street lights","Tamil Nadu","Kancheepuram(DISTRICT COLLECTOR KANCHEEPURAM_IDA)","Providing 1 Nos of Mini Highmast Light.","Thalikkottai Rajuthevar Baalu","SRIPERUMBUDUR","Images","31-Dec-2025","424635"
"1236","Normal/Others","WS/MP755/2025-2026/196028-Street lights","Tamil Nadu","Kancheepuram(DISTRICT COLLECTOR KANCHEEPURAM_IDA)","Providing 1 Nos of Mini Highmast Light.","Thalikkottai Rajuthevar Baalu","SRIPERUMBUDUR","Images","31-Dec-2025","424635"
"1237","Normal/Others","WS/MP755/2025-2026/196029-Street lights","Tamil Nadu","Kancheepuram(DISTRICT COLLECTOR KANCHEEPURAM_IDA)","Providing 1 Nos of Mini Highmast Light.","Thalikkottai Rajuthevar Baalu","SRIPERUMBUDUR","Images","31-Dec-2025","424635"
"1238","Normal/Others","WS/MP755/2025-2026/196030-Street lights","Tamil Nadu","Kancheepuram(DISTRICT COLLECTOR KANCHEEPURAM_IDA)","Providing 1 Nos of Mini Highmast Light.","Thalikkottai Rajuthevar Baalu","SRIPERUMBUDUR","Images","31-Dec-2025","424635"
"1239","Normal/Others","WS/MP755/2025-2026/197519-Street lights","Tamil Nadu","CHENNAI(COMMISSIONER MUNCIPAL CORPORATION CHENNAI_IDA)","Providing 1 Nos. of 16m Highmast Light.","Thalikkottai Rajuthevar Baalu","SRIPERUMBUDUR","Images","23-Mar-2026","659507"
"1240","Normal/Others","WS/MP755/2025-2026/197520-Street lights","Tamil Nadu","CHENNAI(COMMISSIONER MUNCIPAL CORPORATION CHENNAI_IDA)","Providing 1 Nos. Of 12m Highmast Light","Thalikkottai Rajuthevar Baalu","SRIPERUMBUDUR","Images","23-Mar-2026","478265"
"1241","Normal/Others","WS/MP755/2025-2026/197522-Street lights","Tamil Nadu","CHENNAI(COMMISSIONER MUNCIPAL CORPORATION CHENNAI_IDA)","Providing 1 Nos. of 12m Highmast Light.","Thalikkottai Rajuthevar Baalu","SRIPERUMBUDUR","Images","23-Mar-2026","478265"
"1242","Normal/Others","WS/MP755/2025-2026/206041-Construction of Government office buildings (Post office, Police station, Police chauki, etc.)","Tamil Nadu","Kancheepuram(DISTRICT COLLECTOR KANCHEEPURAM_IDA)","Construction of a PDS shop","Thalikkottai Rajuthevar Baalu","SRIPERUMBUDUR","Images","15-May-2026","1399020"
"1243","Normal/Others","WS/MP755/2025-2026/246197-Street lights","Tamil Nadu","Kancheepuram(DISTRICT COLLECTOR KANCHEEPURAM_IDA)","Providing 1 Nos of Mini Highmast Light.","Thalikkottai Rajuthevar Baalu","SRIPERUMBUDUR","Images","13-Aug-2026","424635"
"1244","Normal/Others","WS/MP755/2025-2026/246198-Street lights","Tamil Nadu","Kancheepuram(DISTRICT COLLECTOR KANCHEEPURAM_IDA)","Providing 1 Nos of Mini Highmast Light.","Thalikkottai Rajuthevar Baalu","SRIPERUMBUDUR","Images","13-Aug-2026","615677"
"1245","Normal/Others","WS/MP755/2025-2026/246199-Street lights","Tamil Nadu","Kancheepuram(DISTRICT COLLECTOR KANCHEEPURAM_IDA)","Providing 1 Nos of Mini Highmast Light.","Thalikkottai Rajuthevar Baalu","SRIPERUMBUDUR","Images","13-Aug-2026","424635"
"1246","Normal/Others","WS/MP755/2025-2026/246200-Street lights","Tamil Nadu","Kancheepuram(DISTRICT COLLECTOR KANCHEEPURAM_IDA)","Providing 1 Nos of Mini Highmast Light.","Thalikkottai Rajuthevar Baalu","SRIPERUMBUDUR","Images","13-Aug-2026","424635"
"1247","Normal/Others","WS/MP755/2025-2026/246201-Street lights","Tamil Nadu","Kancheepuram(DISTRICT COLLECTOR KANCHEEPURAM_IDA)","Providing 1 Nos of Mini Highmast Light.","Thalikkottai Rajuthevar Baalu","SRIPERUMBUDUR","Images","13-Aug-2026","424635"
"1248","Normal/Others","WS/MP755/2025-2026/246202-Street lights","Tamil Nadu","Kancheepuram(DISTRICT COLLECTOR KANCHEEPURAM_IDA)","Providing 1 Nos of Mini Highmast Light.","Thalikkottai Rajuthevar Baalu","SRIPERUMBUDUR","Images","13-Aug-2026","424635"
"1249","Normal/Others","WS/MP755/2025-2026/246204-Street lights","Tamil Nadu","Kancheepuram(DISTRICT COLLECTOR KANCHEEPURAM_IDA)","Providing 1 Nos of Mini Highmast Light.","Thalikkottai Rajuthevar Baalu","SRIPERUMBUDUR","Images","13-Aug-2026","424635"
"1250","Normal/Others","WS/MP755/2025-2026/246205-Street lights","Tamil Nadu","Kancheepuram(DISTRICT COLLECTOR KANCHEEPURAM_IDA)","Providing 1 Nos of Mini Highmast Light.","Thalikkottai Rajuthevar Baalu","SRIPERUMBUDUR","Images","13-Aug-2026","424635"
"1251","Normal/Others","WS/MP755/2025-2026/246892-Street lights","Tamil Nadu","Kancheepuram(DISTRICT COLLECTOR KANCHEEPURAM_IDA)","Providing 1 Nos. of Mini Highmast Light at Palnellur Panchayat","Thalikkottai Rajuthevar Baalu","SRIPERUMBUDUR","Images","31-Dec-2025","424635"
"1252","Normal/Others","WS/MP755/2025-2026/246893-Street lights","Tamil Nadu","Kancheepuram(DISTRICT COLLECTOR KANCHEEPURAM_IDA)","Providing 1 Nos. of Mini Highmast Light at Keevalur Panchayat","Thalikkottai Rajuthevar Baalu","SRIPERUMBUDUR","Images","31-Dec-2025","424635"
"1253","Normal/Others","WS/MP755/2025-2026/246894-Street lights","Tamil Nadu","Kancheepuram(DISTRICT COLLECTOR KANCHEEPURAM_IDA)","Providing 1 Nos. of Mini Highmast Light at Thathanur Panchayat","Thalikkottai Rajuthevar Baalu","SRIPERUMBUDUR","Images","31-Dec-2025","424635"
"1254","Normal/Others","WS/MP755/2025-2026/253234-Street lights","Tamil Nadu","Kancheepuram(DISTRICT COLLECTOR KANCHEEPURAM_IDA)","Providing 1 Nos of Mini Highmast Light","Thalikkottai Rajuthevar Baalu","SRIPERUMBUDUR","Images","26-Feb-2026","424635"
"1255","Normal/Others","WS/MP755/2025-2026/253236-Street lights","Tamil Nadu","Kancheepuram(DISTRICT COLLECTOR KANCHEEPURAM_IDA)","Providing 1 Nos of Mini Highmast Light","Thalikkottai Rajuthevar Baalu","SRIPERUMBUDUR","Images","26-Feb-2026","424635"
"1256","Normal/Others","WS/MP755/2025-2026/253237-Street lights","Tamil Nadu","Kancheepuram(DISTRICT COLLECTOR KANCHEEPURAM_IDA)","Providing 1 Nos of Mini Highmast Light","Thalikkottai Rajuthevar Baalu","SRIPERUMBUDUR","Images","26-Feb-2026","424635"
"1257","Normal/Others","WS/MP755/2025-2026/256784-Street lights","Tamil Nadu","Kancheepuram(DISTRICT COLLECTOR KANCHEEPURAM_IDA)","Providing 1 Nos of Mini Highmast Light","Thalikkottai Rajuthevar Baalu","SRIPERUMBUDUR","Images","26-Feb-2026","424635"
"1258","Normal/Others","WS/MP755/2025-2026/256785-Street lights","Tamil Nadu","Kancheepuram(DISTRICT COLLECTOR KANCHEEPURAM_IDA)","Providing 1 Nos of Mini Highmast Light.","Thalikkottai Rajuthevar Baalu","SRIPERUMBUDUR","Images","26-Feb-2026","424635"
"1259","Normal/Others","WS/MP755/2025-2026/256786-Street lights","Tamil Nadu","Kancheepuram(DISTRICT COLLECTOR KANCHEEPURAM_IDA)","Providing 1 Nos of Mini Highmast Light.","Thalikkottai Rajuthevar Baalu","SRIPERUMBUDUR","Images","31-Jul-2026","424115"
"1260","Normal/Others","WS/MP755/2025-2026/256787-Street lights","Tamil Nadu","Kancheepuram(DISTRICT COLLECTOR KANCHEEPURAM_IDA)","Providing 1 Nos of Mini Highmast Light","Thalikkottai Rajuthevar Baalu","SRIPERUMBUDUR","Images","31-Jul-2026","424115"
"1261","Normal/Others","WS/MP755/2025-2026/261328-Construction of bus-sheds or bus-stops","Tamil Nadu","Kancheepuram(DISTRICT COLLECTOR KANCHEEPURAM_IDA)","Providing Passenger Steel Bus Stand.","Thalikkottai Rajuthevar Baalu","SRIPERUMBUDUR","Images","31-Jul-2026","4833356"
"1262","Normal/Others","WS/MP756/2025-2026/170250-Construction of roads, link roads, pathways or any other road with or without drainage system","Tamil Nadu","CUDDALORE(DISTRICT COLLECTOR CUDDALORE_IDA)","Providing Cement Road  at Ward No 5 Delhi Sahib Dharka street in Parangipettai TP.","Thirumaa Valavan Thol","CHIDAMBARAM(SC)","Images","03-Sep-2025","1000000"
"1263","Normal/Others","WS/MP756/2025-2026/170385-Construction of roads, link roads, pathways or any other road with or without drainage system","Tamil Nadu","CUDDALORE(DISTRICT COLLECTOR CUDDALORE_IDA)","Providing Cement Road at Villiyanallur Panchayat in Parangipettai Block.(200m)","Thirumaa Valavan Thol","CHIDAMBARAM(SC)","Images","13-Aug-2025","999677"
"1264","Normal/Others","WS/MP756/2025-2026/170885-Construction of water tanks","Tamil Nadu","CUDDALORE(DISTRICT COLLECTOR CUDDALORE_IDA)","Construction of Overhead Tank (OHT) 30,000 Litre Capacity at Natarajapuram Village Vasaputhur Panchayat in Parangipettai Block.","Thirumaa Valavan Thol","CHIDAMBARAM(SC)","Images","09-Oct-2025","1841434"
"1265","Normal/Others","WS/MP756/2025-2026/170887-Crematoriums/energy efficient crematoriums or structures on burial/cremation ground","Tamil Nadu","CUDDALORE(DISTRICT COLLECTOR CUDDALORE_IDA)","Construction of Ritual Shed (Karumakariya Mandapam) at  Manjakuzhi Panchayat in Parangipettai Block.","Thirumaa Valavan Thol","CHIDAMBARAM(SC)","Images","15-Dec-2025","464927"
"1266","Normal/Others","WS/MP756/2025-2026/170950-Crematoriums/energy efficient crematoriums or structures on burial/cremation ground","Tamil Nadu","CUDDALORE(DISTRICT COLLECTOR CUDDALORE_IDA)","Construction of Ritual Shed (Karumakariya Mandapam) at Ponnankoil  Paradhur Panchayat in Keerapalayam Block.","Thirumaa Valavan Thol","CHIDAMBARAM(SC)","Images","27-Jan-2026","449645"
"1267","Normal/Others","WS/MP756/2025-2026/170954-Construction of community centers and community halls","Tamil Nadu","CUDDALORE(DISTRICT COLLECTOR CUDDALORE_IDA)","Construction of Community Hall  at Ward no 2 Srivakkaramari Village In Srimushnam TP","Thirumaa Valavan Thol","CHIDAMBARAM(SC)","Images","30-Oct-2025","5000000"
"1268","Normal/Others","WS/MP756/2025-2026/170957-Construction of cycle tracks, cycle stand and segregated non-motorized vehicle (NMV) lanes","Tamil Nadu","CUDDALORE(DISTRICT COLLECTOR CUDDALORE_IDA)","Construction of Two Wheeler Shed and Entrance Arch at Kattumanarkoil Govt Art and Science College Kilvanniyur Village in Kumartchi Block.","Thirumaa Valavan Thol","CHIDAMBARAM(SC)","N/A","29-Aug-2025","2493881"
"1269","Normal/Others","WS/MP756/2025-2026/170977-Crematoriums/energy efficient crematoriums or structures on burial/cremation ground","Tamil Nadu","CUDDALORE(DISTRICT COLLECTOR CUDDALORE_IDA)","Construction of Ritual Shed (Karumakariya Mandapam) at T.Pavazhankudi Panchayat in Srimushnam Block.","Thirumaa Valavan Thol","CHIDAMBARAM(SC)","Images","18-Oct-2025","448350"
"1270","Normal/Others","WS/MP756/2025-2026/170981-Construction of roads, link roads, pathways or any other road with or without drainage system","Tamil Nadu","CUDDALORE(DISTRICT COLLECTOR CUDDALORE_IDA)","Providing Cement Road at Melavanniyur School Street Nedvumbur   Panchayat in Kumartchi Block.(115m)","Thirumaa Valavan Thol","CHIDAMBARAM(SC)","Images","24-Jul-2025","799222"
"1271","Normal/Others","WS/MP756/2025-2026/171067-Crematoriums/energy efficient crematoriums or structures on burial/cremation ground","Tamil Nadu","Ariyalur(District Collector Ariyalur_IDA)","Construction of Funeral Shed at Vanavanallur Village Thaluthalaimedu Panchayat in Jayankondam Block.","Thirumaa Valavan Thol","CHIDAMBARAM(SC)","Images","10-Oct-2025","449022"
"1272","Normal/Others","WS/MP756/2025-2026/171112-Crematoriums/energy efficient crematoriums or structures on burial/cremation ground","Tamil Nadu","Ariyalur(District Collector Ariyalur_IDA)","Construction of Ritual Shed at Elaiyur VIllage Elaiyur Panchayat in Andimadam Block.","Thirumaa Valavan Thol","CHIDAMBARAM(SC)","Images","27-Nov-2025","449315"
"1273","Normal/Others","WS/MP756/2025-2026/171128-Construction of roads, link roads, pathways or any other road with or without drainage system","Tamil Nadu","PERAMBALUR(DISTRICT COLLECTOR PERAMBALUR_IDA)","Providing Asphalt Road at AD Street Koodalur Panchayat in Alathur Block.","Thirumaa Valavan Thol","CHIDAMBARAM(SC)","N/A","27-Nov-2025","1891649"
"1274","Normal/Others","WS/MP756/2025-2026/171134-Construction of roads, link roads, pathways or any other road with or without drainage system","Tamil Nadu","PERAMBALUR(DISTRICT COLLECTOR PERAMBALUR_IDA)","Construction of Cement Concrete Road and Drainage (140m) P.K Nallur Street Vashishtapuram Panchayat in Veppur Block","Thirumaa Valavan Thol","CHIDAMBARAM(SC)","Images","17-Nov-2025","1099846"
"1275","Normal/Others","WS/MP756/2025-2026/171142-Construction of roads, link roads, pathways or any other road with or without drainage system","Tamil Nadu","PERAMBALUR(DISTRICT COLLECTOR PERAMBALUR_IDA)","Providng Asphalt Road from Thirumandurai Main Road to Elaimiruchi Village Thirumandurai Panchayat Veppur Block.","Thirumaa Valavan Thol","CHIDAMBARAM(SC)","N/A","02-Sep-2025","2195668"
"1276","Normal/Others","WS/MP756/2025-2026/171145-Construction of community centers and community halls","Tamil Nadu","PERAMBALUR(DISTRICT COLLECTOR PERAMBALUR_IDA)","Construction of Ration Shop at B.C Street Periavenmani Panchayat in Veppur Block.","Thirumaa Valavan Thol","CHIDAMBARAM(SC)","N/A","06-Dec-2025","1174038"
"1277","Normal/Others","WS/MP756/2025-2026/175358-Construction of roads, link roads, pathways or any other road with or without drainage system","Tamil Nadu","CUDDALORE(DISTRICT COLLECTOR CUDDALORE_IDA)","Providing Cement Road at B.C Street Sakthi Vilagam   Panchayat in Keerapalayam Block.(100m)","Thirumaa Valavan Thol","CHIDAMBARAM(SC)","Images","04-Sep-2025","999403"
"1278","Normal/Others","WS/MP756/2025-2026/176317-Construction of roads, link roads, pathways or any other road with or without drainage system","Tamil Nadu","CUDDALORE(DISTRICT COLLECTOR CUDDALORE_IDA)","Providing Cement Road 150 M at Puliyangudi Village Thenharirajapuram Panchayat in Keerapalayam Block.","Thirumaa Valavan Thol","CHIDAMBARAM(SC)","Images","25-Jun-2025","999472"
"1279","Normal/Others","WS/MP756/2025-2026/176387-Construction of water tanks","Tamil Nadu","CUDDALORE(DISTRICT COLLECTOR CUDDALORE_IDA)","Construction of Overhead Tank (OHT) 30,000 Litre Capacity at Pinnathur West Village in Pinnathur Panchayat Parangipettai Block.","Thirumaa Valavan Thol","CHIDAMBARAM(SC)","Images","09-Oct-2025","1848984"
"1280","Normal/Others","WS/MP756/2025-2026/179604-Providing drains and gutters for public drainage","Tamil Nadu","Ariyalur(District Collector Ariyalur_IDA)","Construction of Drainage at Bus Stop to Alagapuram Colony, Alagapuram Panchayat in Andimadam Union","Thirumaa Valavan Thol","CHIDAMBARAM(SC)","Images","31-Dec-2025","999025"
"1281","Normal/Others","WS/MP756/2025-2026/202458-Setting up of laboratories","Tamil Nadu","Ariyalur(District Collector Ariyalur_IDA)","Supply of Lab Equipment at Poyyathanallur Government High. Secondary School in Eluppaiyur Panchayat.","Thirumaa Valavan Thol","CHIDAMBARAM(SC)","Images","02-Sep-2025","625000"
"1282","Normal/Others","WS/MP756/2025-2026/202462-Setting up of laboratories","Tamil Nadu","Ariyalur(District Collector Ariyalur_IDA)","Supply of Lab Equipment at Karu.Poyyur Government High. Secondary School in Melakaruppur Panchayat.","Thirumaa Valavan Thol","CHIDAMBARAM(SC)","Images","01-Sep-2025","625000"
"1283","Normal/Others","WS/MP756/2025-2026/202466-Setting up of laboratories","Tamil Nadu","Ariyalur(District Collector Ariyalur_IDA)","Supply of Lab Equipment at Keezhakavattankurichi Government High. Secondary School in Keezhakavattankurichi Panchayat.","Thirumaa Valavan Thol","CHIDAMBARAM(SC)","Images","02-Sep-2025","625000"
"1284","Normal/Others","WS/MP756/2025-2026/202470-Setting up of laboratories","Tamil Nadu","Ariyalur(District Collector Ariyalur_IDA)","Supply of Lab Equipment at Meensuriti Government Girls High. Secondary School in Gundaveli Panchayat.","Thirumaa Valavan Thol","CHIDAMBARAM(SC)","Images","02-Sep-2025","625000"
"1285","Normal/Others","WS/MP756/2025-2026/202473-Setting up of laboratories","Tamil Nadu","Ariyalur(District Collector Ariyalur_IDA)","Supply of Lab Equipment at Meensuriti Government Boys High. Secondary School in Gundaveli Panchayat.","Thirumaa Valavan Thol","CHIDAMBARAM(SC)","Images","02-Sep-2025","625000"
"1286","Normal/Others","WS/MP756/2025-2026/202479-Setting up of laboratories","Tamil Nadu","Ariyalur(District Collector Ariyalur_IDA)","Supply of Lab Equipment at Andimadam Government High. Secondary School in Andimadam Panchayat.","Thirumaa Valavan Thol","CHIDAMBARAM(SC)","Images","02-Sep-2025","625000"
"1287","Normal/Others","WS/MP756/2025-2026/202480-Setting up of laboratories","Tamil Nadu","Ariyalur(District Collector Ariyalur_IDA)","Supply of Lab Equipment at Elaiyur Government High. Secondary School in Elaiyur Panchayat.","Thirumaa Valavan Thol","CHIDAMBARAM(SC)","Images","03-Sep-2025","625000"
"1288","Normal/Others","WS/MP756/2025-2026/202484-Setting up of laboratories","Tamil Nadu","Ariyalur(District Collector Ariyalur_IDA)","Supply of Lab Equipment at Vilandai Government Girls High. Secondary School in Vilandai Panchayat.","Thirumaa Valavan Thol","CHIDAMBARAM(SC)","Images","02-Sep-2025","625000"
"1289","Normal/Others","WS/MP756/2025-2026/202486-Setting up of laboratories","Tamil Nadu","Ariyalur(District Collector Ariyalur_IDA)","Supply of Lab Equipment at Karaikurichi Government High. Secondary School in Karaikurichi Panchayat.","Thirumaa Valavan Thol","CHIDAMBARAM(SC)","Images","03-Sep-2025","625000"
"1290","Normal/Others","WS/MP756/2025-2026/202493-Setting up of laboratories","Tamil Nadu","Ariyalur(District Collector Ariyalur_IDA)","Supply of Lab Equipment at J.Suthamalli Government High. Secondary School in Suthamalli Panchayat.","Thirumaa Valavan Thol","CHIDAMBARAM(SC)","Images","03-Sep-2025","625000"
"1291","Normal/Others","WS/MP756/2025-2026/202494-Setting up of laboratories","Tamil Nadu","Ariyalur(District Collector Ariyalur_IDA)","Supply of Lab Equipment at Udayanatham Government High. Secondary School in Udayanatham Panchayat.","Thirumaa Valavan Thol","CHIDAMBARAM(SC)","Images","04-Sep-2025","625000"
"1292","Normal/Others","WS/MP756/2025-2026/202495-Setting up of laboratories","Tamil Nadu","Ariyalur(District Collector Ariyalur_IDA)","Supply of Lab Equipment at Paranam Government High. Secondary School in Paranam Panchayat.","Thirumaa Valavan Thol","CHIDAMBARAM(SC)","Images","04-Sep-2025","625000"
"1293","Normal/Others","WS/MP756/2025-2026/202496-Setting up of laboratories","Tamil Nadu","Ariyalur(District Collector Ariyalur_IDA)","Supply of Lab Equipment at Sendurai Government Model High. Secondary School in Sendurai Panchayat.","Thirumaa Valavan Thol","CHIDAMBARAM(SC)","Images","04-Sep-2025","625000"
"1294","Normal/Others","WS/MP756/2025-2026/202497-Setting up of laboratories","Tamil Nadu","Ariyalur(District Collector Ariyalur_IDA)","Supply of Lab Equipment at Melanikuzhi Government High. Secondary School in Melanikuzhi Panchayat.","Thirumaa Valavan Thol","CHIDAMBARAM(SC)","Images","02-Sep-2025","625000"
"1295","Normal/Others","WS/MP756/2025-2026/202498-Setting up of laboratories","Tamil Nadu","Ariyalur(District Collector Ariyalur_IDA)","Supply of Lab Equipment at Chinnavalayam Government High. Secondary School in Jayankondam Municipality.","Thirumaa Valavan Thol","CHIDAMBARAM(SC)","Images","02-Sep-2025","625000"
"1296","Normal/Others","WS/MP756/2025-2026/202499-Setting up of laboratories","Tamil Nadu","Ariyalur(District Collector Ariyalur_IDA)","Supply of Lab Equipment at Government High. Secondary School in Ariyalur Municipality.","Thirumaa Valavan Thol","CHIDAMBARAM(SC)","Images","04-Sep-2025","625000"
"1297","Normal/Others","WS/MP756/2025-2026/211761-Setting up of laboratories","Tamil Nadu","CUDDALORE(DISTRICT COLLECTOR CUDDALORE_IDA)","Supply of Lab Equipments at Government Boys Higher Secondary School Ward no 10 in Kattumanarkoil Town Panchayat","Thirumaa Valavan Thol","CHIDAMBARAM(SC)","Images","11-Nov-2025","625000"
"1298","Normal/Others","WS/MP756/2025-2026/211762-Setting up of laboratories","Tamil Nadu","CUDDALORE(DISTRICT COLLECTOR CUDDALORE_IDA)","Supply of Lab Equipments at Government Girls Higher Secondary School Ward no 17 in Kattumanarkoil Town Panchayat","Thirumaa Valavan Thol","CHIDAMBARAM(SC)","Images","24-Nov-2025","625000"
"1299","Normal/Others","WS/MP756/2025-2026/211767-Setting up of laboratories","Tamil Nadu","CUDDALORE(DISTRICT COLLECTOR CUDDALORE_IDA)","Supply of Lab Equipments at Government Model Girls Higher Secondary School Ward no 2 in Bhuvanagiri Town Panchayat","Thirumaa Valavan Thol","CHIDAMBARAM(SC)","Images","24-Nov-2025","625000"
"1300","Normal/Others","WS/MP756/2025-2026/211770-Setting up of laboratories","Tamil Nadu","CUDDALORE(DISTRICT COLLECTOR CUDDALORE_IDA)","Supply of Lab Equipments at C.Mutlur Government  Higher Secondary School C.Mutlur Panchayat in Melbhuvangiri Block.","Thirumaa Valavan Thol","CHIDAMBARAM(SC)","Images","24-Nov-2025","625000"
"1301","Normal/Others","WS/MP756/2025-2026/211772-Setting up of laboratories","Tamil Nadu","CUDDALORE(DISTRICT COLLECTOR CUDDALORE_IDA)","Supply of Lab Equipments at Thirumuttam Government  Higher Secondary School Ward no 12 in Srimushnam Town Panchayat","Thirumaa Valavan Thol","CHIDAMBARAM(SC)","Images","11-Nov-2025","625000"
"1302","Normal/Others","WS/MP756/2025-2026/211773-Setting up of laboratories","Tamil Nadu","CUDDALORE(DISTRICT COLLECTOR CUDDALORE_IDA)","Supply of Lab Equipments at Government Higher Secondary School Ward no 15 in Lalpettai Town Panchayat","Thirumaa Valavan Thol","CHIDAMBARAM(SC)","Images","24-Nov-2025","625000"
"1303","Normal/Others","WS/MP756/2025-2026/211774-Setting up of laboratories","Tamil Nadu","CUDDALORE(DISTRICT COLLECTOR CUDDALORE_IDA)","Supply of Lab Equipments at Kumartchi Government Higher Secondary School Kumaratchi Panchayat in Kumaratchi Block.","Thirumaa Valavan Thol","CHIDAMBARAM(SC)","Images","24-Nov-2025","625000"
"1304","Normal/Others","WS/MP756/2025-2026/211775-Setting up of laboratories","Tamil Nadu","CUDDALORE(DISTRICT COLLECTOR CUDDALORE_IDA)","Supply of Lab Equipments at Government Girls Higher Secondary School Ward no 33 in Chidambaram Municipality.","Thirumaa Valavan Thol","CHIDAMBARAM(SC)","Images","24-Nov-2025","625000"
"1305","Normal/Others","WS/MP756/2025-2026/242925-Crematoriums/energy efficient crematoriums or structures on burial/cremation ground","Tamil Nadu","CUDDALORE(DISTRICT COLLECTOR CUDDALORE_IDA)","Construction of Ritual Shed at Pinnathur East Colony Village Pinnathur Panchayat in Parangipettai Block.","Thirumaa Valavan Thol","CHIDAMBARAM(SC)","Images","28-Feb-2026","599407"
"1306","Normal/Others","WS/MP756/2025-2026/242956-Construction of roads, link roads, pathways or any other road with or without drainage system","Tamil Nadu","PERAMBALUR(DISTRICT COLLECTOR PERAMBALUR_IDA)","Providing Cement Concrete Road at  Olapadi Panchayat Veppur Union (300M)","Thirumaa Valavan Thol","CHIDAMBARAM(SC)","N/A","02-Apr-2026","1492881"
"1307","Normal/Others","WS/MP758/2025-2026/149067-Construction of bus-sheds or bus-stops","Tamil Nadu","PUDUKKOTTAI(DISTRICT COLLECTOR PUDUKKOTTAI_IDA)","Construction of Bus shed in Odukkur Kadai Veedhi,Kundrandar Koyil,Kulathur (Tk)","Smt S Jothimani","KARUR","N/A","01-Dec-2025","799348"
"1308","Normal/Others","WS/MP758/2025-2026/149068-Purchase of smart boards, visual display units and projectors","Tamil Nadu","PUDUKKOTTAI(DISTRICT COLLECTOR PUDUKKOTTAI_IDA)","Setting up of Smart class in Government High School,Lakkinampatti,Kundrandar Koyil,Kulathur Tk","Smt S Jothimani","KARUR","Images","25-Jul-2025","200000"
"1309","Normal/Others","WS/MP758/2025-2026/149069-Setting up of kitchen and pantries","Tamil Nadu","PUDUKKOTTAI(DISTRICT COLLECTOR PUDUKKOTTAI_IDA)","Setting up of community kitchen for Community hall in Agarapatti Community Hall,Vayalogam,Annavasal Union,Iluppur (Tk)","Smt S Jothimani","KARUR","Images","16-May-2025","499895"
"1310","Normal/Others","WS/MP758/2025-2026/149070-Purchase of smart boards, visual display units and projectors","Tamil Nadu","PUDUKKOTTAI(DISTRICT COLLECTOR PUDUKKOTTAI_IDA)","setting up of Smart class in Government Higher Secondary school,Mannavelampatti,Annavasal","Smt S Jothimani","KARUR","Images","06-Nov-2025","199000"
"1311","Normal/Others","WS/MP758/2025-2026/149076-Purchase of hospital equipment","Tamil Nadu","KARUR(DISTRICT COLLECTOR KARUR_IDA)","Purchase of ECG Machine(3 Channel) ,Semi Auto Biochemistry Analaizer,Fetal Doppler and Baby Warmer for the Urban Primary Health Center,Thanthoni,Ward no 46,Karur","Smt S Jothimani","KARUR","N/A","13-Jan-2026","266000"
"1312","Normal/Others","WS/MP758/2025-2026/149078-Purchase of hospital equipment","Tamil Nadu","KARUR(DISTRICT COLLECTOR KARUR_IDA)","Purchase of ECG - (12 Channel), Neonatal Warmer and Crash Cart Equipments for the Government Hospital,Manmangalam,Karur","Smt S Jothimani","KARUR","Images","12-Mar-2026","137500"
"1313","Normal/Others","WS/MP758/2025-2026/157281-Purchase of smart boards, visual display units and projectors","Tamil Nadu","KARUR(DISTRICT COLLECTOR KARUR_IDA)","Construction of Smart Boards in Government Higher Secondary School,Kadavur,Karur District","Smt S Jothimani","KARUR","Images","07-Jul-2025","199060"
"1314","Normal/Others","WS/MP758/2025-2026/157282-Purchase of smart boards, visual display units and projectors","Tamil Nadu","KARUR(DISTRICT COLLECTOR KARUR_IDA)","Construction of Smart Boards in Government Higher Secondary School,Kuruni Kulathupatti,Devar malai,Kadavur,Karur","Smt S Jothimani","KARUR","Images","07-Jul-2025","199060"
"1315","Normal/Others","WS/MP758/2025-2026/157283-Purchase of smart boards, visual display units and projectors","Tamil Nadu","KARUR(DISTRICT COLLECTOR KARUR_IDA)","Construction of Smart Boards in Government Higher Secondary School,TharagamPatti,Keelappaguthi,Kadavur,Karur","Smt S Jothimani","KARUR","Images","04-Jul-2025","199060"
"1316","Normal/Others","WS/MP758/2025-2026/157287-Construction of public libraries and reading rooms","Tamil Nadu","KARUR(DISTRICT COLLECTOR KARUR_IDA)","Construction of Library and Reading rooms in Nallooran Patti Village,Sembianatham Panchayat,Kadavur Union,Karur","Smt S Jothimani","KARUR","Images","30-Mar-2026","1497456"
"1317","Normal/Others","WS/MP758/2025-2026/157290-Construction of bus-sheds or bus-stops","Tamil Nadu","KARUR(DISTRICT COLLECTOR KARUR_IDA)","Construction of Bus shed opposite to VSB College, Karudaiyam Palayam Panchayat,Paramathi Union,Karur","Smt S Jothimani","KARUR","N/A","11-Nov-2025","799715"
"1318","Normal/Others","WS/MP758/2025-2026/157294-Purchase of hospital equipment","Tamil Nadu","KARUR(DISTRICT COLLECTOR KARUR_IDA)","Purchase of Washing Machine for the Government Medical College and Hospital,Gandhigramam,Karur","Smt S Jothimani","KARUR","N/A","15-Dec-2025","1926985"
"1319","Normal/Others","WS/MP758/2025-2026/164210-Construction of bus-sheds or bus-stops","Tamil Nadu","KARUR(DISTRICT COLLECTOR KARUR_IDA)","Construction of Bus shed in Renganathapuram,Nedungur Panchayat,K.Paramathi Union.","Smt S Jothimani","KARUR","N/A","11-Nov-2025","799756"
"1320","Normal/Others","WS/MP758/2025-2026/164211-Construction of bus-sheds or bus-stops","Tamil Nadu","KARUR(DISTRICT COLLECTOR KARUR_IDA)","Construction of Bus shelter at Chinnadharapuram Murugan Kovil Bus stop,Chinnadharapuram, K.Paramathi Union.","Smt S Jothimani","KARUR","N/A","17-Sep-2025","799165"
"1321","Normal/Others","WS/MP758/2025-2026/164217-Purchase of smart boards, visual display units and projectors","Tamil Nadu","KARUR(DISTRICT COLLECTOR KARUR_IDA)","Construction of Smart Class at Government Higher Secondary School,Pallapatti Municipality,Karur","Smt S Jothimani","KARUR","N/A","22-Dec-2025","199999"
"1322","Normal/Others","WS/MP758/2025-2026/164218-Purchase of smart boards, visual display units and projectors","Tamil Nadu","KARUR(DISTRICT COLLECTOR KARUR_IDA)","Construction of Smart Class at Uswathun Hassana Girls Higher Secondary School,Ward No 27,Pallapatti,Karur","Smt S Jothimani","KARUR","N/A","24-Dec-2025","199999"
"1323","Normal/Others","WS/MP758/2025-2026/164226-Construction of bus-sheds or bus-stops","Tamil Nadu","DINDIGUL(DISTRICT COLLECTOR DINDIGUL_IDA)","Construction of bus shelter in R.Combai Pirivu,Vadugambadi,Gujiliamparai.","Smt S Jothimani","KARUR","N/A","12-Mar-2026","799812"
"1324","Normal/Others","WS/MP758/2025-2026/164776-Construction of rooms and halls in school and colleges","Tamil Nadu","KARUR(DISTRICT COLLECTOR KARUR_IDA)","Construction of Additional Classroom in Panchayat Union Primary School,Puravi Palayam,Thanthoni Union and Puliyur Town Panchayat.","Smt S Jothimani","KARUR","N/A","26-Dec-2025","1499620"
"1325","Normal/Others","WS/MP758/2025-2026/164777-Construction of bus-sheds or bus-stops","Tamil Nadu","KARUR(DISTRICT COLLECTOR KARUR_IDA)","Construction of Bus shed in Tex Park near by, Thalapatti Panchayat,,Thanthoni Union","Smt S Jothimani","KARUR","Images","31-Oct-2025","798705"
"1326","Normal/Others","WS/MP758/2024-2025/164791-Purchase of smart boards, visual display units and projectors","Tamil Nadu","TIRUCHIRAPPALLI(DISTRICT COLLECTOR TIRUCHIRAPPALLI_IDA)","Purchase of Smart Class boards for the 5 Classrooms in Government Arts and Science College,Manapparai","Smt S Jothimani","KARUR","N/A","27-Mar-2025","999500"
"1327","Normal/Others","WS/MP758/2025-2026/168931-Purchase of smart boards, visual display units and projectors","Tamil Nadu","DINDIGUL(DISTRICT COLLECTOR DINDIGUL_IDA)","Purchase of Smart Class for 4 Classrooms in Government Arts and Science College,Thaneerpandampatti,E.Chitur Village,Vedasandhur Union","Smt S Jothimani","KARUR","N/A","07-Apr-2025","799600"
"1328","Normal/Others","WS/MP758/2025-2026/170881-Purchase of smart boards, visual display units and projectors","Tamil Nadu","KARUR(DISTRICT COLLECTOR KARUR_IDA)","Purchase of Smart Class for 5 Classrooms in Government Arts  College,Thanthondri Malai,Karur","Smt S Jothimani","KARUR","Images","23-Feb-2026","993825"
"1329","Normal/Others","WS/MP758/2025-2026/175009-Purchase of sports equipment","Tamil Nadu","DINDIGUL(DISTRICT COLLECTOR DINDIGUL_IDA)","Purchase of Sports Equipment for the Government Arts and Science College,Thaneerpanthampatti,E.Chittur,Vedasandhur","Smt S Jothimani","KARUR","N/A","13-Aug-2025","69080"
"1330","Normal/Others","WS/MP758/2025-2026/175011-Purchase of hospital equipment","Tamil Nadu","TIRUCHIRAPPALLI(DISTRICT COLLECTOR TIRUCHIRAPPALLI_IDA)","Purchase of Hospital Equipment Sunmax 300mA X-Ray Machine with Horizontal Bucky Table for the Government  Primary Health Center,Puthanatham,Manapparai","Smt S Jothimani","KARUR","N/A","04-Jul-2025","1635000"
"1331","Normal/Others","WS/MP758/2025-2026/175012-Construction of bus-sheds or bus-stops","Tamil Nadu","PUDUKKOTTAI(DISTRICT COLLECTOR PUDUKKOTTAI_IDA)","Construction of Bus shed  in Kondamanaickenpatti Pirivu Salai,Vadugappatti Panchayat,Viralimalai Union.","Smt S Jothimani","KARUR","Images","09-Jan-2026","799556"
"1332","Normal/Others","WS/MP758/2025-2026/175013-Purchase of smart boards, visual display units and projectors","Tamil Nadu","KARUR(DISTRICT COLLECTOR KARUR_IDA)","Purchase of Smart Boards for Government Higher Secondary School,Kaniyalampatti,Manjanaickenpatti,Kadavur.","Smt S Jothimani","KARUR","Images","15-Jul-2025","199060"
"1333","Normal/Others","WS/MP758/2025-2026/175014-Purchase of smart boards, visual display units and projectors","Tamil Nadu","KARUR(DISTRICT COLLECTOR KARUR_IDA)","Purchase of Smart Boards for Government ADW High School,Mavathur,Kadavur,Krishnarayapuram.","Smt S Jothimani","KARUR","Images","15-Jul-2025","199060"
"1334","Normal/Others","WS/MP758/2025-2026/175015-Purchase of smart boards, visual display units and projectors","Tamil Nadu","KARUR(DISTRICT COLLECTOR KARUR_IDA)","Purchase of Smart Boards for Government High School,Tennilai,Kadavur,Krishnarayapuram.","Smt S Jothimani","KARUR","Images","23-Jul-2025","199060"
"1335","Normal/Others","WS/MP758/2025-2026/175016-Purchase of smart boards, visual display units and projectors","Tamil Nadu","KARUR(DISTRICT COLLECTOR KARUR_IDA)","Purchase of Smart Boards for Government High School,Manjapulipatti,Tennilai Panchayat,Kadavur Union.Krishnarayapuram.","Smt S Jothimani","KARUR","Images","23-Jul-2025","199060"
"1336","Normal/Others","WS/MP758/2025-2026/176142-Purchase of smart boards, visual display units and projectors","Tamil Nadu","KARUR(DISTRICT COLLECTOR KARUR_IDA)","Purchase of Smart Boards for Government High School,Koyamballi,Thanthoni Union.","Smt S Jothimani","KARUR","Images","23-Sep-2025","199060"
"1337","Normal/Others","WS/MP758/2025-2026/176143-Purchase of smart boards, visual display units and projectors","Tamil Nadu","KARUR(DISTRICT COLLECTOR KARUR_IDA)","Purchase of Smart Class for the Government Higher Secondary School,Krishnarayapuram","Smt S Jothimani","KARUR","Images","15-Jul-2025","199060"
"1338","Normal/Others","WS/MP758/2025-2026/176146-Purchase of smart boards, visual display units and projectors","Tamil Nadu","KARUR(DISTRICT COLLECTOR KARUR_IDA)","purchase of Smart Board for the Government High School,Kattalai,Renganathapuram.","Smt S Jothimani","KARUR","Images","15-Jul-2025","199060"
"1339","Normal/Others","WS/MP758/2025-2026/176148-Purchase of smart boards, visual display units and projectors","Tamil Nadu","KARUR(DISTRICT COLLECTOR KARUR_IDA)","Purchase of smart Boards for the Government High School,Veerarakiyam,Balarajapuram,Krishnarayapuram.","Smt S Jothimani","KARUR","Images","15-Jul-2025","199060"
"1340","Normal/Others","WS/MP758/2025-2026/176149-Purchase of smart boards, visual display units and projectors","Tamil Nadu","KARUR(DISTRICT COLLECTOR KARUR_IDA)","Purchase of Smart Boards for the Government Higher secondary School,Ward no - 9,Palaya Jeyankondam Town Panchayat","Smt S Jothimani","KARUR","Images","15-Jul-2025","199060"
"1341","Normal/Others","WS/MP758/2025-2026/176150-Purchase of smart boards, visual display units and projectors","Tamil Nadu","KARUR(DISTRICT COLLECTOR KARUR_IDA)","Purchase of Smart Board for the Dr.M A M Ramasamy Chettiyar Government High School,Ward No 4,Puliyur Town Panchayat.","Smt S Jothimani","KARUR","Images","23-Sep-2025","199060"
"1342","Normal/Others","WS/MP758/2025-2026/194776-Purchase of smart boards, visual display units and projectors","Tamil Nadu","KARUR(DISTRICT COLLECTOR KARUR_IDA)","Purchase of Smart Boards for Government High School,Mettu Thirukambuliyur,","Smt S Jothimani","KARUR","Images","23-Sep-2025","199021"
"1343","Normal/Others","WS/MP758/2025-2026/194777-Purchase of smart boards, visual display units and projectors","Tamil Nadu","KARUR(DISTRICT COLLECTOR KARUR_IDA)","Purchase of Smart Boards for Government Higher Secondary School, Porani, Jegathabi Panchayat","Smt S Jothimani","KARUR","Images","23-Sep-2025","199060"
"1344","Normal/Others","WS/MP758/2025-2026/194778-Purchase of smart boards, visual display units and projectors","Tamil Nadu","KARUR(DISTRICT COLLECTOR KARUR_IDA)","Purchase of Smart Boards for Government Higher Secondary School, Chinna Senkal, Senkal Panchayat","Smt S Jothimani","KARUR","Images","23-Sep-2025","199040"
"1345","Normal/Others","WS/MP758/2025-2026/194779-Purchase of smart boards, visual display units and projectors","Tamil Nadu","KARUR(DISTRICT COLLECTOR KARUR_IDA)","Purchase of Smart Boards for Government High School, Kadavur","Smt S Jothimani","KARUR","Images","24-Sep-2025","199040"
"1346","Normal/Others","WS/MP758/2025-2026/194780-Purchase of smart boards, visual display units and projectors","Tamil Nadu","KARUR(DISTRICT COLLECTOR KARUR_IDA)","Purchase of Smart Boards for Government Higher Secondary School, K.P.Thalapatti Panchayat","Smt S Jothimani","KARUR","Images","23-Sep-2025","199060"
"1347","Normal/Others","WS/MP758/2025-2026/201204-Construction of footpaths and pedestrian ways","Tamil Nadu","DINDIGUL(DISTRICT COLLECTOR DINDIGUL_IDA)","Construction of Pathway Steps to the A.Kombai Cremation center in A.Kombai, Ward no 14, Ayyalur Town Panchayat","Smt S Jothimani","KARUR","N/A","12-Jan-2026","550000"
"1348","Normal/Others","WS/MP758/2025-2026/201205-Purchase of smart boards, visual display units and projectors","Tamil Nadu","PUDUKKOTTAI(DISTRICT COLLECTOR PUDUKKOTTAI_IDA)","Purchase of Smart Class Board for the Government Higher Secondary School, Keezhakkurichi, Annavasal Union.","Smt S Jothimani","KARUR","Images","26-Sep-2025","199000"
"1349","Normal/Others","WS/MP758/2025-2026/201206-Purchase of smart boards, visual display units and projectors","Tamil Nadu","PUDUKKOTTAI(DISTRICT COLLECTOR PUDUKKOTTAI_IDA)","Purchase of Smart class Board for the Government Higher Secondary School,Vayalogam, Annavasal Union.","Smt S Jothimani","KARUR","Images","26-Sep-2025","199000"
"1350","Normal/Others","WS/MP758/2025-2026/201207-Purchase of smart boards, visual display units and projectors","Tamil Nadu","PUDUKKOTTAI(DISTRICT COLLECTOR PUDUKKOTTAI_IDA)","Purchase of Smart Class Board for the Government Higher Secondary School,Kodumbalur, Viralimalai Union.","Smt S Jothimani","KARUR","Images","26-Sep-2025","199900"
"1351","Normal/Others","WS/MP758/2025-2026/201492-Purchase of smart boards, visual display units and projectors","Tamil Nadu","PUDUKKOTTAI(DISTRICT COLLECTOR PUDUKKOTTAI_IDA)","Purchase of Smart Classs Board for the Government Higher Secondary School, Illuppur Town Panchayat.(Ward NO 11)","Smt S Jothimani","KARUR","N/A","16-Dec-2025","199060"
"1352","Normal/Others","WS/MP758/2025-2026/201513-Purchase of smart boards, visual display units and projectors","Tamil Nadu","PUDUKKOTTAI(DISTRICT COLLECTOR PUDUKKOTTAI_IDA)","Purchase of Smart Class Board for the Government Girls Higher Secondary School,Illupur (Ward no 5).","Smt S Jothimani","KARUR","N/A","16-Dec-2025","199060"
"1353","Normal/Others","WS/MP758/2025-2026/201514-Purchase of smart boards, visual display units and projectors","Tamil Nadu","PUDUKKOTTAI(DISTRICT COLLECTOR PUDUKKOTTAI_IDA)","Purchase of Smart Class Board for the Government Higher Secondary School, Mukkanamalaipatti,Annavasal Union.","Smt S Jothimani","KARUR","Images","26-Sep-2025","199000"
"1354","Normal/Others","WS/MP758/2025-2026/201516-Purchase of smart boards, visual display units and projectors","Tamil Nadu","PUDUKKOTTAI(DISTRICT COLLECTOR PUDUKKOTTAI_IDA)","Purchase of Smart Class Board for the Government Boys Higher Secondary School,Viralimalai","Smt S Jothimani","KARUR","Images","26-Sep-2025","199900"
"1355","Normal/Others","WS/MP758/2025-2026/201517-Purchase of smart boards, visual display units and projectors","Tamil Nadu","PUDUKKOTTAI(DISTRICT COLLECTOR PUDUKKOTTAI_IDA)","Purchase of Smart Class Board for the Government Girls Higher Secondary School, Viralimalai, Viralimalai Union.","Smt S Jothimani","KARUR","Images","26-Sep-2025","199900"
"1356","Normal/Others","WS/MP758/2025-2026/201208-Construction of bus-sheds or bus-stops","Tamil Nadu","PUDUKKOTTAI(DISTRICT COLLECTOR PUDUKKOTTAI_IDA)","Construction of Bus shelter Sithanavasal Panchayat, Annavasal  - Pudhukottai Main Road, Sithanavasal cave temple Junction.","Smt S Jothimani","KARUR","Images","30-Apr-2026","599176"
"1357","Normal/Others","WS/MP758/2025-2026/201698-Purchase of smart boards, visual display units and projectors","Tamil Nadu","KARUR(DISTRICT COLLECTOR KARUR_IDA)","Purchase of Smart Class board for the Government Higher Secondary School, Thanthoni - Ward no 44, Karur Corporation","Smt S Jothimani","KARUR","Images","16-Mar-2026","199987"
"1358","Normal/Others","WS/MP758/2025-2026/201699-Purchase of smart boards, visual display units and projectors","Tamil Nadu","KARUR(DISTRICT COLLECTOR KARUR_IDA)","Purchase of Smart Boards for the Government High School, E.Sukkampatti, Kadavur Union.","Smt S Jothimani","KARUR","Images","24-Sep-2025","199040"
"1359","Normal/Others","WS/MP758/2025-2026/201225-Purchase of smart boards, visual display units and projectors","Tamil Nadu","KARUR(DISTRICT COLLECTOR KARUR_IDA)","Purchase of Smart Class for 5 Classrooms in Government Arts College,Thanthondri Malai,Karur","Smt S Jothimani","KARUR","Images","23-Feb-2026","993825"
"1360","Normal/Others","WS/MP758/2025-2026/201230-Construction of bus-sheds or bus-stops","Tamil Nadu","KARUR(DISTRICT COLLECTOR KARUR_IDA)","Construction of Bus Shelter in Kumarandan Valasu, Ward no 15, Aravakurichchi Town Panchayat.","Smt S Jothimani","KARUR","Images","23-Mar-2026","800000"
"1361","Normal/Others","WS/MP758/2025-2026/201233-Purchase of hospital equipment","Tamil Nadu","KARUR(DISTRICT COLLECTOR KARUR_IDA)","Purchase of Ultra Sound Scan Machine for the Velayuthampalayam,Government Hospital in Ward no 8, Pugalur Town Panchayat.","Smt S Jothimani","KARUR","Images","12-Mar-2026","1097500"
"1362","Normal/Others","WS/MP758/2025-2026/201234-Purchase of hospital equipment","Tamil Nadu","KARUR(DISTRICT COLLECTOR KARUR_IDA)","Purchase of New Born Warmer for the Velayuthampalayam, Government Hospital in Ward no 8, Pugalur Town Panchayat.","Smt S Jothimani","KARUR","Images","12-Mar-2026","133500"
"1363","Normal/Others","WS/MP758/2025-2026/201243-Construction of bus-sheds or bus-stops","Tamil Nadu","TIRUCHIRAPPALLI(DISTRICT COLLECTOR TIRUCHIRAPPALLI_IDA)","Construction of Bus shelter in Melur Bus stop, Sevalpatti Panchayat, Marungapuri Union.","Smt S Jothimani","KARUR","N/A","11-Mar-2026","799123"
"1364","Normal/Others","WS/MP758/2025-2026/201547-Purchase of smart boards, visual display units and projectors","Tamil Nadu","KARUR(DISTRICT COLLECTOR KARUR_IDA)","Purchase of Smart Class Board for the Government High School, N.Pudhur, Karur","Smt S Jothimani","KARUR","Images","16-Mar-2026","199966"
"1365","Normal/Others","WS/MP758/2025-2026/201548-Purchase of smart boards, visual display units and projectors","Tamil Nadu","KARUR(DISTRICT COLLECTOR KARUR_IDA)","Purchase of Smart Class Board for the Government High School, Andankovil East,Karur","Smt S Jothimani","KARUR","Images","16-Mar-2026","199966"
"1366","Normal/Others","WS/MP758/2025-2026/201549-Purchase of smart boards, visual display units and projectors","Tamil Nadu","KARUR(DISTRICT COLLECTOR KARUR_IDA)","Purchase of Smart Class Board for the Government Girls  Higher Secondary School, Vankal.","Smt S Jothimani","KARUR","Images","16-Mar-2026","199966"
"1367","Normal/Others","WS/MP758/2025-2026/201550-Purchase of smart boards, visual display units and projectors","Tamil Nadu","KARUR(DISTRICT COLLECTOR KARUR_IDA)","Purchase of Smart Class Board for the Government Boys Higher Secondary School, Vankal.","Smt S Jothimani","KARUR","Images","16-Mar-2026","199968"
"1368","Normal/Others","WS/MP758/2025-2026/201551-Purchase of smart boards, visual display units and projectors","Tamil Nadu","KARUR(DISTRICT COLLECTOR KARUR_IDA)","Purchase of Smart Class Board for the Government Higher Secondary School, Manmangalam.","Smt S Jothimani","KARUR","Images","16-Mar-2026","199966"
"1369","Normal/Others","WS/MP758/2025-2026/201552-Purchase of smart boards, visual display units and projectors","Tamil Nadu","KARUR(DISTRICT COLLECTOR KARUR_IDA)","Purchase of Smart Class Board for the Government Higher Secondary School, Nerur","Smt S Jothimani","KARUR","Images","16-Mar-2026","199966"
"1370","Normal/Others","WS/MP758/2025-2026/201553-Purchase of smart boards, visual display units and projectors","Tamil Nadu","KARUR(DISTRICT COLLECTOR KARUR_IDA)","Purchase of Smart Class Board for the Government Boys Higher Secondary School, Renganathan Pettai.","Smt S Jothimani","KARUR","Images","16-Mar-2026","199966"
"1371","Normal/Others","WS/MP758/2025-2026/201554-Purchase of smart boards, visual display units and projectors","Tamil Nadu","KARUR(DISTRICT COLLECTOR KARUR_IDA)","Purchase of Smart Class Board for the M.P.L Kumaran High School, Karur","Smt S Jothimani","KARUR","Images","16-Mar-2026","199986"
"1372","Normal/Others","WS/MP758/2025-2026/201579-Purchase of smart boards, visual display units and projectors","Tamil Nadu","KARUR(DISTRICT COLLECTOR KARUR_IDA)","Purchase of Smart Class Board for the Government High School, Sounthirapuram, Aravakurichi","Smt S Jothimani","KARUR","Images","16-Mar-2026","199968"
"1373","Normal/Others","WS/MP758/2025-2026/201582-Purchase of smart boards, visual display units and projectors","Tamil Nadu","KARUR(DISTRICT COLLECTOR KARUR_IDA)","Purchase of Smart Class Board for the Government Higher Secondary School,Malai Kovilur, Aravakurichi","Smt S Jothimani","KARUR","Images","16-Mar-2026","199966"
"1374","Normal/Others","WS/MP758/2025-2026/201583-Purchase of smart boards, visual display units and projectors","Tamil Nadu","KARUR(DISTRICT COLLECTOR KARUR_IDA)","Purchase of Smart Class Board for the Government Boys Higher Secondary School, Chinna dharapuram.","Smt S Jothimani","KARUR","Images","16-Mar-2026","199966"
"1375","Normal/Others","WS/MP758/2025-2026/201586-Purchase of smart boards, visual display units and projectors","Tamil Nadu","KARUR(DISTRICT COLLECTOR KARUR_IDA)","Purchase of Smart Class Board for the Government Girls High  School, Aravakurichi","Smt S Jothimani","KARUR","Images","16-Mar-2026","199966"
"1376","Normal/Others","WS/MP758/2025-2026/201587-Purchase of smart boards, visual display units and projectors","Tamil Nadu","KARUR(DISTRICT COLLECTOR KARUR_IDA)","Purchase of Smart Class Board for the Government Higher Secondary School, Aravakurichi","Smt S Jothimani","KARUR","Images","16-Mar-2026","199966"
"1377","Normal/Others","WS/MP758/2025-2026/201588-Purchase of smart boards, visual display units and projectors","Tamil Nadu","KARUR(DISTRICT COLLECTOR KARUR_IDA)","Purchase of Smart Class Board for the Periyar E.V.R Higher Secondary School ,Noyyal","Smt S Jothimani","KARUR","Images","16-Mar-2026","199968"
"1378","Normal/Others","WS/MP758/2025-2026/201624-Purchase of smart boards, visual display units and projectors","Tamil Nadu","TIRUCHIRAPPALLI(DISTRICT COLLECTOR TIRUCHIRAPPALLI_IDA)","Purchase of the Smart Class Board for the Government High School, Paluvanji","Smt S Jothimani","KARUR","N/A","30-Sep-2025","199900"
"1379","Normal/Others","WS/MP758/2025-2026/201721-Purchase of smart boards, visual display units and projectors","Tamil Nadu","TIRUCHIRAPPALLI(DISTRICT COLLECTOR TIRUCHIRAPPALLI_IDA)","Purchase of Smart Class Board for the Government Adi Dravidar Welfare Higher Secondary School,Poigaipatti,Manapparai","Smt S Jothimani","KARUR","N/A","26-Aug-2025","199900"
"1380","Normal/Others","WS/MP758/2025-2026/201722-Purchase of smart boards, visual display units and projectors","Tamil Nadu","TIRUCHIRAPPALLI(DISTRICT COLLECTOR TIRUCHIRAPPALLI_IDA)","Purchase of Smart Class Board for the Government Higher Secondary School,Puththanatham, Manapparai","Smt S Jothimani","KARUR","N/A","26-Aug-2025","199900"
"1381","Normal/Others","WS/MP758/2025-2026/201723-Purchase of smart boards, visual display units and projectors","Tamil Nadu","TIRUCHIRAPPALLI(DISTRICT COLLECTOR TIRUCHIRAPPALLI_IDA)","Purchase of Smart Class Board for the Government Girls Higher Secondary School, Manapparai (Ward no 24)","Smt S Jothimani","KARUR","N/A","11-Sep-2025","199500"
"1382","Normal/Others","WS/MP758/2025-2026/201724-Purchase of smart boards, visual display units and projectors","Tamil Nadu","TIRUCHIRAPPALLI(DISTRICT COLLECTOR TIRUCHIRAPPALLI_IDA)","Purchase of Smart Class Board for the Government Higher Secondary School,Marungapuri","Smt S Jothimani","KARUR","N/A","30-Sep-2025","199900"
"1383","Normal/Others","WS/MP758/2025-2026/201725-Purchase of smart boards, visual display units and projectors","Tamil Nadu","TIRUCHIRAPPALLI(DISTRICT COLLECTOR TIRUCHIRAPPALLI_IDA)","Purchase of Smart Class Board for the Government Higher Secondary School, N.Poolampatti, V.Periyappatti pt Vaiyamaptti Panchayat Union","Smt S Jothimani","KARUR","N/A","01-Dec-2025","199900"
"1384","Normal/Others","WS/MP758/2025-2026/201726-Purchase of smart boards, visual display units and projectors","Tamil Nadu","TIRUCHIRAPPALLI(DISTRICT COLLECTOR TIRUCHIRAPPALLI_IDA)","Purchase of Smart Class Board for the Government Boys Higher Secondary School, Manapparai (Ward no 24)","Smt S Jothimani","KARUR","N/A","11-Sep-2025","199500"
"1385","Normal/Others","WS/MP758/2025-2026/210222-Construction of bus-sheds or bus-stops","Tamil Nadu","KARUR(DISTRICT COLLECTOR KARUR_IDA)","Construction of Bus stop in Thagarakottagai Bus stop, Nagampalli Panchayat,Aravakurichi","Smt S Jothimani","KARUR","Images","01-Sep-2026","799736"
"1386","Normal/Others","WS/MP758/2025-2026/213692-Construction of Government office buildings (Post office, Police station, Police chauki, etc.)","Tamil Nadu","DINDIGUL(DISTRICT COLLECTOR DINDIGUL_IDA)","Construction of Ration shop in Kudappam Panchayat, Vedasandhur Union.","Smt S Jothimani","KARUR","N/A","05-Mar-2026","1342754"
"1387","Normal/Others","WS/MP758/2025-2026/213709-Purchase of smart boards, visual display units and projectors","Tamil Nadu","DINDIGUL(DISTRICT COLLECTOR DINDIGUL_IDA)","Purchase of Smart Board for the Government Boys Higher Secondary School, Ward no 9,Vadamadurai Town Panchayat.","Smt S Jothimani","KARUR","N/A","21-Nov-2025","200000"
"1388","Normal/Others","WS/MP758/2025-2026/213710-Purchase of smart boards, visual display units and projectors","Tamil Nadu","DINDIGUL(DISTRICT COLLECTOR DINDIGUL_IDA)","Purchase of Smart Board for the Government Girls Higher Secondary School, Ward no 4,Vadamadurai Town Panchayat.","Smt S Jothimani","KARUR","N/A","21-Nov-2025","200000"
"1389","Normal/Others","WS/MP758/2025-2026/242878-Purchase of IT systems, including hardware and software for educational purposes","Tamil Nadu","PUDUKKOTTAI(DISTRICT COLLECTOR PUDUKKOTTAI_IDA)","Installation of Smart Board in Sevalpatti Government Higher Secondary School, Poyyamani Panchayt, Viralimalai Block","Smt S Jothimani","KARUR","Images","25-Feb-2026","199900"
"1390","Normal/Others","WS/MP758/2025-2026/242879-Purchase of IT systems, including hardware and software for educational purposes","Tamil Nadu","PUDUKKOTTAI(DISTRICT COLLECTOR PUDUKKOTTAI_IDA)","Installation of Smart Board in Murukkampatti Government Middle School, Kattagudi Panchayat, Annavasl Block","Smt S Jothimani","KARUR","Images","23-Feb-2026","199000"
"1391","Normal/Others","WS/MP758/2025-2026/242880-Purchase of IT systems, including hardware and software for educational purposes","Tamil Nadu","TIRUCHIRAPPALLI(DISTRICT COLLECTOR TIRUCHIRAPPALLI_IDA)","Installation of Smart Board in Amanakkampatti Government Higher Secondary School, Amanakkampatti Panchayat, Marungapuri Block","Smt S Jothimani","KARUR","N/A","16-Feb-2026","199900"
"1392","Normal/Others","WS/MP758/2025-2026/242885-Purchase of IT systems, including hardware and software for educational purposes","Tamil Nadu","KARUR(DISTRICT COLLECTOR KARUR_IDA)","Installation of Smart Board in Malaipatti Middle School, Thirukkampuliyur Panchayat, Krishnarayapuram Block","Smt S Jothimani","KARUR","Images","16-Mar-2026","199900"
"1393","Normal/Others","WS/MP758/2025-2026/256772-Purchase of books and periodicals for libraries/digitization of library books","Tamil Nadu","DINDIGUL(DISTRICT COLLECTOR DINDIGUL_IDA)","Purchase of books (Maamanidhar Nehru History and Kamarajar oru Sagaaptham) for Libraries in Vedasandhur","Smt S Jothimani","KARUR","N/A","06-Mar-2026","100000"
"1394","Normal/Others","WS/MP866/2025-2026/164830-Purchase of hospital equipment","Tamil Nadu","CHENNAI(COMMISSIONER MUNCIPAL CORPORATION CHENNAI_IDA)","1) Ultra Sound Machine with Linear, Curvilinear and Echo probes, 2) Fibre Optic Intubating bronchoscope (Paediatric (3.2) size and Standard Specifications for use in Intubation and Thoracic surgeries. 3)  Fibre Optic Intubating bronchoscope (Adult size (5) and Standard Specifications for use in Intubation and Thoracic surgeries)","Kalanidhi Veeraswamy","CHENNAI NORTH","Images","30-Jul-2025","9471280"
"1395","Normal/Others","WS/MP866/2025-2026/164840-Development of public parks","Tamil Nadu","CHENNAI(COMMISSIONER MUNCIPAL CORPORATION CHENNAI_IDA)","Proposed construction of road side park  at VOC Nagar South Street (CHAINAGE 0-50) in Dn 40, unit -10, zone -4","Kalanidhi Veeraswamy","CHENNAI NORTH","Images","13-Nov-2025","591747"
"1396","Normal/Others","WS/MP866/2025-2026/164841-Development of public parks","Tamil Nadu","CHENNAI(COMMISSIONER MUNCIPAL CORPORATION CHENNAI_IDA)","Proposed construction of road side park  at VOC Nagar South Street (CHAINAGE 51-100) in Dn 40, unit -10, zone -4","Kalanidhi Veeraswamy","CHENNAI NORTH","Images","13-Nov-2025","592713"
"1397","Normal/Others","WS/MP866/2025-2026/164842-Development of public parks","Tamil Nadu","CHENNAI(COMMISSIONER MUNCIPAL CORPORATION CHENNAI_IDA)","Proposed construction of road side park  at VOC Nagar South Street (CHAINAGE 101-150) in Dn 40, unit -10, zone -4","Kalanidhi Veeraswamy","CHENNAI NORTH","Images","13-Nov-2025","592785"
"1398","Normal/Others","WS/MP866/2025-2026/164843-Development of public parks","Tamil Nadu","CHENNAI(COMMISSIONER MUNCIPAL CORPORATION CHENNAI_IDA)","Electrical work at road side park  at VOC Nagar South Street  in Dn 40, unit -10, zone -4","Kalanidhi Veeraswamy","CHENNAI NORTH","Images","13-Nov-2025","590594"
"1399","Normal/Others","WS/MP866/2025-2026/164844-Improvement of electricity distribution infrastructure","Tamil Nadu","CHENNAI(COMMISSIONER MUNCIPAL CORPORATION CHENNAI_IDA)","Providing TNEB transformer Enclosure at Seniamman koil in Dn - 40, unit -10, zone -4","Kalanidhi Veeraswamy","CHENNAI NORTH","Images","13-Nov-2025","590165"
"1400","Normal/Others","WS/MP866/2025-2026/183072-Development of public parks","Tamil Nadu","CHENNAI(COMMISSIONER MUNCIPAL CORPORATION CHENNAI_IDA)","Construction of open Gym at CDH park in Dn43, u 10, Z-4","Kalanidhi Veeraswamy","CHENNAI NORTH","Images","14-Feb-2026","1476565"
"1401","Normal/Others","WS/MP866/2025-2026/183073-Construction of water tanks","Tamil Nadu","CHENNAI(COMMISSIONER MUNCIPAL CORPORATION CHENNAI_IDA)","Construction of sump and water supply arrangement , providing Gym equipment for Gym building at Bharathi nagar 4th street in Dn47, u 10, z-4","Kalanidhi Veeraswamy","CHENNAI NORTH","Images","03-Oct-2025","2464975"
"1402","Normal/Others","WS/MP866/2025-2026/213669-Setting up of laboratories","Tamil Nadu","CHENNAI(COMMISSIONER MUNCIPAL CORPORATION CHENNAI_IDA)","Supply of Lab Equipments to M.K.B. Nagar Govt. Hr.sec. school, Chennai - 39.","Kalanidhi Veeraswamy","CHENNAI NORTH","Images","28-Oct-2025","625000"
"1403","Normal/Others","WS/MP866/2025-2026/213670-Setting up of laboratories","Tamil Nadu","CHENNAI(COMMISSIONER MUNCIPAL CORPORATION CHENNAI_IDA)","Supply of Lab Equipments to G.K.M. Colony Govt. Model Hr.sec.school, Chennai - 82.","Kalanidhi Veeraswamy","CHENNAI NORTH","Images","28-Oct-2025","625000"
"1404","Normal/Others","WS/MP866/2025-2026/213671-Setting up of laboratories","Tamil Nadu","CHENNAI(COMMISSIONER MUNCIPAL CORPORATION CHENNAI_IDA)","Supply of Lab Equipments to Govt. High School, Kodungaiyur, Chennai - 118.","Kalanidhi Veeraswamy","CHENNAI NORTH","Images","28-Oct-2025","625000"
"1405","Normal/Others","WS/MP866/2025-2026/213672-Setting up of laboratories","Tamil Nadu","CHENNAI(COMMISSIONER MUNCIPAL CORPORATION CHENNAI_IDA)","Supply of Lab Equipments to Govt. Hr. sec. School, Manali.","Kalanidhi Veeraswamy","CHENNAI NORTH","Images","28-Oct-2025","625000"
"1406","Normal/Others","WS/MP866/2025-2026/213673-Setting up of laboratories","Tamil Nadu","CHENNAI(COMMISSIONER MUNCIPAL CORPORATION CHENNAI_IDA)","Supply of Lab Equipments to Jai Gopal Garodia Govt.Hr.sec.School, Thiruvetriyur.","Kalanidhi Veeraswamy","CHENNAI NORTH","Images","28-Oct-2025","625000"
"1407","Normal/Others","WS/MP866/2025-2026/213674-Setting up of laboratories","Tamil Nadu","CHENNAI(COMMISSIONER MUNCIPAL CORPORATION CHENNAI_IDA)","Supply of Lab Equipments to Govt.High School, PV Colony, Chennai","Kalanidhi Veeraswamy","CHENNAI NORTH","Images","28-Oct-2025","625000"
"1408","Normal/Others","WS/MP866/2026-2027/213686-Purchase of hospital equipment","Tamil Nadu","CHENNAI(COMMISSIONER MUNCIPAL CORPORATION CHENNAI_IDA)","High End Multipara Monitor with Provision for invasive BP and End Tidal carbon dioxide monitoring and all accessories","Kalanidhi Veeraswamy","CHENNAI NORTH","Images","13-May-2026","9977320"
"1409","Normal/Others","WS/MP866/2025-2026/213697-Setting up of laboratories","Tamil Nadu","CHENNAI(COMMISSIONER MUNCIPAL CORPORATION CHENNAI_IDA)","Supply of Lab Equipments to chennai Hr.sec. school, Kalyanapuram, Sathyamoorthy Nagar, Vyasarpadi, Chennai-39.","Kalanidhi Veeraswamy","CHENNAI NORTH","Images","02-Sep-2025","625000"
"1410","Normal/Others","WS/MP866/2025-2026/213698-Setting up of laboratories","Tamil Nadu","CHENNAI(COMMISSIONER MUNCIPAL CORPORATION CHENNAI_IDA)","Supply of Lab Equipments to chennai Hr.sec. school, Patel Nagar, Tondiarpet, Chennai-81.","Kalanidhi Veeraswamy","CHENNAI NORTH","Images","02-Sep-2025","625000"
"1411","Normal/Others","WS/MP866/2025-2026/213699-Purchase of training equipment","Tamil Nadu","CHENNAI(COMMISSIONER MUNCIPAL CORPORATION CHENNAI_IDA)","Supply of Lab Equipments to chennai Girls Hr.sec. school, Buddha street, T.H.Road, Old Washermenpet, Chennai-21.","Kalanidhi Veeraswamy","CHENNAI NORTH","Images","02-Sep-2025","625000"
"1412","Normal/Others","WS/MP866/2025-2026/213700-Purchase of training equipment","Tamil Nadu","CHENNAI(COMMISSIONER MUNCIPAL CORPORATION CHENNAI_IDA)","Supply of Lab Equipments to chennai Hr.sec. school, 731, T.H. Road, New Washermenpet, Chennai-81.","Kalanidhi Veeraswamy","CHENNAI NORTH","Images","03-Sep-2025","625000"
"1413","Normal/Others","WS/MP866/2025-2026/213701-Purchase of training equipment","Tamil Nadu","CHENNAI(COMMISSIONER MUNCIPAL CORPORATION CHENNAI_IDA)","Supply of Lab Equipments to chennai Hr.sec. school, Appasamy Lane, Chennai-21.","Kalanidhi Veeraswamy","CHENNAI NORTH","Images","03-Sep-2025","625000"
"1414","Normal/Others","WS/MP866/2025-2026/213702-Purchase of training equipment","Tamil Nadu","CHENNAI(COMMISSIONER MUNCIPAL CORPORATION CHENNAI_IDA)","Supply of Lab Equipments to chennai Hr.sec. school, Bunder Garden Perambur, Chennai-11.","Kalanidhi Veeraswamy","CHENNAI NORTH","Images","03-Sep-2025","625000"
"1415","Normal/Others","WS/MP866/2025-2026/213703-Purchase of training equipment","Tamil Nadu","CHENNAI(COMMISSIONER MUNCIPAL CORPORATION CHENNAI_IDA)","Supply of Lab Equipments to chennai Hr.sec. school, Market Road, Perambur, Chennai-11.","Kalanidhi Veeraswamy","CHENNAI NORTH","Images","03-Sep-2025","625000"
"1416","Normal/Others","WS/MP866/2025-2026/213704-Purchase of training equipment","Tamil Nadu","CHENNAI(COMMISSIONER MUNCIPAL CORPORATION CHENNAI_IDA)","Supply of Lab Equipments to chennai  Hr.sec. school, School Road, Kolathur, Chennai-99.","Kalanidhi Veeraswamy","CHENNAI NORTH","Images","03-Sep-2025","625000"
"1417","Normal/Others","WS/MP866/2025-2026/213705-Purchase of training equipment","Tamil Nadu","CHENNAI(COMMISSIONER MUNCIPAL CORPORATION CHENNAI_IDA)","Supply of Lab Equipments to chennai Hr.sec. school, 2A, School Road, M.H.Road, Perambur, Chennai-11.","Kalanidhi Veeraswamy","CHENNAI NORTH","Images","03-Sep-2025","625000"
"1418","Normal/Others","WS/MP866/2025-2026/228061-Purchase of books and periodicals for libraries/digitization of library books","Tamil Nadu","CHENNAI(COMMISSIONER MUNCIPAL CORPORATION CHENNAI_IDA)","Supply of School Books for High and Higher Secondary School 30 into 25000","Kalanidhi Veeraswamy","CHENNAI NORTH","Images","27-Nov-2025","750000"
"1419","Normal/Others","WS/MP866/2025-2026/228063-Purchase of furniture and fixtures for educational purposes","Tamil Nadu","CHENNAI(COMMISSIONER MUNCIPAL CORPORATION CHENNAI_IDA)","Supply of Desk and Bench 50 Nos to jai Gopal Gorodia Govt. Hr. Sec. School Thiruvetriyur, Chennai","Kalanidhi Veeraswamy","CHENNAI NORTH","Images","16-Mar-2026","625000"
"1420","Normal/Others","WS/MP866/2025-2026/228067-Purchase of furniture and fixtures for educational purposes","Tamil Nadu","CHENNAI(COMMISSIONER MUNCIPAL CORPORATION CHENNAI_IDA)","Supply of School Furniture to Govt, high school, BV colony, Chennai, Teacher Table Chair Rs.22500 5 Nos Steel Bero Rs.16500  5 Nos","Kalanidhi Veeraswamy","CHENNAI NORTH","Images","16-Mar-2026","195000"
"1421","Normal/Others","WS/MP866/2025-2026/228068-Purchase of furniture and fixtures for educational purposes","Tamil Nadu","CHENNAI(COMMISSIONER MUNCIPAL CORPORATION CHENNAI_IDA)","Supply of School Furniture to Govt, high school, Manali, Chennai, Steel Bero Rs.16500   3 Nos","Kalanidhi Veeraswamy","CHENNAI NORTH","Images","16-Mar-2026","49500"
"1422","Normal/Others","WS/MP866/2025-2026/228069-Purchase of furniture and fixtures for educational purposes","Tamil Nadu","CHENNAI(COMMISSIONER MUNCIPAL CORPORATION CHENNAI_IDA)","Supply of CCTV Surveillance System Phase II to Jai Gopal Garodia Govt, Hr. sec, school, Thiruvetriyur, Chennai","Kalanidhi Veeraswamy","CHENNAI NORTH","Images","17-Mar-2026","990000"
"1423","Normal/Others","WS/MP866/2025-2026/228070-Purchase of furniture and fixtures for educational purposes","Tamil Nadu","CHENNAI(COMMISSIONER MUNCIPAL CORPORATION CHENNAI_IDA)","Supply of School Furniture to Govt, high school, Kodungaiyur, Teacher Table Chair Rs.22500 10 Nos Steel Bero Rs.16500   3 Nos","Kalanidhi Veeraswamy","CHENNAI NORTH","Images","16-Mar-2026","274500"
"1424","Normal/Others","WS/MP866/2025-2026/228072-Purchase of sports equipment","Tamil Nadu","CHENNAI(COMMISSIONER MUNCIPAL CORPORATION CHENNAI_IDA)","Supply of Sports Equipments to Govt, high school, BV Colony, Chennai","Kalanidhi Veeraswamy","CHENNAI NORTH","Images","16-Mar-2026","990000"
"1425","Normal/Others","WS/MP866/2025-2026/228073-Purchase of sports equipment","Tamil Nadu","CHENNAI(COMMISSIONER MUNCIPAL CORPORATION CHENNAI_IDA)","Supply of Sports Equipments to Govt, Hr, sec, school, Manali, Chennai.","Kalanidhi Veeraswamy","CHENNAI NORTH","Images","02-Feb-2026","990000"
"1426","Normal/Others","WS/MP866/2025-2026/228074-Purchase of sports equipment","Tamil Nadu","CHENNAI(COMMISSIONER MUNCIPAL CORPORATION CHENNAI_IDA)","Supply of Sports Equipments to G.K.M,  Colony Govt, Model Hr. Sec, school, Chennai","Kalanidhi Veeraswamy","CHENNAI NORTH","Images","16-Mar-2026","990000"
"1427","Normal/Others","WS/MP866/2025-2026/228075-Providing CCTV camera system for security of public areas","Tamil Nadu","CHENNAI(COMMISSIONER MUNCIPAL CORPORATION CHENNAI_IDA)","Supply of CCTV Surveillance System to Govt, high school, PV colony, Chennai.","Kalanidhi Veeraswamy","CHENNAI NORTH","Images","02-Feb-2026","990000"
"1428","Normal/Others","WS/MP866/2025-2026/228076-Providing CCTV camera system for security of public areas","Tamil Nadu","CHENNAI(COMMISSIONER MUNCIPAL CORPORATION CHENNAI_IDA)","Supply of CCTV Surveillance System to Govt, Hr, sec, school, Manali, Chennai.","Kalanidhi Veeraswamy","CHENNAI NORTH","Images","02-Feb-2026","990000"
"1429","Normal/Others","WS/MP866/2025-2026/228081-Providing CCTV camera system for security of public areas","Tamil Nadu","CHENNAI(COMMISSIONER MUNCIPAL CORPORATION CHENNAI_IDA)","Supply of CCTV Surveillance System Phase I to Jai Gopal Garodia Govt, Hr. sec, school, Thiruvetriyur, Chennai","Kalanidhi Veeraswamy","CHENNAI NORTH","Images","02-Feb-2026","990000"
"1430","Normal/Others","WS/MP866/2025-2026/228082-Providing CCTV camera system for security of public areas","Tamil Nadu","CHENNAI(COMMISSIONER MUNCIPAL CORPORATION CHENNAI_IDA)","Supply of CCTV Surveillance System to Govt, high school, Kodungaiyur, Chennai","Kalanidhi Veeraswamy","CHENNAI NORTH","Images","02-Feb-2026","990000"
"1431","Normal/Others","WS/MP866/2025-2026/254851-Purchase of hospital equipment","Tamil Nadu","CHENNAI(COMMISSIONER MUNCIPAL CORPORATION CHENNAI_IDA)","1.Dental Chairs with 3 kv stabilizer. 2. Ultrasonic Sealer. 3. Light Cure Unit. 4. Endomotor. 5. Radio Visio Graphy RVG 1 No with Monitor. 6. Micromotor with Straight Hand Piece. 7. RO approximate capacity bof 30 Litres. 8. 3 KV Stabilizer","Kalanidhi Veeraswamy","CHENNAI NORTH","Images","08-Jan-2026","9995964"
"1432","Normal/Others","WS/MP866/2025-2026/266787- Laying of synthetic turfs for hockey and football","Tamil Nadu","CHENNAI(COMMISSIONER MUNCIPAL CORPORATION CHENNAI_IDA)","Formation of Foot Ball Ground at C Kalayanapuram Chennai Hr, Sec. School Div 46, zone,4","Kalanidhi Veeraswamy","CHENNAI NORTH","Images","25-Mar-2026","1944524"
"1433","Normal/Others","WS/MP866/2025-2026/266798-Purchase of furniture and fixtures for educational purposes","Tamil Nadu","CHENNAI(COMMISSIONER MUNCIPAL CORPORATION CHENNAI_IDA)","Supply of Desk Bench Phase 2 50 Nos to Govt, Hr, sec, school, Manali, Chennai","Kalanidhi Veeraswamy","CHENNAI NORTH","Images","17-Mar-2026","625000"
"1434","Normal/Others","WS/MP870/2025-2026/200459-Construction of bus-sheds or bus-stops","Tamil Nadu","VELLORE(DISTRICT COLLECTOR VELLORE_IDA)","Construction of Bus Shelter at Pallalakuppam Panchyat Pernambut Union.","D M Kathir Anand","VELLORE","Images","23-Mar-2026","1098671"
"1435","Normal/Others","WS/MP870/2025-2026/200499-Construction of bus-sheds or bus-stops","Tamil Nadu","Tirupathur(District Collector Tirupathur_IDA)","Construction of Bus shelter at Near Theertham Sivan Temple  Ward 8 Alangayam Town.","D M Kathir Anand","VELLORE","Images","15-May-2026","1100000"
"1436","Normal/Others","WS/MP870/2025-2026/200505-Construction of bus-sheds or bus-stops","Tamil Nadu","Tirupathur(District Collector Tirupathur_IDA)","Construction of Bus shelter at Kailasakiri Road Naidu Street, Ward 9 Uthayendram Town.","D M Kathir Anand","VELLORE","Images","10-Apr-2026","1100000"
"1437","Normal/Others","WS/MP870/2025-2026/200506-Construction of bus-sheds or bus-stops","Tamil Nadu","Tirupathur(District Collector Tirupathur_IDA)","Construction of Bus shelter at Kailasakiri Road Near Suburayan Kovil Ward 4 Uthayendram Town.","D M Kathir Anand","VELLORE","Images","10-Apr-2026","1100000"
"1438","Normal/Others","WS/MP870/2025-2026/200525-Construction of bus-sheds or bus-stops","Tamil Nadu","Tirupathur(District Collector Tirupathur_IDA)","Construction of Bus shelter at Kodaiyanchi Panchyat Natrampalli union.","D M Kathir Anand","VELLORE","Images","23-Mar-2026","1097477"
"1439","Normal/Others","WS/MP870/2025-2026/200534-Construction of bus-sheds or bus-stops","Tamil Nadu","VELLORE(DISTRICT COLLECTOR VELLORE_IDA)","Construction of Bus shelter at Thenputhupattu Melpallipattu Panchyat Anaicut Union","D M Kathir Anand","VELLORE","Images","25-Sep-2025","1099700"
"1440","Normal/Others","WS/MP870/2025-2026/200535-Construction of bus-sheds or bus-stops","Tamil Nadu","VELLORE(DISTRICT COLLECTOR VELLORE_IDA)","Construction of Bus shelter at Near MGR Arts and Science College agram Panchyat Anaicut Union","D M Kathir Anand","VELLORE","Images","25-Sep-2025","1099151"
"1441","Normal/Others","WS/MP870/2025-2026/200536-Construction of bus-sheds or bus-stops","Tamil Nadu","VELLORE(DISTRICT COLLECTOR VELLORE_IDA)","Construction of Bus shelter at Near Petrol Bunk Back Side asanampattu road Gururajapalayam Panchyat Anaicut Union","D M Kathir Anand","VELLORE","Images","23-Sep-2025","1099508"
"1442","Normal/Others","WS/MP870/2025-2026/200537-Construction of bus-sheds or bus-stops","Tamil Nadu","VELLORE(DISTRICT COLLECTOR VELLORE_IDA)","Construction of Bus shelter at Thollapalli Bus stop Thollapalli Panchyat Anaicut Union","D M Kathir Anand","VELLORE","Images","05-Jan-2026","1099593"
"1443","Normal/Others","WS/MP870/2025-2026/200538-Construction of bus-sheds or bus-stops","Tamil Nadu","VELLORE(DISTRICT COLLECTOR VELLORE_IDA)","Construction of Bus shelter at kallaparai Goundar kottai bus stop asanampattu Panchyat Anaicut Union","D M Kathir Anand","VELLORE","Images","20-Nov-2025","1099432"
"1444","Normal/Others","WS/MP870/2025-2026/200559-Construction of bus-sheds or bus-stops","Tamil Nadu","VELLORE(DISTRICT COLLECTOR VELLORE_IDA)","Construction of Bus Shelter at Thattimanapalli Village Gudiyatham Union.","D M Kathir Anand","VELLORE","N/A","13-Nov-2025","1099623"
"1445","Normal/Others","WS/MP870/2025-2026/200568-Construction of bus-sheds or bus-stops","Tamil Nadu","VELLORE(DISTRICT COLLECTOR VELLORE_IDA)","Construction of Bus Shelter at Lakshamanapuram Sevur Village Gudiyatham Union.","D M Kathir Anand","VELLORE","Images","26-Feb-2026","1099920"
"1446","Normal/Others","WS/MP870/2025-2026/200572-Construction of public irrigation facilities","Tamil Nadu","VELLORE(DISTRICT COLLECTOR VELLORE_IDA)","Construction of Sewage Channel at PWD Nagar Vanjur village Katpadi Union.","D M Kathir Anand","VELLORE","N/A","25-Sep-2025","1598108"
"1447","Normal/Others","WS/MP870/2025-2026/209588-Construction of bus-sheds or bus-stops","Tamil Nadu","VELLORE(DISTRICT COLLECTOR VELLORE_IDA)","Construction of Bus Shelter at Chinna Palli Kuppam (Primary Health Centre) in Anaicut Union","D M Kathir Anand","VELLORE","Images","14-May-2026","1099818"
"1448","Normal/Others","WS/MP870/2025-2026/209589-Construction of bus-sheds or bus-stops","Tamil Nadu","VELLORE(DISTRICT COLLECTOR VELLORE_IDA)","Construction of Bus Shelter at Veppankuppam (Primary Health Centre) in Anaicut Union","D M Kathir Anand","VELLORE","Images","02-Dec-2025","1099700"
"1449","Normal/Others","WS/MP18173/2024-2025/137444-Construction of bus-sheds or bus-stops","Tamil Nadu","TIRUVANNAMALAI(DISTRICT COLLECTOR TIRUVANNAMALAI_IDA)","Construction of Bus Shelter at Eramalur Panchayat","THARANIVENTHAN M S","ARANI","Images","29-Aug-2025","999500"
"1450","Normal/Others","WS/MP18173/2024-2025/137445-Construction of roads, link roads, pathways or any other road with or without drainage system","Tamil Nadu","TIRUVANNAMALAI(DISTRICT COLLECTOR TIRUVANNAMALAI_IDA)","Providing Cement Concrete Pavement near Chettiyar Street in Eramalur Panchayat","THARANIVENTHAN M S","ARANI","Images","18-Feb-2025","199980"
"1451","Normal/Others","WS/MP18173/2024-2025/137446-Construction of roads, link roads, pathways or any other road with or without drainage system","Tamil Nadu","TIRUVANNAMALAI(DISTRICT COLLECTOR TIRUVANNAMALAI_IDA)","Providing Cement Concrete Pavement near Velalar Street in Kilkodungalore Panchayat","THARANIVENTHAN M S","ARANI","Images","26-Feb-2025","499950"
"1452","Normal/Others","WS/MP18173/2024-2025/137447-Construction of roads, link roads, pathways or any other road with or without drainage system","Tamil Nadu","TIRUVANNAMALAI(DISTRICT COLLECTOR TIRUVANNAMALAI_IDA)","Providing Cement Concrete Pavement near Vadavandai Street in Ariyathur Panchayat","THARANIVENTHAN M S","ARANI","Images","21-Jan-2025","499950"
"1453","Normal/Others","WS/MP18173/2024-2025/137448-Construction of boundary walls of existing public and community buildings","Tamil Nadu","TIRUVANNAMALAI(DISTRICT COLLECTOR TIRUVANNAMALAI_IDA)","Compound wall at PUE School in Karanai Panchayat","THARANIVENTHAN M S","ARANI","Images","29-Aug-2025","499950"
"1454","Normal/Others","WS/MP18173/2024-2025/137449-Construction of roads, link roads, pathways or any other road with or without drainage system","Tamil Nadu","TIRUVANNAMALAI(DISTRICT COLLECTOR TIRUVANNAMALAI_IDA)","Providing Cement Concrete Pavement Opposite Mariyamman Koil in Karam Panchayat","THARANIVENTHAN M S","ARANI","Images","25-Jan-2025","299970"
"1455","Normal/Others","WS/MP18173/2024-2025/137450-Providing drains and gutters for public drainage","Tamil Nadu","TIRUVANNAMALAI(DISTRICT COLLECTOR TIRUVANNAMALAI_IDA)","Construction of Side Drainage at Savadi Street in Thennagoor Panchayat","THARANIVENTHAN M S","ARANI","Images","24-Mar-2025","299970"
"1456","Normal/Others","WS/MP18173/2024-2025/137451-Construction of roads, link roads, pathways or any other road with or without drainage system","Tamil Nadu","TIRUVANNAMALAI(DISTRICT COLLECTOR TIRUVANNAMALAI_IDA)","Providing Cement Concrete Pavement Mariyamman Koil East Street in Sembur Panchayat","THARANIVENTHAN M S","ARANI","Images","24-Mar-2025","299970"
"1457","Normal/Others","WS/MP18173/2024-2025/137452-Construction of roads, link roads, pathways or any other road with or without drainage system","Tamil Nadu","TIRUVANNAMALAI(DISTRICT COLLECTOR TIRUVANNAMALAI_IDA)","Providing Cement Concrete Pavement near Ponniyamman Koil in Chitharukavur Panchayat","THARANIVENTHAN M S","ARANI","Images","05-Feb-2025","199940"
"1458","Normal/Others","WS/MP18173/2024-2025/137453-Construction of culverts and bridges","Tamil Nadu","TIRUVANNAMALAI(DISTRICT COLLECTOR TIRUVANNAMALAI_IDA)","Construction of RCC Slab Culvet @ Asthinapuram Junction","THARANIVENTHAN M S","ARANI","N/A","07-Feb-2025","299940"
"1459","Normal/Others","WS/MP18173/2024-2025/137454-Construction of roads, link roads, pathways or any other road with or without drainage system","Tamil Nadu","TIRUVANNAMALAI(DISTRICT COLLECTOR TIRUVANNAMALAI_IDA)","Providing Cement Concrete Pavement at Bajanai Koil in S. Katteri Panchayat","THARANIVENTHAN M S","ARANI","Images","10-Apr-2026","499850"
"1460","Normal/Others","WS/MP18173/2024-2025/137458-Construction of community centers and community halls","Tamil Nadu","TIRUVANNAMALAI(DISTRICT COLLECTOR TIRUVANNAMALAI_IDA)","Construction Threshing Floor at Kothandaram Panchayat","THARANIVENTHAN M S","ARANI","N/A","07-Feb-2025","499848"
"1461","Normal/Others","WS/MP18173/2024-2025/137460-Purchase of hospital equipment","Tamil Nadu","TIRUVANNAMALAI(DISTRICT COLLECTOR TIRUVANNAMALAI_IDA)","Providing Radiant Warmer at Primary Health Centre (PHC) in Nallur","THARANIVENTHAN M S","ARANI","Images","07-Aug-2026","61488"
"1462","Normal/Others","WS/MP18173/2024-2025/137461-Purchase of hospital equipment","Tamil Nadu","TIRUVANNAMALAI(DISTRICT COLLECTOR TIRUVANNAMALAI_IDA)","Providing Radiant Warmer at Primary Health Centre (PHC) in Desur","THARANIVENTHAN M S","ARANI","Images","07-Aug-2026","61488"
"1463","Normal/Others","WS/MP18173/2024-2025/137467-Construction of community centers and community halls","Tamil Nadu","TIRUVANNAMALAI(DISTRICT COLLECTOR TIRUVANNAMALAI_IDA)","Construction Threshing Floor at ADC Arasur Panchayat","THARANIVENTHAN M S","ARANI","Images","16-Sep-2025","499900"
"1464","Normal/Others","WS/MP18173/2025-2026/137474-Construction of roads, link roads, pathways or any other road with or without drainage system","Tamil Nadu","TIRUVANNAMALAI(DISTRICT COLLECTOR TIRUVANNAMALAI_IDA)","Providing Cement Concrete Pavement Mariyamman Koil Street in Kattamangalam Panchayat","THARANIVENTHAN M S","ARANI","Images","19-May-2025","499302"
"1465","Normal/Others","WS/MP18173/2025-2026/137910-Construction of community centers and community halls","Tamil Nadu","TIRUVANNAMALAI(DISTRICT COLLECTOR TIRUVANNAMALAI_IDA)","Construction Threshing Floor at Arasoor Panchayat","THARANIVENTHAN M S","ARANI","Images","13-Jun-2025","598966"
"1466","Normal/Others","WS/MP18173/2024-2025/137911-Construction of roads, link roads, pathways or any other road with or without drainage system","Tamil Nadu","TIRUVANNAMALAI(DISTRICT COLLECTOR TIRUVANNAMALAI_IDA)","Providing Cement Concrete Pavement Kammala Street in Alathur Panchayat","THARANIVENTHAN M S","ARANI","N/A","26-Mar-2025","599049"
"1467","Normal/Others","WS/MP18173/2024-2025/137912-Construction of community centers and community halls","Tamil Nadu","TIRUVANNAMALAI(DISTRICT COLLECTOR TIRUVANNAMALAI_IDA)","Construction Threshing Floor near Kundru at Vinnavadi Panchayat","THARANIVENTHAN M S","ARANI","Images","31-May-2025","599943"
"1468","Normal/Others","WS/MP18173/2024-2025/137914-Construction of additional rooms and halls in the existing public and community building","Tamil Nadu","TIRUVANNAMALAI(DISTRICT COLLECTOR TIRUVANNAMALAI_IDA)","Construction of Kitchen Shed with Store Room at PUE School ADC in Kanikiluppai Panchayat","THARANIVENTHAN M S","ARANI","N/A","22-Jul-2025","769624"
"1469","Normal/Others","WS/MP18173/2024-2025/137916-Construction of roads, link roads, pathways or any other road with or without drainage system","Tamil Nadu","TIRUVANNAMALAI(DISTRICT COLLECTOR TIRUVANNAMALAI_IDA)","Providing Cement Concrete Pavement at Chettithangal New Street in Sirumur Panchayat","THARANIVENTHAN M S","ARANI","N/A","01-Apr-2026","349860"
"1470","Normal/Others","WS/MP18173/2024-2025/137917-Construction of roads, link roads, pathways or any other road with or without drainage system","Tamil Nadu","TIRUVANNAMALAI(DISTRICT COLLECTOR TIRUVANNAMALAI_IDA)","Providing Cement Concrete Pavement at Kanagampattu Mettu Street at Madurai Perumpattur Panchayat","THARANIVENTHAN M S","ARANI","N/A","02-Apr-2026","299814"
"1471","Normal/Others","WS/MP18173/2024-2025/137918-Construction of roads, link roads, pathways or any other road with or without drainage system","Tamil Nadu","TIRUVANNAMALAI(DISTRICT COLLECTOR TIRUVANNAMALAI_IDA)","Providing Cement Concrete Pavement at Pattankulam Vasantham 2nd Street at Athimalaipattu Panchayat","THARANIVENTHAN M S","ARANI","N/A","02-Apr-2026","499500"
"1472","Normal/Others","WS/MP18173/2024-2025/137919-Construction of roads, link roads, pathways or any other road with or without drainage system","Tamil Nadu","TIRUVANNAMALAI(DISTRICT COLLECTOR TIRUVANNAMALAI_IDA)","Providing Cement Concrete Pavement at Valluvar ADC at Vinnamangalam Panchayat","THARANIVENTHAN M S","ARANI","N/A","02-Apr-2026","499601"
"1473","Normal/Others","WS/MP18173/2024-2025/137920-Construction of roads, link roads, pathways or any other road with or without drainage system","Tamil Nadu","TIRUVANNAMALAI(DISTRICT COLLECTOR TIRUVANNAMALAI_IDA)","Providing Cement Concrete Pavement at Kunjanthangal Pillaiyar Koil Street at 5-Puthur Panchayat","THARANIVENTHAN M S","ARANI","N/A","02-Apr-2026","299880"
"1474","Normal/Others","WS/MP18173/2024-2025/137921-Construction of roads, link roads, pathways or any other road with or without drainage system","Tamil Nadu","TIRUVANNAMALAI(DISTRICT COLLECTOR TIRUVANNAMALAI_IDA)","Providing Cement Concrete Pavement at Munieswarar Street in Randham Panchayat","THARANIVENTHAN M S","ARANI","N/A","02-Apr-2026","499800"
"1475","Normal/Others","WS/MP18173/2024-2025/137923-Construction of roads, link roads, pathways or any other road with or without drainage system","Tamil Nadu","TIRUVANNAMALAI(DISTRICT COLLECTOR TIRUVANNAMALAI_IDA)","Providing Cement Concrete Pavement opposite to School and Drama Stage in Eramalur Panchayat","THARANIVENTHAN M S","ARANI","Images","09-May-2025","99990"
"1476","Normal/Others","WS/MP18173/2024-2025/137925-Construction of community centers and community halls","Tamil Nadu","Viluppuram(DISTRICT COLLECTOR VILLUPURAM_IDA)","Construction of Fair Price Shop at Appampattu village in Konai Panchayat","THARANIVENTHAN M S","ARANI","Images","06-Oct-2025","1352339"
"1477","Normal/Others","WS/MP18173/2024-2025/137926-Construction of buildings for crèches and anganwadies","Tamil Nadu","Viluppuram(DISTRICT COLLECTOR VILLUPURAM_IDA)","Construction of New Anganwadi Building ADC in Kommamedu Panchayat","THARANIVENTHAN M S","ARANI","N/A","12-Jan-2026","1768860"
"1478","Normal/Others","WS/MP18173/2024-2025/137927-Construction of buildings for community cultural activities","Tamil Nadu","Viluppuram(DISTRICT COLLECTOR VILLUPURAM_IDA)","Construction of Drama Stage in Thiruvadikunnam Panchayat","THARANIVENTHAN M S","ARANI","Images","16-Jun-2025","849119"
"1479","Normal/Others","WS/MP18173/2024-2025/137928-Construction of buildings for crèches and anganwadies","Tamil Nadu","Viluppuram(DISTRICT COLLECTOR VILLUPURAM_IDA)","Construction of New Anganwadi Building ADC in Kappalambadi Panchayat","THARANIVENTHAN M S","ARANI","N/A","20-Mar-2026","1768321"
"1480","Normal/Others","WS/MP18173/2024-2025/137929-Construction of community centers and community halls","Tamil Nadu","Viluppuram(DISTRICT COLLECTOR VILLUPURAM_IDA)","Construction of Fair Price Shop at Melarangunam  Panchayat","THARANIVENTHAN M S","ARANI","N/A","26-Nov-2025","1358916"
"1481","Normal/Others","WS/MP18173/2024-2025/138501-Construction of roads, link roads, pathways or any other road with or without drainage system","Tamil Nadu","Viluppuram(DISTRICT COLLECTOR VILLUPURAM_IDA)","Providing Cement Concrete Pavement at Kalaingar Nagar in Vengandur Panchayat","THARANIVENTHAN M S","ARANI","Images","25-Jun-2025","399856"
"1482","Normal/Others","WS/MP18173/2024-2025/138502-Construction of community centers and community halls","Tamil Nadu","Viluppuram(DISTRICT COLLECTOR VILLUPURAM_IDA)","Construction of Waiting Shed at Nanalmedu Village in Vengandur Panchayat","THARANIVENTHAN M S","ARANI","Images","23-Apr-2025","599480"
"1483","Normal/Others","WS/MP18173/2024-2025/139190-Construction of roads, link roads, pathways or any other road with or without drainage system","Tamil Nadu","Viluppuram(DISTRICT COLLECTOR VILLUPURAM_IDA)","Providing CC Pavement at Koralur village perumal koil street at Tennalapakkam panchayat","THARANIVENTHAN M S","ARANI","Images","21-Mar-2025","999000"
"1484","Normal/Others","WS/MP18173/2024-2025/139191-Construction of roads, link roads, pathways or any other road with or without drainage system","Tamil Nadu","Viluppuram(DISTRICT COLLECTOR VILLUPURAM_IDA)","Providing CC paver blocks at Kulakarai pathai at Taludali panchayat","THARANIVENTHAN M S","ARANI","Images","07-Mar-2026","999800"
"1485","Normal/Others","WS/MP18173/2024-2025/139192-Construction of Government office buildings (Post office, Police station, Police chauki, etc.)","Tamil Nadu","Viluppuram(DISTRICT COLLECTOR VILLUPURAM_IDA)","Construction of V.A.O Office building in Perumbugai Panchayat","THARANIVENTHAN M S","ARANI","N/A","03-Sep-2025","999121"
"1486","Normal/Others","WS/MP18173/2024-2025/139193-Construction of buildings for community cultural activities","Tamil Nadu","Viluppuram(DISTRICT COLLECTOR VILLUPURAM_IDA)","Construction of Drama Stage in Perumbugai Panchayat","THARANIVENTHAN M S","ARANI","N/A","24-Jun-2025","999362"
"1487","Normal/Others","WS/MP18173/2024-2025/139194-Construction of roads, link roads, pathways or any other road with or without drainage system","Tamil Nadu","Viluppuram(DISTRICT COLLECTOR VILLUPURAM_IDA)","Providing Cement Concrete Pavement at Madha Koil Street at Nagathur Panchayat","THARANIVENTHAN M S","ARANI","N/A","13-Mar-2025","999231"
"1488","Normal/Others","WS/MP18173/2024-2025/139195-Construction of buildings for community cultural activities","Tamil Nadu","Viluppuram(DISTRICT COLLECTOR VILLUPURAM_IDA)","Construction of Drama Stage at Kilkaranai Village in Purangarai Panchayat","THARANIVENTHAN M S","ARANI","Images","29-Jul-2025","699835"
"1489","Normal/Others","WS/MP18173/2024-2025/139196-Construction of roads, link roads, pathways or any other road with or without drainage system","Tamil Nadu","Viluppuram(DISTRICT COLLECTOR VILLUPURAM_IDA)","Providing Cement Concrete Pavement at ADC Mariyamman Koil Street at Purangarai Panchayat","THARANIVENTHAN M S","ARANI","Images","05-Mar-2025","349865"
"1490","Normal/Others","WS/MP18173/2024-2025/139197-Providing drains and gutters for public drainage","Tamil Nadu","TIRUVANNAMALAI(DISTRICT COLLECTOR TIRUVANNAMALAI_IDA)","Providing Side Drainage in Ward No.9 at Arani Municipality","THARANIVENTHAN M S","ARANI","Images","29-Jan-2025","998988"
"1491","Normal/Others","WS/MP18173/2025-2026/139198-Construction of roads, link roads, pathways or any other road with or without drainage system","Tamil Nadu","TIRUVANNAMALAI(DISTRICT COLLECTOR TIRUVANNAMALAI_IDA)","Providing Cement Concrete Pavement in Koneri Street at Cheyyar Municipality","THARANIVENTHAN M S","ARANI","Images","02-Sep-2026","600000"
"1492","Normal/Others","WS/MP18173/2025-2026/139200-Construction of community centers and community halls","Tamil Nadu","TIRUVANNAMALAI(DISTRICT COLLECTOR TIRUVANNAMALAI_IDA)","Construction Threshing Floor in Vaduvankudisai at Peranamallur Municipality","THARANIVENTHAN M S","ARANI","N/A","08-Apr-2026","500000"
"1493","Normal/Others","WS/MP18173/2025-2026/139201-Construction of bus-sheds or bus-stops","Tamil Nadu","TIRUVANNAMALAI(DISTRICT COLLECTOR TIRUVANNAMALAI_IDA)","Construction of Bus Shelter in ST Kudieruppu at Desur Municipality","THARANIVENTHAN M S","ARANI","Images","11-Aug-2026","500000"
"1494","Normal/Others","WS/MP18173/2024-2025/139202-Purchase of vehicle for mobile dispensaries (Four, three and two wheelers)","Tamil Nadu","TIRUVANNAMALAI(DISTRICT COLLECTOR TIRUVANNAMALAI_IDA)","Purchase of Three wheeler at Disabled person","THARANIVENTHAN M S","ARANI","Images","04-Apr-2025","456670"
"1495","Normal/Others","WS/MP18173/2024-2025/147820-Lighting of public spaces","Tamil Nadu","TIRUVANNAMALAI(DISTRICT COLLECTOR TIRUVANNAMALAI_IDA)","Providing of Installation in mini High Mass Light ( 9 Mt Height/ 100 W) 6 numbers at  Kilseesamangalam Panchayat","THARANIVENTHAN M S","ARANI","Images","16-Sep-2025","300000"
"1496","Normal/Others","WS/MP18173/2024-2025/147821-Lighting of public spaces","Tamil Nadu","TIRUVANNAMALAI(DISTRICT COLLECTOR TIRUVANNAMALAI_IDA)","Providing of Installation in High Mass Light (12 Mt Height / 100 W) 6 numbers at Govt. Primary Hospital at Vazhur Panchayat","THARANIVENTHAN M S","ARANI","Images","16-Sep-2025","700000"
"1497","Normal/Others","WS/MP18173/2024-2025/147822-Lighting of public spaces","Tamil Nadu","TIRUVANNAMALAI(DISTRICT COLLECTOR TIRUVANNAMALAI_IDA)","Providing of Installation in Mini High Mass Light (9 Mt Height / 100 W) 6 numbers at  Eramalur ADC in Mariyamman Temple, Eramalur Panchayat","THARANIVENTHAN M S","ARANI","Images","16-Sep-2025","300000"
"1498","Normal/Others","WS/MP18173/2024-2025/147823-Lighting of public spaces","Tamil Nadu","TIRUVANNAMALAI(DISTRICT COLLECTOR TIRUVANNAMALAI_IDA)","Providing of Installation in Mini High Mass Light ( 9 Mt / 100 W Light 6 No)at Nallur ADC near Drama Stage","THARANIVENTHAN M S","ARANI","Images","10-Apr-2026","300000"
"1499","Normal/Others","WS/MP18173/2025-2026/147827-Lighting of public spaces","Tamil Nadu","TIRUVANNAMALAI(DISTRICT COLLECTOR TIRUVANNAMALAI_IDA)","Providing of Installation in Mini High Mass Light(9 Mt Height / 100 W) 6 numbers  at ADC Near Govt. PUP School in Cheyyanur Panchayat","THARANIVENTHAN M S","ARANI","Images","02-Apr-2026","300000"
"1500","Normal/Others","WS/MP18173/2025-2026/147829-Lighting of public spaces","Tamil Nadu","TIRUVANNAMALAI(DISTRICT COLLECTOR TIRUVANNAMALAI_IDA)","Providing of Installation in Mini High Mass Light (9 Mt Height / 100 W) 6 numbers at Bajanai Koil & Pillaiyar Koil in Siruvanjipattu Panchayat","THARANIVENTHAN M S","ARANI","Images","02-Apr-2026","300000"
"1501","Normal/Others","WS/MP18173/2024-2025/147831-Lighting of public spaces","Tamil Nadu","TIRUVANNAMALAI(DISTRICT COLLECTOR TIRUVANNAMALAI_IDA)","Providing of Installation in Mini High Mass Light near Muniswaran Koil in Melmattai Vinnamangalam Panchayat","THARANIVENTHAN M S","ARANI","Images","30-May-2025","300000"
"1502","Normal/Others","WS/MP18173/2024-2025/147832-Lighting of public spaces","Tamil Nadu","TIRUVANNAMALAI(DISTRICT COLLECTOR TIRUVANNAMALAI_IDA)","Providing of Installation in Mini High Mass Light (9 Mt Height / 100 W) 6 numbers near in Kaduganur Panchayat","THARANIVENTHAN M S","ARANI","Images","30-May-2025","300000"
"1503","Normal/Others","WS/MP18173/2024-2025/147836-Lighting of public spaces","Tamil Nadu","TIRUVANNAMALAI(DISTRICT COLLECTOR TIRUVANNAMALAI_IDA)","Providing of Installation in Mini High Mass Light(9 Mt Height / 100 W) 6 numbers at near Draupadi Amman Temple in Agaram Panchayat","THARANIVENTHAN M S","ARANI","N/A","02-Apr-2026","300000"
"1504","Normal/Others","WS/MP18173/2024-2025/147837-Lighting of public spaces","Tamil Nadu","TIRUVANNAMALAI(DISTRICT COLLECTOR TIRUVANNAMALAI_IDA)","Providing of Installation in Mini High Mass Light (9 Mt Height 100 W) 6 numbers at Arani to Chetpet main road at Randam Panchayat joint road.","THARANIVENTHAN M S","ARANI","N/A","02-Apr-2026","300000"
"1505","Normal/Others","WS/MP18173/2025-2026/151516-Lighting of public spaces","Tamil Nadu","TIRUVANNAMALAI(DISTRICT COLLECTOR TIRUVANNAMALAI_IDA)","Providing of Installation in Mini High Mass Light (9 Mt Height / 100 W) 6 numbers at Konaiyur Panchayat","THARANIVENTHAN M S","ARANI","Images","14-May-2025","300000"
"1506","Normal/Others","WS/MP18173/2025-2026/151517-Lighting of public spaces","Tamil Nadu","TIRUVANNAMALAI(DISTRICT COLLECTOR TIRUVANNAMALAI_IDA)","Providing of Installation in Mini High Mass Light (9 Mt Height 100 W) 6 numbers at ADC in Kipattu panchayat","THARANIVENTHAN M S","ARANI","Images","18-Mar-2026","300000"
"1507","Normal/Others","WS/MP18173/2024-2025/151518-Lighting of public spaces","Tamil Nadu","TIRUVANNAMALAI(DISTRICT COLLECTOR TIRUVANNAMALAI_IDA)","Providing of Installation in High Mass Light (Base Foundation  +12 Mt Height / 200 W) at Government School and Drama Stage in Eramalur Panchayat","THARANIVENTHAN M S","ARANI","Images","16-Sep-2025","700000"
"1508","Normal/Others","WS/MP18173/2024-2025/152438-Lighting of public spaces","Tamil Nadu","TIRUVANNAMALAI(DISTRICT COLLECTOR TIRUVANNAMALAI_IDA)","Providing of Installation of High Mass Light (Base Foundation +12 Mt Height / 200 W) near Anjaneyar temple pond (kulakarai) at Nallur Panchayat","THARANIVENTHAN M S","ARANI","Images","10-Apr-2026","700000"
"1509","Normal/Others","WS/MP18173/2025-2026/152439-Lighting of public spaces","Tamil Nadu","TIRUVANNAMALAI(DISTRICT COLLECTOR TIRUVANNAMALAI_IDA)","Providing of Installation of Mini High Mass Light (9 Mt Height / 100 W) 6 numbers near Draupadi Amman Temple at 12 Puthur panchayat","THARANIVENTHAN M S","ARANI","Images","21-May-2025","300000"
"1510","Normal/Others","WS/MP18173/2024-2025/152441-Lighting of public spaces","Tamil Nadu","TIRUVANNAMALAI(DISTRICT COLLECTOR TIRUVANNAMALAI_IDA)","Providing of Installation of Mini High Mass Light (9 Mt Height / 100 W) 6 numbers near Pachaiyamman Temple at Munugapattu panchayat","THARANIVENTHAN M S","ARANI","Images","30-May-2025","300000"
"1511","Normal/Others","WS/MP18173/2025-2026/164086-Construction of roads, link roads, pathways or any other road with or without drainage system","Tamil Nadu","TIRUVANNAMALAI(DISTRICT COLLECTOR TIRUVANNAMALAI_IDA)","Providing Cement Concrete Pavement at Kasthambady Madura CC Road, Kannan Street at Kasthambady Panchayat","THARANIVENTHAN M S","ARANI","Images","06-Apr-2026","499370"
"1512","Normal/Others","WS/MP18173/2025-2026/164088-Construction of community centers and community halls","Tamil Nadu","TIRUVANNAMALAI(DISTRICT COLLECTOR TIRUVANNAMALAI_IDA)","Construction Threshing Floor at Avaniyapuram  Panchayat","THARANIVENTHAN M S","ARANI","Images","14-Aug-2026","499524"
"1513","Normal/Others","WS/MP18173/2025-2026/164089-Construction of roads, link roads, pathways or any other road with or without drainage system","Tamil Nadu","TIRUVANNAMALAI(DISTRICT COLLECTOR TIRUVANNAMALAI_IDA)","Construction of Side Drainage at Subedhar Street at Chetpet Subedharar Street                   (Ward No. 6)","THARANIVENTHAN M S","ARANI","N/A","20-Mar-2026","450000"
"1514","Normal/Others","WS/MP18173/2025-2026/164129-Lighting of public spaces","Tamil Nadu","TIRUVANNAMALAI(DISTRICT COLLECTOR TIRUVANNAMALAI_IDA)","Providing Installation of Mini High Mass Light (9 Mt Height 100 W) 6 numbers at Karapoondy Panchayat","THARANIVENTHAN M S","ARANI","Images","13-May-2025","300000"
"1515","Normal/Others","WS/MP18173/2025-2026/164135-Lighting of public spaces","Tamil Nadu","TIRUVANNAMALAI(DISTRICT COLLECTOR TIRUVANNAMALAI_IDA)","Providing Installation of Mini High Mass Light (9 Mt Height 100 W) 6 numbers at Melsathamangalam Panchayat","THARANIVENTHAN M S","ARANI","Images","14-May-2025","300000"
"1516","Normal/Others","WS/MP18173/2025-2026/164136-Lighting of public spaces","Tamil Nadu","TIRUVANNAMALAI(DISTRICT COLLECTOR TIRUVANNAMALAI_IDA)","Providing Installation of Mini High Mass Light at  Pazhampettai Govt. Higher Secondary School, Chetpet (Ward No.16)","THARANIVENTHAN M S","ARANI","N/A","18-Mar-2026","300000"
"1517","Normal/Others","WS/MP18173/2025-2026/164137-Lighting of public spaces","Tamil Nadu","TIRUVANNAMALAI(DISTRICT COLLECTOR TIRUVANNAMALAI_IDA)","Providing Installation of Mini High Mass Light (9 Mt Height 100 W) 6 numbers at Rajammapuram Panchayat","THARANIVENTHAN M S","ARANI","Images","13-May-2025","300000"
"1518","Normal/Others","WS/MP18173/2024-2025/164138-Lighting of public spaces","Tamil Nadu","TIRUVANNAMALAI(DISTRICT COLLECTOR TIRUVANNAMALAI_IDA)","Providing Installation of Mini High Mass Light (9 Mt Height 100 W) 6 numbers near Vinayagar Temple at Venmandai Panchayat","THARANIVENTHAN M S","ARANI","Images","16-Sep-2025","300000"
"1519","Normal/Others","WS/MP18173/2024-2025/164143-Lighting of public spaces","Tamil Nadu","TIRUVANNAMALAI(DISTRICT COLLECTOR TIRUVANNAMALAI_IDA)","Providing Installation of Mini High Mass Light (9 Mt Height 100 W) 6 numbers at Konndayakuppam Panchayat Uthukulam near Murugar Temple","THARANIVENTHAN M S","ARANI","Images","19-Aug-2026","300000"
"1520","Normal/Others","WS/MP18173/2024-2025/164148-Construction of roads, link roads, pathways or any other road with or without drainage system","Tamil Nadu","TIRUVANNAMALAI(DISTRICT COLLECTOR TIRUVANNAMALAI_IDA)","Providing Cement Concrete Pavement near GangaiAmman Kovil Street Old ADC in Eramalur Panchayat","THARANIVENTHAN M S","ARANI","Images","29-Aug-2025","499950"
"1521","Normal/Others","WS/MP18173/2025-2026/196628-Setting up of laboratories","Tamil Nadu","Viluppuram(DISTRICT COLLECTOR VILLUPURAM_IDA)","Supply of Lab Equipments to the Govt Higher Secondary School,  Avalurpettai ( Savings)","THARANIVENTHAN M S","ARANI","N/A","26-Jun-2025","625000"
"1522","Normal/Others","WS/MP18173/2025-2026/196629-Setting up of laboratories","Tamil Nadu","TIRUVANNAMALAI(DISTRICT COLLECTOR TIRUVANNAMALAI_IDA)","Supply of Lab Equipments to the Govt Higher Secondary School,  Nedungunam ( Savings )","THARANIVENTHAN M S","ARANI","Images","02-Sep-2026","625000"
"1523","Normal/Others","WS/MP18173/2025-2026/196630-Setting up of laboratories","Tamil Nadu","TIRUVANNAMALAI(DISTRICT COLLECTOR TIRUVANNAMALAI_IDA)","Supply of Lab Equipments to the Govt Girls Higher Secondary School,   Desur ( Savings )","THARANIVENTHAN M S","ARANI","Images","02-Sep-2026","625000"
"1524","Normal/Others","WS/MP18173/2025-2026/196631-Setting up of laboratories","Tamil Nadu","TIRUVANNAMALAI(DISTRICT COLLECTOR TIRUVANNAMALAI_IDA)","Supply of Lab Equipments to the Govt Boys Higher Secondary School,   Kannamangalam ( Savings )","THARANIVENTHAN M S","ARANI","Images","02-Sep-2026","625000"
"1525","Normal/Others","WS/MP18173/2025-2026/196633-Setting up of laboratories","Tamil Nadu","TIRUVANNAMALAI(DISTRICT COLLECTOR TIRUVANNAMALAI_IDA)","Supply of Lab Equipments to the Govt Girls Higher Secondary School,   Peranamallur ( Savings )","THARANIVENTHAN M S","ARANI","Images","02-Sep-2026","625000"
"1526","Normal/Others","WS/MP18173/2025-2026/196634-Setting up of laboratories","Tamil Nadu","TIRUVANNAMALAI(DISTRICT COLLECTOR TIRUVANNAMALAI_IDA)","Supply of Lab Equipments to the Govt Higher Secondary School,   Malaiyur ( Savings )","THARANIVENTHAN M S","ARANI","Images","02-Sep-2026","625000"
"1527","Normal/Others","WS/MP18173/2025-2026/196635-Setting up of laboratories","Tamil Nadu","TIRUVANNAMALAI(DISTRICT COLLECTOR TIRUVANNAMALAI_IDA)","Supply of Lab Equipments to the Govt Higher Secondary School,   Kolappalur ( Savings )","THARANIVENTHAN M S","ARANI","Images","02-Sep-2026","625000"
"1528","Normal/Others","WS/MP18173/2025-2026/196636-Setting up of laboratories","Tamil Nadu","Viluppuram(DISTRICT COLLECTOR VILLUPURAM_IDA)","Supply of Lab Equipments to the Govt Higher Secondary School,  Alampudi ( Savings )","THARANIVENTHAN M S","ARANI","N/A","26-Jun-2025","625000"
"1529","Normal/Others","WS/MP18173/2025-2026/196637-Setting up of laboratories","Tamil Nadu","TIRUVANNAMALAI(DISTRICT COLLECTOR TIRUVANNAMALAI_IDA)","Supply of Lab Equipments to the Govt Girls  Higher Secondary School,  Arani (Ward No.10) ( Savings )","THARANIVENTHAN M S","ARANI","Images","02-Sep-2026","625000"
"1530","Normal/Others","WS/MP18173/2025-2026/196638-Setting up of laboratories","Tamil Nadu","TIRUVANNAMALAI(DISTRICT COLLECTOR TIRUVANNAMALAI_IDA)","Supply of Lab Equipments to the Govt Higher Secondary School,  Agrapalayam ( Savings )","THARANIVENTHAN M S","ARANI","Images","02-Sep-2026","625000"
"1531","Normal/Others","WS/MP18173/2025-2026/196639-Setting up of laboratories","Tamil Nadu","TIRUVANNAMALAI(DISTRICT COLLECTOR TIRUVANNAMALAI_IDA)","Supply of Lab Equipments to the Govt Higher Secondary School,   Kunnathur ( Savings )","THARANIVENTHAN M S","ARANI","Images","02-Sep-2026","625000"
"1532","Normal/Others","WS/MP18173/2025-2026/196640-Setting up of laboratories","Tamil Nadu","TIRUVANNAMALAI(DISTRICT COLLECTOR TIRUVANNAMALAI_IDA)","Supply of Lab Equipments to the Govt Higher Secondary School,  S.V. Nagaram ( Savings )","THARANIVENTHAN M S","ARANI","Images","02-Sep-2026","625000"
"1533","Normal/Others","WS/MP18173/2025-2026/196641-Setting up of laboratories","Tamil Nadu","TIRUVANNAMALAI(DISTRICT COLLECTOR TIRUVANNAMALAI_IDA)","Supply of Lab Equipments to the Govt Higher Secondary School,  Onnupuram ( Savings )","THARANIVENTHAN M S","ARANI","Images","02-Sep-2026","625000"
"1534","Normal/Others","WS/MP18173/2025-2026/196660-Lighting of public spaces","Tamil Nadu","TIRUVANNAMALAI(DISTRICT COLLECTOR TIRUVANNAMALAI_IDA)","Providing of Installation in High Mass Solar Light 12 Mt, 100W, Solar LED Light 6 No. at Arani Municipality (War No.10) (savings)","THARANIVENTHAN M S","ARANI","N/A","08-Aug-2025","749744"
"1535","Normal/Others","WS/MP18173/2025-2026/196661-Lighting of public spaces","Tamil Nadu","TIRUVANNAMALAI(DISTRICT COLLECTOR TIRUVANNAMALAI_IDA)","Providing of Installation in High Mass Solar Light 12 Mt, 100W, Solar LED Light 6 No.  at New Kalainger Bus Stand Park at Vandavasi Municipality (War No.23) (savings)","THARANIVENTHAN M S","ARANI","Images","08-Sep-2025","748404"
"1536","Normal/Others","WS/MP18173/2025-2026/196662-Lighting of public spaces","Tamil Nadu","TIRUVANNAMALAI(DISTRICT COLLECTOR TIRUVANNAMALAI_IDA)","Providing of Installation in High Mass Solar Light 12 Mt, 100W, Solar LED Light 6 No.  at Braminar Street at Vandavasi Municipality (War No.16) (savings)","THARANIVENTHAN M S","ARANI","Images","08-Sep-2025","748404"
"1537","Normal/Others","WS/MP18173/2025-2026/196663-Lighting of public spaces","Tamil Nadu","TIRUVANNAMALAI(DISTRICT COLLECTOR TIRUVANNAMALAI_IDA)","Providing of Installation in High Mass Solar Light 9 Mt, 100W, Solar LED Light 6 No.  at 5-Kannu Bridge Anna Statu at Vandavasi Municipality (War No.23) (savings)","THARANIVENTHAN M S","ARANI","Images","08-Sep-2025","546742"
"1538","Normal/Others","WS/MP18173/2025-2026/196664-Lighting of public spaces","Tamil Nadu","TIRUVANNAMALAI(DISTRICT COLLECTOR TIRUVANNAMALAI_IDA)","Providing of Installation in Mini Mass Light 9 Mt, 150W, LED Light 6 No. at 12 Puthur Panchayat in Arani Block (savings)","THARANIVENTHAN M S","ARANI","N/A","01-Apr-2026","300000"
"1539","Normal/Others","WS/MP18173/2025-2026/196665-Lighting of public spaces","Tamil Nadu","TIRUVANNAMALAI(DISTRICT COLLECTOR TIRUVANNAMALAI_IDA)","Providing of Installation in Mini Mass Solar Light 9 Mt, 100W, Solar LED Light 6 No.  at Meyyur Panchayat in Arani Block (savings)","THARANIVENTHAN M S","ARANI","N/A","01-Apr-2026","550000"
"1540","Normal/Others","WS/MP18173/2025-2026/196666-Lighting of public spaces","Tamil Nadu","TIRUVANNAMALAI(DISTRICT COLLECTOR TIRUVANNAMALAI_IDA)","Providing of Installation in Mini Mass Solar Light 9 Mt, 100W, Solar LED Light 6 No.  at Irumbedu Panchayat, Govt. Depo Opposite in Arani Block (savings)","THARANIVENTHAN M S","ARANI","N/A","01-Apr-2026","550000"
"1541","Normal/Others","WS/MP18173/2025-2026/196667-Lighting of public spaces","Tamil Nadu","TIRUVANNAMALAI(DISTRICT COLLECTOR TIRUVANNAMALAI_IDA)","Providing of Installation in Mini Mass Solar Light 9 Mt, 100W, Solar LED Light 6 No.  at Vannankulam Panchayat, West Arani Block (savings)","THARANIVENTHAN M S","ARANI","N/A","02-Apr-2026","550000"
"1542","Normal/Others","WS/MP18173/2025-2026/196668-Lighting of public spaces","Tamil Nadu","TIRUVANNAMALAI(DISTRICT COLLECTOR TIRUVANNAMALAI_IDA)","Providing of Installation in Mini Mass Solar Light 9 Mt, 100W, Solar LED Light 6 No.  at TK Durai Drama Stage Opposite Thellar Block (savings)","THARANIVENTHAN M S","ARANI","Images","10-Apr-2026","550000"
"1543","Normal/Others","WS/MP18173/2025-2026/196669-Lighting of public spaces","Tamil Nadu","TIRUVANNAMALAI(DISTRICT COLLECTOR TIRUVANNAMALAI_IDA)","Providing of Installation in Mini Mass Light 9 Mt, 150W, LED Light 6 No. at Kilvillivalam Panchayat in Thellar Block (savings)","THARANIVENTHAN M S","ARANI","Images","10-Apr-2026","300000"
"1544","Normal/Others","WS/MP18173/2025-2026/196670-Lighting of public spaces","Tamil Nadu","TIRUVANNAMALAI(DISTRICT COLLECTOR TIRUVANNAMALAI_IDA)","Providing of Installation in Mini Mass Light 9 Mt, 150W, LED Light 6 No. at Kilvelliyur Panchayat in Thellar Block (savings)","THARANIVENTHAN M S","ARANI","Images","10-Apr-2026","300000"
"1545","Normal/Others","WS/MP18173/2025-2026/196671-Lighting of public spaces","Tamil Nadu","TIRUVANNAMALAI(DISTRICT COLLECTOR TIRUVANNAMALAI_IDA)","Providing of Installation in Mini Mass Light 9 Mt, 150W, LED Light 6 No. at Kilnarma Panchayat in Vandavasi Block (savings)","THARANIVENTHAN M S","ARANI","Images","29-Aug-2025","300000"
"1546","Normal/Others","WS/MP18173/2025-2026/196672-Lighting of public spaces","Tamil Nadu","TIRUVANNAMALAI(DISTRICT COLLECTOR TIRUVANNAMALAI_IDA)","Providing of Installation in Mini Mass Light 9 Mt, 150W, LED Light 6 No. at Irumbedu Panchayat in Vandavasi Block (savings)","THARANIVENTHAN M S","ARANI","Images","29-Aug-2025","300000"
"1547","Normal/Others","WS/MP18173/2025-2026/196673-Lighting of public spaces","Tamil Nadu","TIRUVANNAMALAI(DISTRICT COLLECTOR TIRUVANNAMALAI_IDA)","Providing of Installation in High Mass Light 12 Mt, 150W, LED Light 6 No. at Ariyathur Panchayat in Vandavasi Block (savings)","THARANIVENTHAN M S","ARANI","Images","08-Aug-2025","750000"
"1548","Normal/Others","WS/MP18173/2025-2026/196674-Lighting of public spaces","Tamil Nadu","TIRUVANNAMALAI(DISTRICT COLLECTOR TIRUVANNAMALAI_IDA)","Providing of Installation in Mini Mass Light 9 Mt, 150W,  LED Light 6 No. at Kilsembedu Panchayat in Vandavasi Block (savings)","THARANIVENTHAN M S","ARANI","Images","29-Aug-2025","300000"
"1549","Normal/Others","WS/MP18173/2025-2026/196675-Lighting of public spaces","Tamil Nadu","TIRUVANNAMALAI(DISTRICT COLLECTOR TIRUVANNAMALAI_IDA)","Providing of Installation in Mini Mass Light 9 Mt, 150W, LED Light 6 No. at Eramalur Panchayat in Vandavasi Block (savings)","THARANIVENTHAN M S","ARANI","Images","29-Aug-2025","300000"
"1550","Normal/Others","WS/MP18173/2025-2026/196676-Lighting of public spaces","Tamil Nadu","TIRUVANNAMALAI(DISTRICT COLLECTOR TIRUVANNAMALAI_IDA)","Providing of Installation in Mini Mass Light 9 Mt, 150W, LED Light 6 No. at near Drama Stage at Karanai Panchayat in Vandavasi Block (savings)","THARANIVENTHAN M S","ARANI","Images","29-Aug-2025","300000"
"1551","Normal/Others","WS/MP18173/2025-2026/196677-Lighting of public spaces","Tamil Nadu","TIRUVANNAMALAI(DISTRICT COLLECTOR TIRUVANNAMALAI_IDA)","Providing of Installation in Mini Mass Solar Light 9 Mt, 100W, Solar LED Light 6 No.  at Sennavaram Panchayat in Vandavasi Block (savings)","THARANIVENTHAN M S","ARANI","Images","29-Aug-2025","550000"
"1552","Normal/Others","WS/MP18173/2025-2026/196678-Lighting of public spaces","Tamil Nadu","TIRUVANNAMALAI(DISTRICT COLLECTOR TIRUVANNAMALAI_IDA)","Providing of Installation in High Mass Solar Light 12 Mt, 100W, Solar LED Light 6 No.  at Kilkodungalur Panchayat in Vandavasi Block (savings)","THARANIVENTHAN M S","ARANI","Images","08-Aug-2025","750000"
"1553","Normal/Others","WS/MP18173/2025-2026/196679-Lighting of public spaces","Tamil Nadu","TIRUVANNAMALAI(DISTRICT COLLECTOR TIRUVANNAMALAI_IDA)","Providing of Installation in Mini Mass Light 9 Mt, 150W, LED Light 6 No. at Athipakkam Panchayat in Vandavasi Block (savings)","THARANIVENTHAN M S","ARANI","Images","29-Aug-2025","300000"
"1554","Normal/Others","WS/MP18173/2025-2026/196680-Lighting of public spaces","Tamil Nadu","TIRUVANNAMALAI(DISTRICT COLLECTOR TIRUVANNAMALAI_IDA)","Providing of Installation in High Mass Solar Light 12 Mt, 100W, Solar LED Light 6 No.  at Sri Muthumariyamman Temple in Kilsathamangalam Panchayat in Vandavasi Block (savings)","THARANIVENTHAN M S","ARANI","Images","29-Aug-2025","750000"
"1555","Normal/Others","WS/MP18173/2025-2026/196681-Lighting of public spaces","Tamil Nadu","TIRUVANNAMALAI(DISTRICT COLLECTOR TIRUVANNAMALAI_IDA)","Providing of Installation in Mini Mass Solar Light 9 Mt, 100W, Solar LED Light 6 No.  at Thennangur Panchayat in Vandavasi Block (savings)","THARANIVENTHAN M S","ARANI","Images","29-Aug-2025","550000"
"1556","Normal/Others","WS/MP18173/2025-2026/200737-Lighting of public spaces","Tamil Nadu","TIRUVANNAMALAI(DISTRICT COLLECTOR TIRUVANNAMALAI_IDA)","Providing of Installation in Mini Mass Light 9 Mt, 150W, LED Light 6 No. at Konndayamkuppam village in Thellar Block","THARANIVENTHAN M S","ARANI","Images","10-Apr-2026","300000"
"1557","Normal/Others","WS/MP18173/2025-2026/200738-Lighting of public spaces","Tamil Nadu","TIRUVANNAMALAI(DISTRICT COLLECTOR TIRUVANNAMALAI_IDA)","Providing of Installation in Mini Mass Light 9 Mt, 150W, LED Light 6 No. at Periyakuppam village in Thellar Block","THARANIVENTHAN M S","ARANI","Images","19-Aug-2026","300000"
"1558","Normal/Others","WS/MP18173/2025-2026/200741-Lighting of public spaces","Tamil Nadu","TIRUVANNAMALAI(DISTRICT COLLECTOR TIRUVANNAMALAI_IDA)","Providing of Installation in Mini Mass Light 9 Mt, 150W, LED Light 6 No. at Kalleripattu village","THARANIVENTHAN M S","ARANI","N/A","01-Apr-2026","300000"
"1559","Normal/Others","WS/MP18173/2025-2026/196685-Lighting of public spaces","Tamil Nadu","TIRUVANNAMALAI(DISTRICT COLLECTOR TIRUVANNAMALAI_IDA)","Providing of Installation in High Mass Light 12 Mt, 150W, LED Light 6 No. at Brammadesam ADC Panchayat in Vempakkam Block","THARANIVENTHAN M S","ARANI","Images","31-Jul-2025","750000"
"1560","Normal/Others","WS/MP18173/2025-2026/196686-Lighting of public spaces","Tamil Nadu","TIRUVANNAMALAI(DISTRICT COLLECTOR TIRUVANNAMALAI_IDA)","Providing of Installation in Mini Mass Light 9 Mt, 150W, LED Light 6 No. at Abdullahpuram Panchayat in Vempakkam Block","THARANIVENTHAN M S","ARANI","Images","08-Aug-2025","300000"
"1561","Normal/Others","WS/MP18173/2025-2026/196688-Lighting of public spaces","Tamil Nadu","TIRUVANNAMALAI(DISTRICT COLLECTOR TIRUVANNAMALAI_IDA)","Providing of Installation in Mini Mass Solar Light 9 Mt, 100W, Solar LED Light 6 No.  at Purisai Panchayat in Anakkavur Block","THARANIVENTHAN M S","ARANI","Images","01-Sep-2025","550000"
"1562","Normal/Others","WS/MP18173/2025-2026/196689-Lighting of public spaces","Tamil Nadu","TIRUVANNAMALAI(DISTRICT COLLECTOR TIRUVANNAMALAI_IDA)","Providing of Installation in Mini Mass Solar Light 9 Mt, 100W, Solar LED Light 6 No.  at Seiyamur Panchayat in Anakkavur Block","THARANIVENTHAN M S","ARANI","Images","01-Sep-2025","550000"
"1563","Normal/Others","WS/MP18173/2025-2026/196691-Lighting of public spaces","Tamil Nadu","TIRUVANNAMALAI(DISTRICT COLLECTOR TIRUVANNAMALAI_IDA)","Providing of Installation in High Mass Solar Light 12 Mt, 100W, Solar LED Light 6 No. at polur Municipality (War No.9) in Allinagar near Diamond ground","THARANIVENTHAN M S","ARANI","Images","01-Sep-2025","750000"
"1564","Normal/Others","WS/MP18173/2025-2026/196692-Lighting of public spaces","Tamil Nadu","TIRUVANNAMALAI(DISTRICT COLLECTOR TIRUVANNAMALAI_IDA)","Providing of Installation in High Mass Light 12 Mt, 150W, LED Light 6 No. at Vasur Kootu Salai in Polur Block","THARANIVENTHAN M S","ARANI","Images","02-Apr-2026","750000"
"1565","Normal/Others","WS/MP18173/2025-2026/196693-Lighting of public spaces","Tamil Nadu","TIRUVANNAMALAI(DISTRICT COLLECTOR TIRUVANNAMALAI_IDA)","Providing of Installation in Mini Mass Light 9 Mt, 150W, LED Light 6 No.  at Devimangalam Panchayat in Chetpet Block","THARANIVENTHAN M S","ARANI","Images","18-Mar-2026","300000"
"1566","Normal/Others","WS/MP18173/2025-2026/196694-Lighting of public spaces","Tamil Nadu","TIRUVANNAMALAI(DISTRICT COLLECTOR TIRUVANNAMALAI_IDA)","Providing of Installation in Mini Mass Light 9 Mt, 150W, LED Light 6 No. at Gudaloor Panchayat in Chetpet Block","THARANIVENTHAN M S","ARANI","Images","04-Aug-2025","300000"
"1567","Normal/Others","WS/MP18173/2025-2026/196695-Lighting of public spaces","Tamil Nadu","TIRUVANNAMALAI(DISTRICT COLLECTOR TIRUVANNAMALAI_IDA)","Providing of Installation in Mini Mass Light 9 Mt, 150W, LED Light 6 No. at Mattaperiyur Panchayat in Chetpet Block","THARANIVENTHAN M S","ARANI","Images","04-Aug-2025","300000"
"1568","Normal/Others","WS/MP18173/2025-2026/197850-Construction of community centers and community halls","Tamil Nadu","TIRUVANNAMALAI(DISTRICT COLLECTOR TIRUVANNAMALAI_IDA)","Construction of Threshing floor at madukalvaai area in Thachambady panchayat","THARANIVENTHAN M S","ARANI","Images","25-Jul-2025","499750"
"1569","Normal/Others","WS/MP18173/2026-2027/209142-Construction of community centers and community halls","Tamil Nadu","TIRUVANNAMALAI(DISTRICT COLLECTOR TIRUVANNAMALAI_IDA)","Construction of Multipurpose Building at Matam Panchayat","THARANIVENTHAN M S","ARANI","Images","14-Aug-2026","1997509"
"1570","Normal/Others","WS/MP18173/2025-2026/209145-Providing drains and gutters for public drainage","Tamil Nadu","TIRUVANNAMALAI(DISTRICT COLLECTOR TIRUVANNAMALAI_IDA)","Construction of Side Drainage at Thasarapettai in Nenthampakkam Panchayat","THARANIVENTHAN M S","ARANI","N/A","01-Apr-2026","499850"
"1571","Normal/Others","WS/MP18173/2025-2026/209146-Construction of roads, link roads, pathways or any other road with or without drainage system","Tamil Nadu","TIRUVANNAMALAI(DISTRICT COLLECTOR TIRUVANNAMALAI_IDA)","Providing Cement Concrete Pavement near Draupadi amman Koil in Arasampattu Panchayat","THARANIVENTHAN M S","ARANI","Images","06-Feb-2026","498424"
"1572","Normal/Others","WS/MP18173/2025-2026/209147-Construction of roads, link roads, pathways or any other road with or without drainage system","Tamil Nadu","TIRUVANNAMALAI(DISTRICT COLLECTOR TIRUVANNAMALAI_IDA)","Providing Cement Concrete Pavement in Annai Indira Street at Chitheri Sivasakthi Nagar in Velapadi Panchayat","THARANIVENTHAN M S","ARANI","N/A","01-Apr-2026","299880"
"1573","Normal/Others","WS/MP18173/2025-2026/211100-Construction of roads, link roads, pathways or any other road with or without drainage system","Tamil Nadu","TIRUVANNAMALAI(DISTRICT COLLECTOR TIRUVANNAMALAI_IDA)","Providing Cement Concrete Pavement at Gandhi Nagar in Marusoor Panchayat","THARANIVENTHAN M S","ARANI","N/A","02-Apr-2026","499701"
"1574","Normal/Others","WS/MP18173/2025-2026/211101-Construction of roads, link roads, pathways or any other road with or without drainage system","Tamil Nadu","TIRUVANNAMALAI(DISTRICT COLLECTOR TIRUVANNAMALAI_IDA)","Providing Cement Concrete Pavement at Mettu Street in Adanur Panchayat","THARANIVENTHAN M S","ARANI","N/A","01-Apr-2026","249925"
"1575","Normal/Others","WS/MP18173/2025-2026/211102-Construction of buildings for community cultural activities","Tamil Nadu","TIRUVANNAMALAI(DISTRICT COLLECTOR TIRUVANNAMALAI_IDA)","Construction of Drama Stage at Perungattur ADC","THARANIVENTHAN M S","ARANI","N/A","19-Dec-2025","699608"
"1576","Normal/Others","WS/MP18173/2025-2026/211105-Construction of bus-sheds or bus-stops","Tamil Nadu","TIRUVANNAMALAI(DISTRICT COLLECTOR TIRUVANNAMALAI_IDA)","Construction of Bus Shelter at Morappanthangal Panchayat","THARANIVENTHAN M S","ARANI","N/A","01-Apr-2026","699790"
"1577","Normal/Others","WS/MP18173/2025-2026/211106-Providing drains and gutters for public drainage","Tamil Nadu","TIRUVANNAMALAI(DISTRICT COLLECTOR TIRUVANNAMALAI_IDA)","Construction of Side Drainage at Pournami Nagar Arani Town Ward No.10","THARANIVENTHAN M S","ARANI","Images","18-Feb-2026","500000"
"1578","Normal/Others","WS/MP18173/2025-2026/211108-Construction of roads, link roads, pathways or any other road with or without drainage system","Tamil Nadu","TIRUVANNAMALAI(DISTRICT COLLECTOR TIRUVANNAMALAI_IDA)","Construction of Side Drainage and Cement Concrete Pavement at Arani Town Ward No.19","THARANIVENTHAN M S","ARANI","N/A","10-Dec-2025","499395"
"1579","Normal/Others","WS/MP18173/2025-2026/211109-Construction of roads, link roads, pathways or any other road with or without drainage system","Tamil Nadu","TIRUVANNAMALAI(DISTRICT COLLECTOR TIRUVANNAMALAI_IDA)","Providing Cement Concrete Pavement paver block in Ward No.10, Santhaimedu, Arani Municipality","THARANIVENTHAN M S","ARANI","Images","14-Jan-2026","300000"
"1580","Normal/Others","WS/MP18173/2025-2026/211110-Construction of roads, link roads, pathways or any other road with or without drainage system","Tamil Nadu","TIRUVANNAMALAI(DISTRICT COLLECTOR TIRUVANNAMALAI_IDA)","Providing Cement Concrete Pavement in Perumal Koil Street at kizhnaickanpalayam Panchayat","THARANIVENTHAN M S","ARANI","Images","19-Sep-2025","498815"
"1581","Normal/Others","WS/MP18173/2025-2026/211111-Construction of bus-sheds or bus-stops","Tamil Nadu","TIRUVANNAMALAI(DISTRICT COLLECTOR TIRUVANNAMALAI_IDA)","Construction of Bus Shelter near Government Hospital (PHC) at Vembakkam Panchayat","THARANIVENTHAN M S","ARANI","Images","27-Nov-2025","999418"
"1582","Normal/Others","WS/MP18173/2026-2027/211113-Construction of roads, link roads, pathways or any other road with or without drainage system","Tamil Nadu","TIRUVANNAMALAI(DISTRICT COLLECTOR TIRUVANNAMALAI_IDA)","Providing Cement Concrete Pavement at Kanikiluppai ADC in Vembakkam block","THARANIVENTHAN M S","ARANI","Images","15-May-2026","697170"
"1583","Normal/Others","WS/MP18173/2025-2026/211116-Construction of buildings for community cultural activities","Tamil Nadu","TIRUVANNAMALAI(DISTRICT COLLECTOR TIRUVANNAMALAI_IDA)","Construction of Drama Stage in Sathya Nagar at Thozhupedu Panchayat","THARANIVENTHAN M S","ARANI","N/A","23-Feb-2026","699196"
"1584","Normal/Others","WS/MP18173/2025-2026/211117-Construction of roads, link roads, pathways or any other road with or without drainage system","Tamil Nadu","TIRUVANNAMALAI(DISTRICT COLLECTOR TIRUVANNAMALAI_IDA)","Providing Cement Concrete Pavement at Raman Nagar, Ward No.24 at Thiruvethipuram (Cheyyar)","THARANIVENTHAN M S","ARANI","Images","24-Dec-2025","500000"
"1585","Normal/Others","WS/MP18173/2025-2026/211118-Construction of roads, link roads, pathways or any other road with or without drainage system","Tamil Nadu","TIRUVANNAMALAI(DISTRICT COLLECTOR TIRUVANNAMALAI_IDA)","Providing Cement Concrete Pavement at VR Nagar, Mettu Street Expansion at Thellar","THARANIVENTHAN M S","ARANI","Images","10-Apr-2026","199860"
"1586","Normal/Others","WS/MP18173/2025-2026/211119-Construction of roads, link roads, pathways or any other road with or without drainage system","Tamil Nadu","TIRUVANNAMALAI(DISTRICT COLLECTOR TIRUVANNAMALAI_IDA)","Providing Cement Concrete Pavement in Asthinapuram Padasalai Veethi at Thellar Panchayat","THARANIVENTHAN M S","ARANI","Images","10-Apr-2026","299697"
"1587","Normal/Others","WS/MP18173/2025-2026/211120-Construction of roads, link roads, pathways or any other road with or without drainage system","Tamil Nadu","TIRUVANNAMALAI(DISTRICT COLLECTOR TIRUVANNAMALAI_IDA)","Providing Cement Concrete Pavement at Vishwakarma Veethi at Thellar Panchayat","THARANIVENTHAN M S","ARANI","Images","10-Apr-2026","199860"
"1588","Normal/Others","WS/MP18173/2025-2026/211121-Construction of roads, link roads, pathways or any other road with or without drainage system","Tamil Nadu","TIRUVANNAMALAI(DISTRICT COLLECTOR TIRUVANNAMALAI_IDA)","Providing Cement Concrete Pavement in Kamaraj Nagar 1st Cross Street at Thellar Panchayat","THARANIVENTHAN M S","ARANI","Images","10-Apr-2026","499700"
"1589","Normal/Others","WS/MP18173/2025-2026/211122-Construction of roads, link roads, pathways or any other road with or without drainage system","Tamil Nadu","TIRUVANNAMALAI(DISTRICT COLLECTOR TIRUVANNAMALAI_IDA)","Providing Cement Concrete Pavement in ST Kudieruppu at Vedal Panchayat","THARANIVENTHAN M S","ARANI","Images","07-Oct-2025","199960"
"1590","Normal/Others","WS/MP18173/2025-2026/211123-Construction of community centers and community halls","Tamil Nadu","TIRUVANNAMALAI(DISTRICT COLLECTOR TIRUVANNAMALAI_IDA)","Construction of Threshing Floor at Kilvillivalam Panchayat","THARANIVENTHAN M S","ARANI","Images","10-Apr-2026","299818"
"1591","Normal/Others","WS/MP18173/2025-2026/211124-Construction of roads, link roads, pathways or any other road with or without drainage system","Tamil Nadu","TIRUVANNAMALAI(DISTRICT COLLECTOR TIRUVANNAMALAI_IDA)","Providing Cement Concrete Pavement in Ammaichar Amman Koil at Thenvanakkambadi Panchayat","THARANIVENTHAN M S","ARANI","Images","10-Apr-2026","199980"
"1592","Normal/Others","WS/MP18173/2025-2026/211125-Construction of roads, link roads, pathways or any other road with or without drainage system","Tamil Nadu","TIRUVANNAMALAI(DISTRICT COLLECTOR TIRUVANNAMALAI_IDA)","Providing Cement Concrete Pavement at Thellar OPR ADC in Thellar block","THARANIVENTHAN M S","ARANI","Images","19-Jan-2026","199882"
"1593","Normal/Others","WS/MP18173/2025-2026/211126-Construction of roads, link roads, pathways or any other road with or without drainage system","Tamil Nadu","TIRUVANNAMALAI(DISTRICT COLLECTOR TIRUVANNAMALAI_IDA)","Providing Cement Concrete Pavement on the way to Andipandaram cementery in Karam Panchayat","THARANIVENTHAN M S","ARANI","Images","24-Dec-2025","199980"
"1594","Normal/Others","WS/MP18173/2025-2026/211127-Construction of boundary walls of existing public and community buildings","Tamil Nadu","TIRUVANNAMALAI(DISTRICT COLLECTOR TIRUVANNAMALAI_IDA)","Construction of Compound wall at Government Higher Secondary School at Maruthadu Panchayat","THARANIVENTHAN M S","ARANI","Images","28-Nov-2025","299940"
"1595","Normal/Others","WS/MP18173/2025-2026/211128-Construction of roads, link roads, pathways or any other road with or without drainage system","Tamil Nadu","TIRUVANNAMALAI(DISTRICT COLLECTOR TIRUVANNAMALAI_IDA)","Providing Cement Concrete Pavement in Yadhavar Street at Sembur Panchayat","THARANIVENTHAN M S","ARANI","Images","29-Oct-2025","199920"
"1596","Normal/Others","WS/MP18173/2025-2026/211129-Providing drains and gutters for public drainage","Tamil Nadu","TIRUVANNAMALAI(DISTRICT COLLECTOR TIRUVANNAMALAI_IDA)","Construction of side drainage at Selliyamman Temple Street at Thennangur Panchayat","THARANIVENTHAN M S","ARANI","Images","29-Oct-2025","199960"
"1597","Normal/Others","WS/MP18173/2025-2026/211130-Construction of roads, link roads, pathways or any other road with or without drainage system","Tamil Nadu","TIRUVANNAMALAI(DISTRICT COLLECTOR TIRUVANNAMALAI_IDA)","Providing Cement Concrete Pavement at Kovalai Panchayat","THARANIVENTHAN M S","ARANI","Images","13-Oct-2025","199920"
"1598","Normal/Others","WS/MP18173/2025-2026/211131-Construction of roads, link roads, pathways or any other road with or without drainage system","Tamil Nadu","TIRUVANNAMALAI(DISTRICT COLLECTOR TIRUVANNAMALAI_IDA)","Providing Cement Concrete Pavement in Mariyamman Koil Street at Kilseeshamangalam Panchayat","THARANIVENTHAN M S","ARANI","Images","02-Apr-2026","199980"
"1599","Normal/Others","WS/MP18173/2025-2026/211132-Construction of roads, link roads, pathways or any other road with or without drainage system","Tamil Nadu","TIRUVANNAMALAI(DISTRICT COLLECTOR TIRUVANNAMALAI_IDA)","Providing Cement Concrete Pavement at Kilnarma Panchayat","THARANIVENTHAN M S","ARANI","Images","16-Sep-2025","199980"
"1600","Normal/Others","WS/MP18173/2025-2026/211133-Providing drains and gutters for public drainage","Tamil Nadu","TIRUVANNAMALAI(DISTRICT COLLECTOR TIRUVANNAMALAI_IDA)","Providing Side Drainage in Subash Chandrabose Nagar at Ammaiyapattu Panchayat","THARANIVENTHAN M S","ARANI","Images","13-Oct-2025","199980"
"1601","Normal/Others","WS/MP18173/2025-2026/211139-Construction of roads, link roads, pathways or any other road with or without drainage system","Tamil Nadu","TIRUVANNAMALAI(DISTRICT COLLECTOR TIRUVANNAMALAI_IDA)","Providing Cement Concrete Paverment paver blocks in Maruthadu ADC","THARANIVENTHAN M S","ARANI","Images","12-Jan-2026","499900"
"1602","Normal/Others","WS/MP18173/2026-2027/211141-Purchase of vehicle for mobile dispensaries (Four, three and two wheelers)","Tamil Nadu","TIRUVANNAMALAI(DISTRICT COLLECTOR TIRUVANNAMALAI_IDA)","Providing three wheelers to differently abled persons","THARANIVENTHAN M S","ARANI","Images","14-May-2026","1446945"
"1603","Normal/Others","WS/MP18173/2025-2026/216124-Lighting of public spaces","Tamil Nadu","Viluppuram(DISTRICT COLLECTOR VILLUPURAM_IDA)","Providing of Installation in Mini Mass Solar Light 9 Mt, 100W, Solar LED Light 6 No. at Kappalambadi in Melmalaiyanur Block","THARANIVENTHAN M S","ARANI","N/A","02-Mar-2026","549395"
"1604","Normal/Others","WS/MP18173/2025-2026/216125-Lighting of public spaces","Tamil Nadu","Viluppuram(DISTRICT COLLECTOR VILLUPURAM_IDA)","Providing of Installation in Mini Mass Light 9 Mt, 150W, LED Light 6 No. at Talankunram Panchayat near Indiranagar Mariyamman kovil street in Melmalaiyanur Block","THARANIVENTHAN M S","ARANI","N/A","02-Mar-2026","299999"
"1605","Normal/Others","WS/MP18173/2025-2026/216126-Lighting of public spaces","Tamil Nadu","Viluppuram(DISTRICT COLLECTOR VILLUPURAM_IDA)","Providing of Installation in High Mass Solar Light 12 Mt, 100W, Solar LED Light 6 No. at Ethapattu Panchayat in Polur Block","THARANIVENTHAN M S","ARANI","N/A","02-Mar-2026","748159"
"1606","Normal/Others","WS/MP18173/2025-2026/216127-Lighting of public spaces","Tamil Nadu","Viluppuram(DISTRICT COLLECTOR VILLUPURAM_IDA)","Providing of Installation in Mini Mass Light 9 Mt, 150W, LED Light 6 No. at Peruvalur Panchayat in Melmalaiyanur Block","THARANIVENTHAN M S","ARANI","N/A","02-Mar-2026","299999"
"1607","Normal/Others","WS/MP18173/2025-2026/216128-Lighting of public spaces","Tamil Nadu","Viluppuram(DISTRICT COLLECTOR VILLUPURAM_IDA)","Providing of Installation in High Mass Solar Light 12 Mt, 100W, Solar LED Light 6 No. at Kilpappambadi Panchayat in Polur Block","THARANIVENTHAN M S","ARANI","N/A","10-Mar-2026","743611"
"1608","Normal/Others","WS/MP18173/2025-2026/216129-Lighting of public spaces","Tamil Nadu","Viluppuram(DISTRICT COLLECTOR VILLUPURAM_IDA)","Providing of Installation in Mini Mass Light 9 Mt, 150W, LED Light 6 No. at Kilvailamur Panchayat near Perumal Temple in Vallam Block","THARANIVENTHAN M S","ARANI","N/A","10-Mar-2026","297445"
"1609","Normal/Others","WS/MP18173/2025-2026/216130-Lighting of public spaces","Tamil Nadu","Viluppuram(DISTRICT COLLECTOR VILLUPURAM_IDA)","Providing of Installation in Mini Mass Solar Light 9 Mt, 100W, Solar LED Light 6 No. at Vellimedupettai Panchayat in Olakkur Block","THARANIVENTHAN M S","ARANI","Images","11-Feb-2026","548977"
"1610","Normal/Others","WS/MP18173/2025-2026/216132-Lighting of public spaces","Tamil Nadu","Viluppuram(DISTRICT COLLECTOR VILLUPURAM_IDA)","Providing of Installation in Mini Mass Solar Light 9 Mt, 150W, Solar LED Light 6 No. at Melsevur Panchayat in Vallam Block","THARANIVENTHAN M S","ARANI","N/A","10-Mar-2026","545315"
"1611","Normal/Others","WS/MP18173/2025-2026/216133-Lighting of public spaces","Tamil Nadu","Viluppuram(DISTRICT COLLECTOR VILLUPURAM_IDA)","Providing of Installation in Mini Mass Solar Light 9 Mt, 150W, Solar LED Light 6 No. at Devadanampettai Panchayat","THARANIVENTHAN M S","ARANI","Images","20-Aug-2026","549872"
"1612","Normal/Others","WS/MP18173/2025-2026/225951-Providing drains and gutters for public drainage","Tamil Nadu","TIRUVANNAMALAI(DISTRICT COLLECTOR TIRUVANNAMALAI_IDA)","Construction of Side Drainage at Arani Town Ward No.17","THARANIVENTHAN M S","ARANI","Images","14-Jan-2026","700000"
"1613","Normal/Others","WS/MP18173/2025-2026/225953-Construction of community centers and community halls","Tamil Nadu","TIRUVANNAMALAI(DISTRICT COLLECTOR TIRUVANNAMALAI_IDA)","Construction of Threshing Floor at Nallur panchayat in Thellar Block","THARANIVENTHAN M S","ARANI","Images","19-Aug-2026","399689"
"1614","Normal/Others","WS/MP18173/2025-2026/225954-Construction of roads, link roads, pathways or any other road with or without drainage system","Tamil Nadu","TIRUVANNAMALAI(DISTRICT COLLECTOR TIRUVANNAMALAI_IDA)","Providing Cement Concrete Pavement in Cemetery road at Eramalur Panchayat","THARANIVENTHAN M S","ARANI","Images","21-Jan-2026","699930"
"1615","Normal/Others","WS/MP18173/2025-2026/225955-Construction of roads, link roads, pathways or any other road with or without drainage system","Tamil Nadu","TIRUVANNAMALAI(DISTRICT COLLECTOR TIRUVANNAMALAI_IDA)","Construction of side drainage at road street in Karanai Panchayat","THARANIVENTHAN M S","ARANI","Images","02-Mar-2026","499800"
"1616","Normal/Others","WS/MP18173/2026-2027/225956-Providing CCTV camera system for security of public areas","Tamil Nadu","TIRUVANNAMALAI(DISTRICT COLLECTOR TIRUVANNAMALAI_IDA)","Installation of Camara in Padoor Kootroad at Eramalur Panchayat","THARANIVENTHAN M S","ARANI","Images","12-Aug-2026","150000"
"1617","Normal/Others","WS/MP18173/2025-2026/225958-Construction of bus-sheds or bus-stops","Tamil Nadu","TIRUVANNAMALAI(DISTRICT COLLECTOR TIRUVANNAMALAI_IDA)","Construction of Bus Shelter near Kootroad at Mangalam Mamandur Panchayat","THARANIVENTHAN M S","ARANI","Images","02-Apr-2026","999700"
"1618","Normal/Others","WS/MP18173/2025-2026/225960-Construction of roads, link roads, pathways or any other road with or without drainage system","Tamil Nadu","TIRUVANNAMALAI(DISTRICT COLLECTOR TIRUVANNAMALAI_IDA)","Providing Cement Concrete Pavement at Kottaikul Street at Vandavasi Municipality","THARANIVENTHAN M S","ARANI","Images","05-Jan-2026","997583"
"1619","Normal/Others","WS/MP18173/2025-2026/225962-Construction of roads, link roads, pathways or any other road with or without drainage system","Tamil Nadu","TIRUVANNAMALAI(DISTRICT COLLECTOR TIRUVANNAMALAI_IDA)","Providing Cement Concrete Pavement at Pathiyavaram Anthoniyar Street at Othalavady Panchayat","THARANIVENTHAN M S","ARANI","Images","17-Feb-2026","499700"
"1620","Normal/Others","WS/MP18173/2025-2026/225964-Construction of roads, link roads, pathways or any other road with or without drainage system","Tamil Nadu","TIRUVANNAMALAI(DISTRICT COLLECTOR TIRUVANNAMALAI_IDA)","Providing Cement Concrete Pavement at Ward No.24 at Arani Municipality","THARANIVENTHAN M S","ARANI","N/A","11-Apr-2026","499716"
"1621","Normal/Others","WS/MP18173/2025-2026/225967-Lighting of public spaces","Tamil Nadu","TIRUVANNAMALAI(DISTRICT COLLECTOR TIRUVANNAMALAI_IDA)","Providing of Installation in Solar LED 100 W Light Mini Mass 9 Mt. Height near at Veerampakkam Kalaingar Park","THARANIVENTHAN M S","ARANI","Images","05-Nov-2025","550000"
"1622","Normal/Others","WS/MP18173/2025-2026/225968-Lighting of public spaces","Tamil Nadu","TIRUVANNAMALAI(DISTRICT COLLECTOR TIRUVANNAMALAI_IDA)","Providing of Installation in Solar LED 100 W Light Mini Mass 9 Mt. Height near at Vatchanoor ADC near Mariyamman Temple","THARANIVENTHAN M S","ARANI","Images","05-Nov-2025","550000"
"1623","Normal/Others","WS/MP18173/2025-2026/231079-Construction of roads, link roads, pathways or any other road with or without drainage system","Tamil Nadu","TIRUVANNAMALAI(DISTRICT COLLECTOR TIRUVANNAMALAI_IDA)","Providing Cement Concrete Pavement in Mathumarakayar 3rd cross street at Ward no 6 in Vandavasi Municipality","THARANIVENTHAN M S","ARANI","Images","13-Feb-2026","195666"
"1624","Normal/Others","WS/MP18173/2026-2027/231081-Purchase of hospital equipment","Tamil Nadu","TIRUVANNAMALAI(DISTRICT COLLECTOR TIRUVANNAMALAI_IDA)","Providing medical equipment for Nallur Government Primary Health Center in Thellar Union","THARANIVENTHAN M S","ARANI","Images","07-Aug-2026","29998"
"1625","Normal/Others","WS/MP18173/2025-2026/231083-Lighting of public spaces","Tamil Nadu","Viluppuram(DISTRICT COLLECTOR VILLUPURAM_IDA)","Providing intsallation og High Mass Light ( 12 Mt Height 150 W) 6 numbers near Velanganni Arogiya Annai Chruch at Gingee -Thiruvannamali road Alampundi Panchayat in Madura Reddipalayam Village","THARANIVENTHAN M S","ARANI","N/A","23-Feb-2026","748827"
"1626","Normal/Others","WS/MP18173/2025-2026/231085-Construction of community centers and community halls","Tamil Nadu","Viluppuram(DISTRICT COLLECTOR VILLUPURAM_IDA)","Construction of Fair price shop at Jambodi Panchayat in Gingee Union","THARANIVENTHAN M S","ARANI","Images","28-Jul-2026","1359013"
"1627","Normal/Others","WS/MP18173/2025-2026/231088-Construction of roads, link roads, pathways or any other road with or without drainage system","Tamil Nadu","Viluppuram(DISTRICT COLLECTOR VILLUPURAM_IDA)","Construction of cement concrete pavement at Mozhiyanur Indira nagar road in Nagar area at Nedumozhianur Panchayat","THARANIVENTHAN M S","ARANI","Images","27-Nov-2025","499797"
"1628","Normal/Others","WS/MP18173/2025-2026/232602-Development of public parks","Tamil Nadu","TIRUVANNAMALAI(DISTRICT COLLECTOR TIRUVANNAMALAI_IDA)","Childrens Park and Installation of Sports materials at Kalaingar Arangham opposirte at Eramalur Panchayat","THARANIVENTHAN M S","ARANI","Images","02-Apr-2026","981712"
"1629","Normal/Others","WS/MP18173/2025-2026/232604-Lighting of public spaces","Tamil Nadu","TIRUVANNAMALAI(DISTRICT COLLECTOR TIRUVANNAMALAI_IDA)","Providing of Installation in Mini Mass Solar Light 9 Mt 100W , Solar LED Light 6 No at Kunnathur Panchayat","THARANIVENTHAN M S","ARANI","Images","25-Nov-2025","550000"
"1630","Normal/Others","WS/MP18173/2025-2026/232608-Lighting of public spaces","Tamil Nadu","TIRUVANNAMALAI(DISTRICT COLLECTOR TIRUVANNAMALAI_IDA)","Providing of Installation in Mini Mass Solar Light 9 Mt 100W , Solar LED Light 6 No at Poosimlaikuppam Panchayat","THARANIVENTHAN M S","ARANI","N/A","01-Apr-2026","550000"
"1631","Normal/Others","WS/MP18173/2025-2026/232609-Lighting of public spaces","Tamil Nadu","TIRUVANNAMALAI(DISTRICT COLLECTOR TIRUVANNAMALAI_IDA)","Providing of Installation in Mini Mass Solar Light 9 Mt 100W , Solar LED Light 6 No at Nesal Panchayat","THARANIVENTHAN M S","ARANI","N/A","01-Apr-2026","550000"
"1632","Normal/Others","WS/MP18173/2025-2026/232610-Lighting of public spaces","Tamil Nadu","TIRUVANNAMALAI(DISTRICT COLLECTOR TIRUVANNAMALAI_IDA)","Providing of Installation in Mini Mass Solar Light 9 Mt 100W , Solar LED Light 6 No at Thirumani Panchayat","THARANIVENTHAN M S","ARANI","Images","30-Oct-2025","550000"
"1633","Normal/Others","WS/MP18173/2025-2026/232612-Lighting of public spaces","Tamil Nadu","TIRUVANNAMALAI(DISTRICT COLLECTOR TIRUVANNAMALAI_IDA)","Providing of Installation in Mini Mass Light 9 Mt 150W , LED Light 6 No at Ezhacheri Panchayat","THARANIVENTHAN M S","ARANI","Images","24-Nov-2025","300000"
"1634","Normal/Others","WS/MP18173/2025-2026/232613-Lighting of public spaces","Tamil Nadu","TIRUVANNAMALAI(DISTRICT COLLECTOR TIRUVANNAMALAI_IDA)","Providing of Installation in Mini Mass Solar Light 9 Mt 100W , Solar LED Light 6 No at Theyyar Panchayat","THARANIVENTHAN M S","ARANI","Images","10-Apr-2026","550000"
"1635","Normal/Others","WS/MP18173/2025-2026/232625-Lighting of public spaces","Tamil Nadu","TIRUVANNAMALAI(DISTRICT COLLECTOR TIRUVANNAMALAI_IDA)","Providing of Installation in Mini Mass Light 9 Mt 150W , LED Light 6 No KilKovalaivedu Panchayat","THARANIVENTHAN M S","ARANI","Images","31-Dec-2025","300000"
"1636","Normal/Others","WS/MP18173/2025-2026/232629-Lighting of public spaces","Tamil Nadu","TIRUVANNAMALAI(DISTRICT COLLECTOR TIRUVANNAMALAI_IDA)","Providing of Installation in Mini Mass Light 9 Mt 150W , LED Light 6 No Settupattu Panchayat","THARANIVENTHAN M S","ARANI","Images","31-Dec-2025","300000"
"1637","Normal/Others","WS/MP18173/2025-2026/232630-Lighting of public spaces","Tamil Nadu","TIRUVANNAMALAI(DISTRICT COLLECTOR TIRUVANNAMALAI_IDA)","Providing of Installation in Mini Mass Light 9 Mt 150W , LED Light 6 No , near ADC block Thensenthamangalam Panchayat","THARANIVENTHAN M S","ARANI","Images","31-Dec-2025","300000"
"1638","Normal/Others","WS/MP18173/2025-2026/232631-Lighting of public spaces","Tamil Nadu","TIRUVANNAMALAI(DISTRICT COLLECTOR TIRUVANNAMALAI_IDA)","Providing of Installation in Mini Mass Light 9 Mt 150W , LED Light 6 No , Karam Panchayat","THARANIVENTHAN M S","ARANI","Images","31-Dec-2025","300000"
"1639","Normal/Others","WS/MP18173/2025-2026/232758-Construction of roads, link roads, pathways or any other road with or without drainage system","Tamil Nadu","TIRUVANNAMALAI(DISTRICT COLLECTOR TIRUVANNAMALAI_IDA)","Providing Cement Concrete pavement at Jain Temple road at Nallur Panchayat","THARANIVENTHAN M S","ARANI","Images","22-Jan-2026","199936"
"1640","Normal/Others","WS/MP18173/2025-2026/232761-Providing drains and gutters for public drainage","Tamil Nadu","TIRUVANNAMALAI(DISTRICT COLLECTOR TIRUVANNAMALAI_IDA)","Construction of side Drainage at Japthikaranai Panchayat","THARANIVENTHAN M S","ARANI","Images","10-Apr-2026","199960"
"1641","Normal/Others","WS/MP18174/2025-2026/184623-Construction of bus-sheds or bus-stops","Tamil Nadu","COIMBATORE(DISTRICT COLLECTOR COIMBATORE_IDA)","Providing SS Hand Rails at Maruthmalai Adivaram Bus Stop Near (Immovable),  Somayampalayam Panchayat","GANAPATHY RAJKUMAR P","COIMBATORE","N/A","02-Jan-2026","499709"
"1642","Normal/Others","WS/MP18174/2025-2026/184624-Construction of buildings for crèches and anganwadies","Tamil Nadu","COIMBATORE(DISTRICT COLLECTOR COIMBATORE_IDA)","Construction of ICDS Cente No.412 and 413 at Avarampalayam Road (Perumal Koil Side) in Ward No.27, North Zone of Coimbatore Corporation","GANAPATHY RAJKUMAR P","COIMBATORE","Images","24-Feb-2026","2200000"
"1643","Normal/Others","WS/MP18174/2025-2026/184627-Providing drains and gutters for public drainage","Tamil Nadu","COIMBATORE(DISTRICT COLLECTOR COIMBATORE_IDA)","Construction of Storm Water Drain from 18th Ward Vijayam Nagar to Malligai Garden in Sulur Town Panchayat","GANAPATHY RAJKUMAR P","COIMBATORE","N/A","25-Aug-2025","3000000"
"1644","Normal/Others","WS/MP18174/2025-2026/184728-Construction of water tanks","Tamil Nadu","TIRUPPUR(DISTRICT COLLECTOR TIRUPPUR_IDA)","Construction of a ground-level tank (Sump) in RV Nagar, Madhapur Panchayat, Pongalur Block","GANAPATHY RAJKUMAR P","COIMBATORE","Images","05-Nov-2025","1299965"
"1645","Normal/Others","WS/MP18174/2025-2026/184737-Purchase of IT systems, including hardware and software for educational purposes","Tamil Nadu","TIRUPPUR(DISTRICT COLLECTOR TIRUPPUR_IDA)","Providing Smart Class Room Facilities to the Government Higher School at Ganapathypalayam of Pongalur Block","GANAPATHY RAJKUMAR P","COIMBATORE","Images","10-Feb-2026","600000"
"1646","Normal/Others","WS/MP18174/2025-2026/221517-Purchase of smart boards, visual display units and projectors","Tamil Nadu","TIRUPPUR(DISTRICT COLLECTOR TIRUPPUR_IDA)","Providing Smart Class Room Facilities to the Government Higher School at Koduvai of Palladam Block","GANAPATHY RAJKUMAR P","COIMBATORE","Images","10-Feb-2026","600000"
"1647","Normal/Others","WS/MP18174/2025-2026/269192-Purchase of smart boards, visual display units and projectors","Tamil Nadu","COIMBATORE(DISTRICT COLLECTOR COIMBATORE_IDA)","Providing Smart Board to the Panchayat Union Elementary School at Kondayampalayam of Sarcarsamakulam Block","GANAPATHY RAJKUMAR P","COIMBATORE","Images","19-Aug-2026","400000"
"1648","Normal/Others","WS/MP18175/2024-2025/149209-Construction of buildings for crèches and anganwadies","Tamil Nadu","DHARMAPURI(DISTRICT COLLECTOR DHARMAPURI_IDA)","Construciton of Anganwadi Building at Sekkandahalli village Kambainallur Town Panchayat","MANI. A.","DHARAMAPURI","Images","18-Aug-2026","1655000"
"1649","Normal/Others","WS/MP18175/2024-2025/149219-Construction of buildings for crèches and anganwadies","Tamil Nadu","DHARMAPURI(DISTRICT COLLECTOR DHARMAPURI_IDA)","Construciton of Angwadi building at Pudhu reddiyur Kadathur Town Panchayat","MANI. A.","DHARAMAPURI","Images","17-Aug-2026","1655000"
"1650","Normal/Others","WS/MP18175/2025-2026/149536-Construction of Government office buildings (Post office, Police station, Police chauki, etc.)","Tamil Nadu","DHARMAPURI(DISTRICT COLLECTOR DHARMAPURI_IDA)","Construction of Panchayat office building at Bandahalli panchyat Bandahalli village.(Fund MGNREGS AND MP Fund)","MANI. A.","DHARAMAPURI","Images","20-Jun-2025","1000000"
"1651","Normal/Others","WS/MP18175/2025-2026/158071-Construction of Government office buildings (Post office, Police station, Police chauki, etc.)","Tamil Nadu","DHARMAPURI(DISTRICT COLLECTOR DHARMAPURI_IDA)","Construction of Ration shop building at Panjapalli panchayat Oddarthinnai village","MANI. A.","DHARAMAPURI","N/A","24-Sep-2025","749592"
"1652","Normal/Others","WS/MP18175/2025-2026/171232-Purchase of furniture and fixtures for educational purposes","Tamil Nadu","DHARMAPURI(DISTRICT COLLECTOR DHARMAPURI_IDA)","Procurement and supply of Desk and Bench(80 set) at Govt.Hr.Sec.School, Palacode block A.Mallalpuram","MANI. A.","DHARAMAPURI","Images","16-Jun-2025","1000000"
"1653","Normal/Others","WS/MP18175/2025-2026/171233-Purchase of furniture and fixtures for educational purposes","Tamil Nadu","DHARMAPURI(DISTRICT COLLECTOR DHARMAPURI_IDA)","Procurement and supply of Desk and Bench(80 set) at Govt.Boys.Hr.Sec.School, Palacode","MANI. A.","DHARAMAPURI","Images","16-Jun-2025","1000000"
"1654","Normal/Others","WS/MP18175/2025-2026/171234-Purchase of furniture and fixtures for educational purposes","Tamil Nadu","DHARMAPURI(DISTRICT COLLECTOR DHARMAPURI_IDA)","Procurement and supply of Desk and Bench(100 set) at Govt.Hr.Sec.School, Krishnapuram","MANI. A.","DHARAMAPURI","N/A","04-Jul-2025","1250000"
"1655","Normal/Others","WS/MP18175/2025-2026/171235-Purchase of furniture and fixtures for educational purposes","Tamil Nadu","DHARMAPURI(DISTRICT COLLECTOR DHARMAPURI_IDA)","Procurement and supply of Desk and Bench(200 set) at Govt.Boys.Hr.Sec.School, Karmangalam","MANI. A.","DHARAMAPURI","N/A","04-Jul-2025","2500000"
"1656","Normal/Others","WS/MP18175/2025-2026/171236-Purchase of furniture and fixtures for educational purposes","Tamil Nadu","DHARMAPURI(DISTRICT COLLECTOR DHARMAPURI_IDA)","Procurement and supply of Desk and Bench(50 set) at Adhiyaman.Govt.Boys.Hr.Sec.School, Dharmapuri","MANI. A.","DHARAMAPURI","Images","16-Jul-2025","625000"
"1657","Normal/Others","WS/MP18175/2025-2026/171237-Purchase of furniture and fixtures for educational purposes","Tamil Nadu","DHARMAPURI(DISTRICT COLLECTOR DHARMAPURI_IDA)","Procurement and supply of Desk and Bench(50 set) at Avvaiyar.Govt.Girls.Hr.Sec.School, Dharmapuri","MANI. A.","DHARAMAPURI","Images","16-Jul-2025","625000"
"1658","Normal/Others","WS/MP18175/2025-2026/171238-Purchase of furniture and fixtures for educational purposes","Tamil Nadu","DHARMAPURI(DISTRICT COLLECTOR DHARMAPURI_IDA)","Procurement and supply of Desk and Bench(50 set) at Govt.Hr.Sec.School, Harur Block, Naripalli","MANI. A.","DHARAMAPURI","Images","16-Jul-2025","625000"
"1659","Normal/Others","WS/MP18175/2025-2026/171239-Purchase of furniture and fixtures for educational purposes","Tamil Nadu","DHARMAPURI(DISTRICT COLLECTOR DHARMAPURI_IDA)","Procurement and supply of Desk and Bench(50 set) at Govt.Boys.Hr.Sec.School, Kadathur Kadathur Block","MANI. A.","DHARAMAPURI","Images","16-Jul-2025","625000"
"1660","Normal/Others","WS/MP18175/2025-2026/171240-Purchase of furniture and fixtures for educational purposes","Tamil Nadu","DHARMAPURI(DISTRICT COLLECTOR DHARMAPURI_IDA)","Procurement and supply of Desk and Bench(50 set) at Govt.Hr.Sec.School, Doddamapatty Morappur Block","MANI. A.","DHARAMAPURI","Images","16-Jul-2025","625000"
"1661","Normal/Others","WS/MP18175/2025-2026/171241-Purchase of furniture and fixtures for educational purposes","Tamil Nadu","DHARMAPURI(DISTRICT COLLECTOR DHARMAPURI_IDA)","Procurement and supply of Desk and Bench(50 set) at Arignar Anna .Govt.Hr.Sec.School, Adhiyamankottai, Nallamapalli block","MANI. A.","DHARAMAPURI","Images","16-Jul-2025","625000"
"1662","Normal/Others","WS/MP18175/2025-2026/171242-Purchase of furniture and fixtures for educational purposes","Tamil Nadu","DHARMAPURI(DISTRICT COLLECTOR DHARMAPURI_IDA)","Procurement and supply of Desk and Bench(40 set) at Adhiyamankottai Govt.Girls.Hr.Sec.School, Adhiyamankottai, Nallamapalli block","MANI. A.","DHARAMAPURI","Images","16-Jun-2025","500000"
"1663","Normal/Others","WS/MP18175/2025-2026/179447-Purchase of hospital equipment","Tamil Nadu","DHARMAPURI(DISTRICT COLLECTOR DHARMAPURI_IDA)","Procurement and supply of Chest X-Ray DR Panel 17x17 ERAY Gold 17x17 Machine 1-No.","MANI. A.","DHARAMAPURI","N/A","07-May-2025","678720"
"1664","Normal/Others","WS/MP18175/2025-2026/198999-Purchase of furniture and fixtures for educational purposes","Tamil Nadu","DHARMAPURI(DISTRICT COLLECTOR DHARMAPURI_IDA)","Procurement and supply of Desk and Bench (30 set x 15500) at Govt.Girls Higher.Sec.School Lakkiyampatti","MANI. A.","DHARAMAPURI","Images","09-Apr-2026","465000"
"1665","Normal/Others","WS/MP18175/2025-2026/199000-Purchase of furniture and fixtures for educational purposes","Tamil Nadu","DHARMAPURI(DISTRICT COLLECTOR DHARMAPURI_IDA)","Procurement and supply of Desk and Bench (30 set x 15500) at Govt.Higher.Sec.School K.Naduhalli","MANI. A.","DHARAMAPURI","Images","10-Apr-2026","465000"
"1666","Normal/Others","WS/MP18175/2025-2026/199001-Purchase of furniture and fixtures for educational purposes","Tamil Nadu","DHARMAPURI(DISTRICT COLLECTOR DHARMAPURI_IDA)","Procurement and supply of Desk and Bench (30 set x 15500) at Govt.Higher.Sec.School Puddireddipatti","MANI. A.","DHARAMAPURI","Images","10-Apr-2026","465000"
"1667","Normal/Others","WS/MP18175/2025-2026/199002-Purchase of furniture and fixtures for educational purposes","Tamil Nadu","DHARMAPURI(DISTRICT COLLECTOR DHARMAPURI_IDA)","Procurement and supply of Desk and Bench (30 set x 15500) at Govt.Higher.Sec.School Odasalpatti","MANI. A.","DHARAMAPURI","Images","10-Apr-2026","465000"
"1668","Normal/Others","WS/MP18175/2025-2026/199004-Purchase of furniture and fixtures for educational purposes","Tamil Nadu","DHARMAPURI(DISTRICT COLLECTOR DHARMAPURI_IDA)","Procurement and supply of Desk and Bench (30 set x 15500) at Govt.Higher.Sec.School, Pulikarai","MANI. A.","DHARAMAPURI","Images","10-Apr-2026","465000"
"1669","Normal/Others","WS/MP18175/2025-2026/199005-Purchase of furniture and fixtures for educational purposes","Tamil Nadu","DHARMAPURI(DISTRICT COLLECTOR DHARMAPURI_IDA)","Procurement and supply of Desk and Bench (30 set x 15500) at Govt.Higher.Sec.School, Jogipatti","MANI. A.","DHARAMAPURI","Images","10-Apr-2026","465000"
"1670","Normal/Others","WS/MP18175/2025-2026/199150-Construction of Government office buildings (Post office, Police station, Police chauki, etc.)","Tamil Nadu","DHARMAPURI(DISTRICT COLLECTOR DHARMAPURI_IDA)","Construction of part-time PD shop at Kammalaptti panchayat Pappinayakanahalli village","MANI. A.","DHARAMAPURI","N/A","12-Jan-2026","749358"
"1671","Normal/Others","WS/MP18175/2025-2026/199152-Installing tube-wells and borewells","Tamil Nadu","DHARMAPURI(DISTRICT COLLECTOR DHARMAPURI_IDA)","New Borewell and Mini tank at Jittandahalli panchayat Madagari village M.K.Muniraj house near","MANI. A.","DHARAMAPURI","N/A","03-Nov-2025","348357"
"1672","Normal/Others","WS/MP18175/2025-2026/208929-Purchase of furniture and fixtures for educational purposes","Tamil Nadu","SALEM(DISTRICT COLLECTOR SALEM_IDA)","Procurement and Supply of Desk and Bench(100 set)  at Government Higher Sec.School, Vellar","MANI. A.","DHARAMAPURI","Images","05-Feb-2026","1250000"
"1673","Normal/Others","WS/MP18175/2025-2026/208930-Purchase of furniture and fixtures for educational purposes","Tamil Nadu","SALEM(DISTRICT COLLECTOR SALEM_IDA)","Procurement and Supply of Desk and Bench(100 set) at Government Boys Higher Sec.School, Mecheri","MANI. A.","DHARAMAPURI","Images","05-Feb-2026","1250000"
"1674","Normal/Others","WS/MP18175/2025-2026/208931-Purchase of furniture and fixtures for educational purposes","Tamil Nadu","SALEM(DISTRICT COLLECTOR SALEM_IDA)","Procurement and Supply of Desk and Bench(100 set) at Government Girls Higher Sec.School, Mecheri","MANI. A.","DHARAMAPURI","Images","05-Feb-2026","1250000"
"1675","Normal/Others","WS/MP18175/2025-2026/210960-Purchase of smart boards, visual display units and projectors","Tamil Nadu","SALEM(DISTRICT COLLECTOR SALEM_IDA)","Procurement and supply Smart Class (INTRACTIVE PANEL 1 No.) at Panchayat union Middle School at Kolathur","MANI. A.","DHARAMAPURI","Images","09-Oct-2025","200000"
"1676","Normal/Others","WS/MP18175/2025-2026/210961-Purchase of smart boards, visual display units and projectors","Tamil Nadu","SALEM(DISTRICT COLLECTOR SALEM_IDA)","Procurement and supply Smart Class (INTRACTIVE PANEL 1 No.) at Panchayat union Middle School at Palakad","MANI. A.","DHARAMAPURI","Images","09-Oct-2025","200000"
"1677","Normal/Others","WS/MP18175/2025-2026/210962-Purchase of smart boards, visual display units and projectors","Tamil Nadu","SALEM(DISTRICT COLLECTOR SALEM_IDA)","Procurement and supply Smart Class (INTRACTIVE PANEL 1 No.) at Panchayat union Middle School at Kachayanur","MANI. A.","DHARAMAPURI","Images","09-Oct-2025","200000"
"1678","Normal/Others","WS/MP18175/2025-2026/210963-Purchase of smart boards, visual display units and projectors","Tamil Nadu","SALEM(DISTRICT COLLECTOR SALEM_IDA)","Procurement and supply Smart Class (INTRACTIVE PANEL 1 No.) at Panchayat union Middle School at Thethigiripatti","MANI. A.","DHARAMAPURI","Images","09-Oct-2025","200000"
"1679","Normal/Others","WS/MP18175/2025-2026/210964-Purchase of smart boards, visual display units and projectors","Tamil Nadu","SALEM(DISTRICT COLLECTOR SALEM_IDA)","Procurement and supply Smart Class (INTRACTIVE PANEL 1 No.) at Panchayat union Middle School at Amaram","MANI. A.","DHARAMAPURI","Images","09-Oct-2025","200000"
"1680","Normal/Others","WS/MP18175/2025-2026/210965-Purchase of smart boards, visual display units and projectors","Tamil Nadu","SALEM(DISTRICT COLLECTOR SALEM_IDA)","Procurement and supply Smart Class (INTRACTIVE PANEL 1 No.) at Panchayat union Middle School at Virudasampatti","MANI. A.","DHARAMAPURI","Images","14-Oct-2025","200000"
"1681","Normal/Others","WS/MP18175/2025-2026/210966-Purchase of smart boards, visual display units and projectors","Tamil Nadu","SALEM(DISTRICT COLLECTOR SALEM_IDA)","Procurement and supply Smart Class (INTRACTIVE PANEL 1 No.) at Panchayat union Middle School at Thongalanoor","MANI. A.","DHARAMAPURI","Images","12-Oct-2025","200000"
"1682","Normal/Others","WS/MP18175/2025-2026/210967-Purchase of smart boards, visual display units and projectors","Tamil Nadu","SALEM(DISTRICT COLLECTOR SALEM_IDA)","Procurement and supply Smart Class (INTRACTIVE PANEL 1 No.) at Panchayat union Middle School at Amarathanur","MANI. A.","DHARAMAPURI","Images","12-Oct-2025","200000"
"1683","Normal/Others","WS/MP18175/2025-2026/210968-Purchase of smart boards, visual display units and projectors","Tamil Nadu","SALEM(DISTRICT COLLECTOR SALEM_IDA)","Procurement and supply Smart Class (INTRACTIVE PANEL 1 No.) at Panchayat union Middle School at Virudasampatti","MANI. A.","DHARAMAPURI","Images","14-Oct-2025","200000"
"1684","Normal/Others","WS/MP18175/2025-2026/210969-Purchase of smart boards, visual display units and projectors","Tamil Nadu","SALEM(DISTRICT COLLECTOR SALEM_IDA)","Procurement and supply Smart Class (INTRACTIVE PANEL 1 No.) at Panchayat union Middle School at Parakallur","MANI. A.","DHARAMAPURI","Images","12-Oct-2025","200000"
"1685","Normal/Others","WS/MP18175/2025-2026/210977-Purchase of smart boards, visual display units and projectors","Tamil Nadu","SALEM(DISTRICT COLLECTOR SALEM_IDA)","Procurement and supply of SMART CLASS INTRACTIVE PANEL 1 NO at Panchayat Union Middle Schoo at Veeranur","MANI. A.","DHARAMAPURI","Images","12-Oct-2025","200000"
"1686","Normal/Others","WS/MP18175/2025-2026/210978-Purchase of smart boards, visual display units and projectors","Tamil Nadu","SALEM(DISTRICT COLLECTOR SALEM_IDA)","Procurement and supply of SMART CLASS INTRACTIVE PANEL 1 NO at Panchayat Union Middle Schoo at Andikarai","MANI. A.","DHARAMAPURI","Images","12-Oct-2025","200000"
"1687","Normal/Others","WS/MP18175/2025-2026/210979-Purchase of smart boards, visual display units and projectors","Tamil Nadu","SALEM(DISTRICT COLLECTOR SALEM_IDA)","Procurement and supply of SMART CLASS INTRACTIVE PANEL 1 NO at Panchayat Union Middle Schoo at S.Pudhureddiyur","MANI. A.","DHARAMAPURI","Images","12-Oct-2025","200000"
"1688","Normal/Others","WS/MP18175/2025-2026/210980-Purchase of smart boards, visual display units and projectors","Tamil Nadu","SALEM(DISTRICT COLLECTOR SALEM_IDA)","Procurement and supply of SMART CLASS INTRACTIVE PANEL 1 NO at Panchayat Union Middle Schoo at Katheripatti","MANI. A.","DHARAMAPURI","Images","12-Oct-2025","200000"
"1689","Normal/Others","WS/MP18175/2025-2026/210981-Purchase of smart boards, visual display units and projectors","Tamil Nadu","SALEM(DISTRICT COLLECTOR SALEM_IDA)","Procurement and supply of SMART CLASS INTRACTIVE PANEL 1 NO at Panchayat Union Middle Schoo at Ayyampudur","MANI. A.","DHARAMAPURI","Images","12-Oct-2025","200000"
"1690","Normal/Others","WS/MP18175/2025-2026/210982-Purchase of smart boards, visual display units and projectors","Tamil Nadu","SALEM(DISTRICT COLLECTOR SALEM_IDA)","Procurement and supply of SMART CLASS INTRACTIVE PANEL 1 NO at Panchayat Union Middle Schoo at Poraiyur","MANI. A.","DHARAMAPURI","Images","12-Oct-2025","200000"
"1691","Normal/Others","WS/MP18175/2025-2026/210983-Purchase of smart boards, visual display units and projectors","Tamil Nadu","SALEM(DISTRICT COLLECTOR SALEM_IDA)","Procurement and supply of SMART CLASS INTRACTIVE PANEL 1 NO at Panchayat Union Middle Schoo at Pannavadi","MANI. A.","DHARAMAPURI","Images","12-Oct-2025","200000"
"1692","Normal/Others","WS/MP18175/2025-2026/210984-Purchase of smart boards, visual display units and projectors","Tamil Nadu","SALEM(DISTRICT COLLECTOR SALEM_IDA)","Procurement and supply of SMART CLASS INTRACTIVE PANEL 1 NO at Panchayat Union Middle School at Kottaiyur","MANI. A.","DHARAMAPURI","Images","12-Oct-2025","200000"
"1693","Normal/Others","WS/MP18175/2025-2026/210985-Purchase of smart boards, visual display units and projectors","Tamil Nadu","SALEM(DISTRICT COLLECTOR SALEM_IDA)","Procurement and supply of SMART CLASS INTRACTIVE PANEL 1 NO at Panchayat Union Middle School at Kaveripuram","MANI. A.","DHARAMAPURI","Images","12-Oct-2025","200000"
"1694","Normal/Others","WS/MP18175/2025-2026/210986-Purchase of smart boards, visual display units and projectors","Tamil Nadu","SALEM(DISTRICT COLLECTOR SALEM_IDA)","Procurement and supply of SMART CLASS INTRACTIVE PANEL 1 NO at Panchayat Union Middle School at Govindapadi","MANI. A.","DHARAMAPURI","Images","12-Oct-2025","200000"
"1695","Normal/Others","WS/MP18175/2025-2026/221063-Installing tube-wells and borewells","Tamil Nadu","DHARMAPURI(DISTRICT COLLECTOR DHARMAPURI_IDA)","New borewell and Mini tank at Somenahalli panchayat Gorapalli village","MANI. A.","DHARAMAPURI","N/A","17-Mar-2026","349127"
"1696","Normal/Others","WS/MP18175/2025-2026/221158-Street lights","Tamil Nadu","DHARMAPURI(DISTRICT COLLECTOR DHARMAPURI_IDA)","Procurement and supply of Highmast light(LED) new electric pole at Ward No.15 Vedikottai Four Road near Papparapatty Town panchayat","MANI. A.","DHARAMAPURI","Images","14-May-2026","600000"
"1697","Normal/Others","WS/MP18175/2025-2026/221159-Street lights","Tamil Nadu","DHARMAPURI(DISTRICT COLLECTOR DHARMAPURI_IDA)","Procurement and supply of Highmast light(LED) new electric pole at Ward No.2 A.Papparapatty Vanniyar street near Papparapatty Town panchayat","MANI. A.","DHARAMAPURI","Images","14-May-2026","600000"
"1698","Normal/Others","WS/MP18175/2025-2026/221160-Street lights","Tamil Nadu","DHARMAPURI(DISTRICT COLLECTOR DHARMAPURI_IDA)","Procurement and supply of Highmast light(LED) new electric pole at Ward No.13 Mulluvadi Primary School Four Road near Pennagaram Town panchayat","MANI. A.","DHARAMAPURI","Images","27-Aug-2026","600000"
"1699","Normal/Others","WS/MP18175/2025-2026/221161-Street lights","Tamil Nadu","DHARMAPURI(DISTRICT COLLECTOR DHARMAPURI_IDA)","Procurement and supply of Highmast light(LED) new electric pole at Ward No.15 Nagamarai Bye-pass Road near Pennagaram Town panchayat","MANI. A.","DHARAMAPURI","Images","27-Aug-2026","600000"
"1700","Normal/Others","WS/MP18175/2025-2026/221162-Street lights","Tamil Nadu","DHARMAPURI(DISTRICT COLLECTOR DHARMAPURI_IDA)","Procurement and supply of Highmast light(LED) new electric pole at Ward No.8 Bramanar street Eswaram Kovil near Pennagaram Town panchayat","MANI. A.","DHARAMAPURI","Images","27-Aug-2026","600000"
"1701","Normal/Others","WS/MP18175/2025-2026/221163-Street lights","Tamil Nadu","DHARMAPURI(DISTRICT COLLECTOR DHARMAPURI_IDA)","Procurement and supply of Highmast light(LED) new electric pole at Ward No.9 Podur Road privu, Hogenakkal Road Four Road privu Pennagaram Town panchayat","MANI. A.","DHARAMAPURI","Images","27-Aug-2026","600000"
"1702","Normal/Others","WS/MP18175/2025-2026/221223-Street lights","Tamil Nadu","DHARMAPURI(DISTRICT COLLECTOR DHARMAPURI_IDA)","Procurement and supply of Highmast light(LED) Iron wire new electric pole at Ward No.1 B.Mallapuram Bus stand enterance (16m) B.mallapuram Town panchayat","MANI. A.","DHARAMAPURI","Images","06-Mar-2026","600000"
"1703","Normal/Others","WS/MP18175/2025-2026/221224-Street lights","Tamil Nadu","DHARMAPURI(DISTRICT COLLECTOR DHARMAPURI_IDA)","Procurement and supply of Highmast light(LED) Iron wire new electric pole at Ward No.1 Dharmapuri Road Forest Bungalow opposite B.mallapuram Town panchayat","MANI. A.","DHARAMAPURI","Images","06-Mar-2026","600000"
"1704","Normal/Others","WS/MP18175/2025-2026/225162-Installing community drinking water plants","Tamil Nadu","DHARMAPURI(DISTRICT COLLECTOR DHARMAPURI_IDA)","RO plant at Thadangam panchayat Govt.Arts College Additional Building","MANI. A.","DHARAMAPURI","N/A","20-Mar-2026","982229"
"1705","Normal/Others","WS/MP18175/2025-2026/225193-Installing community drinking water plants","Tamil Nadu","DHARMAPURI(DISTRICT COLLECTOR DHARMAPURI_IDA)","Ro Plant at Thadangam panchayat Govt.Arts. College Main Building","MANI. A.","DHARAMAPURI","N/A","20-Mar-2026","991618"
"1706","Normal/Others","WS/MP18175/2025-2026/225195-Installing community drinking water plants","Tamil Nadu","DHARMAPURI(DISTRICT COLLECTOR DHARMAPURI_IDA)","RO Plant at Lakkiyamaptti panchaya District Collector office near","MANI. A.","DHARAMAPURI","N/A","14-Mar-2026","999036"
"1707","Normal/Others","WS/MP18175/2025-2026/225221-Installing community drinking water plants","Tamil Nadu","DHARMAPURI(DISTRICT COLLECTOR DHARMAPURI_IDA)","RO Plant at Govt.Engineering College Settikarai","MANI. A.","DHARAMAPURI","N/A","08-Apr-2026","999481"
"1708","Normal/Others","WS/MP18175/2025-2026/225911-Installing community drinking water plants","Tamil Nadu","DHARMAPURI(DISTRICT COLLECTOR DHARMAPURI_IDA)","RO plant 300lit at Thadangam panchayat District Collectorate Additional Building      (4 Nos.)","MANI. A.","DHARAMAPURI","N/A","20-Jan-2026","799898"
"1709","Normal/Others","WS/MP18175/2025-2026/225913-Installing community drinking water plants","Tamil Nadu","DHARMAPURI(DISTRICT COLLECTOR DHARMAPURI_IDA)","RO plant 500lit at Thadangam panchayat District Collectorate Additional Building        (2 Nos.)","MANI. A.","DHARAMAPURI","N/A","02-Jan-2026","599667"
"1710","Normal/Others","WS/MP18175/2025-2026/225914-Street lights","Tamil Nadu","DHARMAPURI(DISTRICT COLLECTOR DHARMAPURI_IDA)","Procurement and supply Highmast light New pole with with an iron cord  (12m) at Thadangam panchayat District Collectorate Additional Building (4 Nos.)","MANI. A.","DHARAMAPURI","N/A","29-Apr-2026","2165580"
"1711","Normal/Others","WS/MP18176/2024-2025/139718-Construction of buildings for crèches and anganwadies","Tamil Nadu","DINDIGUL(DISTRICT COLLECTOR DINDIGUL_IDA)","CONSTRUCTION OF SEMMETTUPATTI ANGANWADI BUILDING","SACHITHANANTHAM R","DINDIGUL","N/A","08-Dec-2025","1653634"
"1712","Normal/Others","WS/MP18176/2024-2025/139719-Construction of buildings for community cultural activities","Tamil Nadu","DINDIGUL(DISTRICT COLLECTOR DINDIGUL_IDA)","CONSTRUCTION OF DRAMA STAGE SERVEEDU PUDUR @ VELAMPATTI","SACHITHANANTHAM R","DINDIGUL","Images","16-Mar-2026","847547"
"1713","Normal/Others","WS/MP18176/2024-2025/139946-Construction of buildings for crèches and anganwadies","Tamil Nadu","DINDIGUL(DISTRICT COLLECTOR DINDIGUL_IDA)","CONSTRUCTION OF Kullalagundu @ Kalladipatty ANGANWADI BUILDING","SACHITHANANTHAM R","DINDIGUL","N/A","23-Apr-2025","1652193"
"1714","Normal/Others","WS/MP18176/2024-2025/139947-Construction of water tanks","Tamil Nadu","DINDIGUL(DISTRICT COLLECTOR DINDIGUL_IDA)","Construction of Kottur @ Sangalpatty 30000 Litre Water Tanks Building","SACHITHANANTHAM R","DINDIGUL","Images","14-Jan-2026","1652052"
"1715","Normal/Others","WS/MP18176/2024-2025/139956-Installing tube-wells and borewells","Tamil Nadu","DINDIGUL(DISTRICT COLLECTOR DINDIGUL_IDA)","Installing Vellodu - Narasingapuram Government higher Secondary school - bore well (Purpose Drinking water)","SACHITHANANTHAM R","DINDIGUL","N/A","24-Oct-2024","399715"
"1716","Normal/Others","WS/MP18176/2024-2025/139957-Construction of buildings for community cultural activities","Tamil Nadu","DINDIGUL(DISTRICT COLLECTOR DINDIGUL_IDA)","CONSTRUCTION OF DRAMA STAGE  Dhomaiyarpuram @ Adiyanuthu","SACHITHANANTHAM R","DINDIGUL","N/A","03-Jul-2025","849407"
"1717","Normal/Others","WS/MP18176/2024-2025/139958-Construction of buildings for crèches and anganwadies","Tamil Nadu","DINDIGUL(DISTRICT COLLECTOR DINDIGUL_IDA)","CONSTRUCTION OF Solakulaththupatty ANGANWADI BUILDING","SACHITHANANTHAM R","DINDIGUL","N/A","06-Feb-2026","1698995"
"1718","Normal/Others","WS/MP18176/2024-2025/139959-Construction of public toilets and bathrooms","Tamil Nadu","DINDIGUL(DISTRICT COLLECTOR DINDIGUL_IDA)","Construction of free public toilets and bathrooms in bus stand natham (ward No: 9)","SACHITHANANTHAM R","DINDIGUL","N/A","22-Jan-2026","1000000"
"1719","Normal/Others","WS/MP18176/2024-2025/140224-Construction of buildings for crèches and anganwadies","Tamil Nadu","DINDIGUL(DISTRICT COLLECTOR DINDIGUL_IDA)","CONSTRUCTION OF KATTAKAMANPATTY ANGANWADI BUILDING","SACHITHANANTHAM R","DINDIGUL","N/A","05-Nov-2025","1654667"
"1720","Normal/Others","WS/MP18176/2024-2025/140258-Providing supply pipelines for drinking water","Tamil Nadu","DINDIGUL(DISTRICT COLLECTOR DINDIGUL_IDA)","05.001 - Installing tube-wells and borewells in Eluvanampatty @ uchchampatty (supply pipelines for drinking water)","SACHITHANANTHAM R","DINDIGUL","N/A","10-Oct-2025","499340"
"1721","Normal/Others","WS/MP18176/2024-2025/140269-Lighting of public spaces","Tamil Nadu","DINDIGUL(DISTRICT COLLECTOR DINDIGUL_IDA)","Lighting of public spaces in Natham Ward No: 7 Mariyamman kovil high mast light","SACHITHANANTHAM R","DINDIGUL","N/A","07-Mar-2025","1000000"
"1722","Normal/Others","WS/MP18176/2024-2025/140385-Lighting of public spaces","Tamil Nadu","DINDIGUL(DISTRICT COLLECTOR DINDIGUL_IDA)","Lighting of public spaces in Sirumalai @palaiyur high mast light","SACHITHANANTHAM R","DINDIGUL","N/A","29-Jul-2025","499500"
"1723","Normal/Others","WS/MP18176/2024-2025/142537-Lighting of public spaces","Tamil Nadu","DINDIGUL(DISTRICT COLLECTOR DINDIGUL_IDA)","Keeranur ward No: 1 bus Stand high Mast Light","SACHITHANANTHAM R","DINDIGUL","N/A","18-Jun-2025","1000000"
"1724","Normal/Others","WS/MP18176/2024-2025/142538-Construction of Government office buildings (Post office, Police station, Police chauki, etc.)","Tamil Nadu","DINDIGUL(DISTRICT COLLECTOR DINDIGUL_IDA)","Keeranur - Ward No: 15, Madhurai veeran kovil Street Ration Shop BUILDING","SACHITHANANTHAM R","DINDIGUL","N/A","23-Jun-2025","1000000"
"1725","Normal/Others","WS/MP18176/2024-2025/142544-Lighting of public spaces","Tamil Nadu","DINDIGUL(DISTRICT COLLECTOR DINDIGUL_IDA)","Oddanchatram Municipality - Ward No: 4 - old Gandhi Market Complex @ Three High Mast light","SACHITHANANTHAM R","DINDIGUL","N/A","22-Jul-2025","3000000"
"1726","Normal/Others","WS/MP18176/2024-2025/142550-Construction of buildings for community cultural activities","Tamil Nadu","DINDIGUL(DISTRICT COLLECTOR DINDIGUL_IDA)","CONSTRUCTION OF DRAMA STAGE West Parai Street @ Thangachiammapatty","SACHITHANANTHAM R","DINDIGUL","Images","10-Jul-2025","1000000"
"1727","Normal/Others","WS/MP18176/2024-2025/142552-Construction of buildings for community cultural activities","Tamil Nadu","DINDIGUL(DISTRICT COLLECTOR DINDIGUL_IDA)","CONSTRUCTION OF DRAMA STAGE Malligapuram @ Puliyamarathukottai","SACHITHANANTHAM R","DINDIGUL","Images","31-Jul-2025","1000000"
"1728","Normal/Others","WS/MP18176/2024-2025/142553-Construction of public libraries and reading rooms","Tamil Nadu","DINDIGUL(DISTRICT COLLECTOR DINDIGUL_IDA)","Construction of public libraries BUILDING @ Kolumakondan Near periyar ninaivu kattitam arukil nulaga kattitam","SACHITHANANTHAM R","DINDIGUL","Images","10-Mar-2026","1483160"
"1729","Normal/Others","WS/MP18176/2024-2025/146590-Providing CCTV camera system for security of public areas","Tamil Nadu","DINDIGUL(DISTRICT COLLECTOR DINDIGUL_IDA)","Providing CCTV camera system for security in Palani Municipality (CCTV Camera Maintanance Control: Deputy Superintentdent of police, Palani)","SACHITHANANTHAM R","DINDIGUL","N/A","21-Jan-2025","4999254"
"1730","Normal/Others","WS/MP18176/2025-2026/176962-Construction of public libraries and reading rooms","Tamil Nadu","DINDIGUL(DISTRICT COLLECTOR DINDIGUL_IDA)","Palani Ayakudi Town Panchayat 10th ward, Sandai pettai, Near Ration shop, District Branch Library building allot","SACHITHANANTHAM R","DINDIGUL","N/A","30-Jan-2026","2500000"
"1731","Normal/Others","WS/MP18176/2025-2026/181964-Lighting of public spaces","Tamil Nadu","DINDIGUL(DISTRICT COLLECTOR DINDIGUL_IDA)","Dindigul corporation 24th ward Muthalakupatty Ground high mass light","SACHITHANANTHAM R","DINDIGUL","N/A","28-Jan-2026","981780"
"1732","Normal/Others","WS/MP18176/2025-2026/181966-Construction of rooms and facilities for hospitals, FWC , PHC Centers and ANM centers","Tamil Nadu","DINDIGUL(DISTRICT COLLECTOR DINDIGUL_IDA)","Dindigul Government college and hospital Maternity ward opposite waiting Hall all facilities (Womens)","SACHITHANANTHAM R","DINDIGUL","N/A","29-Oct-2025","1198353"
"1733","Normal/Others","WS/MP18176/2025-2026/181969-Construction of buildings for crèches and anganwadies","Tamil Nadu","DINDIGUL(DISTRICT COLLECTOR DINDIGUL_IDA)","Dindigul corporation 11th ward palani road near town hospital Anganwadie building","SACHITHANANTHAM R","DINDIGUL","N/A","18-Dec-2025","1700000"
"1734","Normal/Others","WS/MP18176/2025-2026/181970-Construction of boundary walls of existing public and community buildings","Tamil Nadu","DINDIGUL(DISTRICT COLLECTOR DINDIGUL_IDA)","Dindigul Corporation 2nd ward Corporation school boundary wall","SACHITHANANTHAM R","DINDIGUL","N/A","27-Nov-2025","999934"
"1735","Normal/Others","WS/MP18176/2025-2026/181971-Construction of public toilets and bathrooms","Tamil Nadu","DINDIGUL(DISTRICT COLLECTOR DINDIGUL_IDA)","Dindigul Corporation 35th ward Anna Colony near Muthusamy kulam public toilets and bathroom","SACHITHANANTHAM R","DINDIGUL","N/A","27-Nov-2025","1500000"
"1736","Normal/Others","WS/MP18176/2025-2026/185568-Setting up public non-conventional energy plants","Tamil Nadu","DINDIGUL(DISTRICT COLLECTOR DINDIGUL_IDA)","Sanarpatty Union Tavasimadai Near Nadagametai Solar System Light","SACHITHANANTHAM R","DINDIGUL","N/A","24-Feb-2026","498735"
"1737","Normal/Others","WS/MP18176/2025-2026/192963-Construction of rooms and facilities for hospitals, FWC , PHC Centers and ANM centers","Tamil Nadu","DINDIGUL(DISTRICT COLLECTOR DINDIGUL_IDA)","Dindigul Corporation 12th ward Government Medical College And Hospital Maternity ward opposite Male Waiting Hall with Toilet","SACHITHANANTHAM R","DINDIGUL","Images","28-Oct-2025","1198673"
"1738","Normal/Others","WS/MP18176/2025-2026/192968-Construction of buildings for crèches and anganwadies","Tamil Nadu","DINDIGUL(DISTRICT COLLECTOR DINDIGUL_IDA)","Batlagundu Town panchayat 12th ward Arunachalapuram Construction of buildings anganwadie Center","SACHITHANANTHAM R","DINDIGUL","N/A","11-Dec-2025","1700000"
"1739","Normal/Others","WS/MP18176/2025-2026/198920-Setting up public non-conventional energy plants","Tamil Nadu","DINDIGUL(DISTRICT COLLECTOR DINDIGUL_IDA)","Pallapatty Panchayat Ganesapuram near murugan temple solar system high mast light","SACHITHANANTHAM R","DINDIGUL","N/A","13-Feb-2026","498120"
"1740","Normal/Others","WS/MP18176/2025-2026/198921-Setting up public non-conventional energy plants","Tamil Nadu","DINDIGUL(DISTRICT COLLECTOR DINDIGUL_IDA)","Kurumbapatti Panchayat Periyar Nagar near oor manthai Solar System High mast light","SACHITHANANTHAM R","DINDIGUL","N/A","13-Feb-2026","498120"
"1741","Normal/Others","WS/MP18176/2025-2026/198922-Construction of additional rooms and halls in the existing public and community building","Tamil Nadu","DINDIGUL(DISTRICT COLLECTOR DINDIGUL_IDA)","Balakrishnapuram panchayat acharajakkapatty half time Ration Shop","SACHITHANANTHAM R","DINDIGUL","N/A","02-Jan-2026","981549"
"1742","Normal/Others","WS/MP18176/2025-2026/198934-Construction of additional rooms and halls in the existing public and community building","Tamil Nadu","DINDIGUL(DISTRICT COLLECTOR DINDIGUL_IDA)","Periyakottai Panchayat kovukavundanpatty half time Ration Shop","SACHITHANANTHAM R","DINDIGUL","N/A","03-Nov-2025","982283"
"1743","Normal/Others","WS/MP18176/2025-2026/198935-Construction of additional rooms and halls in the existing public and community building","Tamil Nadu","DINDIGUL(DISTRICT COLLECTOR DINDIGUL_IDA)","Tamaraipadi Panchayat Tampinayakkanparaipatti half time Ration Shop","SACHITHANANTHAM R","DINDIGUL","N/A","20-Mar-2026","981010"
"1744","Normal/Others","WS/MP18176/2025-2026/198956-Construction of buildings for crèches and anganwadies","Tamil Nadu","DINDIGUL(DISTRICT COLLECTOR DINDIGUL_IDA)","senthurai Panchayat Palanipatty Anganwadie Building","SACHITHANANTHAM R","DINDIGUL","N/A","30-Mar-2026","1689572"
"1745","Normal/Others","WS/MP18176/2025-2026/198965-Construction of buildings for community cultural activities","Tamil Nadu","DINDIGUL(DISTRICT COLLECTOR DINDIGUL_IDA)","Avilipatty Panchayat Kalathupatty Near Ration Shop cultural activities Building","SACHITHANANTHAM R","DINDIGUL","N/A","17-Dec-2025","998970"
"1746","Normal/Others","WS/MP18176/2025-2026/199022-Lighting of public spaces","Tamil Nadu","DINDIGUL(DISTRICT COLLECTOR DINDIGUL_IDA)","Pattiveeranpatty Town Panchayat 13th ward Ambethkar Nagar Near Kaliyamman Temple Ground high mast light","SACHITHANANTHAM R","DINDIGUL","Images","17-Dec-2025","1000000"
"1747","Normal/Others","WS/MP18176/2025-2026/199025-Lighting of public spaces","Tamil Nadu","DINDIGUL(DISTRICT COLLECTOR DINDIGUL_IDA)","Nilakkottai Town Pachayat N.Puthupatty Near Kaliyamman temple high mast light","SACHITHANANTHAM R","DINDIGUL","N/A","16-Dec-2025","1000000"
"1748","Normal/Others","WS/MP18176/2025-2026/199094-Construction of additional rooms and halls in the existing public and community building","Tamil Nadu","DINDIGUL(DISTRICT COLLECTOR DINDIGUL_IDA)","Sevugampatty Town Panchayat 6th ward m.vatipatty Full Time Ration Shop","SACHITHANANTHAM R","DINDIGUL","N/A","24-Dec-2025","1300000"
"1749","Normal/Others","WS/MP18176/2025-2026/204170-Construction of additional rooms and halls in the existing public and community building","Tamil Nadu","DINDIGUL(DISTRICT COLLECTOR DINDIGUL_IDA)","Chettinaickenpatty Panchayat EB Colony Full Time Ration Shop","SACHITHANANTHAM R","DINDIGUL","N/A","04-Mar-2026","1299260"
"1750","Normal/Others","WS/MP18176/2025-2026/206504-Construction of bus-sheds or bus-stops","Tamil Nadu","DINDIGUL(DISTRICT COLLECTOR DINDIGUL_IDA)","Veeralapatti Village Bus Stop","SACHITHANANTHAM R","DINDIGUL","Images","06-Apr-2026","900000"
"1751","Normal/Others","WS/MP18176/2025-2026/206510-Construction of bus-sheds or bus-stops","Tamil Nadu","DINDIGUL(DISTRICT COLLECTOR DINDIGUL_IDA)","Kappilliapatti Village Near achutha School bus Stop","SACHITHANANTHAM R","DINDIGUL","Images","29-Dec-2025","1000000"
"1752","Normal/Others","WS/MP18176/2025-2026/206519-Construction of boundary walls of existing public and community buildings","Tamil Nadu","DINDIGUL(DISTRICT COLLECTOR DINDIGUL_IDA)","Jawadupatti Union Office boundary wall","SACHITHANANTHAM R","DINDIGUL","Images","20-Feb-2026","1000000"
"1753","Normal/Others","WS/MP18176/2025-2026/206523-Construction of bus-sheds or bus-stops","Tamil Nadu","DINDIGUL(DISTRICT COLLECTOR DINDIGUL_IDA)","Porulur Village Bus Stop","SACHITHANANTHAM R","DINDIGUL","Images","11-Mar-2026","998112"
"1754","Normal/Others","WS/MP18176/2025-2026/216740-Construction of additional rooms and halls in the existing public and community building","Tamil Nadu","DINDIGUL(DISTRICT COLLECTOR DINDIGUL_IDA)","Agaram Town Panchayat 8th Ward Chathirapatty Part Time Ration Shop","SACHITHANANTHAM R","DINDIGUL","N/A","13-Mar-2026","1300000"
"1755","Normal/Others","WS/MP18176/2025-2026/232406-Lighting of public spaces","Tamil Nadu","DINDIGUL(DISTRICT COLLECTOR DINDIGUL_IDA)","Kotaikkanal Taluk Vilpatty Village Peththuparai High Mast Light","SACHITHANANTHAM R","DINDIGUL","N/A","22-Dec-2025","700000"
"1756","Normal/Others","WS/MP18176/2025-2026/232407-Lighting of public spaces","Tamil Nadu","DINDIGUL(DISTRICT COLLECTOR DINDIGUL_IDA)","Kotaikkanal Taluk Vilpatty Village Annai Sathya Colony High Mast Light","SACHITHANANTHAM R","DINDIGUL","N/A","22-Dec-2025","700000"
"1757","Normal/Others","WS/MP18176/2025-2026/232410-Lighting of public spaces","Tamil Nadu","DINDIGUL(DISTRICT COLLECTOR DINDIGUL_IDA)","Kotaikkanal Taluk Kamanur Village Mangalamkombu High Mast Light","SACHITHANANTHAM R","DINDIGUL","N/A","22-Dec-2025","700000"
"1758","Normal/Others","WS/MP18176/2025-2026/246743-Setting up public non-conventional energy plants","Tamil Nadu","DINDIGUL(DISTRICT COLLECTOR DINDIGUL_IDA)","Palani Union Karadikoottam Village Akkamanayakanoor near Bus Stop Solar System Light","SACHITHANANTHAM R","DINDIGUL","N/A","16-Apr-2026","578000"
"1759","Normal/Others","WS/MP18176/2025-2026/246744-Setting up public non-conventional energy plants","Tamil Nadu","DINDIGUL(DISTRICT COLLECTOR DINDIGUL_IDA)","Palani Union Karadikootrtam Village Karadikoottam Near Bus Stop Solar System Light","SACHITHANANTHAM R","DINDIGUL","N/A","16-Apr-2026","578000"
"1760","Normal/Others","WS/MP18176/2025-2026/246745-Setting up public non-conventional energy plants","Tamil Nadu","DINDIGUL(DISTRICT COLLECTOR DINDIGUL_IDA)","Palani Union Pappampatty Village Pappampatty Near Market Solar System Light","SACHITHANANTHAM R","DINDIGUL","N/A","16-Apr-2026","578000"
"1761","Normal/Others","WS/MP18177/2025-2026/146616-Construction of community centers and community halls","Tamil Nadu","TIRUPPUR(DISTRICT COLLECTOR TIRUPPUR_IDA)","Construction of New P.D.Shop at Karunkalivalasu area in Kolathupalayam Town Panchayat - 2024-25","K E PRAKASH","ERODE","Images","22-Dec-2025","1700000"
"1762","Normal/Others","WS/MP18177/2024-2025/149274-Street lights","Tamil Nadu","NAMAKKAL(DISTRICT COLLECTOR NAMAKKAL_IDA)","installation of LED street light for a distance of 500 mtr from Malappalayam road pirivu to Ranganur pirivu in Pallakkapalayam Panchayat - 2024 - 2025","K E PRAKASH","ERODE","Images","18-Feb-2026","965985"
"1763","Normal/Others","WS/MP18177/2024-2025/149311-Construction of roads, link roads, pathways or any other road with or without drainage system","Tamil Nadu","ERODE(DISTRICT_COLLECTORE_ERODE_IDA)","Construction of Drainage at ward No;30 thindal medical nagar area IInd street and 1,2,3 cross street in Erode Corporation, Zone II - 2024-2025","K E PRAKASH","ERODE","Images","14-Mar-2025","1800000"
"1764","Normal/Others","WS/MP18177/2024-2025/149332-Street lights","Tamil Nadu","ERODE(DISTRICT_COLLECTORE_ERODE_IDA)","installation of New High tower Lamp (12 mtrs high) Inside the weekly market in ward no:11 in modakurichi Panchayat - 2024 - 2025","K E PRAKASH","ERODE","Images","18-Feb-2025","600000"
"1765","Normal/Others","WS/MP18177/2024-2025/149334-Street lights","Tamil Nadu","ERODE(DISTRICT_COLLECTORE_ERODE_IDA)","Installation of New High tower light (12 mtrs high) at Alangkattu Valasu near karpaga vinayagar Kovil at ward no.13 in Modakurichi Town Panchayat - 2024- 2025","K E PRAKASH","ERODE","Images","18-Feb-2025","600000"
"1766","Normal/Others","WS/MP18177/2024-2025/149336-Street lights","Tamil Nadu","ERODE(DISTRICT_COLLECTORE_ERODE_IDA)","installation of high tower light (12 mtrs high) at the emanur mariyamman temple front side, ward no - 2 and 3 in Kodumudi town panchayat 2024 - 25","K E PRAKASH","ERODE","Images","28-Feb-2025","600000"
"1767","Normal/Others","WS/MP18177/2024-2025/149339-Street lights","Tamil Nadu","ERODE(DISTRICT_COLLECTORE_ERODE_IDA)","Installation of New high tower lamp (9 mtr high) Muthu Mariamman Kovil near in ward no:24, Erode Corporation - 2024 - 2025","K E PRAKASH","ERODE","Images","29-Apr-2025","400000"
"1768","Normal/Others","WS/MP18177/2024-2025/149340-Street lights","Tamil Nadu","ERODE(DISTRICT_COLLECTORE_ERODE_IDA)","Installation of New High Tower Lamp (9 mtr High) Krishnampalayam Colony near in Ward No:24, Erode Corporation - 2024-2025","K E PRAKASH","ERODE","Images","29-Apr-2025","400000"
"1769","Normal/Others","WS/MP18177/2024-2025/149341-Street lights","Tamil Nadu","ERODE(DISTRICT_COLLECTORE_ERODE_IDA)","Installation of New High tower Lamp (9 mtr High) Pumping Station road, IIIrd street in ward No;24, Erode Corporation 2024 - 2025","K E PRAKASH","ERODE","Images","29-Apr-2025","389353"
"1770","Normal/Others","WS/MP18177/2024-2025/149342-Purchase of furniture and fixtures for educational purposes","Tamil Nadu","ERODE(DISTRICT_COLLECTORE_ERODE_IDA)","Procurement and supply of 50 sets Desk and Benches to AvalPoondurai Govt. Higher Secondary School - 2024 - 2025","K E PRAKASH","ERODE","Images","09-Jan-2025","625000"
"1771","Normal/Others","WS/MP18177/2024-2025/149343-Purchase of furniture and fixtures for educational purposes","Tamil Nadu","ERODE(DISTRICT_COLLECTORE_ERODE_IDA)","Procurement and supply of 70 sets Desk and Bench to Arachalur Govt. Higher Secondary School - 2024- 2025","K E PRAKASH","ERODE","Images","09-Jan-2025","875000"
"1772","Normal/Others","WS/MP18177/2024-2025/149344-Construction of public staircase/ stair ghat for public convenience","Tamil Nadu","NAMAKKAL(DISTRICT COLLECTOR NAMAKKAL_IDA)","Construction of Bathing Ghat at ward No:4 on the river bank behind Angalamman Temple in Kumarapalayam Municipality 2024- 2025","K E PRAKASH","ERODE","Images","10-Jul-2026","2000000"
"1773","Normal/Others","WS/MP18177/2024-2025/149345-Purchase of sports equipment","Tamil Nadu","ERODE(DISTRICT_COLLECTORE_ERODE_IDA)","Supply to School Lab Equipment for Arachalur Govt. Higher Secondary School 2024 - 2025","K E PRAKASH","ERODE","Images","12-Dec-2024","624861"
"1774","Normal/Others","WS/MP18177/2024-2025/149398-Street lights","Tamil Nadu","ERODE(DISTRICT_COLLECTORE_ERODE_IDA)","Installation of High tower light (12 mtrs high) on four roads where Erode Karur State Highway and Kolanalli Veerasangili Village Road Junction Near Veterinary Hospital (Kachakkaran Forest) in Vellottamparappu Townpanchayat 2024 - 2025","K E PRAKASH","ERODE","Images","07-Mar-2025","600000"
"1775","Normal/Others","WS/MP18177/2024-2025/149401-Purchase of furniture and fixtures for educational purposes","Tamil Nadu","ERODE(DISTRICT_COLLECTORE_ERODE_IDA)","Procurement and Supply of 80 sets Desk and Bench to Sivagiri Govt. Girls Higher secondary school","K E PRAKASH","ERODE","Images","12-Dec-2024","1000000"
"1776","Normal/Others","WS/MP18177/2024-2025/149424-Purchase of sports equipment","Tamil Nadu","ERODE(DISTRICT_COLLECTORE_ERODE_IDA)","Supply of School Lab Equipment for AvalPoondurai Govt. Higher Secondary School 2024 - 2025","K E PRAKASH","ERODE","Images","12-Dec-2024","624861"
"1777","Normal/Others","WS/MP18177/2025-2026/152629-Construction of buildings for crèches and anganwadies","Tamil Nadu","ERODE(DISTRICT_COLLECTORE_ERODE_IDA)","Construction of New Anganwadi in Unjalur Karuvelampalayam Ramasamy Educational Institution Financial Aid Primary School (2024-25)","K E PRAKASH","ERODE","Images","19-Aug-2025","626143"
"1778","Normal/Others","WS/MP18177/2024-2025/152630-Street lights","Tamil Nadu","ERODE(DISTRICT_COLLECTORE_ERODE_IDA)","Installation of New high tower lamp (9mtr high) East Ambethkar street in ward No;33, zone-III, Erode Corporation (2024-25)","K E PRAKASH","ERODE","Images","24-Mar-2025","400000"
"1779","Normal/Others","WS/MP18177/2024-2025/152631-Street lights","Tamil Nadu","ERODE(DISTRICT_COLLECTORE_ERODE_IDA)","Installation of New high tower lamp(9mtr) Elango street corporation school opposite in ward No.33, Zone-III, Erode Corporation (2024-25)","K E PRAKASH","ERODE","Images","24-Mar-2025","400000"
"1780","Normal/Others","WS/MP18177/2024-2025/152632-Street lights","Tamil Nadu","ERODE(DISTRICT_COLLECTORE_ERODE_IDA)","Installation of New high tower lamp (9mtr High) S.S.P Nagar in Ward No.9 zone-II, Erode Corporation (2024-25)","K E PRAKASH","ERODE","Images","24-Mar-2025","400000"
"1781","Normal/Others","WS/MP18177/2024-2025/152633-Street lights","Tamil Nadu","ERODE(DISTRICT_COLLECTORE_ERODE_IDA)","Installation of New high Tower Lamp (9Mtrs High) Periyasemur Area in Ward No.9, Zone II, Erode Corporation (2024-25)","K E PRAKASH","ERODE","Images","24-Mar-2025","400000"
"1782","Normal/Others","WS/MP18177/2024-2025/152634-Street lights","Tamil Nadu","ERODE(DISTRICT_COLLECTORE_ERODE_IDA)","Installation of New high tower lamp (9Mtrs High) Senapathipalayam bus stop near in ward No.56, Zone- IV, Erode Corporation (2024-25)","K E PRAKASH","ERODE","Images","24-Mar-2025","400000"
"1783","Normal/Others","WS/MP18177/2024-2025/152635-Street lights","Tamil Nadu","ERODE(DISTRICT_COLLECTORE_ERODE_IDA)","Installation of New high tower lamp (9 mtrs High) Annai sathya nagar Narikuravar colony Near in ward No.56, Zone-IV, Erode corporation (2024-25)","K E PRAKASH","ERODE","Images","24-Mar-2025","400000"
"1784","Normal/Others","WS/MP18177/2025-2026/152638-Construction of water tanks","Tamil Nadu","ERODE(DISTRICT_COLLECTORE_ERODE_IDA)","Construction of OHT in 30000 Ltrs. Storage Tank in Ward No.8 at Vadugapatti North Moovendar Nagar in Erode District (2024-25)","K E PRAKASH","ERODE","Images","07-Apr-2025","1100000"
"1785","Normal/Others","WS/MP18177/2024-2025/156778-Purchase of furniture and fixtures for educational purposes","Tamil Nadu","ERODE(DISTRICT_COLLECTORE_ERODE_IDA)","procurement and supply of 50 sets Desk and Bench to Lakkapuram govt higher secondary school (2024-25)","K E PRAKASH","ERODE","Images","12-Dec-2024","625000"
"1786","Normal/Others","WS/MP18177/2024-2025/156779-Purchase of furniture and fixtures for educational purposes","Tamil Nadu","ERODE(DISTRICT_COLLECTORE_ERODE_IDA)","procurement and supply of 50 sets Desk and Bench to vellode Govt higher secondary school (2024 - 25)","K E PRAKASH","ERODE","Images","09-Jan-2025","625000"
"1787","Normal/Others","WS/MP18177/2024-2025/156780-Purchase of sports equipment","Tamil Nadu","ERODE(DISTRICT_COLLECTORE_ERODE_IDA)","Supply of school lab equipment for vellode govt. higher secondary school (2024-25)","K E PRAKASH","ERODE","Images","12-Dec-2024","624861"
"1788","Normal/Others","WS/MP18177/2024-2025/156781-Purchase of sports equipment","Tamil Nadu","ERODE(DISTRICT_COLLECTORE_ERODE_IDA)","supply of school lab equipment for Lakkapuram govt. higher secondary school (2024-25)","K E PRAKASH","ERODE","Images","12-Dec-2024","624861"
"1789","Normal/Others","WS/MP18177/2025-2026/156784-Street lights","Tamil Nadu","TIRUPPUR(DISTRICT COLLECTOR TIRUPPUR_IDA)","Installation of High Tower Electric Light near Chanarpalayam BSNL office in Mulanur town panchayat ( Minimass LIght) ( 9 mtrs Height 1 Nos) (2024 - 25)","K E PRAKASH","ERODE","Images","16-Apr-2026","400000"
"1790","Normal/Others","WS/MP18177/2025-2026/156785-Providing supply pipelines for drinking water","Tamil Nadu","TIRUPPUR(DISTRICT COLLECTOR TIRUPPUR_IDA)","Providing a new bore well and installation of 5 HP Electric motor and extension of drinking water pipe at Mangalapatti Village, Velampalayam Panchayat in Vellakoil Panchayat union (2024-25)","K E PRAKASH","ERODE","Images","01-Aug-2025","543613"
"1791","Normal/Others","WS/MP18177/2025-2026/156786-Establishing public ground water recharging facilities","Tamil Nadu","TIRUPPUR(DISTRICT COLLECTOR TIRUPPUR_IDA)","Construction of 10000 liter ground level tank and distribution of drinking water at kandasamy palayam, Velampalayam Panchayat in vellakoil panchayat union (2024 - 25)","K E PRAKASH","ERODE","Images","08-Sep-2025","729890"
"1792","Normal/Others","WS/MP18177/2025-2026/156787-Providing supply pipelines for drinking water","Tamil Nadu","TIRUPPUR(DISTRICT COLLECTOR TIRUPPUR_IDA)","Providing a New bore well and installing 5 HP electric motor for drinking water supply at ponnapuram, velampalayam Panchayat in vellakoil panchayat union (2024- 25)","K E PRAKASH","ERODE","Images","15-Oct-2025","335051"
"1793","Normal/Others","WS/MP18177/2025-2026/156788-Providing supply pipelines for drinking water","Tamil Nadu","TIRUPPUR(DISTRICT COLLECTOR TIRUPPUR_IDA)","Installation of 5 HP electric motor and extension of drinking water pipe. in Kangeyam palayam adi dravidar residence, velampalayam Panchayat, Vellakoil panchayat union (2024-25)","K E PRAKASH","ERODE","Images","08-Sep-2025","542407"
"1794","Normal/Others","WS/MP18177/2025-2026/156817-Providing supply pipelines for drinking water","Tamil Nadu","TIRUPPUR(DISTRICT COLLECTOR TIRUPPUR_IDA)","Providing of 5000 ltr syntex Tank and Extension of drinking water pipe in Molakaundan pudhur in muttur town panchayat of kangeyam assembly constituency. (2024-25)","K E PRAKASH","ERODE","Images","17-Oct-2025","112000"
"1795","Normal/Others","WS/MP18177/2025-2026/156819-Installing tube-wells and borewells","Tamil Nadu","TIRUPPUR(DISTRICT COLLECTOR TIRUPPUR_IDA)","Providing a new bore well in Kamachi valasu of papini panchayat in kangeyam panchayat union (2024-25)","K E PRAKASH","ERODE","Images","01-Aug-2025","197499"
"1796","Normal/Others","WS/MP18177/2025-2026/156821-Construction of water tanks","Tamil Nadu","TIRUPPUR(DISTRICT COLLECTOR TIRUPPUR_IDA)","Providing a new bore well and electric motor installation of 5000 liter syntex tank at public residence, rasapalayam in pothiyapalayam Panchayat (2024 - 25)","K E PRAKASH","ERODE","Images","13-Aug-2025","599961"
"1797","Normal/Others","WS/MP18177/2024-2025/160599-Purchase of sports equipment","Tamil Nadu","ERODE(DISTRICT_COLLECTORE_ERODE_IDA)","supply of school lab equipment for sivagiri govt. girls higher secondary school 2024-2025","K E PRAKASH","ERODE","Images","30-Dec-2024","624861"
"1798","Normal/Others","WS/MP18177/2025-2026/168389-Construction of additional rooms and halls in the existing public and community building","Tamil Nadu","ERODE(DISTRICT_COLLECTORE_ERODE_IDA)","Construction of New PDs outlet at Veppam palayam Sri sai Nagar in Pichandampalayam Panchayat 2024 - 2025","K E PRAKASH","ERODE","Images","11-Jul-2025","1499919"
"1799","Normal/Others","WS/MP18177/2024-2025/168391-Street lights","Tamil Nadu","ERODE(DISTRICT_COLLECTORE_ERODE_IDA)","Installation of high Tower ligher (12 mtr Height) in government Primary health center premises in chithode Town panchayat 2024-2025","K E PRAKASH","ERODE","Images","01-Mar-2025","600000"
"1800","Normal/Others","WS/MP18177/2024-2025/168394-Street lights","Tamil Nadu","ERODE(DISTRICT_COLLECTORE_ERODE_IDA)","Installation of High tower (12 mtr height) at Thai Nagar - Balaji Nagar Junction in Chithode town panchayat 2024- 25","K E PRAKASH","ERODE","Images","01-Mar-2025","600000"
"1801","Normal/Others","WS/MP18177/2024-2025/168420-Construction of community centers and community halls","Tamil Nadu","ERODE(DISTRICT_COLLECTORE_ERODE_IDA)","Construction of new PDS outlet at 5 cents in Ward No.16 porasamettu pudur natham survey G.S.No.1716 in Sivagiri Town panchayat 2024 -2025","K E PRAKASH","ERODE","N/A","18-Nov-2025","1400000"
"1802","Normal/Others","WS/MP18177/2024-2025/168453-Street lights","Tamil Nadu","ERODE(DISTRICT_COLLECTORE_ERODE_IDA)","Installation of Electric lights around athletics track in VOC park sports ground in Erode Corporation 2024-25","K E PRAKASH","ERODE","Images","15-Jul-2025","953186"
"1803","Normal/Others","WS/MP18177/2024-2025/168456-Street lights","Tamil Nadu","ERODE(DISTRICT_COLLECTORE_ERODE_IDA)","installation of  the High mass light(meters) at  thirunagar colony park in erode corporation 2024 - 2025","K E PRAKASH","ERODE","Images","25-Jul-2025","399783"
"1804","Normal/Others","WS/MP18177/2025-2026/168459-Construction of community centers and community halls","Tamil Nadu","ERODE(DISTRICT_COLLECTORE_ERODE_IDA)","Construction of new PDS outlet in samundi nagar area in erode Corporation 2024-25","K E PRAKASH","ERODE","Images","20-Feb-2026","1500000"
"1805","Normal/Others","WS/MP18177/2024-2025/168460-Street lights","Tamil Nadu","ERODE(DISTRICT_COLLECTORE_ERODE_IDA)","Construction of New high tower Electronic Light (12m Height) in the area between panchayat Union primary school and temple in Ellapalayam in sivagiri town panchayat 2024-25","K E PRAKASH","ERODE","Images","28-Mar-2025","600000"
"1806","Normal/Others","WS/MP18177/2025-2026/168461-Construction of roads, link roads, pathways or any other road with or without drainage system","Tamil Nadu","ERODE(DISTRICT_COLLECTORE_ERODE_IDA)","BT Road Repair work for Anna veethi mariamman Temple front, North and south side in Modakurichi Town panchayat 2024-25","K E PRAKASH","ERODE","Images","27-May-2025","2000000"
"1807","Normal/Others","WS/MP18177/2025-2026/168464-Construction of community centers and community halls","Tamil Nadu","ERODE(DISTRICT_COLLECTORE_ERODE_IDA)","Construction of Kitchen and Dining area on the First Floor of karattampalayam Community Hall in Vengambur Town panchayat 2024-2025","K E PRAKASH","ERODE","Images","16-Dec-2025","3000000"
"1808","Normal/Others","WS/MP18177/2025-2026/184075-Street lights","Tamil Nadu","ERODE(DISTRICT_COLLECTORE_ERODE_IDA)","Installation of High Tower light (12 meter Height) at uththirankattuputhur bus stand - (Arachalur - Kodumudi Main road)","K E PRAKASH","ERODE","N/A","01-Apr-2025","600000"
"1809","Normal/Others","WS/MP18177/2025-2026/205200-Street lights","Tamil Nadu","ERODE(DISTRICT_COLLECTORE_ERODE_IDA)","Installation of 12 Mtr (Hight Mast Light) high tower Electric Light near Community Hall, opposite Bharathi Street, Ward No. 7 Avalpoondurai Town panchayat (1 Nos) - 2025-26","K E PRAKASH","ERODE","Images","13-Oct-2025","600000"
"1810","Normal/Others","WS/MP18177/2025-2026/205218-Street lights","Tamil Nadu","TIRUPPUR(DISTRICT COLLECTOR TIRUPPUR_IDA)","Installation of 12 Mtr (Hight Mast Light) small tower Electric Light near the new bypass on Pollachi - Dharapuram - Karur road, Ward No. 1, Kolathupalayam Town Panchayat (1 Nos) (2025-26)","K E PRAKASH","ERODE","Images","17-Dec-2025","600000"
"1811","Normal/Others","WS/MP18177/2025-2026/205220-Setting up of laboratories","Tamil Nadu","TIRUPPUR(DISTRICT COLLECTOR TIRUPPUR_IDA)","Provision of science laboratory equipment to Kangeyam Government Higher Secondary School","K E PRAKASH","ERODE","N/A","10-Sep-2025","624861"
"1812","Normal/Others","WS/MP18177/2025-2026/205221-Setting up of laboratories","Tamil Nadu","TIRUPPUR(DISTRICT COLLECTOR TIRUPPUR_IDA)","Providing science laboratory equipment to Padiyur Government Higher Secondary School","K E PRAKASH","ERODE","N/A","10-Sep-2025","624861"
"1813","Normal/Others","WS/MP18177/2025-2026/205329-Setting up of laboratories","Tamil Nadu","TIRUPPUR(DISTRICT COLLECTOR TIRUPPUR_IDA)","Provision of science laboratory equipment to Vellakovil Government Higher Secondary School (2025-26)","K E PRAKASH","ERODE","N/A","10-Sep-2025","624861"
"1814","Normal/Others","WS/MP18177/2025-2026/205336-Setting up of laboratories","Tamil Nadu","TIRUPPUR(DISTRICT COLLECTOR TIRUPPUR_IDA)","Providing science laboratory equipment to Muttur Government Higher Secondary School (2025-26)","K E PRAKASH","ERODE","N/A","10-Sep-2025","624861"
"1815","Normal/Others","WS/MP18177/2025-2026/205339-Purchase of smart boards, visual display units and projectors","Tamil Nadu","TIRUPPUR(DISTRICT COLLECTOR TIRUPPUR_IDA)","Providing a SMART CLASS INTERACTIVE PANEL in Rasathivalasu Panchayat Union Middle School (1 Nos) (2025-26)","K E PRAKASH","ERODE","Images","11-Dec-2025","200000"
"1816","Normal/Others","WS/MP18177/2025-2026/205341-Purchase of smart boards, visual display units and projectors","Tamil Nadu","TIRUPPUR(DISTRICT COLLECTOR TIRUPPUR_IDA)","Providing a  SMART CLASS INTERACTIVE PANEL in Muthur Panchayat Union Middle School (2025-26)","K E PRAKASH","ERODE","Images","11-Dec-2025","200000"
"1817","Normal/Others","WS/MP18177/2025-2026/205342-Purchase of smart boards, visual display units and projectors","Tamil Nadu","TIRUPPUR(DISTRICT COLLECTOR TIRUPPUR_IDA)","Providing a SMART CLASS INTERACTIVE PANEL in Vellakovil Panchayat Union Middle School (2025-26)","K E PRAKASH","ERODE","Images","11-Dec-2025","200000"
"1818","Normal/Others","WS/MP18177/2025-2026/205346-Purchase of smart boards, visual display units and projectors","Tamil Nadu","TIRUPPUR(DISTRICT COLLECTOR TIRUPPUR_IDA)","Providing a  SMART CLASS INTERACTIVE PANEL in Chinnamuthur Panchayat Union Middle School (2025-26)","K E PRAKASH","ERODE","Images","11-Dec-2025","200000"
"1819","Normal/Others","WS/MP18177/2025-2026/205348-Purchase of smart boards, visual display units and projectors","Tamil Nadu","TIRUPPUR(DISTRICT COLLECTOR TIRUPPUR_IDA)","Providing a  SMART CLASS INTERACTIVE PANEL in Palayakottai Pudur Panchayat Union Middle School, Palayakottai (2025-26)","K E PRAKASH","ERODE","Images","11-Dec-2025","200000"
"1820","Normal/Others","WS/MP18177/2025-2026/205351-Purchase of smart boards, visual display units and projectors","Tamil Nadu","TIRUPPUR(DISTRICT COLLECTOR TIRUPPUR_IDA)","Providing a  SMART CLASS INTERACTIVE PANEL at Veeracholapuram Panchayat Union Middle School (2025-26)","K E PRAKASH","ERODE","Images","11-Dec-2025","200000"
"1821","Normal/Others","WS/MP18177/2025-2026/205358-Purchase of smart boards, visual display units and projectors","Tamil Nadu","TIRUPPUR(DISTRICT COLLECTOR TIRUPPUR_IDA)","Providing a SMART CLASS INTERACTIVE PANEL in M.Velayudhampalayam Panchayat Union Middle School (2025-26)","K E PRAKASH","ERODE","Images","11-Dec-2025","200000"
"1822","Normal/Others","WS/MP18177/2025-2026/205715-Street lights","Tamil Nadu","ERODE(DISTRICT_COLLECTORE_ERODE_IDA)","Installation of 12 Mtr (Hight Mast Light) high tower Electric Light near Easwaran Kovil, Ward No. 5 Easwaran Kovil Road, Avalpoondurai Town panchayat (1 Nos) - 2025-26","K E PRAKASH","ERODE","Images","13-Oct-2025","600000"
"1823","Normal/Others","WS/MP18177/2025-2026/205729-Purchase of smart boards, visual display units and projectors","Tamil Nadu","TIRUPPUR(DISTRICT COLLECTOR TIRUPPUR_IDA)","Providing Smart Class arrangements in Padiyur P.U.P.School at Kangayam Panchayat (2025-26)","K E PRAKASH","ERODE","Images","11-Dec-2025","200000"
"1824","Normal/Others","WS/MP18177/2025-2026/205914-Street lights","Tamil Nadu","ERODE(DISTRICT_COLLECTORE_ERODE_IDA)","Installation of 12 Mtr High Mass light in Ward No. 13 new bus stand at Kodumudi Town Panchayat (2025-26)","K E PRAKASH","ERODE","Images","21-Nov-2025","600000"
"1825","Normal/Others","WS/MP18177/2025-2026/205916-Street lights","Tamil Nadu","ERODE(DISTRICT_COLLECTORE_ERODE_IDA)","Installation of 9 Mtr (Hight Mast Light) high tower Electric Light near Ward No. 1, 2 Solangapalayam four-road junction in Kilampadi Town Panchayat (1 Nos) (2025-26)","K E PRAKASH","ERODE","N/A","26-Feb-2026","450000"
"1826","Normal/Others","WS/MP18177/2025-2026/205917-Street lights","Tamil Nadu","ERODE(DISTRICT_COLLECTORE_ERODE_IDA)","Installation of a Small Tower light of 9 Mtr (Hight Mast Light) in front of Ward No. 12 Karoothupalayam  School in Avalpoondurai Town Panchayat(1 Nos) (2025-26)","K E PRAKASH","ERODE","Images","13-Oct-2025","450000"
"1827","Normal/Others","WS/MP18177/2025-2026/205923-Street lights","Tamil Nadu","ERODE(DISTRICT_COLLECTORE_ERODE_IDA)","Installation of 9 Mtr (Hight Mast Light) small tower Electric Light Ward No.13 near Rasampalayam Mariamman Temple in Avalpoondurai Town Panchayat (1 Nos) (2025-26)","K E PRAKASH","ERODE","Images","13-Oct-2025","450000"
"1828","Normal/Others","WS/MP18177/2025-2026/205924-Street lights","Tamil Nadu","ERODE(DISTRICT_COLLECTORE_ERODE_IDA)","Installation of a small tower Electric Light at Ward No.7  9 Mtr (Hight Mast Light) near Sadiyaappa Swamy Temple in Kollankovil Town Panchayat (1 Nos) (2025-26)","K E PRAKASH","ERODE","N/A","28-Oct-2025","450000"
"1829","Normal/Others","WS/MP18177/2025-2026/205925-Street lights","Tamil Nadu","ERODE(DISTRICT_COLLECTORE_ERODE_IDA)","Installation of 12 Mtr (High Mass Light) high tower eletric light Ward no. 14 near selvanagar 3 road in Kollankovil Town Panchayat (1 Nos) (2025-26)","K E PRAKASH","ERODE","N/A","28-Oct-2025","450000"
"1830","Normal/Others","WS/MP18177/2025-2026/205931-Street lights","Tamil Nadu","ERODE(DISTRICT_COLLECTORE_ERODE_IDA)","Installation of a small tower Electric Light with a height of 9 Mtr (Hight Mast Light) in front of the Arulmigu Thirunageswarar Temple, Thalayanallur in sivagiri Town panchayat(1 Nos) (2025-26)","K E PRAKASH","ERODE","Images","13-Oct-2025","450000"
"1831","Normal/Others","WS/MP18177/2025-2026/205932-Street lights","Tamil Nadu","ERODE(DISTRICT_COLLECTORE_ERODE_IDA)","Installation of a small tower Electric Light with a height of 9 Mtr (Hight Mast Light) at Ward No. 15, near Arulmigu Velayudha swamy Temple front of the Kurinji in Sivagiri Town panchayat (2025-26)","K E PRAKASH","ERODE","Images","13-Oct-2025","450000"
"1832","Normal/Others","WS/MP18177/2025-2026/205934-Street lights","Tamil Nadu","ERODE(DISTRICT_COLLECTORE_ERODE_IDA)","Installation of a small tower Electric Light with a height of 9 Mtr (Hight Mast Light)Ward No. 3 Near Santhaipettai in Arachalur Town Panchayat(1 Nos) (2025-26)","K E PRAKASH","ERODE","Images","23-Feb-2026","450000"
"1833","Normal/Others","WS/MP18177/2025-2026/205935-Street lights","Tamil Nadu","ERODE(DISTRICT_COLLECTORE_ERODE_IDA)","Installation of a small tower Electric Light with a height of 9 Mtr (Hight Mast Light) Ward No. 12 near Komarapalayam bus stand Arachalur Town Panchayat  (1 Nos) (2025-26)","K E PRAKASH","ERODE","Images","24-Nov-2025","442176"
"1834","Normal/Others","WS/MP18177/2025-2026/205936-Street lights","Tamil Nadu","ERODE(DISTRICT_COLLECTORE_ERODE_IDA)","Installation of a small tower Electric Light with a height of 9 Mtr (Hight Mast Light) Ward No. 15 Odanilai Theeran Chinnamalai near Mani Mandapam, in Arachalur Town Panchayat (1 Nos) (2025-26)","K E PRAKASH","ERODE","Images","24-Nov-2025","442480"
"1835","Normal/Others","WS/MP18177/2025-2026/205937-Street lights","Tamil Nadu","ERODE(DISTRICT_COLLECTORE_ERODE_IDA)","Installation of 9 Mtr (Hight Mast Light) small tower Electric Light near Ward No. 3 North Velliampalayam in Avalpoondurai Town Panchayat (1 Nos) (2025-26)","K E PRAKASH","ERODE","Images","13-Oct-2025","450000"
"1836","Normal/Others","WS/MP18177/2025-2026/205938-Street lights","Tamil Nadu","ERODE(DISTRICT_COLLECTORE_ERODE_IDA)","Installation of a 9 Mtr (Hight Mast Light) small tower light near Ward No. 10 Ponkaliwalasu Division in Avalpoondurai Town panchayat(1 Nos) (2025-26)","K E PRAKASH","ERODE","Images","13-Oct-2025","450000"
"1837","Normal/Others","WS/MP18177/2025-2026/205941-Street lights","Tamil Nadu","ERODE(DISTRICT_COLLECTORE_ERODE_IDA)","Installation of 9 Mtr (High Mast Light) small tower electric light near Ward No.5 Ellaiyur Vinayagar Temple in Vemgambur Town Panchayat (1 Nos)","K E PRAKASH","ERODE","Images","13-Oct-2025","450000"
"1838","Normal/Others","WS/MP18177/2025-2026/205942-Street lights","Tamil Nadu","ERODE(DISTRICT_COLLECTORE_ERODE_IDA)","Installation of a small tower Electric Light with a height of 9 Mtr (Hight Mast Light) near Ward No. 11 Annamar Kovil Bus Stand in Vellottam parappur Town Panchayat(1 Nos) (2025-26)","K E PRAKASH","ERODE","Images","21-Nov-2025","450000"
"1839","Normal/Others","WS/MP18177/2025-2026/205953-Street lights","Tamil Nadu","ERODE(DISTRICT_COLLECTORE_ERODE_IDA)","Installation of a small tower Electric Light with a height of 9 Mtr (Hight Mast Light) near Ward No. 6, near Venkiyam Palayam Mariamman Temple front of the temple, in Pasur Town Panchayat(1 Nos) (2025-26)","K E PRAKASH","ERODE","N/A","14-Nov-2025","450000"
"1840","Normal/Others","WS/MP18177/2025-2026/205954-Street lights","Tamil Nadu","ERODE(DISTRICT_COLLECTORE_ERODE_IDA)","Installation of 9 Mtr (Hight Mast Light) small tower Electric Light near the front of Government Higher Secondary School in Ward No. 4,6,7 in Unjalur Town Panchayat(1 Nos) (2025-26)","K E PRAKASH","ERODE","N/A","18-Nov-2025","450000"
"1841","Normal/Others","WS/MP18177/2025-2026/205955-Street lights","Tamil Nadu","ERODE(DISTRICT_COLLECTORE_ERODE_IDA)","Installation of 9 Mtr (Hight Mast Light) small tower Electric Light near Ward No. 2 and 3 Salaiputhur Vaikkal Road in Chennasamudram Town panchayat (1 Nos) (2025-26)","K E PRAKASH","ERODE","Images","20-Nov-2025","450000"
"1842","Normal/Others","WS/MP18177/2025-2026/205956-Street lights","Tamil Nadu","ERODE(DISTRICT_COLLECTORE_ERODE_IDA)","Installation of 9 Mtr (Hight Mast Light) small tower Electric Light Ward No. 3, 6 Kalvettupalayam Bhagavathiyamman Temple near in Vengambur Town panchayat(1 Nos) (2025-26)","K E PRAKASH","ERODE","Images","13-Oct-2025","450000"
"1843","Normal/Others","WS/MP18177/2025-2026/205957-Street lights","Tamil Nadu","ERODE(DISTRICT_COLLECTORE_ERODE_IDA)","Installation of 9 Mtr High Mass light in Ward No. 14,15 near Thangayamman Kovil at Kodumudi Town Panchayat (2025-26)","K E PRAKASH","ERODE","Images","21-Nov-2025","450000"
"1844","Normal/Others","WS/MP18177/2025-2026/205958-Street lights","Tamil Nadu","ERODE(DISTRICT_COLLECTORE_ERODE_IDA)","Installation of 9 Mtr (Hight Mast Light) small tower Electric Light near Ward No. 10 Kangeyam Salai Panchayat Union Office in Chennimalai Town panchayat (1 Nos) (2025-26)","K E PRAKASH","ERODE","Images","22-Dec-2025","450000"
"1845","Normal/Others","WS/MP18177/2025-2026/205959-Street lights","Tamil Nadu","ERODE(DISTRICT_COLLECTORE_ERODE_IDA)","Installation of 9 Mtr (Hight Mast Light) small tower Electric Light near Ward No. 8 Appaichetty Street in Chennimalai Town panchayat(1 Nos) (2025-26)","K E PRAKASH","ERODE","Images","22-Dec-2025","450000"
"1846","Normal/Others","WS/MP18177/2025-2026/205967-Purchase of furniture and fixtures for educational purposes","Tamil Nadu","ERODE(DISTRICT_COLLECTORE_ERODE_IDA)","Procurement and supply of 20 Sets Desk and bench to Government Higher Secondary School in Kandikattuvalasu (2025-26)","K E PRAKASH","ERODE","Images","26-Sep-2025","250000"
"1847","Normal/Others","WS/MP18177/2025-2026/205971-Purchase of furniture and fixtures for educational purposes","Tamil Nadu","ERODE(DISTRICT_COLLECTORE_ERODE_IDA)","Purchase and supply of 50 sets of desks and benches to Erode Railway Colony Government Higher Secondary School  (2025-26)","K E PRAKASH","ERODE","Images","26-Sep-2025","625000"
"1848","Normal/Others","WS/MP18177/2025-2026/205973-Purchase of furniture and fixtures for educational purposes","Tamil Nadu","ERODE(DISTRICT_COLLECTORE_ERODE_IDA)","Purchase and supply of 10 sets of desks and benches to Saminathapuram Puthur Panchayat Union Middle School  (2025-26)","K E PRAKASH","ERODE","Images","26-Sep-2025","125000"
"1849","Normal/Others","WS/MP18177/2025-2026/205981-Purchase of furniture and fixtures for educational purposes","Tamil Nadu","ERODE(DISTRICT_COLLECTORE_ERODE_IDA)","Purchase and supply of 20 sets of desks and benches to Karunthevanpalayam Panchayat Union Middle School (2025-26)","K E PRAKASH","ERODE","Images","26-Sep-2025","250000"
"1850","Normal/Others","WS/MP18177/2025-2026/205982-Purchase of furniture and fixtures for educational purposes","Tamil Nadu","ERODE(DISTRICT_COLLECTORE_ERODE_IDA)","Purchase and supply of 30 sets of desks and benches to Modakurichi Panchayat Union Primary School  (2025-26)","K E PRAKASH","ERODE","Images","26-Sep-2025","375000"
"1851","Normal/Others","WS/MP18177/2025-2026/205983-Purchase of furniture and fixtures for educational purposes","Tamil Nadu","ERODE(DISTRICT_COLLECTORE_ERODE_IDA)","Providing a SMART CLASS INTERACTIVE PANEL at Anandampalayam Panchayat Union Middle School in Modakkurichi Panchayat (1 Nos) (2025-26)","K E PRAKASH","ERODE","Images","06-Sep-2025","200000"
"1852","Normal/Others","WS/MP18177/2025-2026/207637-Purchase of smart boards, visual display units and projectors","Tamil Nadu","ERODE(DISTRICT_COLLECTORE_ERODE_IDA)","Providing a SMART CLASS INTERACTIVE PANEL in Saminathapuram Puthur Panchayat Union Middle School (1 Nos) (2025-26)","K E PRAKASH","ERODE","Images","06-Sep-2025","200000"
"1853","Normal/Others","WS/MP18177/2025-2026/207679-Purchase of smart boards, visual display units and projectors","Tamil Nadu","ERODE(DISTRICT_COLLECTORE_ERODE_IDA)","Providing a SMART CLASS INTERACTIVE PANEL in Mettur Panchayat Union Middle School (1 Nos) (2025-26)","K E PRAKASH","ERODE","Images","06-Sep-2025","200000"
"1854","Normal/Others","WS/MP18177/2025-2026/207680-Purchase of smart boards, visual display units and projectors","Tamil Nadu","ERODE(DISTRICT_COLLECTORE_ERODE_IDA)","Providing a SMART CLASS INTERACTIVE PANEL in Puduwalasu Panchayat Union Middle School (1 Nos) (2025-26)","K E PRAKASH","ERODE","Images","06-Sep-2025","200000"
"1855","Normal/Others","WS/MP18177/2025-2026/207682-Purchase of smart boards, visual display units and projectors","Tamil Nadu","ERODE(DISTRICT_COLLECTORE_ERODE_IDA)","Providing a SMART CLASS INTERACTIVE PANEL in Municipal Nagar Panchayat Union Middle School (1 Nos) (2025-26)","K E PRAKASH","ERODE","Images","06-Sep-2025","200000"
"1856","Normal/Others","WS/MP18177/2025-2026/207687-Purchase of smart boards, visual display units and projectors","Tamil Nadu","ERODE(DISTRICT_COLLECTORE_ERODE_IDA)","Providing a SMART CLASS INTERACTIVE PANEL in Nathakaundanpalayam Panchayat Union Middle School (2025-26)","K E PRAKASH","ERODE","Images","06-Sep-2025","200000"
"1857","Normal/Others","WS/MP18177/2025-2026/207690-Purchase of smart boards, visual display units and projectors","Tamil Nadu","ERODE(DISTRICT_COLLECTORE_ERODE_IDA)","Providing a SMART CLASS INTERACTIVE PANEL in A.Oonjapalayam Panchayat Union Middle School (1 Nos) (2025-26)","K E PRAKASH","ERODE","Images","06-Sep-2025","200000"
"1858","Normal/Others","WS/MP18177/2025-2026/207699-Purchase of smart boards, visual display units and projectors","Tamil Nadu","ERODE(DISTRICT_COLLECTORE_ERODE_IDA)","Providing a SMART CLASS INTERACTIVE PANEL in Vettukkatuvalasu Panchayat Union Middle School (1 Nos) (2025-26)","K E PRAKASH","ERODE","Images","06-Sep-2025","200000"
"1859","Normal/Others","WS/MP18177/2025-2026/207708-Purchase of smart boards, visual display units and projectors","Tamil Nadu","ERODE(DISTRICT_COLLECTORE_ERODE_IDA)","Providing a SMART CLASS INTERACTIVE PANEL in Vilakethi Panchayat Union Middle School (1 Nos) (2025-26)","K E PRAKASH","ERODE","Images","06-Sep-2025","200000"
"1860","Normal/Others","WS/MP18177/2025-2026/207709-Purchase of smart boards, visual display units and projectors","Tamil Nadu","ERODE(DISTRICT_COLLECTORE_ERODE_IDA)","Providing af smart boards, visual display in Kagam Panchayat Union Middle School (2025-26)","K E PRAKASH","ERODE","Images","06-Sep-2025","200000"
"1861","Normal/Others","WS/MP18177/2025-2026/207712-Purchase of smart boards, visual display units and projectors","Tamil Nadu","ERODE(DISTRICT_COLLECTORE_ERODE_IDA)","Providing a SMART CLASS INTERACTIVE PANEL in Mannathampalayam Panchayat Union Middle School (1 Nos) (2025-26)","K E PRAKASH","ERODE","Images","06-Sep-2025","200000"
"1862","Normal/Others","WS/MP18177/2025-2026/207713-Purchase of smart boards, visual display units and projectors","Tamil Nadu","ERODE(DISTRICT_COLLECTORE_ERODE_IDA)","Providing a SMART CLASS INTERACTIVE PANEL in Kilyampatti Village Union Middle School (1 Nos) (2025-26)","K E PRAKASH","ERODE","Images","06-Sep-2025","200000"
"1863","Normal/Others","WS/MP18177/2025-2026/207715-Purchase of smart boards, visual display units and projectors","Tamil Nadu","ERODE(DISTRICT_COLLECTORE_ERODE_IDA)","Providing a SMART CLASS INTERACTIVE PANEL in Ponnathavalasu Panchayat Union Middle School (1 Nos) (2025-26)","K E PRAKASH","ERODE","Images","06-Sep-2025","200000"
"1864","Normal/Others","WS/MP18177/2025-2026/207716-Purchase of smart boards, visual display units and projectors","Tamil Nadu","ERODE(DISTRICT_COLLECTORE_ERODE_IDA)","Providing a SMART CLASS INTERACTIVE PANEL in Rasampalayam Panchayat Union Middle School (1 Nos) (2025-26)","K E PRAKASH","ERODE","Images","06-Sep-2025","200000"
"1865","Normal/Others","WS/MP18177/2025-2026/207722-Purchase of smart boards, visual display units and projectors","Tamil Nadu","ERODE(DISTRICT_COLLECTORE_ERODE_IDA)","Providing a SMART CLASS INTERACTIVE PANEL in Elaiampalayam Panchayat Union Middle School (1 Nos) (2025-26)","K E PRAKASH","ERODE","Images","04-Sep-2025","200000"
"1866","Normal/Others","WS/MP18177/2025-2026/207723-Purchase of smart boards, visual display units and projectors","Tamil Nadu","ERODE(DISTRICT_COLLECTORE_ERODE_IDA)","Providing a SMART CLASS INTERACTIVE PANEL in Sillangattuputhur Panchayat Union Middle School (1 Nos) (2025-26)","K E PRAKASH","ERODE","Images","04-Sep-2025","200000"
"1867","Normal/Others","WS/MP18177/2025-2026/207724-Purchase of smart boards, visual display units and projectors","Tamil Nadu","ERODE(DISTRICT_COLLECTORE_ERODE_IDA)","Providing a SMART CLASS INTERACTIVE PANEL in Muthukkavundampalayam Panchayat Union Middle School (1 Nos) (2025-26)","K E PRAKASH","ERODE","Images","04-Sep-2025","200000"
"1868","Normal/Others","WS/MP18177/2025-2026/207725-Purchase of smart boards, visual display units and projectors","Tamil Nadu","ERODE(DISTRICT_COLLECTORE_ERODE_IDA)","Providing a SMART CLASS INTERACTIVE PANEL in Anaikalpalayam Panchayat Union Middle School (1 Nos) (2025-26)","K E PRAKASH","ERODE","Images","04-Sep-2025","200000"
"1869","Normal/Others","WS/MP18177/2025-2026/207726-Purchase of smart boards, visual display units and projectors","Tamil Nadu","ERODE(DISTRICT_COLLECTORE_ERODE_IDA)","Providing a SMART CLASS INTERACTIVE PANEL in Karunthevanpalayam Panchayat Union Middle School (1 Nos) (2025-26)","K E PRAKASH","ERODE","Images","04-Sep-2025","200000"
"1870","Normal/Others","WS/MP18177/2025-2026/207727-Purchase of smart boards, visual display units and projectors","Tamil Nadu","ERODE(DISTRICT_COLLECTORE_ERODE_IDA)","Providing a SMART CLASS INTERACTIVE PANEL in Kalathuminnapalayam Panchayat Union Middle School (1 Nos) (2025-26)","K E PRAKASH","ERODE","Images","04-Sep-2025","200000"
"1871","Normal/Others","WS/MP18177/2025-2026/207728-Purchase of smart boards, visual display units and projectors","Tamil Nadu","ERODE(DISTRICT_COLLECTORE_ERODE_IDA)","Providing a SMART CLASS INTERACTIVE PANEL in Senapathipalayam Panchayat Union Middle School (1 Nos) (2025-26)","K E PRAKASH","ERODE","Images","04-Sep-2025","200000"
"1872","Normal/Others","WS/MP18177/2025-2026/207733-Street lights","Tamil Nadu","ERODE(DISTRICT_COLLECTORE_ERODE_IDA)","Zone 4, Ward No. 60 Installation of 9 Mtr (Hight Mast Light) Small Tower Electric Light near the four road junction in the garbage dump (1 Nos) (2025-26)","K E PRAKASH","ERODE","Images","21-Jan-2026","450000"
"1873","Normal/Others","WS/MP18177/2025-2026/207734-Street lights","Tamil Nadu","ERODE(DISTRICT_COLLECTORE_ERODE_IDA)","Zone-4, Ward No. 60 Barrage Road, Near E.B. Quadrus Three Road Junction, Installation of 9 Mtr (Hight Mast Light) Small Tower Electric Light (1 Nos) (2025-26)","K E PRAKASH","ERODE","Images","21-Jan-2026","450000"
"1874","Normal/Others","WS/MP18177/2025-2026/207735-Street lights","Tamil Nadu","ERODE(DISTRICT_COLLECTORE_ERODE_IDA)","Zone-4, Ward No. 60, Molakaundanpalayam Government Middle School, 4th Road, near the installation of a 9 Mtr (Hight Mast Light) small tower Electric Light (1 Nos) (2025-26)","K E PRAKASH","ERODE","Images","21-Jan-2026","450000"
"1875","Normal/Others","WS/MP18177/2025-2026/207736-Street lights","Tamil Nadu","ERODE(DISTRICT_COLLECTORE_ERODE_IDA)","Zone-4, Ward No. 59, Kollampalayam Near Carmel School, Installation of 9 Mtr (Hight Mast Light) small tower Electric Light (1 Nos) (2025-26)","K E PRAKASH","ERODE","Images","21-Jan-2026","450000"
"1876","Normal/Others","WS/MP18177/2025-2026/207737-Street lights","Tamil Nadu","ERODE(DISTRICT_COLLECTORE_ERODE_IDA)","Zone-4, Ward No.-59. Kollampalayam Housing Board Installation of 9 Mtr (Hight Mast Light) height Small Tower Electric Light near Vinayagar Temple (1 Nos) (2025-26)","K E PRAKASH","ERODE","Images","21-Jan-2026","450000"
"1877","Normal/Others","WS/MP18177/2025-2026/207740-Street lights","Tamil Nadu","ERODE(DISTRICT_COLLECTORE_ERODE_IDA)","Installation of 9 Mtr (High Mast Light) Small tower electric light near ward No, 27. Thirunagar Colony 3rd Street, Four Road Corner, Mr Venkatasamas House, Mr. Jabagallas House Corner Junction (1No) Zone 1, Erode Corporation","K E PRAKASH","ERODE","Images","21-Jan-2026","450000"
"1878","Normal/Others","WS/MP18177/2025-2026/207741-Street lights","Tamil Nadu","ERODE(DISTRICT_COLLECTORE_ERODE_IDA)","Zone-1, Ward No. 27, Gandhipuram 1st Road - Rajajipuram - Subbaiyan Road Junction near Installation of 9 Mtr (Hight Mast Light) small tower Electric Light (1 Nos) (2025-26)","K E PRAKASH","ERODE","Images","21-Jan-2026","450000"
"1879","Normal/Others","WS/MP18177/2025-2026/207742-Street lights","Tamil Nadu","ERODE(DISTRICT_COLLECTORE_ERODE_IDA)","Zone-1, Ward No. - 17, Kaveri Road, near Mariamman Temple, Installation of 9 Mtr (Hight Mast Light) small Tower Electric Light (1 Nos) (2025-26)","K E PRAKASH","ERODE","Images","21-Jan-2026","450000"
"1880","Normal/Others","WS/MP18177/2025-2026/210063-Purchase of furniture and fixtures for educational purposes","Tamil Nadu","ERODE(DISTRICT_COLLECTORE_ERODE_IDA)","Providing  of 15 sets of desk benches to Government Higher Secondary School Minnapalayam (2024-25)","K E PRAKASH","ERODE","Images","13-Aug-2025","187500"
"1881","Normal/Others","WS/MP18177/2025-2026/210066-Purchase of furniture and fixtures for educational purposes","Tamil Nadu","ERODE(DISTRICT_COLLECTORE_ERODE_IDA)","Providing 50 sets of desk benches to Government Higher Secondary School Chithode (2024-25)","K E PRAKASH","ERODE","Images","03-Sep-2025","625000"
"1882","Normal/Others","WS/MP18177/2025-2026/210068-Purchase of furniture and fixtures for educational purposes","Tamil Nadu","ERODE(DISTRICT_COLLECTORE_ERODE_IDA)","Providing  10 sets of desk benches to Modakurichi Government Boys Higher Secondary School (2024-25)","K E PRAKASH","ERODE","Images","03-Sep-2025","125000"
"1883","Normal/Others","WS/MP18177/2025-2026/210070-Purchase of furniture and fixtures for educational purposes","Tamil Nadu","ERODE(DISTRICT_COLLECTORE_ERODE_IDA)","Providing 20 sets of desk benches to Nagapalayam Government High School (2024-25)","K E PRAKASH","ERODE","Images","03-Sep-2025","250000"
"1884","Normal/Others","WS/MP18177/2025-2026/210073-Purchase of furniture and fixtures for educational purposes","Tamil Nadu","ERODE(DISTRICT_COLLECTORE_ERODE_IDA)","Providing  20 sets of desk benches to Thandampalayam Government Higher Secondary School (2024-25)","K E PRAKASH","ERODE","Images","03-Sep-2025","250000"
"1885","Normal/Others","WS/MP18177/2025-2026/210075-Purchase of furniture and fixtures for educational purposes","Tamil Nadu","ERODE(DISTRICT_COLLECTORE_ERODE_IDA)","Providing 10 sets of desk benches to Thamaraipalayam Government Higher Secondary School (2024-25)","K E PRAKASH","ERODE","Images","03-Sep-2025","125000"
"1886","Normal/Others","WS/MP18177/2025-2026/210077-Purchase of furniture and fixtures for educational purposes","Tamil Nadu","ERODE(DISTRICT_COLLECTORE_ERODE_IDA)","Providing 40 Set of desk benches to Erode Government Girls Higher Secondary School (Veerappan Chatram (2024-25)","K E PRAKASH","ERODE","Images","03-Sep-2025","500000"
"1887","Normal/Others","WS/MP18177/2025-2026/210078-Purchase of furniture and fixtures for educational purposes","Tamil Nadu","ERODE(DISTRICT_COLLECTORE_ERODE_IDA)","Providing of 40 sets of bench desks to Sivagiri Panchayat Union Middle School 92024-25)","K E PRAKASH","ERODE","Images","03-Sep-2025","500000"
"1888","Normal/Others","WS/MP18177/2025-2026/215138-Construction of public irrigation facilities","Tamil Nadu","TIRUPPUR(DISTRICT COLLECTOR TIRUPPUR_IDA)","Construction of Drainage at Kangeyam Municipality Ward 11, Palaiyakottai Salai (2024-25)","K E PRAKASH","ERODE","Images","08-Dec-2025","1950000"
"1889","Normal/Others","WS/MP18177/2025-2026/216384-Providing CCTV camera system for security of public areas","Tamil Nadu","ERODE(DISTRICT_COLLECTORE_ERODE_IDA)","Provision of 61 CCTV cameras at 21 locations surrounding the Modakurichi Police Station (2024-25)","K E PRAKASH","ERODE","Images","05-Dec-2025","1525135"
"1890","Normal/Others","WS/MP18177/2025-2026/216385-Purchase of furniture and fixtures for educational purposes","Tamil Nadu","ERODE(DISTRICT_COLLECTORE_ERODE_IDA)","Purchase of desks and benches for classes 3 to 5 at Corporation Middle School, Thirunagar Colony (2024-25)","K E PRAKASH","ERODE","Images","11-Oct-2025","118000"
"1891","Normal/Others","WS/MP18177/2025-2026/216387-Construction of community centers and community halls","Tamil Nadu","TIRUPPUR(DISTRICT COLLECTOR TIRUPPUR_IDA)","Construction of New Outlet PDs at Moovendar Nagar, Mulanur Town Panchayat, Kangeyam (2024-25)","K E PRAKASH","ERODE","Images","08-Oct-2025","1000000"
"1892","Normal/Others","WS/MP18177/2025-2026/216401-Construction of roads, link roads, pathways or any other road with or without drainage system","Tamil Nadu","ERODE(DISTRICT_COLLECTORE_ERODE_IDA)","Construction of Tar Road and Paver Block at Lakkapuram Panchayat, Saanarmedu Raja Shop to V.I.P Garden (2025-26)","K E PRAKASH","ERODE","Images","17-Dec-2025","988213"
"1893","Normal/Others","WS/MP18177/2025-2026/216524-Construction of roads, link roads, pathways or any other road with or without drainage system","Tamil Nadu","ERODE(DISTRICT_COLLECTORE_ERODE_IDA)","Construction of BT road in Balusamy Nagar (200Mtr)  Ward 2 Lakkapuram Panchayat  (2025-26)","K E PRAKASH","ERODE","Images","22-Oct-2025","599944"
"1894","Normal/Others","WS/MP18177/2026-2027/216548-Construction of roads, link roads, pathways or any other road with or without drainage system","Tamil Nadu","ERODE(DISTRICT_COLLECTORE_ERODE_IDA)","Laying CC Pavement at Kaalikaatu Kalam in Ward No 4 Panjalingapuram in Modakkuruchi Town Panchayat","K E PRAKASH","ERODE","N/A","15-May-2026","600000"
"1895","Normal/Others","WS/MP18177/2025-2026/216577-Construction of rainwater harvesting structures","Tamil Nadu","ERODE(DISTRICT_COLLECTORE_ERODE_IDA)","Construction Underground Water Tank in Government Boys Higher Sec School at Sivagiri in Erode District (2025-26)","K E PRAKASH","ERODE","Images","05-Dec-2025","1198753"
"1896","Normal/Others","WS/MP18177/2025-2026/216595-Construction of roads, link roads, pathways or any other road with or without drainage system","Tamil Nadu","ERODE(DISTRICT_COLLECTORE_ERODE_IDA)","Laying BT Road in Ward No,39 Karungalpalayam, Marapalam Road, 2nd Street at Erode Corporation (2025-26)","K E PRAKASH","ERODE","Images","12-Jan-2026","1100000"
"1897","Repair and Renovation","WS/MP18177/2025-2026/216600-Construction of roads, link roads, pathways or any other road with or without drainage system","Tamil Nadu","ERODE(DISTRICT_COLLECTORE_ERODE_IDA)","Strengthing the road from chennimalai panchayat union to Kuttapalayam Panchayat Karukkankattuvalasu, Vaikkalmedu Road (2025-2026)","K E PRAKASH","ERODE","N/A","18-Dec-2025","1798140"
"1898","Normal/Others","WS/MP18177/2025-2026/216715-Construction of roads, link roads, pathways or any other road with or without drainage system","Tamil Nadu","ERODE(DISTRICT_COLLECTORE_ERODE_IDA)","Construction of cement concrete footpath from Kattupalayam Ramalingam house to Dandapani house in Modakkurichi Town Panchayat Ward No. 2 (2025-26)","K E PRAKASH","ERODE","Images","23-Dec-2025","330000"
"1899","Normal/Others","WS/MP18177/2025-2026/216743-Construction of additional rooms and halls in the existing public and community building","Tamil Nadu","ERODE(DISTRICT_COLLECTORE_ERODE_IDA)","Installation of electrical appliances and toilets for PDs in Ward No. 16 Porasamettuputhur, Sivagiri Town Panchayat (2025-26)","K E PRAKASH","ERODE","N/A","28-Jan-2026","400000"
"1900","Normal/Others","WS/MP18177/2025-2026/242300-Purchase of smart boards, visual display units and projectors","Tamil Nadu","ERODE(DISTRICT_COLLECTORE_ERODE_IDA)","Providing a SMART CLASS INTERACTIVE PANEL in Ward No.42 Periyar Street, Govt Elementary School (2 Nos) (2025-26)","K E PRAKASH","ERODE","Images","06-Feb-2026","400000"
"1901","Normal/Others","WS/MP18177/2025-2026/242306-Street lights","Tamil Nadu","NAMAKKAL(DISTRICT COLLECTOR NAMAKKAL_IDA)","Installation of 9 Mtr (High Mast Light) Small tower electric light near ward No.10 Padaveedu Town Panchayat, Kumarapalayam (1 Nos) (2025-26)","K E PRAKASH","ERODE","Images","11-Jul-2026","450000"
"1902","Normal/Others","WS/MP18178/2024-2025/174364-Purchase of furniture and fixtures for educational purposes","Tamil Nadu","KALLAKURICHI(District Collector Kallakurichi_IDA)","Procurement and supply of bench and desk to Rishivandhiyan Govt High School (100 set)","MALAIYARASAN D","KALLAKURICHI","Images","18-Feb-2025","2088600"
"1903","Normal/Others","WS/MP18178/2024-2025/174366-Purchase of furniture and fixtures for educational purposes","Tamil Nadu","KALLAKURICHI(District Collector Kallakurichi_IDA)","Procurement and supply of bench and desk to Sithal Govt Model Higher Sec School (70 set)","MALAIYARASAN D","KALLAKURICHI","Images","18-Feb-2025","1462020"
"1904","Normal/Others","WS/MP18178/2024-2025/174367-Purchase of furniture and fixtures for educational purposes","Tamil Nadu","KALLAKURICHI(District Collector Kallakurichi_IDA)","Procurement and supply of bench and desk to Ariyalur Govt Boys Higher Sec School (46 set)","MALAIYARASAN D","KALLAKURICHI","N/A","21-Nov-2025","960756"
"1905","Normal/Others","WS/MP18178/2024-2025/174383-Purchase of furniture and fixtures for educational purposes","Tamil Nadu","KALLAKURICHI(District Collector Kallakurichi_IDA)","Procurement and supply of bench and desk to Manalurpet Govt Boys Higher Sec School (150 set)","MALAIYARASAN D","KALLAKURICHI","Images","18-Feb-2025","3132900"
"1906","Normal/Others","WS/MP18178/2024-2025/174384-Purchase of furniture and fixtures for educational purposes","Tamil Nadu","KALLAKURICHI(District Collector Kallakurichi_IDA)","Procurement and supply of bench and desk to Manalurpet Govt Girls Higher Sec School (50 set)","MALAIYARASAN D","KALLAKURICHI","Images","18-Feb-2025","1044300"
"1907","Normal/Others","WS/MP18178/2024-2025/174385-Purchase of furniture and fixtures for educational purposes","Tamil Nadu","KALLAKURICHI(District Collector Kallakurichi_IDA)","Procurement and supply of bench and desk to Pudupattu Govt Higher Sec School (60 set)","MALAIYARASAN D","KALLAKURICHI","Images","20-Mar-2025","1253160"
"1908","Normal/Others","WS/MP18178/2024-2025/174387-Purchase of furniture and fixtures for educational purposes","Tamil Nadu","KALLAKURICHI(District Collector Kallakurichi_IDA)","Procurement and supply of bench and desk to Sellampattu Govt Higher Sec School (60 set)","MALAIYARASAN D","KALLAKURICHI","Images","07-Mar-2025","1253160"
"1909","Normal/Others","WS/MP18178/2024-2025/174388-Purchase of furniture and fixtures for educational purposes","Tamil Nadu","KALLAKURICHI(District Collector Kallakurichi_IDA)","Procurement and supply of bench and desk to S.V Palaiyam Govt Higher Sec School (50 set)","MALAIYARASAN D","KALLAKURICHI","Images","07-Mar-2025","1044300"
"1910","Normal/Others","WS/MP18178/2024-2025/174389-Purchase of furniture and fixtures for educational purposes","Tamil Nadu","KALLAKURICHI(District Collector Kallakurichi_IDA)","Procurement and supply of bench and desk to Arasampattu Govt Model Higher Sec School (70 set)","MALAIYARASAN D","KALLAKURICHI","N/A","20-Mar-2025","1462020"
"1911","Normal/Others","WS/MP18178/2024-2025/174390-Purchase of furniture and fixtures for educational purposes","Tamil Nadu","KALLAKURICHI(District Collector Kallakurichi_IDA)","Procurement and supply of bench and desk to Pavalam Govt Higher Sec School (30 set)","MALAIYARASAN D","KALLAKURICHI","N/A","20-Mar-2025","626580"
"1912","Normal/Others","WS/MP18178/2024-2025/174392-Purchase of furniture and fixtures for educational purposes","Tamil Nadu","KALLAKURICHI(District Collector Kallakurichi_IDA)","Procurement and supply of bench and desk to Sankarapuram Govt Boys Higher Sec School (100 set)","MALAIYARASAN D","KALLAKURICHI","Images","11-Mar-2025","2088600"
"1913","Normal/Others","WS/MP18178/2024-2025/174393-Purchase of furniture and fixtures for educational purposes","Tamil Nadu","KALLAKURICHI(District Collector Kallakurichi_IDA)","Procurement and supply of bench and desk to Nagalur Govt Higher Sec School (50 set)","MALAIYARASAN D","KALLAKURICHI","N/A","22-Mar-2025","1044300"
"1914","Normal/Others","WS/MP18178/2024-2025/174394-Purchase of furniture and fixtures for educational purposes","Tamil Nadu","KALLAKURICHI(District Collector Kallakurichi_IDA)","Procurement and supply of bench and desk to Thiyagadurugam Govt Boys Higher Sec School (50 set)","MALAIYARASAN D","KALLAKURICHI","N/A","18-Feb-2025","1044300"
"1915","Normal/Others","WS/MP18178/2024-2025/174395-Purchase of furniture and fixtures for educational purposes","Tamil Nadu","KALLAKURICHI(District Collector Kallakurichi_IDA)","Procurement and supply of bench and desk to Thiyagadurugam Govt Girls Higher Sec School (50 set)","MALAIYARASAN D","KALLAKURICHI","N/A","18-Feb-2025","1044300"
"1916","Normal/Others","WS/MP18178/2024-2025/174396-Purchase of furniture and fixtures for educational purposes","Tamil Nadu","KALLAKURICHI(District Collector Kallakurichi_IDA)","Procurement and supply of bench and desk to Panaiyangal Govt High Sec School (30 set)","MALAIYARASAN D","KALLAKURICHI","N/A","18-Feb-2025","626580"
"1917","Normal/Others","WS/MP18178/2024-2025/174397-Purchase of furniture and fixtures for educational purposes","Tamil Nadu","KALLAKURICHI(District Collector Kallakurichi_IDA)","Procurement and supply of bench and desk to Kallakurichi Govt Boys Higher Sec School (50 set)","MALAIYARASAN D","KALLAKURICHI","N/A","18-Feb-2025","1044300"
"1918","Normal/Others","WS/MP18178/2024-2025/174398-Purchase of furniture and fixtures for educational purposes","Tamil Nadu","KALLAKURICHI(District Collector Kallakurichi_IDA)","Procurement and supply of bench and desk to Kallakurichi Govt Girls Higher Sec School (50 set)","MALAIYARASAN D","KALLAKURICHI","N/A","18-Feb-2025","1044300"
"1919","Normal/Others","WS/MP18178/2024-2025/174399-Purchase of furniture and fixtures for educational purposes","Tamil Nadu","KALLAKURICHI(District Collector Kallakurichi_IDA)","Procurement and supply of Bench and Desk to Pukkiravari Govt High School (30 set)","MALAIYARASAN D","KALLAKURICHI","N/A","18-Feb-2025","626580"
"1920","Normal/Others","WS/MP18178/2024-2025/174400-Purchase of furniture and fixtures for educational purposes","Tamil Nadu","KALLAKURICHI(District Collector Kallakurichi_IDA)","Procurement and supply of bench and desk to Thagamtheerthapuram Govt High School (36 set)","MALAIYARASAN D","KALLAKURICHI","N/A","18-Feb-2025","751896"
"1921","Normal/Others","WS/MP18178/2024-2025/174406-Purchase of furniture and fixtures for educational purposes","Tamil Nadu","KALLAKURICHI(District Collector Kallakurichi_IDA)","Procurement and supply of bench and desk to Kudiraichandal Govt High School (70 set)","MALAIYARASAN D","KALLAKURICHI","N/A","18-Feb-2025","1462020"
"1922","Normal/Others","WS/MP18178/2024-2025/174407-Purchase of furniture and fixtures for educational purposes","Tamil Nadu","KALLAKURICHI(District Collector Kallakurichi_IDA)","Procurement and supply of bench and desk to Ammaiyagaram Govt High School (30 set)","MALAIYARASAN D","KALLAKURICHI","N/A","18-Feb-2025","626580"
"1923","Normal/Others","WS/MP18178/2024-2025/174408-Purchase of furniture and fixtures for educational purposes","Tamil Nadu","KALLAKURICHI(District Collector Kallakurichi_IDA)","Procurement and supply of bench and desk to Elavadi Govt High School (30 set)","MALAIYARASAN D","KALLAKURICHI","N/A","18-Feb-2025","626580"
"1924","Normal/Others","WS/MP18178/2024-2025/174409-Purchase of furniture and fixtures for educational purposes","Tamil Nadu","KALLAKURICHI(District Collector Kallakurichi_IDA)","Procurement and supply of bench and desk to Chinnasalem Govt Girls Hr Sec School (60 set)","MALAIYARASAN D","KALLAKURICHI","N/A","18-Feb-2025","1253160"
"1925","Normal/Others","WS/MP18178/2024-2025/174410-Purchase of furniture and fixtures for educational purposes","Tamil Nadu","KALLAKURICHI(District Collector Kallakurichi_IDA)","Procurement and supply of bench and desk to Thottiyam Govt High School (30 set)","MALAIYARASAN D","KALLAKURICHI","N/A","18-Feb-2025","626580"
"1926","Normal/Others","WS/MP18178/2024-2025/174412-Purchase of furniture and fixtures for educational purposes","Tamil Nadu","KALLAKURICHI(District Collector Kallakurichi_IDA)","Procurement and supply of bench and desk to Moolakadu Govt Model School (77 set)","MALAIYARASAN D","KALLAKURICHI","N/A","27-Mar-2025","1608222"
"1927","Normal/Others","WS/MP18178/2025-2026/174414-Construction of Government office buildings (Post office, Police station, Police chauki, etc.)","Tamil Nadu","KALLAKURICHI(District Collector Kallakurichi_IDA)","Construction of police out post at Govt Medical College in Siruvangur panchayat","MALAIYARASAN D","KALLAKURICHI","N/A","29-Jan-2026","2401057"
"1928","Normal/Others","WS/MP18178/2025-2026/174415-Construction of community centers and community halls","Tamil Nadu","KALLAKURICHI(District Collector Kallakurichi_IDA)","Construction of Ration shop building at Sirunagalur panchayat","MALAIYARASAN D","KALLAKURICHI","N/A","28-Jun-2025","1268500"
"1929","Normal/Others","WS/MP18178/2025-2026/174434-Lighting of public spaces","Tamil Nadu","SALEM(DISTRICT COLLECTOR SALEM_IDA)","Installation of Solar Pathway Light at Pathway of Lakh in Yercaud TP","MALAIYARASAN D","KALLAKURICHI","N/A","12-Sep-2025","1185900"
"1930","Normal/Others","WS/MP18178/2025-2026/178100-Purchase of non-conventional energy system and devices for community use","Tamil Nadu","SALEM(DISTRICT COLLECTOR SALEM_IDA)","Procurement and Installation of Solar Light at Ward No.1 in Arunthathiyar colony, Valkaradu, Manjini Panchayat, Attur panchayat Union","MALAIYARASAN D","KALLAKURICHI","Images","06-Apr-2026","374768"
"1931","Normal/Others","WS/MP18178/2025-2026/178101-Purchase of non-conventional energy system and devices for community use","Tamil Nadu","SALEM(DISTRICT COLLECTOR SALEM_IDA)","Procurement and Installation of Solar Light at Ward No.7, Kuravar Colony,  Manjini Panchayat, Attur panchayat Union","MALAIYARASAN D","KALLAKURICHI","Images","06-Apr-2026","374768"
"1932","Normal/Others","WS/MP18178/2025-2026/178108-Purchase of non-conventional energy system and devices for community use","Tamil Nadu","SALEM(DISTRICT COLLECTOR SALEM_IDA)","Procurement and Installation of Solar Light  near Mariyamman Kovil, Paithur Panchayat, Attur panchayat Union","MALAIYARASAN D","KALLAKURICHI","Images","06-Apr-2026","374768"
"1933","Normal/Others","WS/MP18178/2025-2026/178109-Purchase of non-conventional energy system and devices for community use","Tamil Nadu","SALEM(DISTRICT COLLECTOR SALEM_IDA)","Procurement and Installation of Solar Light  near Amman Nagar, Paithur Panchayat, Attur panchayat Union","MALAIYARASAN D","KALLAKURICHI","Images","06-Apr-2026","374768"
"1934","Normal/Others","WS/MP18178/2025-2026/178111-Purchase of non-conventional energy system and devices for community use","Tamil Nadu","SALEM(DISTRICT COLLECTOR SALEM_IDA)","Procurement and Installation of Solar Light  near mariyamman Kovil, Appamma samuthiram Panchayat, Attur panchayat Union","MALAIYARASAN D","KALLAKURICHI","Images","06-Apr-2026","374768"
"1935","Normal/Others","WS/MP18178/2025-2026/178113-Purchase of non-conventional energy system and devices for community use","Tamil Nadu","SALEM(DISTRICT COLLECTOR SALEM_IDA)","Procurement and Installation of Solar Light  near, Panchayat Officer, Appamma samuthiram Panchayat, Attur panchayat Union","MALAIYARASAN D","KALLAKURICHI","Images","06-Apr-2026","374732"
"1936","Normal/Others","WS/MP18178/2025-2026/178114-Purchase of non-conventional energy system and devices for community use","Tamil Nadu","SALEM(DISTRICT COLLECTOR SALEM_IDA)","Procurement and Installation of Solar Light  near Mariyamman Kovil at Echanpatti, Attur panchayat Union","MALAIYARASAN D","KALLAKURICHI","Images","06-Apr-2026","374768"
"1937","Normal/Others","WS/MP18178/2025-2026/178115-Lighting of public spaces","Tamil Nadu","SALEM(DISTRICT COLLECTOR SALEM_IDA)","Procurement and Installation of  High Mast Light  (16m) at opposite to bus stand, Cuddalore Main road, Attur Municipality","MALAIYARASAN D","KALLAKURICHI","Images","25-Aug-2026","973286"
"1938","Normal/Others","WS/MP18178/2025-2026/178131-Lighting of public spaces","Tamil Nadu","SALEM(DISTRICT COLLECTOR SALEM_IDA)","Procurement and Installation of Mini High Mast Light  (12.5 m) at 3 road, Ward 25, Housing board Attur Municipality","MALAIYARASAN D","KALLAKURICHI","Images","25-Aug-2026","466754"
"1939","Normal/Others","WS/MP18178/2025-2026/178132-Purchase of non-conventional energy system and devices for community use","Tamil Nadu","SALEM(DISTRICT COLLECTOR SALEM_IDA)","Procurement and Installation of Mini High Mast Light  (12.5 m) at ward 9, Byepass road(left Side), Pethanaiyakan palayam Town Panchayat","MALAIYARASAN D","KALLAKURICHI","N/A","04-Feb-2026","474844"
"1940","Normal/Others","WS/MP18178/2026-2027/178133-Lighting of public spaces","Tamil Nadu","SALEM(DISTRICT COLLECTOR SALEM_IDA)","Procurement and Installation of Mini High Mast Light  (12.5 m) near Kesavan theater, Railadi street, Attur Municipality","MALAIYARASAN D","KALLAKURICHI","Images","25-Aug-2026","465582"
"1941","Normal/Others","WS/MP18178/2025-2026/178135-Purchase of non-conventional energy system and devices for community use","Tamil Nadu","SALEM(DISTRICT COLLECTOR SALEM_IDA)","Procurement and Installation of Mini solar Light  at Thennampullaiyur panchayat in Pethanayakanpalayam panchayat union.","MALAIYARASAN D","KALLAKURICHI","Images","17-Oct-2025","374841"
"1942","Normal/Others","WS/MP18178/2025-2026/178136-Purchase of non-conventional energy system and devices for community use","Tamil Nadu","SALEM(DISTRICT COLLECTOR SALEM_IDA)","Procurement and Installation of Mini solar Light  at Vadukathanpatti panchayat in Pethanayakanpalayam panchayat union.","MALAIYARASAN D","KALLAKURICHI","Images","17-Oct-2025","374841"
"1943","Normal/Others","WS/MP18178/2025-2026/178137-Purchase of non-conventional energy system and devices for community use","Tamil Nadu","SALEM(DISTRICT COLLECTOR SALEM_IDA)","Procurement and Installation of Mini solar Light  anear Arun School, Ward 14, Pethanaiyakan palayam Town Panchayat","MALAIYARASAN D","KALLAKURICHI","Images","04-Feb-2026","373693"
"1944","Normal/Others","WS/MP18178/2025-2026/178140-Purchase of non-conventional energy system and devices for community use","Tamil Nadu","SALEM(DISTRICT COLLECTOR SALEM_IDA)","Procurement and Installation of Mini solar Light near pagudupattu panchayat office, Therku nadu panchayat, Pethanayakanpalayam panchayat union.","MALAIYARASAN D","KALLAKURICHI","Images","12-Jan-2026","374241"
"1945","Normal/Others","WS/MP18178/2025-2026/178141-Purchase of non-conventional energy system and devices for community use","Tamil Nadu","SALEM(DISTRICT COLLECTOR SALEM_IDA)","Procurement and Installation of Mini solar Light near Ration shop, Nathampattu village, Therku nadu panchayat, Pethanayakanpalayam panchayat union.","MALAIYARASAN D","KALLAKURICHI","Images","17-Oct-2025","374841"
"1946","Normal/Others","WS/MP18178/2025-2026/178154-Purchase of non-conventional energy system and devices for community use","Tamil Nadu","SALEM(DISTRICT COLLECTOR SALEM_IDA)","Procurement and Installation of Mini solar Light at Vellarikadu, Pachamalai Panchayat, Gangavalli Panchayat Union","MALAIYARASAN D","KALLAKURICHI","Images","19-Jul-2025","374642"
"1947","Normal/Others","WS/MP18178/2025-2026/178155-Purchase of non-conventional energy system and devices for community use","Tamil Nadu","SALEM(DISTRICT COLLECTOR SALEM_IDA)","Procurement and Installation of Mini solar Light at Neivasal, Pachamalai Panchayat, Gangavalli Panchayat Union","MALAIYARASAN D","KALLAKURICHI","Images","19-Jul-2025","374642"
"1948","Normal/Others","WS/MP18178/2025-2026/178156-Purchase of non-conventional energy system and devices for community use","Tamil Nadu","SALEM(DISTRICT COLLECTOR SALEM_IDA)","Procurement and Installation of Mini solar Light near Karumanthurai Co-Operative Society,  Vadakkandu panchayat, Pethanayakanpalayam panchayat union.","MALAIYARASAN D","KALLAKURICHI","Images","17-Oct-2025","374841"
"1949","Normal/Others","WS/MP18178/2025-2026/178161-Purchase of non-conventional energy system and devices for community use","Tamil Nadu","SALEM(DISTRICT COLLECTOR SALEM_IDA)","Procurement and Installation of Mini solar Light near Anaiyampatti Agarakaram perumal Kovil , Gangavalli Panchayat Union","MALAIYARASAN D","KALLAKURICHI","Images","19-Jul-2025","374642"
"1950","Normal/Others","WS/MP18178/2025-2026/178164-Purchase of non-conventional energy system and devices for community use","Tamil Nadu","SALEM(DISTRICT COLLECTOR SALEM_IDA)","Procurement and Installation of Mini solar Light at Palakadu, Pachamalai Panchayat, Gangavalli Panchayat Union","MALAIYARASAN D","KALLAKURICHI","Images","19-Jul-2025","374642"
"1951","Normal/Others","WS/MP18178/2025-2026/178167-Purchase of non-conventional energy system and devices for community use","Tamil Nadu","SALEM(DISTRICT COLLECTOR SALEM_IDA)","Procurement and Installation of Mini solar Light near Muslim Community Hall, Ward 8 , Thammampatti Town Panchayat","MALAIYARASAN D","KALLAKURICHI","Images","23-Feb-2026","373975"
"1952","Normal/Others","WS/MP18178/2025-2026/178168-Purchase of non-conventional energy system and devices for community use","Tamil Nadu","SALEM(DISTRICT COLLECTOR SALEM_IDA)","Procurement and Installation of Mini solar Light at Ambedkar nagar, Ward 7 , Thedavur Town Panchayat","MALAIYARASAN D","KALLAKURICHI","Images","12-Feb-2026","373720"
"1953","Normal/Others","WS/MP18178/2025-2026/178170-Purchase of non-conventional energy system and devices for community use","Tamil Nadu","SALEM(DISTRICT COLLECTOR SALEM_IDA)","Procurement and Installation of Mini solar Light near mariyamman Kovil, Nattar Kuppam Village, Ward 17 , Thammampatti Town Panchayat","MALAIYARASAN D","KALLAKURICHI","Images","23-Feb-2026","373975"
"1954","Normal/Others","WS/MP18178/2025-2026/178198-Purchase of non-conventional energy system and devices for community use","Tamil Nadu","SALEM(DISTRICT COLLECTOR SALEM_IDA)","Procurement and Installation of Mini solar Light at Kalaignar colony, Vellalakundam panchayat, Ayyothiyapattanam panchayat Union.","MALAIYARASAN D","KALLAKURICHI","Images","30-Mar-2026","374643"
"1955","Normal/Others","WS/MP18178/2025-2026/178199-Purchase of non-conventional energy system and devices for community use","Tamil Nadu","SALEM(DISTRICT COLLECTOR SALEM_IDA)","Procurement and Installation of Mini solar Light at Mettu theru, Kuppanur, Ayyothiyapattanam panchayat Union.","MALAIYARASAN D","KALLAKURICHI","Images","30-Mar-2026","374643"
"1956","Normal/Others","WS/MP18178/2025-2026/178200-Purchase of non-conventional energy system and devices for community use","Tamil Nadu","SALEM(DISTRICT COLLECTOR SALEM_IDA)","Procurement and Installation of Mini solar Light at A.T.Colony Achangkutti panchayat, Ayyothiyapattanam panchayat Union.","MALAIYARASAN D","KALLAKURICHI","Images","31-Oct-2025","374643"
"1957","Normal/Others","WS/MP18178/2025-2026/178203-Purchase of non-conventional energy system and devices for community use","Tamil Nadu","SALEM(DISTRICT COLLECTOR SALEM_IDA)","Procurement and Installation of Mini solar Light at Kootathupatti arunthathiyar and adidravidar area, Ayyothiyapattanam panchayat Union.","MALAIYARASAN D","KALLAKURICHI","Images","30-Mar-2026","374643"
"1958","Normal/Others","WS/MP18178/2025-2026/178204-Purchase of non-conventional energy system and devices for community use","Tamil Nadu","SALEM(DISTRICT COLLECTOR SALEM_IDA)","Procurement and Installation of Mini solar Light near  Nattar Mangalam Primary School , Ayyothiyapattanam panchayat Union.","MALAIYARASAN D","KALLAKURICHI","Images","30-Mar-2026","374643"
"1959","Normal/Others","WS/MP18178/2025-2026/178205-Purchase of non-conventional energy system and devices for community use","Tamil Nadu","SALEM(DISTRICT COLLECTOR SALEM_IDA)","Procurement and Installation of Mini solar Light at Adidravidar area, M.Perumapalaiyam panchayat, , Ayyothiyapattanam panchayat Union.","MALAIYARASAN D","KALLAKURICHI","Images","30-Mar-2026","374643"
"1960","Normal/Others","WS/MP18178/2025-2026/178207-Purchase of non-conventional energy system and devices for community use","Tamil Nadu","SALEM(DISTRICT COLLECTOR SALEM_IDA)","Procurement and Installation of Mini solar Light at kal ottar street, ward 11, Sentharapatti Town Panchayat","MALAIYARASAN D","KALLAKURICHI","Images","20-Feb-2026","373975"
"1961","Normal/Others","WS/MP18178/2025-2026/178208-Purchase of non-conventional energy system and devices for community use","Tamil Nadu","SALEM(DISTRICT COLLECTOR SALEM_IDA)","Procurement and Installation of Mini solar Light near Maruthaiyan, ward 5, Sentharapatti Town Panchayat","MALAIYARASAN D","KALLAKURICHI","Images","20-Feb-2026","373975"
"1962","Normal/Others","WS/MP18178/2026-2027/178210-Purchase of non-conventional energy system and devices for community use","Tamil Nadu","SALEM(DISTRICT COLLECTOR SALEM_IDA)","Procurement and Installation of Mini solar Light at Malaiyan Nagar , Ayyothiyapattanam panchayat Union.","MALAIYARASAN D","KALLAKURICHI","Images","13-Aug-2026","372559"
"1963","Normal/Others","WS/MP18178/2025-2026/201631-Purchase of smart boards, visual display units and projectors","Tamil Nadu","KALLAKURICHI(District Collector Kallakurichi_IDA)","Providing Smart Class at Government Girls Higher Secondary School at Chinnasalem Town panchayat","MALAIYARASAN D","KALLAKURICHI","N/A","12-Jun-2025","235000"
"1964","Normal/Others","WS/MP18178/2025-2026/201632-Purchase of smart boards, visual display units and projectors","Tamil Nadu","KALLAKURICHI(District Collector Kallakurichi_IDA)","Providing Smart Class at Government Boys Higher Secondary School at Chinnasalem Town panchayat","MALAIYARASAN D","KALLAKURICHI","N/A","12-Jun-2025","235000"
"1965","Normal/Others","WS/MP18178/2025-2026/201633-Purchase of smart boards, visual display units and projectors","Tamil Nadu","KALLAKURICHI(District Collector Kallakurichi_IDA)","Providing Smart Class at Government Boys Higher Secondary School at Kallakurichi Municipality","MALAIYARASAN D","KALLAKURICHI","N/A","12-Jun-2025","235000"
"1966","Normal/Others","WS/MP18178/2025-2026/201635-Purchase of smart boards, visual display units and projectors","Tamil Nadu","KALLAKURICHI(District Collector Kallakurichi_IDA)","Providing Smart Class at Government  Higher Secondary School at Nainarpalaiyam panchayat in Chinnasalem Block","MALAIYARASAN D","KALLAKURICHI","N/A","12-Jun-2025","235000"
"1967","Normal/Others","WS/MP18178/2025-2026/201636-Purchase of smart boards, visual display units and projectors","Tamil Nadu","KALLAKURICHI(District Collector Kallakurichi_IDA)","Providing Smart Class at Government Boys Higher Secondary School at Thiyagadurugam Town panchayat","MALAIYARASAN D","KALLAKURICHI","N/A","12-Jun-2025","235000"
"1968","Normal/Others","WS/MP18178/2025-2026/201637-Purchase of smart boards, visual display units and projectors","Tamil Nadu","KALLAKURICHI(District Collector Kallakurichi_IDA)","Providing Smart Class at Government Girls Higher Secondary School at Thiyagadurugam Town panchayat","MALAIYARASAN D","KALLAKURICHI","N/A","12-Jun-2025","235000"
"1969","Normal/Others","WS/MP18178/2025-2026/201643-Purchase of smart boards, visual display units and projectors","Tamil Nadu","KALLAKURICHI(District Collector Kallakurichi_IDA)","Providing Smart Class at Government  Higher Secondary School at Nagalur panchayat in Thiyagadurugam  Block","MALAIYARASAN D","KALLAKURICHI","N/A","12-Jun-2025","235000"
"1970","Normal/Others","WS/MP18178/2025-2026/201645-Purchase of smart boards, visual display units and projectors","Tamil Nadu","KALLAKURICHI(District Collector Kallakurichi_IDA)","Providing Smart Class at Government Girls Higher Secondary School at Kachirayapalayam","MALAIYARASAN D","KALLAKURICHI","N/A","12-Jun-2025","235000"
"1971","Normal/Others","WS/MP18178/2025-2026/201646-Purchase of smart boards, visual display units and projectors","Tamil Nadu","KALLAKURICHI(District Collector Kallakurichi_IDA)","Providing Smart Class at Government  Higher Secondary School at Vadakkanandhal TP","MALAIYARASAN D","KALLAKURICHI","N/A","12-Jun-2025","235000"
"1972","Normal/Others","WS/MP18178/2025-2026/201648-Purchase of smart boards, visual display units and projectors","Tamil Nadu","KALLAKURICHI(District Collector Kallakurichi_IDA)","Providing Smart Class at Government Boys Higher Secondary School at Sankarapuram","MALAIYARASAN D","KALLAKURICHI","N/A","12-Jun-2025","235000"
"1973","Normal/Others","WS/MP18178/2025-2026/201649-Purchase of smart boards, visual display units and projectors","Tamil Nadu","KALLAKURICHI(District Collector Kallakurichi_IDA)","Providing Smart Class at Government Girls Higher Secondary School at Sankarapuram","MALAIYARASAN D","KALLAKURICHI","N/A","12-Jun-2025","235000"
"1974","Normal/Others","WS/MP18178/2025-2026/201650-Purchase of smart boards, visual display units and projectors","Tamil Nadu","KALLAKURICHI(District Collector Kallakurichi_IDA)","Providing Smart Class at Government Boys Higher Secondary School at Devapandalam panchayat in Sankarapuram Block","MALAIYARASAN D","KALLAKURICHI","N/A","12-Jun-2025","235000"
"1975","Normal/Others","WS/MP18178/2025-2026/201654-Purchase of smart boards, visual display units and projectors","Tamil Nadu","KALLAKURICHI(District Collector Kallakurichi_IDA)","Providing Smart Class at Government Girls Higher Secondary School at Devapandalam panchayat in Sankarapuram Block","MALAIYARASAN D","KALLAKURICHI","N/A","12-Jun-2025","235000"
"1976","Normal/Others","WS/MP18178/2025-2026/201655-Purchase of smart boards, visual display units and projectors","Tamil Nadu","KALLAKURICHI(District Collector Kallakurichi_IDA)","Providing Smart Class at Government  Higher Secondary School at Ariyalur panchayat in Rishivandhiyam Block","MALAIYARASAN D","KALLAKURICHI","N/A","12-Jun-2025","235000"
"1977","Normal/Others","WS/MP18178/2025-2026/201656-Purchase of smart boards, visual display units and projectors","Tamil Nadu","KALLAKURICHI(District Collector Kallakurichi_IDA)","Providing Smart Class at Government Boys Higher Secondary School at Manalurpet Town Panchayat","MALAIYARASAN D","KALLAKURICHI","N/A","12-Jun-2025","235000"
"1978","Normal/Others","WS/MP18178/2025-2026/201660-Purchase of smart boards, visual display units and projectors","Tamil Nadu","KALLAKURICHI(District Collector Kallakurichi_IDA)","Providing Smart Class at Government Girls Higher Secondary School at Manalurpet Town Panchayat","MALAIYARASAN D","KALLAKURICHI","N/A","12-Jun-2025","235000"
"1979","Normal/Others","WS/MP18178/2025-2026/201661-Purchase of smart boards, visual display units and projectors","Tamil Nadu","KALLAKURICHI(District Collector Kallakurichi_IDA)","Providing Smart Class at Government Girls Higher Secondary School at G.Ariyur Panchayat in Tirukoilur Block","MALAIYARASAN D","KALLAKURICHI","N/A","12-Jun-2025","235000"
"1980","Normal/Others","WS/MP18178/2025-2026/201662-Purchase of smart boards, visual display units and projectors","Tamil Nadu","KALLAKURICHI(District Collector Kallakurichi_IDA)","Providing Smart Class at Government Girls Higher Secondary School at G.Ariyur Panchayat in Tirukoilur Block (A.V.N.S)","MALAIYARASAN D","KALLAKURICHI","N/A","12-Jun-2025","235000"
"1981","Normal/Others","WS/MP18178/2025-2026/201671-Purchase of smart boards, visual display units and projectors","Tamil Nadu","KALLAKURICHI(District Collector Kallakurichi_IDA)","Providing Smart Class at Government  Higher Secondary School at Rishivandhiyam","MALAIYARASAN D","KALLAKURICHI","N/A","12-Jun-2025","235000"
"1982","Normal/Others","WS/MP18178/2025-2026/201672-Purchase of smart boards, visual display units and projectors","Tamil Nadu","KALLAKURICHI(District Collector Kallakurichi_IDA)","Providing Smart Class at Government  Higher Secondary School at Pudupattu panchayat in Sankarapuram block","MALAIYARASAN D","KALLAKURICHI","N/A","12-Jun-2025","235000"
"1983","Normal/Others","WS/MP18178/2025-2026/201959-Purchase of non-conventional energy system and devices for community use","Tamil Nadu","SALEM(DISTRICT COLLECTOR SALEM_IDA)","Installation of Mini Solar light near Mariyamman Kovil in Ganesapuram panchayat","MALAIYARASAN D","KALLAKURICHI","Images","17-Oct-2025","374841"
"1984","Normal/Others","WS/MP18178/2025-2026/201960-Purchase of non-conventional energy system and devices for community use","Tamil Nadu","SALEM(DISTRICT COLLECTOR SALEM_IDA)","Installation of Mini Solar light near Pudupatti Mariyamman kovil at Periyakrishnapuram","MALAIYARASAN D","KALLAKURICHI","Images","17-Oct-2025","374841"
"1985","Normal/Others","WS/MP18178/2025-2026/201961-Purchase of non-conventional energy system and devices for community use","Tamil Nadu","SALEM(DISTRICT COLLECTOR SALEM_IDA)","Installation of Mini Solar light near Bus stop in MGR Nagar in Thalavaipatti panchayat","MALAIYARASAN D","KALLAKURICHI","Images","12-Jan-2026","374241"
"1986","Normal/Others","WS/MP18178/2025-2026/201962-Purchase of non-conventional energy system and devices for community use","Tamil Nadu","SALEM(DISTRICT COLLECTOR SALEM_IDA)","Installation of Mini Solar light near junction in Padaiyatchiyur road in Kalyanagiri panchayat","MALAIYARASAN D","KALLAKURICHI","Images","12-Jan-2026","374241"
"1987","Normal/Others","WS/MP18178/2025-2026/201966-Purchase of non-conventional energy system and devices for community use","Tamil Nadu","SALEM(DISTRICT COLLECTOR SALEM_IDA)","Installation of Mini Solar light near Sellankurichi road in Vadakunadu panchayat","MALAIYARASAN D","KALLAKURICHI","Images","12-Jan-2026","374241"
"1988","Normal/Others","WS/MP18178/2025-2026/201967-Purchase of non-conventional energy system and devices for community use","Tamil Nadu","SALEM(DISTRICT COLLECTOR SALEM_IDA)","Installation of Mini Solar light near Sivan Kovil in ward 7 (on the way of Kalisettiyur) at Pethanayakan palayam Town panchayat","MALAIYARASAN D","KALLAKURICHI","Images","09-Feb-2026","374241"
"1989","Normal/Others","WS/MP18178/2025-2026/201969-Purchase of non-conventional energy system and devices for community use","Tamil Nadu","SALEM(DISTRICT COLLECTOR SALEM_IDA)","Installation of Mini Solar light at ward 1 in Gangavalli","MALAIYARASAN D","KALLAKURICHI","Images","18-Mar-2026","375000"
"1990","Normal/Others","WS/MP18178/2025-2026/201971-Purchase of non-conventional energy system and devices for community use","Tamil Nadu","SALEM(DISTRICT COLLECTOR SALEM_IDA)","Installation of Mini Solar light at ward 13 in Gangavalli","MALAIYARASAN D","KALLAKURICHI","Images","12-Aug-2026","375000"
"1991","Normal/Others","WS/MP18178/2025-2026/201973-Purchase of non-conventional energy system and devices for community use","Tamil Nadu","SALEM(DISTRICT COLLECTOR SALEM_IDA)","Installation of Mini Solar light near Ration shop in Karutharajapalayam village in Malliyakarai panchayat","MALAIYARASAN D","KALLAKURICHI","Images","06-Apr-2026","374414"
"1992","Normal/Others","WS/MP18178/2025-2026/202070-Purchase of furniture and fixtures for educational purposes","Tamil Nadu","KALLAKURICHI(District Collector Kallakurichi_IDA)","Procurement and Supply of Bench and Desk to Govt High School, Emapper (25 set)","MALAIYARASAN D","KALLAKURICHI","N/A","04-Aug-2025","522150"
"1993","Normal/Others","WS/MP18178/2025-2026/202071-Purchase of furniture and fixtures for educational purposes","Tamil Nadu","KALLAKURICHI(District Collector Kallakurichi_IDA)","Procurement and Supply of Bench and Desk to Govt Girls High School, Kallakurichi (50 set)","MALAIYARASAN D","KALLAKURICHI","N/A","04-Aug-2025","1044300"
"1994","Normal/Others","WS/MP18178/2025-2026/202073-Purchase of furniture and fixtures for educational purposes","Tamil Nadu","KALLAKURICHI(District Collector Kallakurichi_IDA)","Procurement and supply of Bench and Desk to Govt High School at Malaikottalam (30 set)","MALAIYARASAN D","KALLAKURICHI","N/A","04-Aug-2025","626580"
"1995","Normal/Others","WS/MP18178/2025-2026/202110-Purchase of furniture and fixtures for educational purposes","Tamil Nadu","KALLAKURICHI(District Collector Kallakurichi_IDA)","Procurement and supply of Bench and Desk to Govt High School at Periyasiruvathur (30 set)","MALAIYARASAN D","KALLAKURICHI","N/A","04-Aug-2025","626580"
"1996","Normal/Others","WS/MP18178/2025-2026/202111-Purchase of furniture and fixtures for educational purposes","Tamil Nadu","KALLAKURICHI(District Collector Kallakurichi_IDA)","Procurement and supply of Bench and Desk to Govt High School at Mathur (40 set)","MALAIYARASAN D","KALLAKURICHI","N/A","04-Aug-2025","835440"
"1997","Normal/Others","WS/MP18178/2025-2026/202112-Purchase of furniture and fixtures for educational purposes","Tamil Nadu","KALLAKURICHI(District Collector Kallakurichi_IDA)","Procurement and supply of Bench and Desk to Govt Higher Sec School at Nainarpalayam (50 set)","MALAIYARASAN D","KALLAKURICHI","N/A","06-Aug-2025","1044300"
"1998","Normal/Others","WS/MP18178/2025-2026/202115-Purchase of furniture and fixtures for educational purposes","Tamil Nadu","KALLAKURICHI(District Collector Kallakurichi_IDA)","Procurement and supply of Bench and Desk to Govt boys Higher Sec School at Chinnasalem (50 set)","MALAIYARASAN D","KALLAKURICHI","N/A","06-Aug-2025","1044300"
"1999","Normal/Others","WS/MP18178/2025-2026/202116-Purchase of furniture and fixtures for educational purposes","Tamil Nadu","KALLAKURICHI(District Collector Kallakurichi_IDA)","Procurement and supply of Bench and Desk to Govt boys Higher Sec School at Vadakkanandhal (30 set)","MALAIYARASAN D","KALLAKURICHI","N/A","06-Aug-2025","626580"
"2000","Normal/Others","WS/MP18178/2025-2026/202117-Purchase of furniture and fixtures for educational purposes","Tamil Nadu","KALLAKURICHI(District Collector Kallakurichi_IDA)","Procurement and supply of Bench and Desk to Govt Girls Higher Sec School at Kachirayapalam","MALAIYARASAN D","KALLAKURICHI","N/A","06-Aug-2025","1044300"
"2001","Normal/Others","WS/MP18178/2025-2026/202122-Purchase of furniture and fixtures for educational purposes","Tamil Nadu","KALLAKURICHI(District Collector Kallakurichi_IDA)","Procurement and supply of Bench and Desk to Govt High School at Peelamedu (30 set)","MALAIYARASAN D","KALLAKURICHI","N/A","12-Sep-2025","626580"
"2002","Normal/Others","WS/MP18178/2025-2026/202123-Purchase of furniture and fixtures for educational purposes","Tamil Nadu","KALLAKURICHI(District Collector Kallakurichi_IDA)","Procurement and supply of Bench and Desk to Govt High School at Vadathorasalur (30 set)","MALAIYARASAN D","KALLAKURICHI","N/A","12-Sep-2025","626580"
"2003","Normal/Others","WS/MP18178/2025-2026/202124-Purchase of furniture and fixtures for educational purposes","Tamil Nadu","KALLAKURICHI(District Collector Kallakurichi_IDA)","Procurement and supply of Bench and Desk to Govt High School at Panaiyangal (30 set)","MALAIYARASAN D","KALLAKURICHI","N/A","12-Sep-2025","626580"
"2004","Normal/Others","WS/MP18178/2025-2026/202125-Purchase of furniture and fixtures for educational purposes","Tamil Nadu","KALLAKURICHI(District Collector Kallakurichi_IDA)","Procurement and supply of Bench and Desk to Govt Higher Sec School at Koothakudi (30 set)","MALAIYARASAN D","KALLAKURICHI","N/A","12-Sep-2025","626580"
"2005","Normal/Others","WS/MP18178/2025-2026/202126-Purchase of furniture and fixtures for educational purposes","Tamil Nadu","KALLAKURICHI(District Collector Kallakurichi_IDA)","Procurement and supply of Bench and Desk to Govt Higher Sec School at Asakalathur (30 set)","MALAIYARASAN D","KALLAKURICHI","N/A","12-Sep-2025","626580"
"2006","Normal/Others","WS/MP18178/2025-2026/202127-Purchase of furniture and fixtures for educational purposes","Tamil Nadu","KALLAKURICHI(District Collector Kallakurichi_IDA)","Procurement and supply of Bench and Desk to Govt Higher Sec School at Virugavur (30 set)","MALAIYARASAN D","KALLAKURICHI","N/A","12-Sep-2025","626580"
"2007","Normal/Others","WS/MP18178/2025-2026/202133-Purchase of furniture and fixtures for educational purposes","Tamil Nadu","KALLAKURICHI(District Collector Kallakurichi_IDA)","Procurement and supply of Bench and Desk to Govt Model Higher Sec School at Virugavur (30 set)","MALAIYARASAN D","KALLAKURICHI","N/A","12-Sep-2025","626580"
"2008","Normal/Others","WS/MP18178/2025-2026/202136-Purchase of furniture and fixtures for educational purposes","Tamil Nadu","KALLAKURICHI(District Collector Kallakurichi_IDA)","Procurement and supply of Bench and Desk to Govt Boys Higher Sec School at Thiyagadurugam (75 set)","MALAIYARASAN D","KALLAKURICHI","N/A","12-Sep-2025","1566450"
"2009","Normal/Others","WS/MP18178/2025-2026/202137-Purchase of furniture and fixtures for educational purposes","Tamil Nadu","KALLAKURICHI(District Collector Kallakurichi_IDA)","Procurement and supply of Bench and Desk to Govt Girls  Higher Sec School at Manalurpet (70 set )","MALAIYARASAN D","KALLAKURICHI","N/A","25-Aug-2025","1462020"
"2010","Normal/Others","WS/MP18178/2025-2026/202141-Purchase of furniture and fixtures for educational purposes","Tamil Nadu","KALLAKURICHI(District Collector Kallakurichi_IDA)","Procurement and supply of Bench and Desk to Govt Boys Higher Sec School at Koothakudi (50 set)","MALAIYARASAN D","KALLAKURICHI","N/A","25-Aug-2025","1044300"
"2011","Normal/Others","WS/MP18178/2025-2026/202142-Purchase of furniture and fixtures for educational purposes","Tamil Nadu","KALLAKURICHI(District Collector Kallakurichi_IDA)","Procurement and supply of Bench and Desk to Govt Higher Sec School at Eduthanur (50 set)","MALAIYARASAN D","KALLAKURICHI","N/A","25-Aug-2025","1044300"
"2012","Normal/Others","WS/MP18178/2025-2026/202143-Purchase of furniture and fixtures for educational purposes","Tamil Nadu","KALLAKURICHI(District Collector Kallakurichi_IDA)","Procurement and supply of Bench and Desk to Govt Higher Sec School at Keelpadi (50 set)","MALAIYARASAN D","KALLAKURICHI","N/A","25-Aug-2025","1044300"
"2013","Normal/Others","WS/MP18178/2025-2026/202146-Purchase of furniture and fixtures for educational purposes","Tamil Nadu","KALLAKURICHI(District Collector Kallakurichi_IDA)","Procurement and supply of Bench and Desk to Govt Higher Sec School at KGVP Vanapuram (50 set)","MALAIYARASAN D","KALLAKURICHI","N/A","25-Aug-2025","1044300"
"2014","Normal/Others","WS/MP18178/2025-2026/202147-Purchase of furniture and fixtures for educational purposes","Tamil Nadu","KALLAKURICHI(District Collector Kallakurichi_IDA)","Procurement and supply of Bench and Desk to Govt Higher Sec School at Ponniyandhal (30 set)","MALAIYARASAN D","KALLAKURICHI","N/A","10-Oct-2025","626580"
"2015","Normal/Others","WS/MP18178/2025-2026/202149-Purchase of furniture and fixtures for educational purposes","Tamil Nadu","KALLAKURICHI(District Collector Kallakurichi_IDA)","Procurement and supply of Bench and Desk to Govt High School at Solavandipuram (30 set)","MALAIYARASAN D","KALLAKURICHI","N/A","10-Oct-2025","626580"
"2016","Normal/Others","WS/MP18178/2025-2026/202152-Purchase of furniture and fixtures for educational purposes","Tamil Nadu","KALLAKURICHI(District Collector Kallakurichi_IDA)","Procurement and supply of Bench and Desk to Govt Higher Sec School at Koovanur (30 set)","MALAIYARASAN D","KALLAKURICHI","N/A","10-Oct-2025","626580"
"2017","Normal/Others","WS/MP18178/2025-2026/202153-Purchase of furniture and fixtures for educational purposes","Tamil Nadu","KALLAKURICHI(District Collector Kallakurichi_IDA)","Procurement and supply of Bench and Desk to Govt High School at Thimmachur (30 set)","MALAIYARASAN D","KALLAKURICHI","N/A","10-Oct-2025","626580"
"2018","Normal/Others","WS/MP18178/2025-2026/202154-Purchase of furniture and fixtures for educational purposes","Tamil Nadu","KALLAKURICHI(District Collector Kallakurichi_IDA)","Procurement and supply of Bench and Desk to Govt Higher Sec School at G.Ariyur (30 set)","MALAIYARASAN D","KALLAKURICHI","N/A","10-Oct-2025","626580"
"2019","Normal/Others","WS/MP18178/2025-2026/202159-Purchase of furniture and fixtures for educational purposes","Tamil Nadu","KALLAKURICHI(District Collector Kallakurichi_IDA)","Procurement and supply of Bench and Desk to Govt Model Higher Sec School at Ariyur (30 set)","MALAIYARASAN D","KALLAKURICHI","N/A","10-Oct-2025","626580"
"2020","Normal/Others","WS/MP18178/2025-2026/202161-Purchase of furniture and fixtures for educational purposes","Tamil Nadu","KALLAKURICHI(District Collector Kallakurichi_IDA)","Procurement and supply of Bench and Desk to Govt Higher Sec School at Pudupattu (35 set)","MALAIYARASAN D","KALLAKURICHI","N/A","13-Aug-2025","731010"
"2021","Normal/Others","WS/MP18178/2025-2026/202163-Purchase of furniture and fixtures for educational purposes","Tamil Nadu","KALLAKURICHI(District Collector Kallakurichi_IDA)","Procurement and supply of Bench and Desk to Govt Girls Higher Sec School at Sankarapuram (50 set)","MALAIYARASAN D","KALLAKURICHI","N/A","13-Aug-2025","1044300"
"2022","Normal/Others","WS/MP18178/2025-2026/202179-Purchase of furniture and fixtures for educational purposes","Tamil Nadu","KALLAKURICHI(District Collector Kallakurichi_IDA)","Procurement and supply of Bench and Desk to Govt IT College (40 Set)","MALAIYARASAN D","KALLAKURICHI","N/A","13-Aug-2025","835440"
"2023","Normal/Others","WS/MP18178/2025-2026/202180-Purchase of furniture and fixtures for educational purposes","Tamil Nadu","KALLAKURICHI(District Collector Kallakurichi_IDA)","Procurement and supply of Bench and Desk to Govt Higher Sec School at Devapandalam (50 set)","MALAIYARASAN D","KALLAKURICHI","N/A","13-Aug-2025","1044300"
"2024","Normal/Others","WS/MP18178/2025-2026/202181-Purchase of furniture and fixtures for educational purposes","Tamil Nadu","KALLAKURICHI(District Collector Kallakurichi_IDA)","Procurement and supply of Bench and Desk to Govt Higher Sec School at Seshasamudhiram (30 set)","MALAIYARASAN D","KALLAKURICHI","N/A","13-Aug-2025","626580"
"2025","Normal/Others","WS/MP18178/2025-2026/202186-Purchase of furniture and fixtures for educational purposes","Tamil Nadu","KALLAKURICHI(District Collector Kallakurichi_IDA)","Procurement and supply of Bench and Desk to Govt Higher Sec School at Nedumanur (30 set)","MALAIYARASAN D","KALLAKURICHI","N/A","13-Aug-2025","626580"
"2026","Normal/Others","WS/MP18178/2025-2026/202188-Purchase of furniture and fixtures for educational purposes","Tamil Nadu","KALLAKURICHI(District Collector Kallakurichi_IDA)","Procurement and supply of Bench and Desk to Govt Higher Sec School at Palaiyanur (50 set)","MALAIYARASAN D","KALLAKURICHI","N/A","13-Aug-2025","1044300"
"2027","Normal/Others","WS/MP18178/2025-2026/202189-Purchase of furniture and fixtures for educational purposes","Tamil Nadu","KALLAKURICHI(District Collector Kallakurichi_IDA)","Procurement and supply of Bench and Desk to Govt Higher Sec School at Murarpad (50 set)","MALAIYARASAN D","KALLAKURICHI","N/A","13-Aug-2025","1044300"
"2028","Normal/Others","WS/MP18178/2025-2026/218065-Purchase of smart boards, visual display units and projectors","Tamil Nadu","SALEM(DISTRICT COLLECTOR SALEM_IDA)","Providing Smart Class at Govt. Boys Hr Sec School at Attur","MALAIYARASAN D","KALLAKURICHI","Images","10-Oct-2025","234800"
"2029","Normal/Others","WS/MP18178/2025-2026/218066-Purchase of smart boards, visual display units and projectors","Tamil Nadu","SALEM(DISTRICT COLLECTOR SALEM_IDA)","Providing Smart Class at Govt. Girls Hr Sec School at Attur","MALAIYARASAN D","KALLAKURICHI","Images","09-Oct-2025","234800"
"2030","Normal/Others","WS/MP18178/2025-2026/218067-Purchase of smart boards, visual display units and projectors","Tamil Nadu","SALEM(DISTRICT COLLECTOR SALEM_IDA)","Providing Smart Class at Govt.  Hr Sec School at Chokkanathapuram in ATtur","MALAIYARASAN D","KALLAKURICHI","Images","09-Oct-2025","234800"
"2031","Normal/Others","WS/MP18178/2025-2026/218071-Purchase of smart boards, visual display units and projectors","Tamil Nadu","SALEM(DISTRICT COLLECTOR SALEM_IDA)","Providing Smart Class at Govt Hr Sec School at Malliyakarai in Attur panchayat","MALAIYARASAN D","KALLAKURICHI","Images","09-Oct-2025","234800"
"2032","Normal/Others","WS/MP18178/2025-2026/218072-Purchase of smart boards, visual display units and projectors","Tamil Nadu","SALEM(DISTRICT COLLECTOR SALEM_IDA)","Providing Smart Class at Govt. Hr Sec School at Kallanatham in Attur","MALAIYARASAN D","KALLAKURICHI","Images","09-Oct-2025","234800"
"2033","Normal/Others","WS/MP18178/2025-2026/218073-Purchase of smart boards, visual display units and projectors","Tamil Nadu","SALEM(DISTRICT COLLECTOR SALEM_IDA)","Providing Smart Class at Govt.  Hr Sec School at Kallanatham in attur","MALAIYARASAN D","KALLAKURICHI","Images","09-Oct-2025","234800"
"2034","Normal/Others","WS/MP18178/2025-2026/218074-Purchase of smart boards, visual display units and projectors","Tamil Nadu","SALEM(DISTRICT COLLECTOR SALEM_IDA)","Providing Smart Class at Govt. Boys Hr Sec School at Gangavalli","MALAIYARASAN D","KALLAKURICHI","Images","10-Oct-2025","234800"
"2035","Normal/Others","WS/MP18178/2025-2026/218076-Purchase of smart boards, visual display units and projectors","Tamil Nadu","SALEM(DISTRICT COLLECTOR SALEM_IDA)","Providing Smart Class at Govt. Girls Hr Sec School at Gangavalli","MALAIYARASAN D","KALLAKURICHI","Images","10-Oct-2025","234800"
"2036","Normal/Others","WS/MP18178/2025-2026/218077-Purchase of smart boards, visual display units and projectors","Tamil Nadu","SALEM(DISTRICT COLLECTOR SALEM_IDA)","Providing Smart Class at Govt.  Hr Sec School at Kondaiyampalli in Gangavalli","MALAIYARASAN D","KALLAKURICHI","Images","10-Oct-2025","234800"
"2037","Normal/Others","WS/MP18178/2025-2026/218080-Purchase of smart boards, visual display units and projectors","Tamil Nadu","SALEM(DISTRICT COLLECTOR SALEM_IDA)","Providing Smart Class at Govt. Hr Sec School at Goodamalai","MALAIYARASAN D","KALLAKURICHI","Images","10-Oct-2025","234800"
"2038","Normal/Others","WS/MP18178/2025-2026/218081-Purchase of smart boards, visual display units and projectors","Tamil Nadu","SALEM(DISTRICT COLLECTOR SALEM_IDA)","Providing Smart Class at Govt. High School at Nadavalur","MALAIYARASAN D","KALLAKURICHI","Images","10-Oct-2025","234800"
"2039","Normal/Others","WS/MP18178/2025-2026/218082-Purchase of smart boards, visual display units and projectors","Tamil Nadu","SALEM(DISTRICT COLLECTOR SALEM_IDA)","Providing Smart Class at Govt. Middle school at mamanji","MALAIYARASAN D","KALLAKURICHI","Images","12-Oct-2025","234800"
"2040","Normal/Others","WS/MP18178/2025-2026/218085-Purchase of smart boards, visual display units and projectors","Tamil Nadu","SALEM(DISTRICT COLLECTOR SALEM_IDA)","Providing Smart Class at Govt. Middle school at Papanaickan patti","MALAIYARASAN D","KALLAKURICHI","Images","12-Oct-2025","234800"
"2041","Normal/Others","WS/MP18178/2025-2026/218086-Purchase of smart boards, visual display units and projectors","Tamil Nadu","SALEM(DISTRICT COLLECTOR SALEM_IDA)","Providing Smart Class at Govt. Middle School at Palaniyapuri in P.N.Palayam","MALAIYARASAN D","KALLAKURICHI","Images","12-Oct-2025","234800"
"2042","Normal/Others","WS/MP18178/2025-2026/218087-Purchase of smart boards, visual display units and projectors","Tamil Nadu","SALEM(DISTRICT COLLECTOR SALEM_IDA)","Providing Smart Class at Govt. Middle School, Panaimadal","MALAIYARASAN D","KALLAKURICHI","Images","11-Oct-2025","234800"
"2043","Normal/Others","WS/MP18178/2025-2026/218091-Purchase of smart boards, visual display units and projectors","Tamil Nadu","SALEM(DISTRICT COLLECTOR SALEM_IDA)","Providing Smart Class at Govt. High School at Vellalapatti","MALAIYARASAN D","KALLAKURICHI","Images","11-Oct-2025","234800"
"2044","Normal/Others","WS/MP18178/2025-2026/218092-Purchase of smart boards, visual display units and projectors","Tamil Nadu","SALEM(DISTRICT COLLECTOR SALEM_IDA)","Providing Smart Class at Govt. High School at Kottavadi","MALAIYARASAN D","KALLAKURICHI","Images","11-Oct-2025","234800"
"2045","Normal/Others","WS/MP18178/2025-2026/218093-Purchase of smart boards, visual display units and projectors","Tamil Nadu","SALEM(DISTRICT COLLECTOR SALEM_IDA)","Providing Smart Class at Govt. High School at Masinaikanpatti","MALAIYARASAN D","KALLAKURICHI","Images","11-Oct-2025","234800"
"2046","Normal/Others","WS/MP18178/2025-2026/218107-Purchase of smart boards, visual display units and projectors","Tamil Nadu","SALEM(DISTRICT COLLECTOR SALEM_IDA)","Providing Smart Class at Govt. Girls Hr Sec School at Valaisiyur","MALAIYARASAN D","KALLAKURICHI","Images","02-Feb-2026","234800"
"2047","Normal/Others","WS/MP18178/2025-2026/218108-Purchase of smart boards, visual display units and projectors","Tamil Nadu","SALEM(DISTRICT COLLECTOR SALEM_IDA)","Providing Smart Class at Govt. Girls Hr Sec School at Veeranam","MALAIYARASAN D","KALLAKURICHI","Images","10-Oct-2025","234800"
"2048","Normal/Others","WS/MP18178/2025-2026/218109-Purchase of smart boards, visual display units and projectors","Tamil Nadu","SALEM(DISTRICT COLLECTOR SALEM_IDA)","Providing Smart Class at Govt. High School in Vadasennimalai","MALAIYARASAN D","KALLAKURICHI","Images","09-Oct-2025","234800"
"2049","Normal/Others","WS/MP18178/2025-2026/218112-Purchase of smart boards, visual display units and projectors","Tamil Nadu","SALEM(DISTRICT COLLECTOR SALEM_IDA)","Providing Smart Class at Govt. Hr Sec School at Sathapadi","MALAIYARASAN D","KALLAKURICHI","Images","09-Oct-2025","234800"
"2050","Normal/Others","WS/MP18178/2025-2026/218113-Purchase of smart boards, visual display units and projectors","Tamil Nadu","SALEM(DISTRICT COLLECTOR SALEM_IDA)","Providing Smart Class at Govt. Girls Hr Sec School at Thalaivasal","MALAIYARASAN D","KALLAKURICHI","Images","09-Oct-2025","234800"
"2051","Normal/Others","WS/MP18178/2025-2026/218114-Purchase of smart boards, visual display units and projectors","Tamil Nadu","SALEM(DISTRICT COLLECTOR SALEM_IDA)","Providing smart Class at Govt High school in Sitheri village","MALAIYARASAN D","KALLAKURICHI","Images","09-Oct-2025","234800"
"2052","Normal/Others","WS/MP18178/2025-2026/218116-Purchase of smart boards, visual display units and projectors","Tamil Nadu","SALEM(DISTRICT COLLECTOR SALEM_IDA)","Providing Smart Class at Govt High School in puliankurichi","MALAIYARASAN D","KALLAKURICHI","Images","09-Oct-2025","234800"
"2053","Normal/Others","WS/MP18178/2025-2026/218117-Purchase of smart boards, visual display units and projectors","Tamil Nadu","SALEM(DISTRICT COLLECTOR SALEM_IDA)","Providing Smart Class at Panchayat Union Middle School in Punalvasal","MALAIYARASAN D","KALLAKURICHI","Images","09-Oct-2025","234800"
"2054","Normal/Others","WS/MP18178/2025-2026/218119-Purchase of smart boards, visual display units and projectors","Tamil Nadu","SALEM(DISTRICT COLLECTOR SALEM_IDA)","Providing smart class at Panchayat Union Middle School in Peri Eri","MALAIYARASAN D","KALLAKURICHI","Images","09-Oct-2025","234800"
"2055","Normal/Others","WS/MP18178/2025-2026/218121-Purchase of smart boards, visual display units and projectors","Tamil Nadu","SALEM(DISTRICT COLLECTOR SALEM_IDA)","Providing Smart Class at Govt High school in vilaripalayam","MALAIYARASAN D","KALLAKURICHI","Images","11-Oct-2025","234800"
"2056","Normal/Others","WS/MP18178/2025-2026/218122-Purchase of smart boards, visual display units and projectors","Tamil Nadu","SALEM(DISTRICT COLLECTOR SALEM_IDA)","Providing Smart Class at Govt. Girls Hr Sec School at Belur","MALAIYARASAN D","KALLAKURICHI","N/A","08-Oct-2025","234800"
"2057","Normal/Others","WS/MP18178/2025-2026/225249-Purchase of furniture and fixtures for educational purposes","Tamil Nadu","KALLAKURICHI(District Collector Kallakurichi_IDA)","Providing bench  desk 30 sets at Govt High School Peruvangur","MALAIYARASAN D","KALLAKURICHI","N/A","09-Oct-2025","626580"
"2058","Normal/Others","WS/MP18178/2025-2026/225333-Purchase of furniture and fixtures for educational purposes","Tamil Nadu","KALLAKURICHI(District Collector Kallakurichi_IDA)","Providing bench desk 30 Sets at Govt high School Vaniyanthal","MALAIYARASAN D","KALLAKURICHI","N/A","09-Oct-2025","626580"
"2059","Normal/Others","WS/MP18178/2025-2026/225336-Purchase of furniture and fixtures for educational purposes","Tamil Nadu","KALLAKURICHI(District Collector Kallakurichi_IDA)","Providing Bench  Desk 30 Sets at Govt High School Somandarkudi","MALAIYARASAN D","KALLAKURICHI","N/A","09-Oct-2025","626580"
"2060","Normal/Others","WS/MP18178/2025-2026/225338-Purchase of furniture and fixtures for educational purposes","Tamil Nadu","KALLAKURICHI(District Collector Kallakurichi_IDA)","Providing Bench desk 40 sets at govt boys high sec school at Kallakurichi","MALAIYARASAN D","KALLAKURICHI","N/A","09-Oct-2025","835440"
"2061","Normal/Others","WS/MP18178/2025-2026/225351-Purchase of furniture and fixtures for educational purposes","Tamil Nadu","KALLAKURICHI(District Collector Kallakurichi_IDA)","Providing bench desk 30 sets at govt high school perumangalam","MALAIYARASAN D","KALLAKURICHI","N/A","09-Oct-2025","626580"
"2062","Normal/Others","WS/MP18178/2025-2026/225352-Purchase of furniture and fixtures for educational purposes","Tamil Nadu","KALLAKURICHI(District Collector Kallakurichi_IDA)","Providing Bench Desk 30 sets govt middle school kallakurichi","MALAIYARASAN D","KALLAKURICHI","N/A","09-Oct-2025","626580"
"2063","Normal/Others","WS/MP18178/2025-2026/225353-Purchase of furniture and fixtures for educational purposes","Tamil Nadu","KALLAKURICHI(District Collector Kallakurichi_IDA)","Providing Bench Desk 30 sets at Govt Middle School at Ravathanallur","MALAIYARASAN D","KALLAKURICHI","N/A","10-Oct-2025","626580"
"2064","Normal/Others","WS/MP18178/2025-2026/225356-Purchase of furniture and fixtures for educational purposes","Tamil Nadu","KALLAKURICHI(District Collector Kallakurichi_IDA)","Providing Bench Desk 30 Sets at Govt Middle school Rangappanur","MALAIYARASAN D","KALLAKURICHI","N/A","10-Oct-2025","626580"
"2065","Normal/Others","WS/MP18178/2025-2026/225357-Purchase of furniture and fixtures for educational purposes","Tamil Nadu","KALLAKURICHI(District Collector Kallakurichi_IDA)","Providing bench desk 30 sets at Govt Middle school Pakkam","MALAIYARASAN D","KALLAKURICHI","N/A","18-Feb-2026","626580"
"2066","Normal/Others","WS/MP18178/2025-2026/225358-Purchase of furniture and fixtures for educational purposes","Tamil Nadu","KALLAKURICHI(District Collector Kallakurichi_IDA)","Providing Bench Desk 25 sets at Govt Middle School Vadamamandhur","MALAIYARASAN D","KALLAKURICHI","N/A","28-Oct-2025","522150"
"2067","Normal/Others","WS/MP18178/2025-2026/225370-Purchase of furniture and fixtures for educational purposes","Tamil Nadu","KALLAKURICHI(District Collector Kallakurichi_IDA)","Providing Bench Desk 25 sets at Govt Middle school melandhal","MALAIYARASAN D","KALLAKURICHI","N/A","04-Dec-2025","522150"
"2068","Normal/Others","WS/MP18178/2025-2026/225372-Purchase of furniture and fixtures for educational purposes","Tamil Nadu","KALLAKURICHI(District Collector Kallakurichi_IDA)","Providing Bench desk  20 sets at Govt Middle School Marur","MALAIYARASAN D","KALLAKURICHI","N/A","28-Oct-2025","417720"
"2069","Normal/Others","WS/MP18178/2025-2026/225377-Purchase of furniture and fixtures for educational purposes","Tamil Nadu","KALLAKURICHI(District Collector Kallakurichi_IDA)","Providing Bench Desk 25 sets at Govt High School Tholuvanthangal","MALAIYARASAN D","KALLAKURICHI","N/A","28-Oct-2025","522150"
"2070","Normal/Others","WS/MP18178/2025-2026/225378-Purchase of furniture and fixtures for educational purposes","Tamil Nadu","KALLAKURICHI(District Collector Kallakurichi_IDA)","Providing Bench Desk 30 sets at Govt High School Periyakolliyur","MALAIYARASAN D","KALLAKURICHI","N/A","28-Oct-2025","626580"
"2071","Normal/Others","WS/MP18178/2025-2026/225380-Purchase of furniture and fixtures for educational purposes","Tamil Nadu","KALLAKURICHI(District Collector Kallakurichi_IDA)","Providing Bench Desk 50 seta at Govt High School Eduthanur","MALAIYARASAN D","KALLAKURICHI","N/A","28-Oct-2025","1044300"
"2072","Normal/Others","WS/MP18178/2025-2026/225381-Purchase of furniture and fixtures for educational purposes","Tamil Nadu","KALLAKURICHI(District Collector Kallakurichi_IDA)","Providing Bench Desk 30 sets Govt High Sec School Kaduvanur","MALAIYARASAN D","KALLAKURICHI","N/A","28-Oct-2025","626580"
"2073","Normal/Others","WS/MP18178/2025-2026/225382-Purchase of furniture and fixtures for educational purposes","Tamil Nadu","KALLAKURICHI(District Collector Kallakurichi_IDA)","Providing Bench Desk  30 Sets at Govt High Sec School Chithal","MALAIYARASAN D","KALLAKURICHI","N/A","28-Oct-2025","626580"
"2074","Normal/Others","WS/MP18178/2025-2026/225384-Purchase of furniture and fixtures for educational purposes","Tamil Nadu","KALLAKURICHI(District Collector Kallakurichi_IDA)","Providing Bench Desk 40 Sets at Govt High Sec School Sitheripattu","MALAIYARASAN D","KALLAKURICHI","N/A","18-Feb-2026","835440"
"2075","Normal/Others","WS/MP18178/2025-2026/225387-Purchase of furniture and fixtures for educational purposes","Tamil Nadu","KALLAKURICHI(District Collector Kallakurichi_IDA)","Providing bench desk 30 sets at Govt High School Thengiyanatham","MALAIYARASAN D","KALLAKURICHI","N/A","06-Oct-2025","626580"
"2076","Normal/Others","WS/MP18178/2025-2026/225388-Purchase of furniture and fixtures for educational purposes","Tamil Nadu","KALLAKURICHI(District Collector Kallakurichi_IDA)","Providing Bench desk 30Sets at Govt High School Madhavachery","MALAIYARASAN D","KALLAKURICHI","N/A","09-Oct-2025","626580"
"2077","Normal/Others","WS/MP18178/2025-2026/225390-Purchase of furniture and fixtures for educational purposes","Tamil Nadu","KALLAKURICHI(District Collector Kallakurichi_IDA)","Providing Bench desk 40 Sets at Govt High Sec School Chinnasalem","MALAIYARASAN D","KALLAKURICHI","N/A","06-Oct-2025","835440"
"2078","Normal/Others","WS/MP18178/2025-2026/225392-Purchase of furniture and fixtures for educational purposes","Tamil Nadu","KALLAKURICHI(District Collector Kallakurichi_IDA)","Providing Bench Desk 40 Sets at Govt High Sec School Sellampattu","MALAIYARASAN D","KALLAKURICHI","N/A","10-Oct-2025","835440"
"2079","Normal/Others","WS/MP18178/2025-2026/225393-Purchase of furniture and fixtures for educational purposes","Tamil Nadu","KALLAKURICHI(District Collector Kallakurichi_IDA)","Providing Bench Desk 40 Sets at Govt High Sec School Karadichithur","MALAIYARASAN D","KALLAKURICHI","N/A","09-Oct-2025","835440"
"2080","Normal/Others","WS/MP18178/2025-2026/225395-Purchase of furniture and fixtures for educational purposes","Tamil Nadu","KALLAKURICHI(District Collector Kallakurichi_IDA)","Providing Bench desk 17 sets at Govt School Puthirampattu","MALAIYARASAN D","KALLAKURICHI","N/A","10-Oct-2025","355062"
"2081","Normal/Others","WS/MP18178/2025-2026/225396-Purchase of furniture and fixtures for educational purposes","Tamil Nadu","KALLAKURICHI(District Collector Kallakurichi_IDA)","Providing Bench Desk 20 sets at Govt School Mookanur","MALAIYARASAN D","KALLAKURICHI","N/A","10-Oct-2025","417720"
"2082","Normal/Others","WS/MP18178/2025-2026/225417-Purchase of furniture and fixtures for educational purposes","Tamil Nadu","KALLAKURICHI(District Collector Kallakurichi_IDA)","Provided Bench desk 30 Sets at Govt High School Ranganathapuram","MALAIYARASAN D","KALLAKURICHI","N/A","04-Feb-2026","626580"
"2083","Normal/Others","WS/MP18178/2025-2026/225418-Purchase of furniture and fixtures for educational purposes","Tamil Nadu","KALLAKURICHI(District Collector Kallakurichi_IDA)","Providing bench desk 30 sets at Govt High Sec School Ranganathapuram","MALAIYARASAN D","KALLAKURICHI","N/A","09-Oct-2025","626580"
"2084","Normal/Others","WS/MP18178/2025-2026/225419-Purchase of furniture and fixtures for educational purposes","Tamil Nadu","KALLAKURICHI(District Collector Kallakurichi_IDA)","Providing bench desk 40 Sets at Govt High Sec School Periyasiruvathur","MALAIYARASAN D","KALLAKURICHI","N/A","09-Oct-2025","835440"
"2085","Normal/Others","WS/MP18178/2025-2026/225424-Purchase of furniture and fixtures for educational purposes","Tamil Nadu","KALLAKURICHI(District Collector Kallakurichi_IDA)","Providing Bench desk 25 sets at Govt Middle School Kanniparai","MALAIYARASAN D","KALLAKURICHI","N/A","18-Feb-2026","522150"
"2086","Normal/Others","WS/MP18178/2025-2026/225425-Purchase of furniture and fixtures for educational purposes","Tamil Nadu","KALLAKURICHI(District Collector Kallakurichi_IDA)","Providing Bench Desk 30 Sets Govt High Sec School Na Kuppam","MALAIYARASAN D","KALLAKURICHI","N/A","06-Oct-2025","626580"
"2087","Normal/Others","WS/MP18178/2025-2026/225470-Purchase of furniture and fixtures for educational purposes","Tamil Nadu","KALLAKURICHI(District Collector Kallakurichi_IDA)","Providing Bench desk 30 sets Govt Middle School Kadambur","MALAIYARASAN D","KALLAKURICHI","N/A","09-Dec-2025","626580"
"2088","Normal/Others","WS/MP18178/2025-2026/225496-Purchase of non-conventional energy system and devices for community use","Tamil Nadu","SALEM(DISTRICT COLLECTOR SALEM_IDA)","5.04 KW OFF grid Solar roof Top System Using 9 nos 560 Wattsolar Panel with G.I Structure Mounting Installation with Wiring Including Battery Backup 1.8 kv LIF 04 Lithium Battery","MALAIYARASAN D","KALLAKURICHI","Images","17-Dec-2025","979170"
"2089","Normal/Others","WS/MP18178/2025-2026/225498-Purchase of non-conventional energy system and devices for community use","Tamil Nadu","SALEM(DISTRICT COLLECTOR SALEM_IDA)","Solar Water Heater and Solar LED Street Lights 5 nos Washing Machine  10 kg capacity  1 no Refrigerator  180 ltr capacity 1 No","MALAIYARASAN D","KALLAKURICHI","Images","13-Nov-2025","559374"
"2090","Normal/Others","WS/MP18178/2025-2026/225502-Purchase of non-conventional energy system and devices for community use","Tamil Nadu","SALEM(DISTRICT COLLECTOR SALEM_IDA)","Vadakkunadu Panchayath Karumanthurai Primary Health Centre  Providing 5.04 KW oof Grid Solar roof Top System Using  9  Nos 560Watt Solar Panel with G.I Structure Mounting Installation with Wiring Including Battery backup 1.8 kv lif 04 Litium battery","MALAIYARASAN D","KALLAKURICHI","Images","17-Dec-2025","979170"
"2091","Normal/Others","WS/MP18178/2025-2026/225504-Purchase of non-conventional energy system and devices for community use","Tamil Nadu","SALEM(DISTRICT COLLECTOR SALEM_IDA)","Vadakkunadu Panchayath Karumanthurai Primary Health Centre Solar Water Heater LED Flood Light  8 nos Solar LED Street light 5 nos","MALAIYARASAN D","KALLAKURICHI","Images","13-Nov-2025","549362"
"2092","Normal/Others","WS/MP18178/2025-2026/225505-Installing community drinking water plants","Tamil Nadu","SALEM(DISTRICT COLLECTOR SALEM_IDA)","Arignar Anna Anna Arts Science Collage Kattukottakai Vadasennimalai To Providing RO Water Plant 500 Ltr Capacity with SS tank Including Electrical and plumbing work","MALAIYARASAN D","KALLAKURICHI","Images","15-Dec-2025","569386"
"2093","Normal/Others","WS/MP18178/2025-2026/225506-Purchase of non-conventional energy system and devices for community use","Tamil Nadu","SALEM(DISTRICT COLLECTOR SALEM_IDA)","To providing Solar lights with GI Octagonal Pole  7 Nos at Arignar Anna Arts and Science Collage Kattukottkai .","MALAIYARASAN D","KALLAKURICHI","Images","15-Dec-2025","429690"
"2094","Normal/Others","WS/MP18178/2025-2026/225507-Purchase of non-conventional energy system and devices for community use","Tamil Nadu","SALEM(DISTRICT COLLECTOR SALEM_IDA)","Solar Tower light for keezhnadu Panchayath kunnur Village","MALAIYARASAN D","KALLAKURICHI","Images","12-Jan-2026","374241"
"2095","Normal/Others","WS/MP18178/2025-2026/225508-Purchase of non-conventional energy system and devices for community use","Tamil Nadu","SALEM(DISTRICT COLLECTOR SALEM_IDA)","Solar Tower Light for Keelnadu Panchayat Soolankurichi Village","MALAIYARASAN D","KALLAKURICHI","Images","12-Jan-2026","374241"
"2096","Normal/Others","WS/MP18178/2025-2026/225509-Purchase of non-conventional energy system and devices for community use","Tamil Nadu","SALEM(DISTRICT COLLECTOR SALEM_IDA)","To Providing Solar Tower Light for Meal Nadu Panchayath kalakkampadi Village","MALAIYARASAN D","KALLAKURICHI","Images","12-Jan-2026","374241"
"2097","Normal/Others","WS/MP18178/2025-2026/225511-Purchase of non-conventional energy system and devices for community use","Tamil Nadu","SALEM(DISTRICT COLLECTOR SALEM_IDA)","Chinnakalvarayan hills Check post To Anjinear Kovil  GI Octagonal Pole 10 Nos  Solar light 16 nos","MALAIYARASAN D","KALLAKURICHI","Images","17-Dec-2025","924340"
"2098","Normal/Others","WS/MP18178/2025-2026/225512-Purchase of non-conventional energy system and devices for community use","Tamil Nadu","SALEM(DISTRICT COLLECTOR SALEM_IDA)","Chinnakalavayan hiss Anjinear kovil To Lake Turn GI Octagonal pole  10 nos Solar light 16 Nos","MALAIYARASAN D","KALLAKURICHI","Images","17-Dec-2025","924340"
"2099","Repair and Renovation","WS/MP18178/2026-2027/280588-Lighting of public spaces","Tamil Nadu","SALEM(DISTRICT COLLECTOR SALEM_IDA)","Installation of mini Solar light at Near Sivan koil at thedavur","MALAIYARASAN D","KALLAKURICHI","Images","15-May-2026","373720"
"2100","Normal/Others","WS/MP18179/2024-2025/168570-Construction of buildings for crèches and anganwadies","Tamil Nadu","Mayiladuthurai(District Collector Mayiladuthurai_IDA)","Construction of Anganwadi Building at Uluthukuppai Panchayat","SUDHA R","MAYILADUTHURAI","Images","16-Apr-2026","1630446"
"2101","Normal/Others","WS/MP18179/2024-2025/168573-Construction of common work sheds/ common covered sitting area","Tamil Nadu","Mayiladuthurai(District Collector Mayiladuthurai_IDA)","Construction of Bus Shelter near Pallivasal  in Perunthottam Panchayat.","SUDHA R","MAYILADUTHURAI","Images","12-Nov-2025","599407"
"2102","Normal/Others","WS/MP18179/2024-2025/168576-Construction of common work sheds/ common covered sitting area","Tamil Nadu","Mayiladuthurai(District Collector Mayiladuthurai_IDA)","Construction of Bus Shelter near Annanperumalkoil  in Karaimedu Panchayat.","SUDHA R","MAYILADUTHURAI","Images","06-Jan-2026","599784"
"2103","Normal/Others","WS/MP18179/2025-2026/168580-Lighting of public spaces","Tamil Nadu","Mayiladuthurai(District Collector Mayiladuthurai_IDA)","Installation of High mass Light at Boothanoor in Eduthukatti panchhayat","SUDHA R","MAYILADUTHURAI","N/A","18-Sep-2025","700000"
"2104","Normal/Others","WS/MP18179/2024-2025/168581-Construction of water tanks","Tamil Nadu","Mayiladuthurai(District Collector Mayiladuthurai_IDA)","Construction of 30000 litter Over Head Tank at Keelagaram in Achalpuram Panchayat","SUDHA R","MAYILADUTHURAI","Images","06-Oct-2025","1674505"
"2105","Normal/Others","WS/MP18179/2024-2025/168587-Construction of common work sheds/ common covered sitting area","Tamil Nadu","Mayiladuthurai(District Collector Mayiladuthurai_IDA)","Construction of Bus Shelter near koil in Thirumacheri Panchayat.","SUDHA R","MAYILADUTHURAI","N/A","27-Dec-2025","999642"
"2106","Normal/Others","WS/MP18179/2024-2025/168589-Crematoriums/energy efficient crematoriums or structures on burial/cremation ground","Tamil Nadu","Mayiladuthurai(District Collector Mayiladuthurai_IDA)","Construction of Burial Ground  at Neithavasal in Kaveripoompattinam Panchayat","SUDHA R","MAYILADUTHURAI","Images","02-Jul-2025","399041"
"2107","Normal/Others","WS/MP18179/2024-2025/168593-Crematoriums/energy efficient crematoriums or structures on burial/cremation ground","Tamil Nadu","Mayiladuthurai(District Collector Mayiladuthurai_IDA)","Construction of Burial Ground  at Chinna Nimmeli Manmadhan Koil Street in Keelasattanathapuram Panchayat","SUDHA R","MAYILADUTHURAI","Images","30-Jun-2025","399550"
"2108","Normal/Others","WS/MP18179/2025-2026/179448-Purchase of furniture and fixtures for educational purposes","Tamil Nadu","THANJAVUR(DISTRICT COLLECTOR THANJAVUR_IDA)","Procurment of  furniture at Govt. Gilrs Highr Seceondry School in Ullur Panchayat.","SUDHA R","MAYILADUTHURAI","Images","22-Sep-2025","600000"
"2109","Normal/Others","WS/MP18179/2025-2026/179449-Purchase of furniture and fixtures for educational purposes","Tamil Nadu","THANJAVUR(DISTRICT COLLECTOR THANJAVUR_IDA)","Procurment of  furniture at Govt. Highr Seceondry School in Sundharaperumal Kovil Panchayat","SUDHA R","MAYILADUTHURAI","Images","22-Sep-2025","800000"
"2110","Normal/Others","WS/MP18179/2025-2026/179450-Purchase of furniture and fixtures for educational purposes","Tamil Nadu","THANJAVUR(DISTRICT COLLECTOR THANJAVUR_IDA)","Procurment of  furniture at Govt. Highr Seceondry School in Papanasam Town Panchayat","SUDHA R","MAYILADUTHURAI","Images","22-Sep-2025","600000"
"2111","Normal/Others","WS/MP18179/2025-2026/179456-Lighting of public spaces","Tamil Nadu","Mayiladuthurai(District Collector Mayiladuthurai_IDA)","Instalation of High Mast Light near Mariyaman Kovil in Elumagalur Panchayat","SUDHA R","MAYILADUTHURAI","N/A","22-Oct-2025","700000"
"2112","Normal/Others","WS/MP18179/2025-2026/179457-Lighting of public spaces","Tamil Nadu","Mayiladuthurai(District Collector Mayiladuthurai_IDA)","Instalation of High Mast Light Near Perumal kovil  in Kanjuvoy Panchayat","SUDHA R","MAYILADUTHURAI","N/A","22-Oct-2025","700000"
"2113","Normal/Others","WS/MP18179/2025-2026/179458-Lighting of public spaces","Tamil Nadu","THANJAVUR(DISTRICT COLLECTOR THANJAVUR_IDA)","Instalation of High Mast Light at Bazzar Street in Patteeswaram Panchayat","SUDHA R","MAYILADUTHURAI","Images","09-Mar-2026","700000"
"2114","Normal/Others","WS/MP18179/2025-2026/179459-Lighting of public spaces","Tamil Nadu","THANJAVUR(DISTRICT COLLECTOR THANJAVUR_IDA)","Instalation of High Mast Light at Thanjavur Main road in Thiruvalanjuli Panchayat","SUDHA R","MAYILADUTHURAI","Images","09-Dec-2025","700000"
"2115","Normal/Others","WS/MP18179/2025-2026/179460-Lighting of public spaces","Tamil Nadu","THANJAVUR(DISTRICT COLLECTOR THANJAVUR_IDA)","Instalation of High Mast Light at Main road in Melakabishthalam Panchayat","SUDHA R","MAYILADUTHURAI","Images","08-Oct-2025","699000"
"2116","Normal/Others","WS/MP18179/2025-2026/179461-Lighting of public spaces","Tamil Nadu","THANJAVUR(DISTRICT COLLECTOR THANJAVUR_IDA)","Instalation of High Mast Light at Main road in Manalur Panchayat","SUDHA R","MAYILADUTHURAI","Images","08-Oct-2025","699000"
"2117","Normal/Others","WS/MP18179/2025-2026/179462-Lighting of public spaces","Tamil Nadu","THANJAVUR(DISTRICT COLLECTOR THANJAVUR_IDA)","Instalation of High Mast Light at Near Sivan Kovil in Someshwarapuram panchayat","SUDHA R","MAYILADUTHURAI","Images","08-Oct-2025","700000"
"2118","Normal/Others","WS/MP18179/2025-2026/179463-Lighting of public spaces","Tamil Nadu","THANJAVUR(DISTRICT COLLECTOR THANJAVUR_IDA)","Instalation of High Mast Light at Mankollai in Eachankudi panchayat","SUDHA R","MAYILADUTHURAI","Images","08-Oct-2025","700000"
"2119","Normal/Others","WS/MP18179/2025-2026/179464-Lighting of public spaces","Tamil Nadu","THANJAVUR(DISTRICT COLLECTOR THANJAVUR_IDA)","Instalation of High Mast Light at Mangamalpuram Habitiation in Nagarasmpettai Panchayat","SUDHA R","MAYILADUTHURAI","Images","30-Sep-2025","700000"
"2120","Normal/Others","WS/MP18179/2025-2026/245326-Lighting of public spaces","Tamil Nadu","THANJAVUR(DISTRICT COLLECTOR THANJAVUR_IDA)","Installation of High Mast Light (16 m) at Suryanar Kovil Panchayat","SUDHA R","MAYILADUTHURAI","Images","17-Aug-2026","900000"
"2121","Normal/Others","WS/MP18179/2025-2026/245327-Lighting of public spaces","Tamil Nadu","THANJAVUR(DISTRICT COLLECTOR THANJAVUR_IDA)","Installation of High Mast Light (16 m) at Anna Nagar Sivan Koil (Ward No 12) in Sozhapuram Town Panchayat.","SUDHA R","MAYILADUTHURAI","Images","01-Sep-2026",""
"2122","Normal/Others","WS/MP18179/2025-2026/245328-Lighting of public spaces","Tamil Nadu","THANJAVUR(DISTRICT COLLECTOR THANJAVUR_IDA)","Installation of High Mast Light (16 m) at Masjith Nagar near Pallivasal (Ward No15) in Sozhapuram Town Panchayat.","SUDHA R","MAYILADUTHURAI","Images","01-Sep-2026",""
"2123","Normal/Others","WS/MP18179/2025-2026/245329-Lighting of public spaces","Tamil Nadu","THANJAVUR(DISTRICT COLLECTOR THANJAVUR_IDA)","Installation of High Mast Light (16 m) at Uppukara Street near National grocery store (Ward No 06) in Sozhapuram Town Panchayat.","SUDHA R","MAYILADUTHURAI","Images","01-Sep-2026",""
"2124","Normal/Others","WS/MP18179/2025-2026/245334-Construction of community centers and community halls","Tamil Nadu","THANJAVUR(DISTRICT COLLECTOR THANJAVUR_IDA)","Construction of Public Distribution shop at Manalur Panchayat","SUDHA R","MAYILADUTHURAI","Images","31-Aug-2026",""
"2125","Normal/Others","WS/MP18179/2025-2026/245344-Lighting of public spaces","Tamil Nadu","THANJAVUR(DISTRICT COLLECTOR THANJAVUR_IDA)","Installation of High Mast Light (16 m) near Pallivasal  in NachiyarKovil Panchayat","SUDHA R","MAYILADUTHURAI","Images","14-May-2026","900000"
"2126","Normal/Others","WS/MP18180/2025-2026/149574-Construction of toilet blocks","Tamil Nadu","PERAMBALUR(DISTRICT COLLECTOR PERAMBALUR_IDA)","Construction of Single Unit Girls Toilet @ GHSS Ammapalayam","ARUN NEHRU","PERAMBALUR","N/A","16-Jul-2025","784576"
"2127","Normal/Others","WS/MP18180/2025-2026/149575-Construction of toilet blocks","Tamil Nadu","PERAMBALUR(DISTRICT COLLECTOR PERAMBALUR_IDA)","Construction of Two Number of Single Unit Girls Toilet @ GHSS Chatiramanai","ARUN NEHRU","PERAMBALUR","N/A","08-Aug-2025","1546672"
"2128","Normal/Others","WS/MP18180/2025-2026/149576-Construction of toilet blocks","Tamil Nadu","PERAMBALUR(DISTRICT COLLECTOR PERAMBALUR_IDA)","Construction of Single Unit Girls Toilet @ GHSS Elambalur","ARUN NEHRU","PERAMBALUR","N/A","28-May-2025","784709"
"2129","Normal/Others","WS/MP18180/2025-2026/149577-Construction of toilet blocks","Tamil Nadu","PERAMBALUR(DISTRICT COLLECTOR PERAMBALUR_IDA)","Construction of Single Unit Girls Toilet @ GHS Kalpadi","ARUN NEHRU","PERAMBALUR","N/A","25-Jun-2025","783670"
"2130","Normal/Others","WS/MP18180/2024-2025/149578-Construction of toilet blocks","Tamil Nadu","PERAMBALUR(DISTRICT COLLECTOR PERAMBALUR_IDA)","Construction of Single Unit Girls Toilet @ GHSS Siruvachur","ARUN NEHRU","PERAMBALUR","N/A","21-Mar-2025","784659"
"2131","Normal/Others","WS/MP18180/2025-2026/149579-Construction of toilet blocks","Tamil Nadu","PERAMBALUR(DISTRICT COLLECTOR PERAMBALUR_IDA)","Construction of Single Unit Girls Toilet @ GHS Vadakkumadevi","ARUN NEHRU","PERAMBALUR","N/A","31-Jul-2025","784407"
"2132","Normal/Others","WS/MP18180/2025-2026/149580-Construction of toilet blocks","Tamil Nadu","PERAMBALUR(DISTRICT COLLECTOR PERAMBALUR_IDA)","Construction of Single Unit Girls Toilet @ GHS Velur","ARUN NEHRU","PERAMBALUR","N/A","03-Jul-2025","782833"
"2133","Normal/Others","WS/MP18180/2025-2026/149581-Construction of toilet blocks","Tamil Nadu","PERAMBALUR(DISTRICT COLLECTOR PERAMBALUR_IDA)","Construction of Single Unit Girls Toilet @ GHSS V.Kalathur","ARUN NEHRU","PERAMBALUR","N/A","10-Sep-2025","784460"
"2134","Normal/Others","WS/MP18180/2025-2026/149582-Construction of toilet blocks","Tamil Nadu","PERAMBALUR(DISTRICT COLLECTOR PERAMBALUR_IDA)","Construction of Single Unit Girls Toilet @ GHSS Kai.kalathur","ARUN NEHRU","PERAMBALUR","N/A","19-Sep-2025","784655"
"2135","Normal/Others","WS/MP18180/2025-2026/149583-Construction of toilet blocks","Tamil Nadu","PERAMBALUR(DISTRICT COLLECTOR PERAMBALUR_IDA)","Construction of Single Unit Girls Toilet @ GHSS Nerkunam","ARUN NEHRU","PERAMBALUR","N/A","12-Dec-2025","783616"
"2136","Normal/Others","WS/MP18180/2025-2026/149584-Construction of toilet blocks","Tamil Nadu","PERAMBALUR(DISTRICT COLLECTOR PERAMBALUR_IDA)","Construction of Single Unit Girls Toilet @ GHSS Vengalam","ARUN NEHRU","PERAMBALUR","N/A","02-Jul-2025","784484"
"2137","Normal/Others","WS/MP18180/2025-2026/149585-Construction of toilet blocks","Tamil Nadu","PERAMBALUR(DISTRICT COLLECTOR PERAMBALUR_IDA)","Construction of Single Unit Girls Toilet @ GHSS Poolambadi","ARUN NEHRU","PERAMBALUR","N/A","02-Jul-2025","784380"
"2138","Normal/Others","WS/MP18180/2025-2026/162520-Construction of rooms and halls in school and colleges","Tamil Nadu","PERAMBALUR(DISTRICT COLLECTOR PERAMBALUR_IDA)","Construction of 2 Classroom Building @ Nehru Higher Secondary School in Eraiyur Pt.","ARUN NEHRU","PERAMBALUR","Images","06-May-2026","4349802"
"2139","Normal/Others","WS/MP18180/2025-2026/178537-Construction of rooms and halls in school and colleges","Tamil Nadu","KARUR(DISTRICT COLLECTOR KARUR_IDA)","Construction of Two Classroom Building at Lalapettai Govt. Higher Secondary School in Kallapalli Pt. Krishnarayapuram Union","ARUN NEHRU","PERAMBALUR","Images","17-Apr-2026","4473544"
"2140","Normal/Others","WS/MP18180/2025-2026/184774-Construction of toilet blocks","Tamil Nadu","TIRUCHIRAPPALLI(DISTRICT COLLECTOR TIRUCHIRAPPALLI_IDA)","Construction of Boys Toilet (1 unit) at vengangudi Govt AD high School in vengangudi pt Manachanallur PU  (2024-2025)","ARUN NEHRU","PERAMBALUR","N/A","14-Oct-2025","1196783"
"2141","Normal/Others","WS/MP18180/2025-2026/184777-Construction of toilet blocks","Tamil Nadu","TIRUCHIRAPPALLI(DISTRICT COLLECTOR TIRUCHIRAPPALLI_IDA)","Construction of Girls toilet (1 unit) at velampatti Govt high School in Mahadevi pt T.Pet PU (2024-2025)","ARUN NEHRU","PERAMBALUR","N/A","09-Oct-2025","1196753"
"2142","Normal/Others","WS/MP18180/2025-2026/184778-Construction of water tanks","Tamil Nadu","TIRUCHIRAPPALLI(DISTRICT COLLECTOR TIRUCHIRAPPALLI_IDA)","Construction of 30000 lit OHT at Muslim street in sathamangalam pt Lalgudi PU (2024-2025)","ARUN NEHRU","PERAMBALUR","Images","09-Feb-2026","2277373"
"2143","Normal/Others","WS/MP18180/2025-2026/184779-Construction of water tanks","Tamil Nadu","TIRUCHIRAPPALLI(DISTRICT COLLECTOR TIRUCHIRAPPALLI_IDA)","Construction of 30000 lit OHT at Anna Nagar in makkal pt in Lalgudi PU (2024-2025)","ARUN NEHRU","PERAMBALUR","Images","09-Feb-2026","2276259"
"2144","Normal/Others","WS/MP18180/2025-2026/184780-Construction of roads, link roads, pathways or any other road with or without drainage system","Tamil Nadu","TIRUCHIRAPPALLI(DISTRICT COLLECTOR TIRUCHIRAPPALLI_IDA)","BT Road from Main road to Admin Block of Agricultural Engineering College and Research Institute at Kumulur pt Pullambadi PU (2024-2025)","ARUN NEHRU","PERAMBALUR","Images","28-Jul-2025","2499863"
"2145","Normal/Others","WS/MP18180/2025-2026/184781-Construction of toilet blocks","Tamil Nadu","TIRUCHIRAPPALLI(DISTRICT COLLECTOR TIRUCHIRAPPALLI_IDA)","Construction of Boys toilet (1 unit) at Aringar anna Govt higher secondary School in pachaperumalpatti pt Uppiliyapuram PU (2024-2025)","ARUN NEHRU","PERAMBALUR","N/A","17-Nov-2025","1196190"
"2146","Normal/Others","WS/MP18180/2025-2026/184782-Purchase of hospital equipment","Tamil Nadu","TIRUCHIRAPPALLI(DISTRICT COLLECTOR TIRUCHIRAPPALLI_IDA)","Providing Medical Equipment and other furnitures for Lalgudi Govt PHC in Lalgudi PU (2024-2025)","ARUN NEHRU","PERAMBALUR","Images","07-Oct-2025","2560740"
"2147","Normal/Others","WS/MP18180/2025-2026/184784-Construction of toilet blocks","Tamil Nadu","TIRUCHIRAPPALLI(DISTRICT COLLECTOR TIRUCHIRAPPALLI_IDA)","Construction of Girls toilet (1 unit) at nehru aided higher secondary school in puthanampatti pt Musiri PU (2024-2025)","ARUN NEHRU","PERAMBALUR","N/A","11-Mar-2026","1196563"
"2148","Normal/Others","WS/MP18180/2025-2026/204508-Construction of rooms and halls in school and colleges","Tamil Nadu","TIRUCHIRAPPALLI(DISTRICT COLLECTOR TIRUCHIRAPPALLI_IDA)","Construction of Two Classroom Building at Thiruppanjeeli Govt. Hsc School in Mannachanallur Block","ARUN NEHRU","PERAMBALUR","N/A","12-May-2026","4881560"
"2149","Normal/Others","WS/MP18180/2026-2027/204510-Construction of bus-sheds or bus-stops","Tamil Nadu","TIRUCHIRAPPALLI(DISTRICT COLLECTOR TIRUCHIRAPPALLI_IDA)","Construction of Bus Shelter at Garudamangalam in Pullambadi Block","ARUN NEHRU","PERAMBALUR","Images","12-Aug-2026","999011"
"2150","Normal/Others","WS/MP18180/2025-2026/222968-Crematoriums/energy efficient crematoriums or structures on burial/cremation ground","Tamil Nadu","TIRUCHIRAPPALLI(DISTRICT COLLECTOR TIRUCHIRAPPALLI_IDA)","Construction of Cremation Shed at  Arunthathiyar Mayanam in T.Mangapattiputhur in Thalugai Pt.","ARUN NEHRU","PERAMBALUR","N/A","25-Feb-2026","499955"
"2151","Normal/Others","WS/MP18180/2025-2026/222970-Providing CCTV camera system for security of public areas","Tamil Nadu","TIRUCHIRAPPALLI(DISTRICT COLLECTOR TIRUCHIRAPPALLI_IDA)","Providing CCTV at Musiri Municipality area","ARUN NEHRU","PERAMBALUR","Images","26-Dec-2025","1300870"
"2152","Normal/Others","WS/MP18180/2025-2026/222971-Construction of footpaths and pedestrian ways","Tamil Nadu","TIRUCHIRAPPALLI(DISTRICT COLLECTOR TIRUCHIRAPPALLI_IDA)","Providing Paver block at Musiri Govt. Girls Hsc School Stage front side","ARUN NEHRU","PERAMBALUR","N/A","26-Dec-2025","1994605"
"2153","Normal/Others","WS/MP18180/2025-2026/222972-Construction of roads, link roads, pathways or any other road with or without drainage system","Tamil Nadu","PERAMBALUR(DISTRICT COLLECTOR PERAMBALUR_IDA)","Providing CC Road at AD Street Kannan house to Anganwadi Centre in Kurur","ARUN NEHRU","PERAMBALUR","N/A","11-Mar-2026","616756"
"2154","Normal/Others","WS/MP18180/2025-2026/222973-Construction of roads, link roads, pathways or any other road with or without drainage system","Tamil Nadu","PERAMBALUR(DISTRICT COLLECTOR PERAMBALUR_IDA)","Providing CC Road at Chettikulam Govt. Hsc School backside Ekambaram house to Muthuselvan house in Chettikulam Pt.","ARUN NEHRU","PERAMBALUR","N/A","05-Dec-2025","375121"
"2155","Normal/Others","WS/MP18180/2025-2026/231212-Installing tube-wells and borewells","Tamil Nadu","TIRUCHIRAPPALLI(DISTRICT COLLECTOR TIRUCHIRAPPALLI_IDA)","Providing New borewell and RO Purifier at K.Kothampatti PUMS in Kannanur Pt. in Thuraiyur Union","ARUN NEHRU","PERAMBALUR","N/A","18-Dec-2025","599946"
"2156","Normal/Others","WS/MP18180/2025-2026/231213-Construction of footpaths and pedestrian ways","Tamil Nadu","TIRUCHIRAPPALLI(DISTRICT COLLECTOR TIRUCHIRAPPALLI_IDA)","Providing Paver block at Uppiliyapuram Govt. Higher secondry School","ARUN NEHRU","PERAMBALUR","N/A","06-Feb-2026","995979"
"2157","Normal/Others","WS/MP18180/2025-2026/231214-Purchase of smart boards, visual display units and projectors","Tamil Nadu","TIRUCHIRAPPALLI(DISTRICT COLLECTOR TIRUCHIRAPPALLI_IDA)","Providing Smart Classroom at Venkatachalapuram PUMS in Venkatachalapuram Pt. Uppiliyapuram Union","ARUN NEHRU","PERAMBALUR","N/A","17-Dec-2025","199999"
"2158","Normal/Others","WS/MP18180/2025-2026/231216-Construction of water tanks","Tamil Nadu","KARUR(DISTRICT COLLECTOR KARUR_IDA)","Construction of 60000 litre capacity OHT at Kottaiyar thottam in Poyyamani Pt in Kulithalai block","ARUN NEHRU","PERAMBALUR","Images","17-Mar-2026","2499736"
"2159","Normal/Others","WS/MP18180/2025-2026/231217-Construction of water tanks","Tamil Nadu","KARUR(DISTRICT COLLECTOR KARUR_IDA)","Construction of 30000 litre capacity OHT at Kuppantiyoor in Kosur Pt in Krishnarayapuram Block","ARUN NEHRU","PERAMBALUR","Images","04-May-2026","1799485"
"2160","Normal/Others","WS/MP18180/2025-2026/231218-Purchase of furniture and fixtures for educational purposes","Tamil Nadu","KARUR(DISTRICT COLLECTOR KARUR_IDA)","Providing Bench, Desk to Valaiyapatti Dhanam Govt Aided Elementry School in Hiranyamangalam Pt in Kulithalai Block","ARUN NEHRU","PERAMBALUR","Images","23-Jan-2026","300000"
"2161","Normal/Others","WS/MP18180/2025-2026/231219-Construction of water tanks","Tamil Nadu","KARUR(DISTRICT COLLECTOR KARUR_IDA)","Construction of 30000 litre capacity OHT at Muthaligoundanur in Thimmampatti Pt in Kulithalai Block","ARUN NEHRU","PERAMBALUR","Images","17-Mar-2026","1799478"
"2162","Normal/Others","WS/MP18180/2025-2026/231220-Construction of footpaths and pedestrian ways","Tamil Nadu","PERAMBALUR(DISTRICT COLLECTOR PERAMBALUR_IDA)","Providing Paver Block at Veppanthattai GHSS","ARUN NEHRU","PERAMBALUR","N/A","22-Jan-2026","499413"
"2163","Normal/Others","WS/MP18180/2025-2026/231221-Construction of footpaths and pedestrian ways","Tamil Nadu","PERAMBALUR(DISTRICT COLLECTOR PERAMBALUR_IDA)","Providing Paver Block at Valikandapuram PUES in Veppanthattai Block","ARUN NEHRU","PERAMBALUR","Images","25-Mar-2026","496071"
"2164","Normal/Others","WS/MP18180/2025-2026/231222-Construction of boundary walls of existing public and community buildings","Tamil Nadu","PERAMBALUR(DISTRICT COLLECTOR PERAMBALUR_IDA)","Construction of Compound Wall at V.Kalathur GHSS in Veppanthattai Union","ARUN NEHRU","PERAMBALUR","N/A","06-May-2026","498957"
"2165","Normal/Others","WS/MP18180/2025-2026/231223-Construction of roads, link roads, pathways or any other road with or without drainage system","Tamil Nadu","PERAMBALUR(DISTRICT COLLECTOR PERAMBALUR_IDA)","Providing CC Road at Padangi BC Street in Kai.Kalathur Pt. in Veppanthattai Union","ARUN NEHRU","PERAMBALUR","N/A","22-Jan-2026","299337"
"2166","Normal/Others","WS/MP18180/2025-2026/231224-Construction of roads, link roads, pathways or any other road with or without drainage system","Tamil Nadu","PERAMBALUR(DISTRICT COLLECTOR PERAMBALUR_IDA)","Providing CC Road at Ayyanarpalayam Kai.Kalathur - Pillangulam road to Ayyanar Kovil road in Pillangulam Pt. in Veppanthattai Union","ARUN NEHRU","PERAMBALUR","N/A","13-Jan-2026","299540"
"2167","Normal/Others","WS/MP18180/2025-2026/231225-Construction of roads, link roads, pathways or any other road with or without drainage system","Tamil Nadu","PERAMBALUR(DISTRICT COLLECTOR PERAMBALUR_IDA)","Providing CC Road with Drainage at Krishnapuram BC South Street Karunanidhi House to Selvakumar house in Vengalam Pt. in Veppanthattai Union","ARUN NEHRU","PERAMBALUR","Images","30-Apr-2026","299278"
"2168","Normal/Others","WS/MP18180/2025-2026/231226-Construction of roads, link roads, pathways or any other road with or without drainage system","Tamil Nadu","PERAMBALUR(DISTRICT COLLECTOR PERAMBALUR_IDA)","Providing CC Road at Annamangalam Palpannai Street in Annamangalam Pt. in Veppanthattai Union","ARUN NEHRU","PERAMBALUR","N/A","04-Feb-2026","299687"
"2169","Normal/Others","WS/MP18180/2025-2026/231227-Construction of footpaths and pedestrian ways","Tamil Nadu","PERAMBALUR(DISTRICT COLLECTOR PERAMBALUR_IDA)","Providing Paver Block at Vengalam GHSS in Veppanthattai union","ARUN NEHRU","PERAMBALUR","Images","30-Apr-2026","297213"
"2170","Normal/Others","WS/MP18180/2025-2026/231228-Providing drains and gutters for public drainage","Tamil Nadu","PERAMBALUR(DISTRICT COLLECTOR PERAMBALUR_IDA)","Construction of Drainage at Chettikulam Periyar Nagar North Street Renga House to Tamilmani House in Chettikulam Pt.","ARUN NEHRU","PERAMBALUR","N/A","26-Feb-2026","494849"
"2171","Normal/Others","WS/MP18180/2025-2026/231229-Construction of public irrigation facilities","Tamil Nadu","PERAMBALUR(DISTRICT COLLECTOR PERAMBALUR_IDA)","Construction of Small Culvert at Nathakadu Anganwadi Near in T.Kalathur Pt.","ARUN NEHRU","PERAMBALUR","N/A","03-Feb-2026","59333"
"2172","Normal/Others","WS/MP18180/2025-2026/231230-Providing drains and gutters for public drainage","Tamil Nadu","PERAMBALUR(DISTRICT COLLECTOR PERAMBALUR_IDA)","Providing Drainage and Compound wall for T.Kalathur PUES in T.Kalathur Pt.","ARUN NEHRU","PERAMBALUR","N/A","03-Feb-2026","437066"
"2173","Normal/Others","WS/MP18180/2025-2026/231231-Installing tube-wells and borewells","Tamil Nadu","PERAMBALUR(DISTRICT COLLECTOR PERAMBALUR_IDA)","Providing New Borewell with Motor and tank at Melapuliyur BC Mayanam in Melapuliyur Pt.","ARUN NEHRU","PERAMBALUR","N/A","19-Jan-2026","299911"
"2174","Normal/Others","WS/MP18180/2025-2026/231232-Construction of public irrigation facilities","Tamil Nadu","PERAMBALUR(DISTRICT COLLECTOR PERAMBALUR_IDA)","Construction of Small Culvert at Irattaimalasandhu Nehru Nagar in vadakkumadevi Pt.","ARUN NEHRU","PERAMBALUR","N/A","04-Feb-2026","249880"
"2175","Normal/Others","WS/MP18180/2025-2026/231233-Construction of public irrigation facilities","Tamil Nadu","PERAMBALUR(DISTRICT COLLECTOR PERAMBALUR_IDA)","Construction of Small Culvert and Drainage at Kattu Mariyamman Kovil Backside in Vadakkumadevi Pt.","ARUN NEHRU","PERAMBALUR","N/A","04-Feb-2026","349913"
"2176","Normal/Others","WS/MP18180/2025-2026/231234-Installing tube-wells and borewells","Tamil Nadu","PERAMBALUR(DISTRICT COLLECTOR PERAMBALUR_IDA)","Providing New Borewell with Motor and tank at Melapuliyur SC Mayanam in Melapuliyur Pt.","ARUN NEHRU","PERAMBALUR","Images","04-Feb-2026","299939"
"2177","Normal/Others","WS/MP18180/2025-2026/232777-Construction of roads, link roads, pathways or any other road with or without drainage system","Tamil Nadu","PERAMBALUR(DISTRICT COLLECTOR PERAMBALUR_IDA)","Providing CC Road at Alathur BC Street Azhagappan house to Solaimuthu House in Irur Pt.","ARUN NEHRU","PERAMBALUR","N/A","07-Jan-2026","496453"
"2178","Normal/Others","WS/MP18180/2025-2026/232778-Construction of roads, link roads, pathways or any other road with or without drainage system","Tamil Nadu","PERAMBALUR(DISTRICT COLLECTOR PERAMBALUR_IDA)","Providing CC Road at Thenur BC Street Mustafa House to Wakf House at Thenur Pt.","ARUN NEHRU","PERAMBALUR","N/A","03-Feb-2026","496500"
"2179","Normal/Others","WS/MP18180/2025-2026/254367-Providing supply pipelines for drinking water","Tamil Nadu","KARUR(DISTRICT COLLECTOR KARUR_IDA)","Providing pipeline extention from valayapatti crematorium to melapatti OHT in Hiranyamangalam pt Kulithalai PU","ARUN NEHRU","PERAMBALUR","Images","26-Mar-2026","562476"
"2180","Normal/Others","WS/MP18181/2024-2025/151262-Construction of bus-sheds or bus-stops","Tamil Nadu","COIMBATORE(DISTRICT COLLECTOR COIMBATORE_IDA)","Construction of Passenger Shelter in Emmegoundanpalayam Village, near Rasukutti thottam, Chettikapalayam Panchayat.","ESWARASAMY K","POLLACHI","Images","25-Feb-2025","470495"
"2181","Normal/Others","WS/MP18181/2025-2026/151263-Construction of bus-sheds or bus-stops","Tamil Nadu","COIMBATORE(DISTRICT COLLECTOR COIMBATORE_IDA)","Construction of Passenger Shelter near Madhurai Veeran Kovil at Reddiyarur H/o. S.Nallur Panchayat","ESWARASAMY K","POLLACHI","Images","22-Jan-2026","551287"
"2182","Normal/Others","WS/MP18181/2025-2026/151264-Construction of bus-sheds or bus-stops","Tamil Nadu","COIMBATORE(DISTRICT COLLECTOR COIMBATORE_IDA)","Construction of Passenger Shelter in Reddiyarmadam bus stop at Reddiyarur H/o. S.Nallur Panchayat","ESWARASAMY K","POLLACHI","Images","22-Jan-2026","519180"
"2183","Normal/Others","WS/MP18181/2026-2027/151265-Construction of water tanks","Tamil Nadu","COIMBATORE(DISTRICT COLLECTOR COIMBATORE_IDA)","Construction of 60000 litre OHT at Solapalayam H/o. Solapalayam panchayat","ESWARASAMY K","POLLACHI","Images","13-Aug-2026","1229625"
"2184","Normal/Others","WS/MP18181/2025-2026/179548-Construction of community centers and community halls","Tamil Nadu","COIMBATORE(DISTRICT COLLECTOR COIMBATORE_IDA)","Construction of Public Distribution Shop at Palaghat main road ward No.15 Bathrakaliyamman kovil street (Vivega Avenue) in Madukkarai Municipality","ESWARASAMY K","POLLACHI","N/A","11-Dec-2025","1306062"
"2185","Normal/Others","WS/MP18181/2025-2026/179549-Construction of community centers and community halls","Tamil Nadu","COIMBATORE(DISTRICT COLLECTOR COIMBATORE_IDA)","Construction of Public Distribution Shop at Ward No.9, Anna nagar in Periyanegamam Town Panchayat","ESWARASAMY K","POLLACHI","Images","05-Feb-2026","1600000"
"2186","Normal/Others","WS/MP18181/2025-2026/179550-Construction of bus-sheds or bus-stops","Tamil Nadu","COIMBATORE(DISTRICT COLLECTOR COIMBATORE_IDA)","Construction of Bus Shelter at ward no.9, samathuvapuram in Chettipalayam Panchayat","ESWARASAMY K","POLLACHI","N/A","11-Aug-2025","800000"
"2187","Normal/Others","WS/MP18181/2025-2026/179573-Construction of boundary walls of existing public and community buildings","Tamil Nadu","COIMBATORE(DISTRICT COLLECTOR COIMBATORE_IDA)","Construction of Compound wall to Anganwadi building at vellarukkampalayam, devarayapuram panchayat","ESWARASAMY K","POLLACHI","N/A","30-May-2025","240140"
"2188","Normal/Others","WS/MP18181/2025-2026/179574-Construction of water tanks","Tamil Nadu","COIMBATORE(DISTRICT COLLECTOR COIMBATORE_IDA)","Construction of 60000 ltr OHT near Thangaraj thottam at periyapodhu village Periyapodhu Panchayat","ESWARASAMY K","POLLACHI","N/A","28-Jul-2025","1269637"
"2189","Normal/Others","WS/MP18181/2024-2025/179575-Providing drains and gutters for public drainage","Tamil Nadu","COIMBATORE(DISTRICT COLLECTOR COIMBATORE_IDA)","Construction of Drain at Kinathumedu Gandhi nagar in ward no.12 of Anaimalai Town panchayat","ESWARASAMY K","POLLACHI","N/A","28-Mar-2025","1000000"
"2190","Normal/Others","WS/MP18181/2025-2026/179576-Construction of roads, link roads, pathways or any other road with or without drainage system","Tamil Nadu","COIMBATORE(DISTRICT COLLECTOR COIMBATORE_IDA)","Providing Cement concrete pavement at Maariamman kovil Maithanam front side in Thondamuthur Town Panacahayat","ESWARASAMY K","POLLACHI","Images","12-Sep-2025","1700000"
"2191","Normal/Others","WS/MP18181/2025-2026/179577-Construction of buildings for crèches and anganwadies","Tamil Nadu","COIMBATORE(DISTRICT COLLECTOR COIMBATORE_IDA)","Construction of Anganwadi Building at ward no.7 Kalishiwari mill street in Vetteikaranpudhur Town Panchayat","ESWARASAMY K","POLLACHI","N/A","30-Sep-2025","1500000"
"2192","Normal/Others","WS/MP18181/2025-2026/185233-Construction of bus-sheds or bus-stops","Tamil Nadu","TIRUPPUR(DISTRICT COLLECTOR TIRUPPUR_IDA)","Construction of passenger Shelder in Sambalmedu Ward no.14 at Dhali Town panchayat","ESWARASAMY K","POLLACHI","Images","28-Oct-2025","500000"
"2193","Normal/Others","WS/MP18181/2025-2026/185234-Construction of bus-sheds or bus-stops","Tamil Nadu","TIRUPPUR(DISTRICT COLLECTOR TIRUPPUR_IDA)","Construction of passenger Shelder in Thirumoorthimalai road Ward no.15 at Dhali Town panchayat","ESWARASAMY K","POLLACHI","Images","28-Oct-2025","500000"
"2194","Normal/Others","WS/MP18181/2025-2026/185235-Construction of buildings for crèches and anganwadies","Tamil Nadu","TIRUPPUR(DISTRICT COLLECTOR TIRUPPUR_IDA)","Construction of Anganwadi Building in Ward no.12  Ruthrapalayam at Sankaramanallur Town Panchayat","ESWARASAMY K","POLLACHI","Images","18-Dec-2025","1400000"
"2195","Normal/Others","WS/MP18181/2025-2026/185236-Construction of buildings for community cultural activities","Tamil Nadu","TIRUPPUR(DISTRICT COLLECTOR TIRUPPUR_IDA)","Construction of Auditorium in ward no 18 SK puthur near Mariyamman Temple at Madathukulam Town panchayat","ESWARASAMY K","POLLACHI","Images","28-Nov-2025","1500000"
"2196","Normal/Others","WS/MP18181/2025-2026/203791-Construction of water tanks","Tamil Nadu","COIMBATORE(DISTRICT COLLECTOR COIMBATORE_IDA)","Construction of 60000 litre Sump in Kanthasamy Street at Ward No.3 Othakalmandapam TP","ESWARASAMY K","POLLACHI","Images","11-Feb-2026","1700000"
"2197","Normal/Others","WS/MP18181/2025-2026/203795-Construction of water tanks","Tamil Nadu","COIMBATORE(DISTRICT COLLECTOR COIMBATORE_IDA)","Construction of 60000 OHT in Vadivelampalayam Milk Socitey at Ward No.12 Pooluvampatti TP","ESWARASAMY K","POLLACHI","Images","31-Jan-2026","2000000"
"2198","Normal/Others","WS/MP18181/2025-2026/210286-Construction of bus-sheds or bus-stops","Tamil Nadu","COIMBATORE(DISTRICT COLLECTOR COIMBATORE_IDA)","Construction of passenger Shelter at Kallapuaram H.oKuthiraiyalampalayam Panchayat","ESWARASAMY K","POLLACHI","N/A","23-Jul-2025","498927"
"2199","Normal/Others","WS/MP18181/2025-2026/210287-Construction of bus-sheds or bus-stops","Tamil Nadu","COIMBATORE(DISTRICT COLLECTOR COIMBATORE_IDA)","Construction of passenger Shelter at Muthugoundanur H.o Sokkanur Panchayat","ESWARASAMY K","POLLACHI","N/A","23-Jul-2025","499691"
"2200","Normal/Others","WS/MP18181/2025-2026/210288-Construction of bus-sheds or bus-stops","Tamil Nadu","COIMBATORE(DISTRICT COLLECTOR COIMBATORE_IDA)","Construction of passenger Shelter at No.10 Muthur H.o No.10 Muthur Panchayat","ESWARASAMY K","POLLACHI","N/A","04-Jul-2025","498821"
"2201","Normal/Others","WS/MP18181/2025-2026/211784-Lighting of public spaces","Tamil Nadu","TIRUPPUR(DISTRICT COLLECTOR TIRUPPUR_IDA)","Providing a Highmast light Mariyamman Kovil Thital in Devanurputhur Panchayat","ESWARASAMY K","POLLACHI","Images","28-Aug-2025","700000"
"2202","Normal/Others","WS/MP18181/2025-2026/211785-Construction of community centers and community halls","Tamil Nadu","TIRUPPUR(DISTRICT COLLECTOR TIRUPPUR_IDA)","Construction of New Public Distribution Shop at Chinnapappanuth H.o Periya pappanuthu","ESWARASAMY K","POLLACHI","Images","18-Mar-2026","999912"
"2203","Normal/Others","WS/MP18181/2025-2026/211786-Construction of bus-sheds or bus-stops","Tamil Nadu","TIRUPPUR(DISTRICT COLLECTOR TIRUPPUR_IDA)","Construction Passenger Shelter at S.V.puram H.o Kanakkampalayam panchayat","ESWARASAMY K","POLLACHI","Images","20-Nov-2025","999573"
"2204","Normal/Others","WS/MP18181/2025-2026/211787-Construction of bus-sheds or bus-stops","Tamil Nadu","TIRUPPUR(DISTRICT COLLECTOR TIRUPPUR_IDA)","Construction of passenger Shelter at sinthiluppu village H.o Anikadavu panchayat","ESWARASAMY K","POLLACHI","Images","16-Oct-2025","599805"
"2205","Normal/Others","WS/MP18181/2025-2026/211788-Construction of bus-sheds or bus-stops","Tamil Nadu","TIRUPPUR(DISTRICT COLLECTOR TIRUPPUR_IDA)","Construction of passenger Shelter at Kongalnagaram H.o Kongalnagaram Panchayat","ESWARASAMY K","POLLACHI","Images","13-Oct-2025","997723"
"2206","Normal/Others","WS/MP18181/2025-2026/211789-Construction of bus-sheds or bus-stops","Tamil Nadu","TIRUPPUR(DISTRICT COLLECTOR TIRUPPUR_IDA)","Constrution of Passenger Shelter at Moongiltholuvu H.o Moongiltholuvu panchayat","ESWARASAMY K","POLLACHI","Images","16-Oct-2025","599770"
"2207","Normal/Others","WS/MP18181/2025-2026/211790-Construction of bus-sheds or bus-stops","Tamil Nadu","TIRUPPUR(DISTRICT COLLECTOR TIRUPPUR_IDA)","Construction of Passenger Shelter at Chettiyar mill at Myvadi Panchayat","ESWARASAMY K","POLLACHI","Images","27-Oct-2025","1000000"
"2208","Normal/Others","WS/MP18181/2025-2026/213161-Construction of bus-sheds or bus-stops","Tamil Nadu","TIRUPPUR(DISTRICT COLLECTOR TIRUPPUR_IDA)","Construction of Passenger Shelter near Puthur madam Kovil at Ariyanachipalayam Village H.o Jothampatti Panchayat","ESWARASAMY K","POLLACHI","Images","07-Apr-2026","998685"
"2209","Normal/Others","WS/MP18181/2025-2026/213168-Lighting of public spaces","Tamil Nadu","TIRUPPUR(DISTRICT COLLECTOR TIRUPPUR_IDA)","Providing a Highmast light at Periyakulam Pirivu Junction H.o Bodipatti Panchayat","ESWARASAMY K","POLLACHI","Images","03-Dec-2025","700000"
"2210","Normal/Others","WS/MP18181/2025-2026/213169-Lighting of public spaces","Tamil Nadu","TIRUPPUR(DISTRICT COLLECTOR TIRUPPUR_IDA)","Providing a Highmast Light near Apartment atPukulam Panchayat","ESWARASAMY K","POLLACHI","Images","10-Feb-2026","700000"
"2211","Normal/Others","WS/MP18181/2025-2026/213170-Lighting of public spaces","Tamil Nadu","TIRUPPUR(DISTRICT COLLECTOR TIRUPPUR_IDA)","Providing a Highmast Light near Indhira nagar Juction shanmugaPiriya mill H.o Periyakottai","ESWARASAMY K","POLLACHI","Images","03-Dec-2025","700000"
"2212","Normal/Others","WS/MP18181/2025-2026/213171-Construction of bus-sheds or bus-stops","Tamil Nadu","TIRUPPUR(DISTRICT COLLECTOR TIRUPPUR_IDA)","Construction of passenger shelter near Indhira nagar Juction shanmugaPiriya mill H.o Periyakottai","ESWARASAMY K","POLLACHI","Images","24-Feb-2026","996349"
"2213","Normal/Others","WS/MP18181/2025-2026/213174-Lighting of public spaces","Tamil Nadu","TIRUPPUR(DISTRICT COLLECTOR TIRUPPUR_IDA)","Providing a Highmast Light near Municipality Vasavi nagar Park at Udumalpet Municipalaity","ESWARASAMY K","POLLACHI","Images","27-Mar-2026","700000"
"2214","Normal/Others","WS/MP18181/2025-2026/222360-Construction of water tanks","Tamil Nadu","COIMBATORE(DISTRICT COLLECTOR COIMBATORE_IDA)","Construction of 30000 litre OHT near Vigin paper mill at Ayyampalayam H.o Ayyampalayam Village","ESWARASAMY K","POLLACHI","N/A","30-Jan-2026","879671"
"2215","Normal/Others","WS/MP18181/2025-2026/222361-Construction of community centers and community halls","Tamil Nadu","COIMBATORE(DISTRICT COLLECTOR COIMBATORE_IDA)","Construction of Multi purpose building at Najegoundenpudhur H.o Santhegoundenpalayam Village Panchayat","ESWARASAMY K","POLLACHI","N/A","28-Jan-2026","869618"
"2216","Normal/Others","WS/MP18181/2025-2026/222363-Construction of buildings for crèches and anganwadies","Tamil Nadu","COIMBATORE(DISTRICT COLLECTOR COIMBATORE_IDA)","Construction of ICDS centre at Vennila Hospital road (centre no.415) in ward no.78 South zone of Coimbatore corporation","ESWARASAMY K","POLLACHI","Images","12-Jan-2026","1500000"
"2217","Normal/Others","WS/MP18181/2025-2026/222364-Construction of boundary walls of existing public and community buildings","Tamil Nadu","COIMBATORE(DISTRICT COLLECTOR COIMBATORE_IDA)","construction of Pulic Distribution shop at Ward no.12 Thiruvalluvar nagar in Vellalore Town panchayat","ESWARASAMY K","POLLACHI","N/A","06-Jan-2026","1600000"
"2218","Normal/Others","WS/MP18181/2025-2026/222976-Lighting of public spaces","Tamil Nadu","COIMBATORE(DISTRICT COLLECTOR COIMBATORE_IDA)","Supply and Installation of solar lights at Jakkarpalayak Kadaiveethi Maithanam H.o Sirukalanthai Panchayar","ESWARASAMY K","POLLACHI","N/A","08-Aug-2025","474762"
"2219","Normal/Others","WS/MP18181/2025-2026/222977-Lighting of public spaces","Tamil Nadu","COIMBATORE(DISTRICT COLLECTOR COIMBATORE_IDA)","upply and Installation of solar lights at Opp of Amman Malihai kadai devanampalayam H.o Devanampalayam  Panchayar","ESWARASAMY K","POLLACHI","N/A","08-Aug-2025","474762"
"2220","Normal/Others","WS/MP18181/2025-2026/229133-Construction of roads, link roads, pathways or any other road with or without drainage system","Tamil Nadu","COIMBATORE(DISTRICT COLLECTOR COIMBATORE_IDA)","Construction of BT Road at Karikalan Cholan Street 1,2 in Ward No.5 of Suleeswaranpatti Town Panchayat","ESWARASAMY K","POLLACHI","Images","29-Aug-2025","1200000"
"2221","Normal/Others","WS/MP18181/2025-2026/234979-Lighting of public spaces","Tamil Nadu","TIRUPPUR(DISTRICT COLLECTOR TIRUPPUR_IDA)","Providing a Highmast light at Myvadi Juction H.o Kannamanaickanur panchahayt","ESWARASAMY K","POLLACHI","Images","26-Sep-2025","700000"
"2222","Normal/Others","WS/MP18181/2025-2026/235265-Lighting of public spaces","Tamil Nadu","TIRUPPUR(DISTRICT COLLECTOR TIRUPPUR_IDA)","Providing a Highmast light in near Mariamman Kovil at Periapatti village H.o Periapatti Panchayat","ESWARASAMY K","POLLACHI","Images","17-Oct-2025","700000"
"2223","Normal/Others","WS/MP18181/2025-2026/249861-Installing community drinking water plants","Tamil Nadu","COIMBATORE(DISTRICT COLLECTOR COIMBATORE_IDA)","Supply and Erection of 2000Litre capacity Reverse Osmosis Water-Cum Purifier at Masaniyamman kovil bus stop near in Anaimalai Town panchayat","ESWARASAMY K","POLLACHI","N/A","24-Nov-2025","700000"
"2224","Normal/Others","WS/MP18181/2025-2026/257767-Construction of roads, link roads, pathways or any other road with or without drainage system","Tamil Nadu","TIRUPPUR(DISTRICT COLLECTOR TIRUPPUR_IDA)","Providing a CC road with Drain in via kadathur Sub Register office road near School at Kaniyur Town panchayat","ESWARASAMY K","POLLACHI","Images","09-Jan-2026","775000"
"2225","Normal/Others","WS/MP18181/2025-2026/266346-Construction of Government office buildings (Post office, Police station, Police chauki, etc.)","Tamil Nadu","COIMBATORE(DISTRICT COLLECTOR COIMBATORE_IDA)","Construction of Extension of office building at Subbammal Street in Pollachi Municipality","ESWARASAMY K","POLLACHI","N/A","16-Feb-2026","2581399"
"2226","Normal/Others","WS/MP18181/2026-2027/301680-Construction of water tanks","Tamil Nadu","COIMBATORE(DISTRICT COLLECTOR COIMBATORE_IDA)","Construction of Intake Well at Reddiyarur H/o. S.Nallur Panchayat","ESWARASAMY K","POLLACHI","Images","02-Sep-2026","1529427"
"2227","Normal/Others","WS/MP18182/2024-2025/134222-Construction of boundary walls of existing public and community buildings","Tamil Nadu","TENKASI(DISTRICT COLLECTOR TENKASI_IDA)","Construction of Flood protective wall in Periya Panayankulam weir in Nainaragaram Village of Kadayanallur Union.","DR RANI SRI KUMAR","TENKASI(SC)","Images","30-Sep-2024","2486079"
"2228","Normal/Others","WS/MP18182/2024-2025/134223-Construction of boundary walls of existing public and community buildings","Tamil Nadu","TENKASI(DISTRICT COLLECTOR TENKASI_IDA)","Construction of surplus weir Apron of Periya Panayankulam  in Nainaragaram Village of Kadayanallur Union.","DR RANI SRI KUMAR","TENKASI(SC)","Images","10-Oct-2024","2493302"
"2229","Normal/Others","WS/MP18182/2024-2025/134224-Construction of boundary walls of existing public and community buildings","Tamil Nadu","TENKASI(DISTRICT COLLECTOR TENKASI_IDA)","Construction of protective wall and skin wall  in Left side weir of Pattakulam in Sernthamangalam village of Melaneelithanallur Union.","DR RANI SRI KUMAR","TENKASI(SC)","Images","30-Sep-2024","2481067"
"2230","Normal/Others","WS/MP18182/2024-2025/134225-Construction of boundary walls of existing public and community buildings","Tamil Nadu","TENKASI(DISTRICT COLLECTOR TENKASI_IDA)","Construction of protective wall in Right side weir of Pattakulam in Sernthamangalam Village of Melaneelithanallur Union.","DR RANI SRI KUMAR","TENKASI(SC)","Images","10-Oct-2024","2482079"
"2231","Normal/Others","WS/MP18182/2025-2026/142750-Construction of roads, link roads, pathways or any other road with or without drainage system","Tamil Nadu","TENKASI(DISTRICT COLLECTOR TENKASI_IDA)","Providing cement congrete Road and construction of storm water drain at Ward No.6 in Malayan Street (Satya Nagar) in Tenkasi Municipality.","DR RANI SRI KUMAR","TENKASI(SC)","Images","15-Apr-2025","1900000"
"2232","Normal/Others","WS/MP18182/2025-2026/142751-Construction of roads, link roads, pathways or any other road with or without drainage system","Tamil Nadu","TENKASI(DISTRICT COLLECTOR TENKASI_IDA)","Conversion of Earthern to Black top Road at Mangammal Salai in Tenkasi Municipality","DR RANI SRI KUMAR","TENKASI(SC)","Images","15-Apr-2025","3100000"
"2233","Normal/Others","WS/MP18182/2025-2026/152307-Construction of roads, link roads, pathways or any other road with or without drainage system","Tamil Nadu","TENKASI(DISTRICT COLLECTOR TENKASI_IDA)","Providing Block Topping Road and construction of Retaining wall at Taluk Office Road from Avudaiyalpuram main road to New Taluk Office in Thiruvengadam Town Panchayat","DR RANI SRI KUMAR","TENKASI(SC)","Images","13-May-2025","2000000"
"2234","Normal/Others","WS/MP18182/2025-2026/161254-Street lights","Tamil Nadu","TENKASI(DISTRICT COLLECTOR TENKASI_IDA)","Supply & Installation of 16 mtr LED Highmast Light with 12 Nos of LED Fitting near Railway Station in Sankarankovil Municipality.","DR RANI SRI KUMAR","TENKASI(SC)","Images","29-Aug-2025","849506"
"2235","Normal/Others","WS/MP18182/2025-2026/161255-Street lights","Tamil Nadu","TENKASI(DISTRICT COLLECTOR TENKASI_IDA)","Providing 1 No of 12 Mtr LED High mast Light at Marriage Hall front Side of Ward No.10 in Surandai Municipality","DR RANI SRI KUMAR","TENKASI(SC)","Images","28-Jun-2025","421555"
"2236","Normal/Others","WS/MP18182/2025-2026/161256-Street lights","Tamil Nadu","TENKASI(DISTRICT COLLECTOR TENKASI_IDA)","Providing 1 No of 12 Mtr LED High mast Light at Aladipatti Junction in Surandai Municipality","DR RANI SRI KUMAR","TENKASI(SC)","Images","28-Jun-2025","417005"
"2237","Normal/Others","WS/MP18182/2025-2026/161257-Street lights","Tamil Nadu","TENKASI(DISTRICT COLLECTOR TENKASI_IDA)","Providing 1 No of 12 Mtr LED High mast Light at Vadakuthi Amman Kovil Front Side at Ward No. 26 in Surandai Municipality","DR RANI SRI KUMAR","TENKASI(SC)","Images","28-Jun-2025","421555"
"2238","Normal/Others","WS/MP18182/2025-2026/161258-Street lights","Tamil Nadu","TENKASI(DISTRICT COLLECTOR TENKASI_IDA)","Providing 1 No of 12 Mtr LED High mast Light at Kurungavanam Puthu Veetu Amman Kovil Front Side at Ward No. 23 in Surandai Municipality","DR RANI SRI KUMAR","TENKASI(SC)","Images","28-Jun-2025","421555"
"2239","Normal/Others","WS/MP18182/2025-2026/161259-Street lights","Tamil Nadu","TENKASI(DISTRICT COLLECTOR TENKASI_IDA)","Supply & Installation of 12mtr Mini High mast LED Light at Near Ward No.5 Krishnapuram Karuppasamy Kovil in Kadayanallur Municipality.","DR RANI SRI KUMAR","TENKASI(SC)","Images","26-Jun-2025","418432"
"2240","Normal/Others","WS/MP18182/2025-2026/161260-Street lights","Tamil Nadu","TENKASI(DISTRICT COLLECTOR TENKASI_IDA)","Supply & Installation of 12mtr Mini High mast LED Light at Near Ward No.20 Mathina Nagar Pallivasal in Kadayanallur Municipality.","DR RANI SRI KUMAR","TENKASI(SC)","Images","26-Jun-2025","418432"
"2241","Normal/Others","WS/MP18182/2025-2026/161261-Street lights","Tamil Nadu","TENKASI(DISTRICT COLLECTOR TENKASI_IDA)","Supply & Installation of 12mtr Mini High mast LED Light at Near Ward No.01 Kumanthapuram Bus Stop in Kadayanallur Municipality.","DR RANI SRI KUMAR","TENKASI(SC)","Images","26-Jun-2025","418432"
"2242","Normal/Others","WS/MP18182/2025-2026/161263-Street lights","Tamil Nadu","TENKASI(DISTRICT COLLECTOR TENKASI_IDA)","Supply & Installation of 16 mtrs High Mast LED Light at KTC Bus Depot Front Side in Puliyangudi Municipality.","DR RANI SRI KUMAR","TENKASI(SC)","N/A","27-Jun-2025","897634"
"2243","Normal/Others","WS/MP18182/2025-2026/161264-Street lights","Tamil Nadu","TENKASI(DISTRICT COLLECTOR TENKASI_IDA)","Supply & Installation of 12 mtrs High Mast LED Light at Kannupulimettu Pillayar Kovil Street  in Pudur (S) Town Panchayat.","DR RANI SRI KUMAR","TENKASI(SC)","Images","11-Feb-2026","418432"
"2244","Normal/Others","WS/MP18182/2025-2026/161265-Street lights","Tamil Nadu","TENKASI(DISTRICT COLLECTOR TENKASI_IDA)","Providing 1 No.of 12 mtrs High Mast LED Light at Poolankudiyiruppu Pallivasal in Pudur (S) Town Panchayat.","DR RANI SRI KUMAR","TENKASI(SC)","Images","11-Feb-2026","418432"
"2245","Normal/Others","WS/MP18182/2025-2026/161266-Street lights","Tamil Nadu","TENKASI(DISTRICT COLLECTOR TENKASI_IDA)","Providing 1 No.of 12 mtrs High Mast LED Light at Poolankudiyiruppu Kathiravan Colony Corner in Pudur (S) Town Panchayat","DR RANI SRI KUMAR","TENKASI(SC)","Images","11-Feb-2026","418432"
"2246","Normal/Others","WS/MP18182/2025-2026/161267-Street lights","Tamil Nadu","TENKASI(DISTRICT COLLECTOR TENKASI_IDA)","Providing 1 No.of 12 mtrs High Mast LED Light at Keelapudhur in Pudur (S) Town Panchayat","DR RANI SRI KUMAR","TENKASI(SC)","Images","11-Feb-2026","418432"
"2247","Normal/Others","WS/MP18182/2025-2026/161268-Street lights","Tamil Nadu","TENKASI(DISTRICT COLLECTOR TENKASI_IDA)","Providing 1 No.of 12 mtrs High Mast LED Light at Mottai  in Pudur (S) Town Panchayat","DR RANI SRI KUMAR","TENKASI(SC)","Images","11-Feb-2026","418432"
"2248","Normal/Others","WS/MP18182/2025-2026/161278-Street lights","Tamil Nadu","TENKASI(DISTRICT COLLECTOR TENKASI_IDA)","Providing 1 No of 12 mtrs LED High Mast light at infront of Old Town Panchayat Office in Sundarapandiyapuram Town Panchayat","DR RANI SRI KUMAR","TENKASI(SC)","Images","23-Jun-2025","413882"
"2249","Normal/Others","WS/MP18182/2025-2026/161279-Street lights","Tamil Nadu","TENKASI(DISTRICT COLLECTOR TENKASI_IDA)","Providing 1 No of 12 Mtrs LED High Mast light at Govt PH Road Junction in Sundarapandiapuram Town Panchayat","DR RANI SRI KUMAR","TENKASI(SC)","Images","23-Jun-2025","413882"
"2250","Normal/Others","WS/MP18182/2025-2026/161280-Street lights","Tamil Nadu","TENKASI(DISTRICT COLLECTOR TENKASI_IDA)","Providing 1 No of 12 Mtrs LED High Mast Light at Ward NO.1 in Melagaram Town Panchayat","DR RANI SRI KUMAR","TENKASI(SC)","Images","24-Jun-2025","413882"
"2251","Normal/Others","WS/MP18182/2025-2026/161281-Street lights","Tamil Nadu","TENKASI(DISTRICT COLLECTOR TENKASI_IDA)","Providing 1 No of 12 Mtrs LED High Mast Light at Ward No.9 in Melagaram Town Panchayat","DR RANI SRI KUMAR","TENKASI(SC)","Images","24-Jun-2025","413882"
"2252","Normal/Others","WS/MP18182/2025-2026/161282-Street lights","Tamil Nadu","TENKASI(DISTRICT COLLECTOR TENKASI_IDA)","Providing 1 No of 12 Mtrs LED High Mast Light near Avudaiyapuram Pillayar Kovil in Thiruvengadam Town Panchayat","DR RANI SRI KUMAR","TENKASI(SC)","Images","07-Jul-2025","414704"
"2253","Normal/Others","WS/MP18182/2025-2026/161283-Street lights","Tamil Nadu","TENKASI(DISTRICT COLLECTOR TENKASI_IDA)","Providing 1 No of 12 Mtrs LED High Mast Light at TMB Bank front side in Thiruvengadam Town Panchayat","DR RANI SRI KUMAR","TENKASI(SC)","Images","07-Jul-2025","414704"
"2254","Normal/Others","WS/MP18182/2025-2026/161284-Street lights","Tamil Nadu","TENKASI(DISTRICT COLLECTOR TENKASI_IDA)","Providing 1 No of 12 Mtrs LED High Mast Light at Thiruvengadam Taluk Office Front side in Thiruvengadam Town Panchayat","DR RANI SRI KUMAR","TENKASI(SC)","Images","07-Jul-2025","414704"
"2255","Normal/Others","WS/MP18182/2025-2026/168955-Construction of boundary walls of existing public and community buildings","Tamil Nadu","TENKASI(DISTRICT COLLECTOR TENKASI_IDA)","Construction of Retaining wall at Periyasamiyapuram - Sankanaperi Road in Ariyanayagipuram village and panchayat of Sankarankovil Panchayat Union.","DR RANI SRI KUMAR","TENKASI(SC)","Images","27-Sep-2025","1999329"
"2256","Normal/Others","WS/MP18182/2025-2026/168956-Construction of boundary walls of existing public and community buildings","Tamil Nadu","TENKASI(DISTRICT COLLECTOR TENKASI_IDA)","Construction of Retaining wall at Puliyampatti kulam near Puliyampatti main Road in Puliyampatti village of Kallappakulam Panchayat in Sankarankovil Panchayat Union.","DR RANI SRI KUMAR","TENKASI(SC)","Images","12-Aug-2025","1998510"
"2257","Normal/Others","WS/MP18182/2025-2026/168957-Construction of boundary walls of existing public and community buildings","Tamil Nadu","TENKASI(DISTRICT COLLECTOR TENKASI_IDA)","Construction of Retaining wall at Vadikottai - Nainapuram Road in Vadikottai village and panchayat of Sankarankovil Panchayat Union.","DR RANI SRI KUMAR","TENKASI(SC)","Images","11-Feb-2026","1999989"
"2258","Normal/Others","WS/MP18182/2025-2026/168958-Construction of boundary walls of existing public and community buildings","Tamil Nadu","TENKASI(DISTRICT COLLECTOR TENKASI_IDA)","Construction of Retaining wall at Vadakkuputhur - Periyoor Link Road in Vadakkuputhur village and panchayat of Sankarankovil Panchayat Union.","DR RANI SRI KUMAR","TENKASI(SC)","Images","27-Sep-2025","1998995"
"2259","Normal/Others","WS/MP18182/2025-2026/168959-Construction of boundary walls of existing public and community buildings","Tamil Nadu","TENKASI(DISTRICT COLLECTOR TENKASI_IDA)","Construction of Retaining wall near Ayyanarkovil to Vepankulam Link road in Therkku       Sankarankovil   village and panchayat of Sankarankovil Panchayat Union.","DR RANI SRI KUMAR","TENKASI(SC)","Images","27-Jun-2025","1998051"
"2260","Normal/Others","WS/MP18182/2024-2025/168992-Providing drains and gutters for public drainage","Tamil Nadu","TENKASI(DISTRICT COLLECTOR TENKASI_IDA)","Construction of Drainage at South North Road west side of Avudaiyalpuram Road in Indira colony at Keelaneelithanallur Village and panchayat in Melaneelithanallur Panchayat Union","DR RANI SRI KUMAR","TENKASI(SC)","Images","06-Mar-2025","1195834"
"2261","Normal/Others","WS/MP18182/2024-2025/168993-Providing drains and gutters for public drainage","Tamil Nadu","TENKASI(DISTRICT COLLECTOR TENKASI_IDA)","Construction of Drainage at South Street in Indira colony at Keelaneelithanallur Village and panchayat in Melaneelithanallur Panchayat Union","DR RANI SRI KUMAR","TENKASI(SC)","Images","06-Mar-2025","399688"
"2262","Normal/Others","WS/MP18182/2025-2026/184689-Lighting of public spaces","Tamil Nadu","VIRUDHUNAGAR(DISTRICT COLLECTOR VIRUDHUNAGAR_IDA)","Supply and Erecting of 12Mtr LED High mast Light at Ward No.10 Kaliamman Kovil back side Indra Colony at Sethur Town Panchayat","DR RANI SRI KUMAR","TENKASI(SC)","Images","25-Aug-2025","430000"
"2263","Normal/Others","WS/MP18182/2025-2026/184690-Lighting of public spaces","Tamil Nadu","VIRUDHUNAGAR(DISTRICT COLLECTOR VIRUDHUNAGAR_IDA)","Supply and Erecting of 12Mtr LED High mast Light at Ward No.4 Kattapomman Nagar, Kamakkal kovil north street, Karimulla house street, Primary School street in Sethur Town Panchayat.","DR RANI SRI KUMAR","TENKASI(SC)","Images","25-Aug-2025","430000"
"2264","Normal/Others","WS/MP18182/2025-2026/184691-Lighting of public spaces","Tamil Nadu","VIRUDHUNAGAR(DISTRICT COLLECTOR VIRUDHUNAGAR_IDA)","Supply and Erecting of 12Mtr LED High mast Light at Ward No.22 Ambalapuli Bazaar, Nallumukku Rice mill street in Rajapalayam Municipality.","DR RANI SRI KUMAR","TENKASI(SC)","Images","23-Sep-2025","429703"
"2265","Normal/Others","WS/MP18182/2025-2026/184692-Lighting of public spaces","Tamil Nadu","VIRUDHUNAGAR(DISTRICT COLLECTOR VIRUDHUNAGAR_IDA)","Supply and Erecting of 12Mtr LED High mast Light at Ward No.27 Karuppa Gnaniyar kovil street in Rajapalayam Municipality.","DR RANI SRI KUMAR","TENKASI(SC)","Images","23-Sep-2025","429703"
"2266","Normal/Others","WS/MP18182/2025-2026/184693-Lighting of public spaces","Tamil Nadu","VIRUDHUNAGAR(DISTRICT COLLECTOR VIRUDHUNAGAR_IDA)","Supply and Erecting of 12Mtr LED High mast Light at Ward No.41 Chathirapatty Road, Mariamman Kovil near in Rajapalayam Municipality.","DR RANI SRI KUMAR","TENKASI(SC)","Images","23-Sep-2025","429703"
"2267","Normal/Others","WS/MP18182/2025-2026/184694-Lighting of public spaces","Tamil Nadu","VIRUDHUNAGAR(DISTRICT COLLECTOR VIRUDHUNAGAR_IDA)","Supply and Erecting of 12Mtr LED High mast Light at Ward No.39 Shanmuga Mill Road, Alagai Nagar, Moonru Mukku near in Rajapalayam Municipality.","DR RANI SRI KUMAR","TENKASI(SC)","Images","23-Sep-2025","429703"
"2268","Normal/Others","WS/MP18182/2025-2026/184695-Lighting of public spaces","Tamil Nadu","VIRUDHUNAGAR(DISTRICT COLLECTOR VIRUDHUNAGAR_IDA)","Supply and Erecting of 12Mtr LED High mast Light at front side of Madathupatty Kovil  in Rajapalayam Municipality.","DR RANI SRI KUMAR","TENKASI(SC)","Images","12-Sep-2025","429703"
"2269","Normal/Others","WS/MP18182/2025-2026/184696-Lighting of public spaces","Tamil Nadu","VIRUDHUNAGAR(DISTRICT COLLECTOR VIRUDHUNAGAR_IDA)","Supply and Erecting of 12Mtr LED High mast Light at ward No.8 Ellaiamman kovil near, Taluk office junction in Rajapalayam Municipality.","DR RANI SRI KUMAR","TENKASI(SC)","Images","12-Sep-2025","429703"
"2270","Normal/Others","WS/MP18182/2025-2026/184739-Lighting of public spaces","Tamil Nadu","VIRUDHUNAGAR(DISTRICT COLLECTOR VIRUDHUNAGAR_IDA)","Supply and Erection of 12Mtr LED High mast Light at ward No.17 MKS Petrol Bulk Opposite  in Rajapalayam Municipality.","DR RANI SRI KUMAR","TENKASI(SC)","Images","12-Sep-2025","429703"
"2271","Normal/Others","WS/MP18182/2025-2026/184741-Lighting of public spaces","Tamil Nadu","VIRUDHUNAGAR(DISTRICT COLLECTOR VIRUDHUNAGAR_IDA)","Supply and Erection of 12Mtr LED High mast Light at Ward No.20 DP Mills Road, Railway station Junction in Rajapalayam Municipality.","DR RANI SRI KUMAR","TENKASI(SC)","Images","12-Sep-2025","429703"
"2272","Normal/Others","WS/MP18182/2025-2026/184744-Lighting of public spaces","Tamil Nadu","VIRUDHUNAGAR(DISTRICT COLLECTOR VIRUDHUNAGAR_IDA)","Supply and Erection of 16 Mtr LED High mast Light at front side of Mayurnatha swamy kovil in Rajapalayam Municipality.","DR RANI SRI KUMAR","TENKASI(SC)","Images","11-Sep-2025","876210"
"2273","Normal/Others","WS/MP18182/2025-2026/185122-Lighting of public spaces","Tamil Nadu","VIRUDHUNAGAR(DISTRICT COLLECTOR VIRUDHUNAGAR_IDA)","Supply and Erection of 12Mtr LED Highmast Light at Sivakasi Main Road, Arumugasamy kovil bus stop near in Srivilliputhur Municipality.","DR RANI SRI KUMAR","TENKASI(SC)","Images","03-Dec-2025","430000"
"2274","Normal/Others","WS/MP18182/2025-2026/195610-Construction of roads, link roads, pathways or any other road with or without drainage system","Tamil Nadu","TENKASI(DISTRICT COLLECTOR TENKASI_IDA)","Providing Black topping road from Kms 0-0 to 0-260  at Periya panayankulam pond shores in Nainaragaram Village in Kadayanallur Panchayat Union","DR RANI SRI KUMAR","TENKASI(SC)","Images","08-Jul-2025","2488445"
"2275","Normal/Others","WS/MP18182/2025-2026/195611-Construction of roads, link roads, pathways or any other road with or without drainage system","Tamil Nadu","TENKASI(DISTRICT COLLECTOR TENKASI_IDA)","Providing Black topping road from Kms 0-520 to 0-780 at Periya panayankulam pond shores in Nainaragaram Village in Kadayanallur Panchayat Union","DR RANI SRI KUMAR","TENKASI(SC)","Images","08-Jul-2025","2494268"
"2276","Normal/Others","WS/MP18182/2025-2026/195612-Construction of roads, link roads, pathways or any other road with or without drainage system","Tamil Nadu","TENKASI(DISTRICT COLLECTOR TENKASI_IDA)","Providing Black topping road from Kms 0-260 to 0-520 at Periya panayankulam pond shores in Nainaragaram Village in Kadayanallur Panchayat Union","DR RANI SRI KUMAR","TENKASI(SC)","Images","17-Jul-2025","2480652"
"2277","Normal/Others","WS/MP18182/2025-2026/195613-Construction of roads, link roads, pathways or any other road with or without drainage system","Tamil Nadu","TENKASI(DISTRICT COLLECTOR TENKASI_IDA)","Providing Black topping road from Kms 0-780 to 0-1040 at Periya panayankulam pond shores in Nainaragaram Village in Kadayanallur Panchayat Union","DR RANI SRI KUMAR","TENKASI(SC)","Images","17-Jul-2025","2485825"
"2278","Normal/Others","WS/MP18182/2025-2026/202642-Purchase of hospital equipment","Tamil Nadu","TENKASI(DISTRICT COLLECTOR TENKASI_IDA)","Providing and Supply of Medical Equipment to Chockampatti Primary Health Centre in Tenkasi District. (Suction Machine, Fetal Machine, Radian Warmer, ECG Machine, Weighing Machine, Infanto Meter, Nebulizer, BP Apparatus, Fetal Doppler, Stethoscope, Multipara Monitor (Each 1 No))","DR RANI SRI KUMAR","TENKASI(SC)","Images","03-Oct-2025","998775"
"2279","Normal/Others","WS/MP18182/2025-2026/202643-Purchase of hospital equipment","Tamil Nadu","TENKASI(DISTRICT COLLECTOR TENKASI_IDA)","Providing and Supply of Medical Equipment to Kuruvikulam Primary Health Centre in Tenkasi District. (Suction Machine, Fetal Machine, Radian Warmer, ECG Machine, Weighing Machine, Infanto Meter, Nebulizer, BP Apparatus, Fetal Doppler, Stethoscope, Multipara Monitor (Each 1 No))","DR RANI SRI KUMAR","TENKASI(SC)","Images","03-Oct-2025","998775"
"2280","Normal/Others","WS/MP18182/2025-2026/202644-Purchase of hospital equipment","Tamil Nadu","TENKASI(DISTRICT COLLECTOR TENKASI_IDA)","Providing and Supply of Medical Equipment to Pavoorchathiram Primary Health Centre in Tenkasi District. (Suction Machine, Fetal Machine, Radian Warmer, ECG Machine, Weighing Machine, Infanto Meter, Nebulizer, BP Apparatus, Fetal Doppler, Stethoscope, Multipara Monitor (Each 1 No))","DR RANI SRI KUMAR","TENKASI(SC)","Images","03-Oct-2025","998775"
"2281","Normal/Others","WS/MP18182/2025-2026/202645-Purchase of hospital equipment","Tamil Nadu","TENKASI(DISTRICT COLLECTOR TENKASI_IDA)","Providing and Supply of Medical Equipment to Vasudevanallur Primary Health Centre in Tenkasi District. (Suction Machine, Fetal Machine, Radian Warmer, ECG Machine, Weighing Machine, Infanto Meter, Nebulizer, BP Apparatus, Fetal Doppler, Stethoscope, Multipara Monitor (Each 1 No))","DR RANI SRI KUMAR","TENKASI(SC)","Images","03-Oct-2025","998775"
"2282","Normal/Others","WS/MP18182/2025-2026/202646-Purchase of hospital equipment","Tamil Nadu","TENKASI(DISTRICT COLLECTOR TENKASI_IDA)","Providing and Supply of Medical Equipment to Karivalamvanthanallur Primary Health Centre in Tenkasi District. (Suction Machine, Fetal Machine, Radian Warmer, ECG Machine, Weighing Machine, Infanto Meter, Nebulizer, BP Apparatus, Fetal Doppler, Stethoscope, Multipara Monitor (Each 1 No))","DR RANI SRI KUMAR","TENKASI(SC)","Images","03-Oct-2025","998775"
"2283","Normal/Others","WS/MP18182/2025-2026/202649-Construction of roads, link roads, pathways or any other road with or without drainage system","Tamil Nadu","TENKASI(DISTRICT COLLECTOR TENKASI_IDA)","Providing a Cement Concrete pavement at Pon Nagar in karivalamvanthanallur Village and Panchayat in Sanakarankovil Panchayat Union","DR RANI SRI KUMAR","TENKASI(SC)","Images","05-Nov-2025","999621"
"2284","Normal/Others","WS/MP18182/2025-2026/202650-Construction of roads, link roads, pathways or any other road with or without drainage system","Tamil Nadu","TENKASI(DISTRICT COLLECTOR TENKASI_IDA)","Providing a Cement Concrete pavement at Mariamman Kovil Street in Panaiyur Village and Panchayat in Sanakarankovil Panchayat Union","DR RANI SRI KUMAR","TENKASI(SC)","Images","30-Sep-2025","999697"
"2285","Normal/Others","WS/MP18182/2025-2026/202651-Construction of roads, link roads, pathways or any other road with or without drainage system","Tamil Nadu","TENKASI(DISTRICT COLLECTOR TENKASI_IDA)","Providing a Cement Concrete pavement at South Street in Indhira Colony of Keelaneelithanallur Village and Panchayat in Melaneelithanallur Panchayat Union","DR RANI SRI KUMAR","TENKASI(SC)","Images","22-Sep-2025","599558"
"2286","Normal/Others","WS/MP18182/2025-2026/202652-Construction of roads, link roads, pathways or any other road with or without drainage system","Tamil Nadu","TENKASI(DISTRICT COLLECTOR TENKASI_IDA)","Providing a Cement Concrete pavement at Samynathapuram Colony in Keelaneelithanallur Village and Panchayat in Melaneelithanallur Panchayat Union","DR RANI SRI KUMAR","TENKASI(SC)","Images","22-Sep-2025","999441"
"2287","Normal/Others","WS/MP18182/2025-2026/214645-Construction of roads, link roads, pathways or any other road with or without drainage system","Tamil Nadu","TENKASI(DISTRICT COLLECTOR TENKASI_IDA)","Providing Cement concrete pavement at Amman kovil street, Karattumalai Village of Palankottai Panchayat in Kuruvikulam Panchayat Union","DR RANI SRI KUMAR","TENKASI(SC)","Images","09-Oct-2025","999936"
"2288","Normal/Others","WS/MP18182/2025-2026/214646-Construction of roads, link roads, pathways or any other road with or without drainage system","Tamil Nadu","TENKASI(DISTRICT COLLECTOR TENKASI_IDA)","Providing Cement concrete pavement from Oorani bund to Vadakasiamman temple street at Vellakoundanpatti Village of Ramasamyapuram Panchayat in Vasudevanallur Panchayat Union","DR RANI SRI KUMAR","TENKASI(SC)","Images","24-Nov-2025","999247"
"2289","Normal/Others","WS/MP18182/2025-2026/214648-Lighting of public spaces","Tamil Nadu","TENKASI(DISTRICT COLLECTOR TENKASI_IDA)","Providing of 12m LED High mast light at Ward No.1 near  Therkuchathiram Vinayagar Kovil of Rayagiri Town Panchayat","DR RANI SRI KUMAR","TENKASI(SC)","Images","24-Dec-2025","417005"
"2290","Normal/Others","WS/MP18182/2025-2026/214649-Lighting of public spaces","Tamil Nadu","TENKASI(DISTRICT COLLECTOR TENKASI_IDA)","Providing of 12m LED High mast light at Ward No.2 near Adidravidar Colony Bus stop of Rayagiri Town Panchayat","DR RANI SRI KUMAR","TENKASI(SC)","Images","24-Dec-2025","417005"
"2291","Normal/Others","WS/MP18182/2025-2026/214650-Lighting of public spaces","Tamil Nadu","TENKASI(DISTRICT COLLECTOR TENKASI_IDA)","Providing of 12m LED High mast light at East Kalliyamman Kovil front nearby Anganwadi of Rayagiri Town Panchayat","DR RANI SRI KUMAR","TENKASI(SC)","Images","24-Dec-2025","417005"
"2292","Normal/Others","WS/MP18182/2025-2026/214651-Lighting of public spaces","Tamil Nadu","TENKASI(DISTRICT COLLECTOR TENKASI_IDA)","Providing of 12m LED High mast light at Ward No.11 near Loadman Office of Rayagiri Town Panchayat","DR RANI SRI KUMAR","TENKASI(SC)","Images","24-Dec-2025","417005"
"2293","Normal/Others","WS/MP18182/2025-2026/214652-Lighting of public spaces","Tamil Nadu","TENKASI(DISTRICT COLLECTOR TENKASI_IDA)","Providing of 12m LED High mast light at Ward No.14 near Bathing well of Rayagiri Town Panchayat","DR RANI SRI KUMAR","TENKASI(SC)","Images","24-Dec-2025","417005"
"2294","Normal/Others","WS/MP18182/2025-2026/214654-Lighting of public spaces","Tamil Nadu","TENKASI(DISTRICT COLLECTOR TENKASI_IDA)","Providing 12m LED Hightmast Light at Ward No.2 near Kalaingar Colony Vinayagar Temple in Vasudevanallur Town Panchayat","DR RANI SRI KUMAR","TENKASI(SC)","Images","20-Feb-2026","417005"
"2295","Normal/Others","WS/MP18182/2025-2026/214655-Lighting of public spaces","Tamil Nadu","TENKASI(DISTRICT COLLECTOR TENKASI_IDA)","Providing 12m LED Hightmast Light at Ward No.4 near Dr. Ambedkar Middle Street PD Shop in Vasudevanallur Town Panchayat","DR RANI SRI KUMAR","TENKASI(SC)","Images","20-Feb-2026","417005"
"2296","Normal/Others","WS/MP18182/2025-2026/214656-Lighting of public spaces","Tamil Nadu","TENKASI(DISTRICT COLLECTOR TENKASI_IDA)","Providing 12m LED Hightmast Light at Ward No.11 near Pudhumandhai Extension PD Shop in Vasudevanallur Town Panchayat","DR RANI SRI KUMAR","TENKASI(SC)","Images","20-Feb-2026","417005"
"2297","Normal/Others","WS/MP18182/2025-2026/214657-Lighting of public spaces","Tamil Nadu","TENKASI(DISTRICT COLLECTOR TENKASI_IDA)","Providing 12m LED Hightmast Light at Ward No.13 near Agrakaram Street East side in Vasudevanallur Town Panchayat","DR RANI SRI KUMAR","TENKASI(SC)","Images","20-Feb-2026","417005"
"2298","Normal/Others","WS/MP18182/2025-2026/214658-Lighting of public spaces","Tamil Nadu","TENKASI(DISTRICT COLLECTOR TENKASI_IDA)","Providing 12m LED Hightmast Light at Ward No.18 near Park in Vasudevanallur Town Panchayat","DR RANI SRI KUMAR","TENKASI(SC)","Images","20-Feb-2026","417005"
"2299","Normal/Others","WS/MP18182/2025-2026/214659-Lighting of public spaces","Tamil Nadu","TENKASI(DISTRICT COLLECTOR TENKASI_IDA)","Providing 12m LED Hightmast Light at Ward No.18 near South car street Govt PHC in Vasudevanallur Town Panchayat","DR RANI SRI KUMAR","TENKASI(SC)","Images","20-Feb-2026","417005"
"2300","Normal/Others","WS/MP18182/2025-2026/214660-Lighting of public spaces","Tamil Nadu","TENKASI(DISTRICT COLLECTOR TENKASI_IDA)","Providing 12m LED Hightmast Light at Tirunelveli Road Nedungulam road jn near Burial Ground in Sankarankovil Municipality","DR RANI SRI KUMAR","TENKASI(SC)","Images","03-Feb-2026","418362"
"2301","Normal/Others","WS/MP18182/2025-2026/214661-Lighting of public spaces","Tamil Nadu","TENKASI(DISTRICT COLLECTOR TENKASI_IDA)","Providing 12m LED Hightmast Light at Kalugumalai Road Kumaran Bunk Opp near Burial Ground in Sankarankovil Municipality","DR RANI SRI KUMAR","TENKASI(SC)","Images","03-Feb-2026","418362"
"2302","Normal/Others","WS/MP18182/2025-2026/214689-Lighting of public spaces","Tamil Nadu","TENKASI(DISTRICT COLLECTOR TENKASI_IDA)","Providing 16m LED Hightmast Light near Bus Stand Municipal Office Opp in Shencottai Municipality","DR RANI SRI KUMAR","TENKASI(SC)","Images","14-Jan-2026","900000"
"2303","Normal/Others","WS/MP18182/2025-2026/214690-Lighting of public spaces","Tamil Nadu","TENKASI(DISTRICT COLLECTOR TENKASI_IDA)","Providing 16m LED Hightmast Light at Mohaidheen Andavar East Pallivasal Street in Puliyangudi Municipality","DR RANI SRI KUMAR","TENKASI(SC)","Images","10-Feb-2026","900000"
"2304","Normal/Others","WS/MP18182/2025-2026/214691-Lighting of public spaces","Tamil Nadu","TENKASI(DISTRICT COLLECTOR TENKASI_IDA)","Providing 16m LED Hightmast Light at New Bus Stand in Tenkasi Municipality","DR RANI SRI KUMAR","TENKASI(SC)","Images","14-Jan-2026","899941"
"2305","Normal/Others","WS/MP18182/2025-2026/214692-Lighting of public spaces","Tamil Nadu","TENKASI(DISTRICT COLLECTOR TENKASI_IDA)","Providing 12m LED Hightmast Light near Mount Road in Tenkasi Municipality","DR RANI SRI KUMAR","TENKASI(SC)","Images","14-Jan-2026","429141"
"2306","Normal/Others","WS/MP18182/2025-2026/214693-Lighting of public spaces","Tamil Nadu","TENKASI(DISTRICT COLLECTOR TENKASI_IDA)","Providing 12m LED Hightmast Light at Keelapuliyur near Thambirapandiyamman Kovil in Tenkasi Municipality","DR RANI SRI KUMAR","TENKASI(SC)","Images","14-Jan-2026","429141"
"2307","Normal/Others","WS/MP18182/2025-2026/214694-Lighting of public spaces","Tamil Nadu","TENKASI(DISTRICT COLLECTOR TENKASI_IDA)","Providing 12m LED Hightmast Light at Nadupettai Street in Abdul Kalam Nagar in Tenkasi Municipality","DR RANI SRI KUMAR","TENKASI(SC)","Images","14-Jan-2026","429141"
"2308","Normal/Others","WS/MP18182/2025-2026/214695-Lighting of public spaces","Tamil Nadu","TENKASI(DISTRICT COLLECTOR TENKASI_IDA)","Providing 12m LED Hightmast Light near Madhakovil, Sengundhar Mudaliyar Street in Sambavar Vadagarai Town Panchayat","DR RANI SRI KUMAR","TENKASI(SC)","Images","07-Jan-2026","379319"
"2309","Normal/Others","WS/MP18182/2025-2026/214696-Lighting of public spaces","Tamil Nadu","TENKASI(DISTRICT COLLECTOR TENKASI_IDA)","Providing 12m LED Hightmast Light near Pallivasal at Rettaikulam Road  in Sambavar Vadakarai  Town Panchayat","DR RANI SRI KUMAR","TENKASI(SC)","Images","07-Jan-2026","379319"
"2310","Normal/Others","WS/MP18182/2025-2026/214698-Lighting of public spaces","Tamil Nadu","TENKASI(DISTRICT COLLECTOR TENKASI_IDA)","Providing 12m LED Hightmast Light near Sri Moolanatha madhuravani Amman Temple in Sambavar Vadakarai Town Panchayat","DR RANI SRI KUMAR","TENKASI(SC)","Images","07-Jan-2026","379319"
"2311","Normal/Others","WS/MP18182/2025-2026/214805-Construction of flood control embankments/ protection walls along riverbanks, hilltops, roadsides","Tamil Nadu","TENKASI(DISTRICT COLLECTOR TENKASI_IDA)","Construction of Retaining Wall at  Rajapalayam to Sankarankovil Road from Kms 15-6 Reddiyapatty - Pandapuli Road from Kms 2-788 to 2-825 and  4-2 to  4-211.","DR RANI SRI KUMAR","TENKASI(SC)","Images","08-Dec-2025","1482283"
"2312","Normal/Others","WS/MP18182/2025-2026/214806-Construction of flood control embankments/ protection walls along riverbanks, hilltops, roadsides","Tamil Nadu","TENKASI(DISTRICT COLLECTOR TENKASI_IDA)","Construction of Retaining Wall at Rajapalayam to Sankarankovil Road from Kms 15-6 Reddiyapatty - Pandapuli Road from Kms 4-211 to 4-259.","DR RANI SRI KUMAR","TENKASI(SC)","Images","08-Dec-2025","1487405"
"2313","Normal/Others","WS/MP18182/2025-2026/214807-Construction of flood control embankments/ protection walls along riverbanks, hilltops, roadsides","Tamil Nadu","TENKASI(DISTRICT COLLECTOR TENKASI_IDA)","Construction of Retaining Wall at Rajapalayam to Sankarankovil Road from Kms 15-6 Reddiyapatty - Pandapuli Road from Kms 4-259 to 4-307.","DR RANI SRI KUMAR","TENKASI(SC)","Images","08-Dec-2025","1486433"
"2314","Normal/Others","WS/MP18182/2025-2026/214808-Construction of flood control embankments/ protection walls along riverbanks, hilltops, roadsides","Tamil Nadu","TENKASI(DISTRICT COLLECTOR TENKASI_IDA)","Construction of Retaining Wall at Rajapalayam to Sankarankovil Road from Kms 15-6 Reddiyapatty - Pandapuli Road from Kms 4-307 to 4-355.","DR RANI SRI KUMAR","TENKASI(SC)","Images","08-Dec-2025","1487439"
"2315","Normal/Others","WS/MP18182/2025-2026/214809-Construction of water tanks","Tamil Nadu","TENKASI(DISTRICT COLLECTOR TENKASI_IDA)","Construction of water tanks with new borewell at Indra Colony Samynathapuram street in Keeleneelithanallur village and panchayat of Melaneelithanallur panchayat union","DR RANI SRI KUMAR","TENKASI(SC)","Images","15-Nov-2025","459282"
"2316","Normal/Others","WS/MP18182/2025-2026/229289-Lighting of public spaces","Tamil Nadu","VIRUDHUNAGAR(DISTRICT COLLECTOR VIRUDHUNAGAR_IDA)","Providing and Supply of 12m LED Highmast Light at ward No. 3, Keela Aavaranmpatti Bharathiyar Street  Kaliyamman Kovil near in Rajapalayam Municipality","DR RANI SRI KUMAR","TENKASI(SC)","Images","31-Mar-2026","418590"
"2317","Normal/Others","WS/MP18182/2025-2026/229290-Lighting of public spaces","Tamil Nadu","VIRUDHUNAGAR(DISTRICT COLLECTOR VIRUDHUNAGAR_IDA)","Providing and Supply of 12m LED Highmast Light at ward No. 7, Naidu South street Anandha Cool Drinks Shop opposite (Puthur Junction) at Chettiyarpatti Town Panchayat in Virudhunagar District","DR RANI SRI KUMAR","TENKASI(SC)","Images","04-Mar-2026","388212"
"2318","Normal/Others","WS/MP18182/2025-2026/229291-Lighting of public spaces","Tamil Nadu","VIRUDHUNAGAR(DISTRICT COLLECTOR VIRUDHUNAGAR_IDA)","Providing and Supply of 12m LED Highmast Light at ward No. 7, Naidu South street Arasadi Bus stand at Chettiyarpatti Town Panchayat in Virudhunagar District","DR RANI SRI KUMAR","TENKASI(SC)","Images","04-Mar-2026","388212"
"2319","Normal/Others","WS/MP18182/2025-2026/229292-Lighting of public spaces","Tamil Nadu","VIRUDHUNAGAR(DISTRICT COLLECTOR VIRUDHUNAGAR_IDA)","Providing and Supply of 12m LED Highmast Light at ward No. 7, Naidu South street Parvathy Silks near at Chettiyarpatti Town Panchayat in Virudhunagar District","DR RANI SRI KUMAR","TENKASI(SC)","Images","03-Mar-2026","388212"
"2320","Normal/Others","WS/MP18182/2025-2026/229293-Lighting of public spaces","Tamil Nadu","VIRUDHUNAGAR(DISTRICT COLLECTOR VIRUDHUNAGAR_IDA)","Providing and Supply of 12m LED Highmast Light at ward No. 7, Naidu South street Vikas Silks west side at Chettiyarpatti Town Panchayat in Virudhunagar District","DR RANI SRI KUMAR","TENKASI(SC)","Images","03-Mar-2026","388212"
"2321","Normal/Others","WS/MP18182/2025-2026/229294-Lighting of public spaces","Tamil Nadu","VIRUDHUNAGAR(DISTRICT COLLECTOR VIRUDHUNAGAR_IDA)","Providing and Supply of 12m LED Highmast Light at ward No. 7, Naidu South street Selvaraj Teacher house near at Chettiyarpatti Town Panchayat in Virudhunagar District","DR RANI SRI KUMAR","TENKASI(SC)","Images","04-Mar-2026","388212"
"2322","Normal/Others","WS/MP18182/2025-2026/229295-Lighting of public spaces","Tamil Nadu","TENKASI(DISTRICT COLLECTOR TENKASI_IDA)","Providing and supply of 12m LED High mast light near Varagunaramapuram Market in Surandai Municipality","DR RANI SRI KUMAR","TENKASI(SC)","Images","28-Jan-2026","423856"
"2323","Normal/Others","WS/MP18182/2025-2026/229296-Lighting of public spaces","Tamil Nadu","TENKASI(DISTRICT COLLECTOR TENKASI_IDA)","Providing and supply of 12m LED High mast light near Sivagurunathapuram Muppudathi amman Temple in Surandai Municipality","DR RANI SRI KUMAR","TENKASI(SC)","Images","28-Jan-2026","423856"
"2324","Normal/Others","WS/MP18182/2025-2026/229297-Lighting of public spaces","Tamil Nadu","TENKASI(DISTRICT COLLECTOR TENKASI_IDA)","Providing and supply of 12m LED High mast light near Alagu Parvathy amman Temple in Surandai Municipality","DR RANI SRI KUMAR","TENKASI(SC)","Images","28-Jan-2026","423856"
"2325","Normal/Others","WS/MP18182/2025-2026/229298-Lighting of public spaces","Tamil Nadu","TENKASI(DISTRICT COLLECTOR TENKASI_IDA)","Providing and supply of 12m LED High mast light at Ward No.25 near Emanuel Sekaranar Bus stand in Surandai Municipality","DR RANI SRI KUMAR","TENKASI(SC)","Images","28-Jan-2026","423856"
"2326","Normal/Others","WS/MP18182/2025-2026/231057-Construction of roads, link roads, pathways or any other road with or without drainage system","Tamil Nadu","TENKASI(DISTRICT COLLECTOR TENKASI_IDA)","Providing Cement Concrete Pavement at South Street of Samynathapuram Colony in Keelaneelithanallur Village and Panchayat in Melaneelithanallur Panchayat Union","DR RANI SRI KUMAR","TENKASI(SC)","Images","08-Jan-2026","498247"
"2327","Normal/Others","WS/MP18182/2025-2026/231058-Lighting of public spaces","Tamil Nadu","TENKASI(DISTRICT COLLECTOR TENKASI_IDA)","Providing and supply of 12 mtr Highmast Light (LED) near social welfare hostel, Kaveri Nagar opposite at Sankarankovil Municipality","DR RANI SRI KUMAR","TENKASI(SC)","Images","12-Mar-2026","423715"
"2328","Normal/Others","WS/MP18182/2025-2026/231059-Lighting of public spaces","Tamil Nadu","TENKASI(DISTRICT COLLECTOR TENKASI_IDA)","Providing and supply of 12 mtr Highmast Light (LED) near Vaniyar Oorani at Thiruvengadam Road in Sankarankovil Municipality","DR RANI SRI KUMAR","TENKASI(SC)","Images","12-Mar-2026","423479"
"2329","Normal/Others","WS/MP18183/2024-2025/140607-Construction of bus-sheds or bus-stops","Tamil Nadu","THANJAVUR(DISTRICT COLLECTOR THANJAVUR_IDA)","Construction of a new bus station at Kallana Nadukarai, Thogur Panchayat,budalur","MURASOLI S","THANJAVUR","Images","23-Jul-2025","1499638"
"2330","Normal/Others","WS/MP18183/2024-2025/140692-Construction of community centers and community halls","Tamil Nadu","THANJAVUR(DISTRICT COLLECTOR THANJAVUR_IDA)","New PDS building work in Pudukudi panchayat, Kamachipuram, Boothalur","MURASOLI S","THANJAVUR","Images","07-Mar-2025","1349637"
"2331","Normal/Others","WS/MP18183/2024-2025/140722-Construction of community centers and community halls","Tamil Nadu","THANJAVUR(DISTRICT COLLECTOR THANJAVUR_IDA)","Construction of new PDS building in Muthalsheri Panchayat, Pattukottai","MURASOLI S","THANJAVUR","Images","22-Oct-2025","1325463"
"2332","Normal/Others","WS/MP18183/2025-2026/140746-Construction of community centers and community halls","Tamil Nadu","THANJAVUR(DISTRICT COLLECTOR THANJAVUR_IDA)","Construction of New PDS Building  Perumal Koil Street, Pattukottai City,ward no 19","MURASOLI S","THANJAVUR","N/A","16-Jun-2025","1965000"
"2333","Normal/Others","WS/MP18183/2024-2025/140747-Construction of community centers and community halls","Tamil Nadu","THANJAVUR(DISTRICT COLLECTOR THANJAVUR_IDA)","Construction of New PDS Building at Public Land, Kalaignar Nagar, Vilar Panchayat","MURASOLI S","THANJAVUR","Images","05-Aug-2025","1309024"
"2334","Normal/Others","WS/MP18183/2024-2025/140748-Construction of community centers and community halls","Tamil Nadu","THANJAVUR(DISTRICT COLLECTOR THANJAVUR_IDA)","Construction of new PDS building at Saraboji Nagar, Nilgiri Panchayat,thanjavur","MURASOLI S","THANJAVUR","Images","14-Jul-2025","1303191"
"2335","Normal/Others","WS/MP18183/2024-2025/140749-Construction of community centers and community halls","Tamil Nadu","THANJAVUR(DISTRICT COLLECTOR THANJAVUR_IDA)","Construction of New PDS Building at Vallam Municipality, Vallam South, ward no 8, Thanjavur","MURASOLI S","THANJAVUR","Images","19-Aug-2026","1360000"
"2336","Normal/Others","WS/MP18183/2024-2025/140765-Construction of community centers and community halls","Tamil Nadu","THANJAVUR(DISTRICT COLLECTOR THANJAVUR_IDA)","Construction of new PDS building at Kannukudi South in Kannukudi West Panchayat,orathanadu","MURASOLI S","THANJAVUR","Images","31-Jul-2025","1349747"
"2337","Normal/Others","WS/MP18183/2024-2025/140766-Construction of community centers and community halls","Tamil Nadu","THANJAVUR(DISTRICT COLLECTOR THANJAVUR_IDA)","construction new  PDS Building  in pudur Panchayat,orathanadu","MURASOLI S","THANJAVUR","N/A","13-Apr-2026","1348358"
"2338","Normal/Others","WS/MP18183/2024-2025/140767-Construction of community centers and community halls","Tamil Nadu","THANJAVUR(DISTRICT COLLECTOR THANJAVUR_IDA)","construction new PDS Building  in Thennamanadu Panchayat,orathanadu","MURASOLI S","THANJAVUR","N/A","10-Jan-2026","1349388"
"2339","Normal/Others","WS/MP18183/2024-2025/140768-Construction of community centers and community halls","Tamil Nadu","THANJAVUR(DISTRICT COLLECTOR THANJAVUR_IDA)","Construction New PDS Building  at Neivasal Panchayat, Orathanadu","MURASOLI S","THANJAVUR","Images","30-Sep-2025","1349703"
"2340","Normal/Others","WS/MP18183/2024-2025/140770-Construction of community centers and community halls","Tamil Nadu","THANJAVUR(DISTRICT COLLECTOR THANJAVUR_IDA)","Construction of New PDS Building at Periyakottai Panchayat, Periyakottai, madhukur","MURASOLI S","THANJAVUR","N/A","24-Sep-2025","1349348"
"2341","Normal/Others","WS/MP18183/2024-2025/140772-Construction of community centers and community halls","Tamil Nadu","THIRUVARUR(DISTRICT COLLECTOR THIRUVARUR_IDA)","Construction of New PDS Building in Thenparai Panchayat,mannargudi,thiruvarur","MURASOLI S","THANJAVUR","Images","20-Feb-2026","1186136"
"2342","Normal/Others","WS/MP18183/2025-2026/140773-Construction of community centers and community halls","Tamil Nadu","THIRUVARUR(DISTRICT COLLECTOR THIRUVARUR_IDA)","Construction of New PDS Building at Bamani in Karnavur Panchayat,mannargudi,thiruvarur","MURASOLI S","THANJAVUR","Images","15-Sep-2025","1347131"
"2343","Normal/Others","WS/MP18183/2025-2026/140774-Construction of New Building","Tamil Nadu","THIRUVARUR(DISTRICT COLLECTOR THIRUVARUR_IDA)","Construction of New PDS Building at Co-operative Society Complex in Paravakottai ,mannargudi,thiruvarurPanchayat, pattukkotai","MURASOLI S","THANJAVUR","Images","22-Aug-2025","1348370"
"2344","Normal/Others","WS/MP18183/2025-2026/140775-Construction of community centers and community halls","Tamil Nadu","THIRUVARUR(DISTRICT COLLECTOR THIRUVARUR_IDA)","Construction of New PDS Building in Pullavarayan kudikadu Panchayat,needamangalam, mannargudi","MURASOLI S","THANJAVUR","N/A","25-Oct-2025","1308423"
"2345","Normal/Others","WS/MP18183/2024-2025/142746-Construction of bus-sheds or bus-stops","Tamil Nadu","THANJAVUR(DISTRICT COLLECTOR THANJAVUR_IDA)","Construction of new bus station near Panikondan viduthi vilage near anna silai,thiruvonam","MURASOLI S","THANJAVUR","N/A","19-Jul-2025","1349747"
"2346","Normal/Others","WS/MP18183/2024-2025/143304-Construction of community centers and community halls","Tamil Nadu","THANJAVUR(DISTRICT COLLECTOR THANJAVUR_IDA)","Construction of New PDS Building at Awaidayanikottai, Mutugadu Panchayat","MURASOLI S","THANJAVUR","Images","24-Sep-2025","1268887"
"2347","Normal/Others","WS/MP18183/2024-2025/143305-Construction of community centers and community halls","Tamil Nadu","THANJAVUR(DISTRICT COLLECTOR THANJAVUR_IDA)","Construction of New PDS Building at Kasiwayal Panchayat Alagiyanagipuram village,sethubavachathiram","MURASOLI S","THANJAVUR","Images","12-Dec-2025","1333989"
"2348","Normal/Others","WS/MP18183/2025-2026/143383-Construction of community centers and community halls","Tamil Nadu","THIRUVARUR(DISTRICT COLLECTOR THIRUVARUR_IDA)","Construction of New PDS Building Near Panchayat Council Office in Kannur Annavasal Panchayat ,needamangalam","MURASOLI S","THANJAVUR","N/A","03-Dec-2025","1329811"
"2349","Normal/Others","WS/MP18183/2024-2025/143387-Construction of public libraries and reading rooms","Tamil Nadu","THANJAVUR(DISTRICT COLLECTOR THANJAVUR_IDA)","Construction of new library building in Thanjavur Municipal Corporation Central Library Complex,thanjavur","MURASOLI S","THANJAVUR","Images","13-May-2026","4980095"
"2350","Normal/Others","WS/MP18183/2024-2025/143390-Construction of rooms and halls in school and colleges","Tamil Nadu","THANJAVUR(DISTRICT COLLECTOR THANJAVUR_IDA)","Construction of two classroom building for Okanadu Melayur High School,orathanadu,thanjavaur","MURASOLI S","THANJAVUR","Images","13-May-2026","4818297"
"2351","Normal/Others","WS/MP18183/2024-2025/143403-Construction of community centers and community halls","Tamil Nadu","THANJAVUR(DISTRICT COLLECTOR THANJAVUR_IDA)","Construction of new PDS building in Keezkurichi Panchayat Mandalkottai,madukkur village","MURASOLI S","THANJAVUR","Images","28-Jan-2026","1319168"
"2352","Normal/Others","WS/MP18183/2024-2025/143544-Construction of buildings for community cultural activities","Tamil Nadu","THANJAVUR(DISTRICT COLLECTOR THANJAVUR_IDA)","Construction of a new art theater in Valaphramankadu panchayat,peravaurani","MURASOLI S","THANJAVUR","Images","30-Jul-2025","1191491"
"2353","Normal/Others","WS/MP18183/2024-2025/143791-Construction of community centers and community halls","Tamil Nadu","THANJAVUR(DISTRICT COLLECTOR THANJAVUR_IDA)","New PDS building work at Venkatasamuthram panchayat, Kandamangalam","MURASOLI S","THANJAVUR","Images","25-Aug-2026","1348469"
"2354","Normal/Others","WS/MP18183/2024-2025/143806-Construction of community centers and community halls","Tamil Nadu","THANJAVUR(DISTRICT COLLECTOR THANJAVUR_IDA)","thillaisanam Panchayat, Construction of New PDS Building,thiruvaiyaru","MURASOLI S","THANJAVUR","Images","21-Aug-2026","1348754"
"2355","Normal/Others","WS/MP18183/2025-2026/145899-Construction of bus-sheds or bus-stops","Tamil Nadu","THANJAVUR(DISTRICT COLLECTOR THANJAVUR_IDA)","Thanjavur Municipal Corporation Construction of new bus stop  near Tolkappiyar Square Roundana in 32 ward","MURASOLI S","THANJAVUR","N/A","19-Aug-2025","1500000"
"2356","Normal/Others","WS/MP18183/2024-2025/175707-Construction of community centers and community halls","Tamil Nadu","THANJAVUR(DISTRICT COLLECTOR THANJAVUR_IDA)","Construction of a new multipurpose building in Thoppuvudi Panchayat New Street","MURASOLI S","THANJAVUR","Images","28-Jan-2026","1349408"
"2357","Normal/Others","WS/MP18183/2025-2026/175716-Purchase of hospital equipment","Tamil Nadu","THANJAVUR(DISTRICT COLLECTOR THANJAVUR_IDA)","Purchase of a new ventilator (Shiller Brand) for the pediatric care unit at the Government General Hospital, Pattukottai","MURASOLI S","THANJAVUR","Images","24-Jun-2025","1134560"
"2358","Normal/Others","WS/MP18183/2024-2025/175718-Construction of community centers and community halls","Tamil Nadu","THANJAVUR(DISTRICT COLLECTOR THANJAVUR_IDA)","Construction of a new multipurpose building in Krishnapuram, Parakalakottai Panchayat, Pattukottai","MURASOLI S","THANJAVUR","N/A","16-Mar-2026","1055760"
"2359","Normal/Others","WS/MP18183/2025-2026/175743-Construction of common work sheds/ common covered sitting area","Tamil Nadu","THANJAVUR(DISTRICT COLLECTOR THANJAVUR_IDA)","Construction of a waiting hall near Navaneethapuram Anganwadi Center, near Ramanathan Roundabout, Thanjavur Corporation","MURASOLI S","THANJAVUR","Images","22-Aug-2025","1200000"
"2360","Normal/Others","WS/MP18183/2025-2026/202351-Lighting of public spaces","Tamil Nadu","THANJAVUR(DISTRICT COLLECTOR THANJAVUR_IDA)","Installation of high-voltage tower lights at the roundabout between Mannargudi Pattukottai Road and Pappanadu Perugavazhanthan Junction in Kannugudi East Panchayat","MURASOLI S","THANJAVUR","Images","10-Feb-2026","700000"
"2361","Normal/Others","WS/MP18183/2025-2026/202355-Construction of community centers and community halls","Tamil Nadu","THANJAVUR(DISTRICT COLLECTOR THANJAVUR_IDA)","Construction of a multi-purpose waiting room in Mela Ulur Panchayat","MURASOLI S","THANJAVUR","Images","19-Aug-2026","4221324"
"2362","Normal/Others","WS/MP18183/2025-2026/203523-Construction of Government office buildings (Post office, Police station, Police chauki, etc.)","Tamil Nadu","THANJAVUR(DISTRICT COLLECTOR THANJAVUR_IDA)","Construction of a new PDS building at Ward 8, Raja Nagar, North Road, Thiruvaiyaru Municipality (19BP04B0)","MURASOLI S","THANJAVUR","Images","17-Feb-2026","1547161"
"2363","Normal/Others","WS/MP18183/2025-2026/203532-Construction of bus-sheds or bus-stops","Tamil Nadu","THANJAVUR(DISTRICT COLLECTOR THANJAVUR_IDA)","Construction of a new passenger shade umbrella at Manathidal in Konerirajapuram Panchayat of Thiruvaiyaru","MURASOLI S","THANJAVUR","Images","12-May-2026","499105"
"2364","Normal/Others","WS/MP18183/2025-2026/204987-Construction of common work sheds/ common covered sitting area","Tamil Nadu","THANJAVUR(DISTRICT COLLECTOR THANJAVUR_IDA)","Construction of a shed in front of Amma Mandapam in Telangankudikadu Panchayat under Orathanadu constituency","MURASOLI S","THANJAVUR","N/A","29-Apr-2026","2499777"
"2365","Normal/Others","WS/MP18183/2025-2026/204998-Construction of community centers and community halls","Tamil Nadu","THANJAVUR(DISTRICT COLLECTOR THANJAVUR_IDA)","Construction of a committee building near Jyothipuram in Kurichi Panchayat","MURASOLI S","THANJAVUR","N/A","28-Apr-2026","1721270"
"2366","Normal/Others","WS/MP18183/2025-2026/222752-Construction of community centers and community halls","Tamil Nadu","THANJAVUR(DISTRICT COLLECTOR THANJAVUR_IDA)","Construction of a new multipurpose building in Alakkudi Panchayat Pudutheru","MURASOLI S","THANJAVUR","Images","16-Feb-2026","1299068"
"2367","Normal/Others","WS/MP18183/2025-2026/222753-Construction of community centers and community halls","Tamil Nadu","THANJAVUR(DISTRICT COLLECTOR THANJAVUR_IDA)","Construction of a new PDS store building at Sethurayanan kudikadu in orathanadu","MURASOLI S","THANJAVUR","N/A","06-Apr-2026","373998"
"2368","Normal/Others","WS/MP18183/2025-2026/222756-Construction of community centers and community halls","Tamil Nadu","THANJAVUR(DISTRICT COLLECTOR THANJAVUR_IDA)","Construction of a new kitchen at the Government High School, Adhiramapattinam, Karaiyur Street, which has a capacity of 150 students.","MURASOLI S","THANJAVUR","Images","17-Aug-2026","1099954"
"2369","Normal/Others","WS/MP18183/2025-2026/222810-Construction of bus-sheds or bus-stops","Tamil Nadu","THANJAVUR(DISTRICT COLLECTOR THANJAVUR_IDA)","Construction of a new bus stop near Marunkulam Government Higher Secondary School in Marunkulam Panchayat","MURASOLI S","THANJAVUR","Images","19-Aug-2026","799695"
"2370","Normal/Others","WS/MP18183/2025-2026/225301-Lighting of public spaces","Tamil Nadu","THANJAVUR(DISTRICT COLLECTOR THANJAVUR_IDA)","Installation of high-voltage tower lights at Chakrasamandham Roundabout, Ramanathapuram Panchayat","MURASOLI S","THANJAVUR","Images","03-Mar-2026","700000"
"2371","Normal/Others","WS/MP18183/2025-2026/225302-Construction of bus-sheds or bus-stops","Tamil Nadu","THANJAVUR(DISTRICT COLLECTOR THANJAVUR_IDA)","Construction of new passenger shade umbrella on Vitthalapuram Main Road in Vitthalapuram Panchayat on Thiruvaiyaru to Thirukattupally Road","MURASOLI S","THANJAVUR","Images","08-Apr-2026","763916"
"2372","Normal/Others","WS/MP18183/2025-2026/245149-Security gates in streets/public place for safety purpose","Tamil Nadu","THANJAVUR(DISTRICT COLLECTOR THANJAVUR_IDA)","construction of compound wall with grill at district central library, thanjavur","MURASOLI S","THANJAVUR","Images","01-Sep-2026","1131858"
"2373","Normal/Others","WS/MP18183/2025-2026/245259-Construction of common work sheds/ common covered sitting area","Tamil Nadu","THANJAVUR(DISTRICT COLLECTOR THANJAVUR_IDA)","Construction a shed in the open staircase in front of Amma Mandapam in Telangankudikadu Panchayat under Orathanadu constituency","MURASOLI S","THANJAVUR","N/A","29-Apr-2026","523367"
"2374","Normal/Others","WS/MP18183/2025-2026/253528-Construction of additional rooms and halls in the existing public and community building","Tamil Nadu","THANJAVUR(DISTRICT COLLECTOR THANJAVUR_IDA)","Constructing a waiting shed in front of the health center in Thennakudi village, within the Pillaiyarnatham Panchayat.","MURASOLI S","THANJAVUR","N/A","29-Apr-2026","1296759"
"2375","Normal/Others","WS/MP18184/2025-2026/161788-Construction of bus-sheds or bus-stops","Tamil Nadu","MADURAI(DISTRICT COLLECTOR MADURAI_IDA)","Construction of new Bus Shed at Seelanaickenpatti Village","THANGA TAMILSELVAN","THENI","Images","07-Aug-2025","998668"
"2376","Normal/Others","WS/MP18184/2025-2026/161789-Construction of community centers and community halls","Tamil Nadu","MADURAI(DISTRICT COLLECTOR MADURAI_IDA)","Construction of new Cultural building( Nadaga Medai)","THANGA TAMILSELVAN","THENI","Images","19-Aug-2025","1499726"
"2377","Normal/Others","WS/MP18184/2025-2026/161790-Construction of community centers and community halls","Tamil Nadu","MADURAI(DISTRICT COLLECTOR MADURAI_IDA)","Construction of new Cultural building( Nadaga Medai)","THANGA TAMILSELVAN","THENI","Images","29-Sep-2025","1199620"
"2378","Normal/Others","WS/MP18184/2025-2026/161794-Construction of bus-sheds or bus-stops","Tamil Nadu","MADURAI(DISTRICT COLLECTOR MADURAI_IDA)","Construction of new Bus Shed","THANGA TAMILSELVAN","THENI","N/A","04-May-2026","1000000"
"2379","Normal/Others","WS/MP18184/2025-2026/161840-Construction of community centers and community halls","Tamil Nadu","MADURAI(DISTRICT COLLECTOR MADURAI_IDA)","Contruction of new Cultural Building (Nadaga Medai)","THANGA TAMILSELVAN","THENI","Images","13-Oct-2025","1499499"
"2380","Normal/Others","WS/MP18184/2025-2026/161845-Construction of bus-sheds or bus-stops","Tamil Nadu","MADURAI(DISTRICT COLLECTOR MADURAI_IDA)","Construction of new bus shed","THANGA TAMILSELVAN","THENI","Images","21-Jan-2026","999390"
"2381","Normal/Others","WS/MP18184/2025-2026/163645-Construction of buildings for community cultural activities","Tamil Nadu","MADURAI(DISTRICT COLLECTOR MADURAI_IDA)","Construction of new buildings for Cultural Activities in Geminipatti Colony","THANGA TAMILSELVAN","THENI","N/A","24-Dec-2025","996993"
"2382","Normal/Others","WS/MP18184/2025-2026/163646-Construction of common work sheds/ common covered sitting area","Tamil Nadu","MADURAI(DISTRICT COLLECTOR MADURAI_IDA)","Construction of new Ration Shop","THANGA TAMILSELVAN","THENI","Images","30-Sep-2025","1199626"
"2383","Normal/Others","WS/MP18184/2025-2026/163648-Construction of bus-sheds or bus-stops","Tamil Nadu","MADURAI(DISTRICT COLLECTOR MADURAI_IDA)","Construction of new Bus shed","THANGA TAMILSELVAN","THENI","Images","27-Oct-2025","998525"
"2384","Normal/Others","WS/MP18184/2025-2026/169907-Lighting of public spaces","Tamil Nadu","THENI(District Collector Theni_5)","Setting up new High Voltage lamp post","THANGA TAMILSELVAN","THENI","Images","02-Feb-2026","345925"
"2385","Normal/Others","WS/MP18184/2025-2026/171252-Lighting of public spaces","Tamil Nadu","THENI(District Collector Theni_5)","Setting up new high voltage light lamp post","THANGA TAMILSELVAN","THENI","Images","16-Mar-2026","348550"
"2386","Normal/Others","WS/MP18184/2025-2026/171253-Lighting of public spaces","Tamil Nadu","THENI(District Collector Theni_5)","Setting up new high voltage light lamp post","THANGA TAMILSELVAN","THENI","Images","16-Mar-2026","348550"
"2387","Normal/Others","WS/MP18184/2025-2026/171658-Construction of veterinary hospitals and dispensaries","Tamil Nadu","THENI(District Collector Theni_5)","Construction of new Veterinary Hospital, regional branch","THANGA TAMILSELVAN","THENI","Images","02-Feb-2026","810690"
"2388","Normal/Others","WS/MP18184/2025-2026/171660-Lighting of public spaces","Tamil Nadu","THENI(District Collector Theni_5)","Setting up new High Voltage Light Lamp","THANGA TAMILSELVAN","THENI","N/A","24-Nov-2025","350000"
"2389","Normal/Others","WS/MP18184/2025-2026/171661-Lighting of public spaces","Tamil Nadu","THENI(District Collector Theni_5)","Setting up new High Voltage Light Lamp","THANGA TAMILSELVAN","THENI","N/A","24-Nov-2025","350000"
"2390","Normal/Others","WS/MP18184/2025-2026/207031-Construction of footpaths and pedestrian ways","Tamil Nadu","THENI(District Collector Theni_5)","Construction of new footpath and revetments in Manthaikulam Pond in Theni (124 to 186 Metre)","THANGA TAMILSELVAN","THENI","N/A","26-Feb-2026","998891"
"2391","Normal/Others","WS/MP18184/2025-2026/207032-Construction of footpaths and pedestrian ways","Tamil Nadu","THENI(District Collector Theni_5)","Construction of new footpath and revetments in Manthaikulam Pond in Theni (62 to 124 Metres)","THANGA TAMILSELVAN","THENI","N/A","12-Dec-2025","998944"
"2392","Normal/Others","WS/MP18184/2025-2026/207033-Construction of footpaths and pedestrian ways","Tamil Nadu","THENI(District Collector Theni_5)","Construction of new footpath and revetments in Manthaikulam Pond in Theni (0 to 62 Metre)","THANGA TAMILSELVAN","THENI","N/A","12-Dec-2025","998891"
"2393","Normal/Others","WS/MP18184/2025-2026/210957-Construction of community centers and community halls","Tamil Nadu","MADURAI(DISTRICT COLLECTOR MADURAI_IDA)","Construction of new Community hall in Perungamanallur Village","THANGA TAMILSELVAN","THENI","Images","10-Apr-2026","398746"
"2394","Normal/Others","WS/MP18184/2025-2026/210972-Construction of footpaths and pedestrian ways","Tamil Nadu","THENI(District Collector Theni_5)","Construction of new pathways","THANGA TAMILSELVAN","THENI","Images","18-Feb-2026","1584908"
"2395","Normal/Others","WS/MP18184/2025-2026/211730-Construction of bus-sheds or bus-stops","Tamil Nadu","MADURAI(DISTRICT COLLECTOR MADURAI_IDA)","Construction of new bus shed in alagapuri village","THANGA TAMILSELVAN","THENI","Images","06-Mar-2026","798565"
"2396","Normal/Others","WS/MP18184/2025-2026/212000-Construction of bus-sheds or bus-stops","Tamil Nadu","MADURAI(DISTRICT COLLECTOR MADURAI_IDA)","Construction of Bus Shed in Vandari Village","THANGA TAMILSELVAN","THENI","Images","11-Feb-2026","799688"
"2397","Normal/Others","WS/MP18184/2025-2026/212001-Construction of community centers and community halls","Tamil Nadu","MADURAI(DISTRICT COLLECTOR MADURAI_IDA)","Construction of ration shop in melathirumanickam village","THANGA TAMILSELVAN","THENI","Images","02-Apr-2026","1199097"
"2398","Normal/Others","WS/MP18184/2025-2026/213141-Construction of boundary walls of existing public and community buildings","Tamil Nadu","THENI(District Collector Theni_5)","Construction of boundary wall in ilaagi oriental school","THANGA TAMILSELVAN","THENI","N/A","22-Nov-2025","1835013"
"2399","Normal/Others","WS/MP18185/2025-2026/176108-Crematoriums/energy efficient crematoriums or structures on burial/cremation ground","Tamil Nadu","TIRUNELVELI(DISTRICT COLLECTOR TIRUNELVELI_IDA)","Construction of Waiting Shed at Karupandurai Area in ward No.46 in Melapalayam Zone, Tirunelveli Corporation.","ROBERT BRUCE C","TIRUNELVELI","Images","20-Jan-2026","713533"
"2400","Normal/Others","WS/MP18185/2025-2026/176110-Construction of flood control embankments/ protection walls along riverbanks, hilltops, roadsides","Tamil Nadu","TIRUNELVELI(DISTRICT COLLECTOR TIRUNELVELI_IDA)","Construction of Flood Protection Wall in Palayam Channl in L.S.36780 M in Naduvakurichi Village at Palayamkottai Taluk.","ROBERT BRUCE C","TIRUNELVELI","Images","16-Jul-2025","993461"
"2401","Normal/Others","WS/MP18185/2025-2026/176140-Crematoriums/energy efficient crematoriums or structures on burial/cremation ground","Tamil Nadu","TIRUNELVELI(DISTRICT COLLECTOR TIRUNELVELI_IDA)","Construction of Burial Ground and Waiting Shed at Karupandurai Burial Ground Area in Ward No.46 in Melapalayam Zone, Tirunelveli Corporation.","ROBERT BRUCE C","TIRUNELVELI","Images","20-Jan-2026","928366"
"2402","Normal/Others","WS/MP18185/2025-2026/176145-Construction of community centers and community halls","Tamil Nadu","TIRUNELVELI(DISTRICT COLLECTOR TIRUNELVELI_IDA)","Construction of PDS Shop Building at RSA Nagar area in Ward No.1 in Thachanallur Zone in Tirunelveli Corporation.","ROBERT BRUCE C","TIRUNELVELI","Images","20-Jan-2026","1292276"
"2403","Normal/Others","WS/MP18185/2025-2026/176200-Construction of flood control embankments/ protection walls along riverbanks, hilltops, roadsides","Tamil Nadu","TIRUNELVELI(DISTRICT COLLECTOR TIRUNELVELI_IDA)","Construction of Flood Protection Wall on Palayam channel in Manapadaiveedu Village in Palayamkottai Union.","ROBERT BRUCE C","TIRUNELVELI","Images","29-May-2025","2499655"
"2404","Normal/Others","WS/MP18185/2025-2026/176202-Purchase of prosthetics, wheel chairs, tricycles (manual or motorized), elect scooties, hearing aids","Tamil Nadu","TIRUNELVELI(DISTRICT COLLECTOR TIRUNELVELI_IDA)","Providing Three Wheelers Cycle for Differently abled 4 Persons in Tirunelveli District .","ROBERT BRUCE C","TIRUNELVELI","N/A","09-Jan-2026","480000"
"2405","Normal/Others","WS/MP18185/2025-2026/176212-Crematoriums/energy efficient crematoriums or structures on burial/cremation ground","Tamil Nadu","TIRUNELVELI(DISTRICT COLLECTOR TIRUNELVELI_IDA)","Providing CC Pavement, Construction of Compound Wall, Water supply arrangements at Thalacheri Common Burial Ground in Kallidaikuruchi Townpanchayat.","ROBERT BRUCE C","TIRUNELVELI","Images","05-Nov-2025","700000"
"2406","Normal/Others","WS/MP18185/2025-2026/179310-Construction of bus-sheds or bus-stops","Tamil Nadu","TIRUNELVELI(DISTRICT COLLECTOR TIRUNELVELI_IDA)","Construction of Bus Shelter in Madathupatti Village at Sivalaperi Panchayat of Palayamkottai Panchayat Union.","ROBERT BRUCE C","TIRUNELVELI","Images","25-Nov-2025","699436"
"2407","Normal/Others","WS/MP18185/2025-2026/179364-Street lights","Tamil Nadu","TIRUNELVELI(DISTRICT COLLECTOR TIRUNELVELI_IDA)","Supply Delivery Erection of Minimast Light 12 Metre Height With 6 Nos of 150W LED Fittings at Ambasamudram -Papanasam Main Road Opposite To Kalyani Theatre In Ambasamudram Municipality.","ROBERT BRUCE C","TIRUNELVELI","N/A","18-Mar-2026","430000"
"2408","Normal/Others","WS/MP18185/2025-2026/179373-Construction of flood control embankments/ protection walls along riverbanks, hilltops, roadsides","Tamil Nadu","TIRUNELVELI(DISTRICT COLLECTOR TIRUNELVELI_IDA)","Construction of Flood Protective Wall in Palayam Channel L.S.19200M in Tirunelveli Corporation.","ROBERT BRUCE C","TIRUNELVELI","Images","16-Jul-2025","2496012"
"2409","Normal/Others","WS/MP18185/2025-2026/179419-Construction of roads, link roads, pathways or any other road with or without drainage system","Tamil Nadu","TIRUNELVELI(DISTRICT COLLECTOR TIRUNELVELI_IDA)","Providing Paver block Road at Kamarajpuram ward No.03 in Kalakadu Municipality","ROBERT BRUCE C","TIRUNELVELI","Images","13-Nov-2025","1703444"
"2410","Normal/Others","WS/MP18185/2025-2026/179420-Construction of roads, link roads, pathways or any other road with or without drainage system","Tamil Nadu","TIRUNELVELI(DISTRICT COLLECTOR TIRUNELVELI_IDA)","Providing Paver Block and Construction of Drainage and Culvert at Manjuvillai South street 1st Part at Ward No.2 in Kalakadu Municipality.","ROBERT BRUCE C","TIRUNELVELI","Images","13-Nov-2025","1403200"
"2411","Normal/Others","WS/MP18185/2025-2026/179803-Construction of roads, link roads, pathways or any other road with or without drainage system","Tamil Nadu","TIRUNELVELI(DISTRICT COLLECTOR TIRUNELVELI_IDA)","Construction of paver block road on Suviseshapuram Savarirayan Street, Radhapuram Panchayat Union, Kumarapuram Panchayat, Tirunelveli District, Tisayanvillai Taluk","ROBERT BRUCE C","TIRUNELVELI","Images","01-Nov-2025","634803"
"2412","Normal/Others","WS/MP18185/2025-2026/179804-Construction of roads, link roads, pathways or any other road with or without drainage system","Tamil Nadu","TIRUNELVELI(DISTRICT COLLECTOR TIRUNELVELI_IDA)","Construction of Paver Block Road in Suviseshapuram New Street, Kumarapuram Panchayat Union, Radhapuram Panchayat Union, Tirunelveli District, Tisayanvilai Taluk","ROBERT BRUCE C","TIRUNELVELI","Images","01-Nov-2025","553896"
"2413","Normal/Others","WS/MP18185/2025-2026/179805-Construction of roads, link roads, pathways or any other road with or without drainage system","Tamil Nadu","TIRUNELVELI(DISTRICT COLLECTOR TIRUNELVELI_IDA)","Manur Panchayat Union, Pallikkottai Panchayat Pallamadai Ricemill Street Construction of Paver Block Road","ROBERT BRUCE C","TIRUNELVELI","Images","25-Oct-2025","983686"
"2414","Normal/Others","WS/MP18185/2025-2026/179806-Purchase of IT systems, including hardware and software for educational purposes","Tamil Nadu","TIRUNELVELI(DISTRICT COLLECTOR TIRUNELVELI_IDA)","SMART INTERACTIVE PANEL SYSTEM Nos 04,Facial Recognition Terminal (Aadahar Enabled) No 1 Audio System Setup in Auditorium Nos.1 for Govt Siddha Hospital College, Palayankottai.","ROBERT BRUCE C","TIRUNELVELI","Images","07-Aug-2025","1353000"
"2415","Normal/Others","WS/MP18185/2025-2026/179846-Construction of roads, link roads, pathways or any other road with or without drainage system","Tamil Nadu","TIRUNELVELI(DISTRICT COLLECTOR TIRUNELVELI_IDA)","Construction of a 94 meter,long paver block road on Jagannathan Ramachandran House Street, Thoppur, Kovilammalpuram Village, Kalakkadu Panchayat Union.","ROBERT BRUCE C","TIRUNELVELI","Images","15-Sep-2025","449831"
"2416","Normal/Others","WS/MP18185/2025-2026/179847-Construction of roads, link roads, pathways or any other road with or without drainage system","Tamil Nadu","TIRUNELVELI(DISTRICT COLLECTOR TIRUNELVELI_IDA)","Construction of paver block road at Kalakkadu Panchayat Union, Kallikulam Panchayat, South Meenavankulam Anganwadi Center CSI Church Street","ROBERT BRUCE C","TIRUNELVELI","Images","15-Sep-2025","499966"
"2417","Normal/Others","WS/MP18185/2025-2026/180055-Construction of roads, link roads, pathways or any other road with or without drainage system","Tamil Nadu","TIRUNELVELI(DISTRICT COLLECTOR TIRUNELVELI_IDA)","Laying of colored stones for a length of 300 meters from Cheranmahadevi Town Panchayat, 14th Ward Veterinary Hospital to Railway Lion Street (JVR Nagar)","ROBERT BRUCE C","TIRUNELVELI","Images","27-Jan-2026","433714"
"2418","Normal/Others","WS/MP18185/2025-2026/180058-Construction of roads, link roads, pathways or any other road with or without drainage system","Tamil Nadu","TIRUNELVELI(DISTRICT COLLECTOR TIRUNELVELI_IDA)","Construction of a new bus stand in Annanagar, Ilangulam Panchayat, Nanguneri Panchayat Union.","ROBERT BRUCE C","TIRUNELVELI","Images","10-Jan-2026","699728"
"2419","Normal/Others","WS/MP18185/2025-2026/180074-Purchase of smart boards, visual display units and projectors","Tamil Nadu","TIRUNELVELI(DISTRICT COLLECTOR TIRUNELVELI_IDA)","Setting up a Smart Class for the Government Higher Secondary School in Moolakkaraipatti (2 Nos)","ROBERT BRUCE C","TIRUNELVELI","Images","11-Aug-2025","597800"
"2420","Normal/Others","WS/MP18185/2025-2026/180075-Purchase of smart boards, visual display units and projectors","Tamil Nadu","TIRUNELVELI(DISTRICT COLLECTOR TIRUNELVELI_IDA)","Setting up a Smart Class for the Government High School in Chattramkudiyuruppu (1 No)","ROBERT BRUCE C","TIRUNELVELI","Images","08-Aug-2025","298900"
"2421","Normal/Others","WS/MP18185/2025-2026/180076-Purchase of smart boards, visual display units and projectors","Tamil Nadu","TIRUNELVELI(DISTRICT COLLECTOR TIRUNELVELI_IDA)","Setting up a Smart Class for a Government Higher Secondary School in Vellanguli(1 No)","ROBERT BRUCE C","TIRUNELVELI","Images","08-Aug-2025","298900"
"2422","Normal/Others","WS/MP18185/2025-2026/180077-Purchase of smart boards, visual display units and projectors","Tamil Nadu","TIRUNELVELI(DISTRICT COLLECTOR TIRUNELVELI_IDA)","Setting up a Smart Class for a Periyar Government Higher Secondary School in Cheranmahadevi (1 No)","ROBERT BRUCE C","TIRUNELVELI","Images","11-Aug-2025","298900"
"2423","Normal/Others","WS/MP18185/2025-2026/180078-Purchase of smart boards, visual display units and projectors","Tamil Nadu","TIRUNELVELI(DISTRICT COLLECTOR TIRUNELVELI_IDA)","Setting up a Smart Class for a Government Higher Secondary School in kallidakurichi (1 No)","ROBERT BRUCE C","TIRUNELVELI","Images","11-Aug-2025","298900"
"2424","Normal/Others","WS/MP18185/2025-2026/180079-Purchase of smart boards, visual display units and projectors","Tamil Nadu","TIRUNELVELI(DISTRICT COLLECTOR TIRUNELVELI_IDA)","Setting up a Smart Class for a Government Higher Secondary School in Veeravanallur (1 No)","ROBERT BRUCE C","TIRUNELVELI","Images","11-Aug-2025","298900"
"2425","Normal/Others","WS/MP18185/2025-2026/180080-Purchase of smart boards, visual display units and projectors","Tamil Nadu","TIRUNELVELI(DISTRICT COLLECTOR TIRUNELVELI_IDA)","Setting up a Smart Class for a Boys Government Higher Secondary School in Earvadi (1 No)","ROBERT BRUCE C","TIRUNELVELI","Images","11-Aug-2025","298900"
"2426","Normal/Others","WS/MP18185/2025-2026/180081-Purchase of smart boards, visual display units and projectors","Tamil Nadu","TIRUNELVELI(DISTRICT COLLECTOR TIRUNELVELI_IDA)","Setting up a Smart Class for a Boys Government Higher Secondary School in Suthamalli  (1 No)","ROBERT BRUCE C","TIRUNELVELI","Images","11-Aug-2025","298900"
"2427","Normal/Others","WS/MP18185/2025-2026/180082-Purchase of smart boards, visual display units and projectors","Tamil Nadu","TIRUNELVELI(DISTRICT COLLECTOR TIRUNELVELI_IDA)","Setting up a Smart Class for a Girls Government Higher Secondary School in Nanguneri  (1 No)","ROBERT BRUCE C","TIRUNELVELI","Images","11-Aug-2025","298900"
"2428","Normal/Others","WS/MP18185/2025-2026/180083-Purchase of smart boards, visual display units and projectors","Tamil Nadu","TIRUNELVELI(DISTRICT COLLECTOR TIRUNELVELI_IDA)","Setting up a Smart Class for a Government Higher Secondary School in Munanjipatti (1 No)","ROBERT BRUCE C","TIRUNELVELI","Images","11-Aug-2025","298900"
"2429","Normal/Others","WS/MP18185/2025-2026/180084-Purchase of smart boards, visual display units and projectors","Tamil Nadu","TIRUNELVELI(DISTRICT COLLECTOR TIRUNELVELI_IDA)","Setting up a Smart Class for a Government Higher Secondary School in Pudukudi (1 No)","ROBERT BRUCE C","TIRUNELVELI","Images","11-Aug-2025","298900"
"2430","Normal/Others","WS/MP18185/2025-2026/180102-Purchase of smart boards, visual display units and projectors","Tamil Nadu","TIRUNELVELI(DISTRICT COLLECTOR TIRUNELVELI_IDA)","Setting up a Smart Class for a Government Higher Secondary School in Vadaku Ariyanayagipuram (1 No)","ROBERT BRUCE C","TIRUNELVELI","Images","11-Aug-2025","298900"
"2431","Normal/Others","WS/MP18185/2025-2026/180103-Purchase of smart boards, visual display units and projectors","Tamil Nadu","TIRUNELVELI(DISTRICT COLLECTOR TIRUNELVELI_IDA)","Setting up a Smart Class for a Government Higher Secondary School in Tirunelveli (1 No)","ROBERT BRUCE C","TIRUNELVELI","Images","11-Aug-2025","298900"
"2432","Normal/Others","WS/MP18185/2025-2026/180104-Purchase of smart boards, visual display units and projectors","Tamil Nadu","TIRUNELVELI(DISTRICT COLLECTOR TIRUNELVELI_IDA)","Setting up a Smart Class for a Government Higher Secondary School in Pettai (1 No)","ROBERT BRUCE C","TIRUNELVELI","Images","11-Aug-2025","298900"
"2433","Normal/Others","WS/MP18185/2025-2026/180105-Purchase of smart boards, visual display units and projectors","Tamil Nadu","TIRUNELVELI(DISTRICT COLLECTOR TIRUNELVELI_IDA)","Setting up a Smart Class for a Government Higher Secondary School in Kadampankulam (1 No)","ROBERT BRUCE C","TIRUNELVELI","Images","11-Aug-2025","298900"
"2434","Normal/Others","WS/MP18185/2025-2026/180106-Purchase of smart boards, visual display units and projectors","Tamil Nadu","TIRUNELVELI(DISTRICT COLLECTOR TIRUNELVELI_IDA)","Setting up a Smart Class for a Government Higher Secondary School in Munnirpallam (1 No)","ROBERT BRUCE C","TIRUNELVELI","Images","11-Aug-2025","298900"
"2435","Normal/Others","WS/MP18185/2025-2026/180107-Purchase of smart boards, visual display units and projectors","Tamil Nadu","TIRUNELVELI(DISTRICT COLLECTOR TIRUNELVELI_IDA)","Setting up a Smart Class for a Girls Government Higher Secondary School in Manur (1 No)","ROBERT BRUCE C","TIRUNELVELI","Images","11-Aug-2025","298900"
"2436","Normal/Others","WS/MP18185/2025-2026/180108-Purchase of smart boards, visual display units and projectors","Tamil Nadu","TIRUNELVELI(DISTRICT COLLECTOR TIRUNELVELI_IDA)","Setting up a Smart Class for a Government High School in Narasinganallur (1 No)","ROBERT BRUCE C","TIRUNELVELI","Images","11-Aug-2025","298900"
"2437","Normal/Others","WS/MP18185/2025-2026/180109-Purchase of smart boards, visual display units and projectors","Tamil Nadu","TIRUNELVELI(DISTRICT COLLECTOR TIRUNELVELI_IDA)","Setting up a Smart Class for a Government High School in seavelaperi (1 No)","ROBERT BRUCE C","TIRUNELVELI","Images","11-Aug-2025","298900"
"2438","Normal/Others","WS/MP18185/2025-2026/180110-Purchase of smart boards, visual display units and projectors","Tamil Nadu","TIRUNELVELI(DISTRICT COLLECTOR TIRUNELVELI_IDA)","Setting up a Smart Class for a Government High School in Vellappaneri (1 No)","ROBERT BRUCE C","TIRUNELVELI","Images","11-Aug-2025","298900"
"2439","Normal/Others","WS/MP18185/2025-2026/195419-Construction of road under bridge","Tamil Nadu","TIRUNELVELI(DISTRICT COLLECTOR TIRUNELVELI_IDA)","Construction of Paver block at soundralingapuram temple street adangarkulam panchayat valliyoor panchayat union","ROBERT BRUCE C","TIRUNELVELI","Images","28-Jan-2026","851483"
"2440","Normal/Others","WS/MP18185/2025-2026/195493-Construction of additional rooms and halls in the existing public and community building","Tamil Nadu","TENKASI(DISTRICT COLLECTOR TENKASI_IDA)","Construction of Nerkalanjiayam in Kadanganeri Panchayat in Alanagulam Panchayat Union in Tenkasi District.","ROBERT BRUCE C","TIRUNELVELI","Images","07-Oct-2025","1148264"
"2441","Normal/Others","WS/MP18185/2025-2026/198038-Purchase of smart boards, visual display units and projectors","Tamil Nadu","TIRUNELVELI(DISTRICT COLLECTOR TIRUNELVELI_IDA)","Providing Smart Class Equipment to Nadukallur Girls Government High School . (1 No)","ROBERT BRUCE C","TIRUNELVELI","Images","11-Aug-2025","298900"
"2442","Normal/Others","WS/MP18185/2025-2026/198039-Purchase of smart boards, visual display units and projectors","Tamil Nadu","TIRUNELVELI(DISTRICT COLLECTOR TIRUNELVELI_IDA)","Providing Smart Class Equipment to Venkatachalapuram Government High School . (1 No)","ROBERT BRUCE C","TIRUNELVELI","Images","11-Aug-2025","298900"
"2443","Normal/Others","WS/MP18185/2025-2026/198040-Purchase of smart boards, visual display units and projectors","Tamil Nadu","TIRUNELVELI(DISTRICT COLLECTOR TIRUNELVELI_IDA)","Providing Smart Class Equipment to Kariyanadi Government High School . (1 No)","ROBERT BRUCE C","TIRUNELVELI","Images","11-Aug-2025","298900"
"2444","Normal/Others","WS/MP18185/2025-2026/198041-Purchase of smart boards, visual display units and projectors","Tamil Nadu","TIRUNELVELI(DISTRICT COLLECTOR TIRUNELVELI_IDA)","Providing Smart Class Equipment to Kolliyankulam Government High School . (1 No)","ROBERT BRUCE C","TIRUNELVELI","Images","11-Aug-2025","298900"
"2445","Normal/Others","WS/MP18185/2025-2026/198045-Construction of common work sheds/ common covered sitting area","Tamil Nadu","TIRUNELVELI(DISTRICT COLLECTOR TIRUNELVELI_IDA)","Construction Of New Bus Shelter at Anna Nagar National High Way (NH7) East side in Vadakku Vallioor Town Panchayat.","ROBERT BRUCE C","TIRUNELVELI","Images","19-Nov-2025","780424"
"2446","Normal/Others","WS/MP18185/2025-2026/216866-Construction of bus-sheds or bus-stops","Tamil Nadu","TIRUNELVELI(DISTRICT COLLECTOR TIRUNELVELI_IDA)","Construction of bus shelter in madavakurichi at manur panchayat union","ROBERT BRUCE C","TIRUNELVELI","Images","13-Mar-2026","799714"
"2447","Normal/Others","WS/MP18185/2026-2027/228424-Construction of roads, link roads, pathways or any other road with or without drainage system","Tamil Nadu","TIRUNELVELI(DISTRICT COLLECTOR TIRUNELVELI_IDA)","Construction of Concrete Paver block road in 18th Street L.400 m,  Width.3.7m in Ward No.1 in Suthamalli Panchayat in  Manur Panchayat Union.","ROBERT BRUCE C","TIRUNELVELI","Images","17-Aug-2026","1499484"
"2448","Normal/Others","WS/MP18185/2026-2027/228425-Construction of roads, link roads, pathways or any other road with or without drainage system","Tamil Nadu","TIRUNELVELI(DISTRICT COLLECTOR TIRUNELVELI_IDA)","Construction of Concrete Paver Block Road in Thalaiyuthu Amman Kovil Street to Sudalai Kovil Street in Manur panchayat Union.","ROBERT BRUCE C","TIRUNELVELI","Images","17-Aug-2026","1226411"
"2449","Normal/Others","WS/MP18185/2025-2026/228433-Construction of roads, link roads, pathways or any other road with or without drainage system","Tamil Nadu","TIRUNELVELI(DISTRICT COLLECTOR TIRUNELVELI_IDA)","Providing  of Concrete Paver block road in Anthoniyarpuram Nadu Street L.370 m in Kumarapuram Panchayat in Radhapuram Panchayat Union.","ROBERT BRUCE C","TIRUNELVELI","Images","31-Oct-2025","2685106"
"2450","Normal/Others","WS/MP18185/2026-2027/246646-Construction of road under bridge","Tamil Nadu","TIRUNELVELI(DISTRICT COLLECTOR TIRUNELVELI_IDA)","Providing CC Pavement at Vadakku Vagaikulam CSI Church South Nadar Street in Vagaikulam Panchayat in Manur Panchayat Union.","ROBERT BRUCE C","TIRUNELVELI","Images","18-Aug-2026","1499336"
"2451","Normal/Others","WS/MP18185/2025-2026/247530-Purchase of furniture and fixtures for educational purposes","Tamil Nadu","TIRUNELVELI(DISTRICT COLLECTOR TIRUNELVELI_IDA)","Purchase of Bench and Tesk for Govt Higher Secondary School in Munnirpallam Panchayat (40 Nos)","ROBERT BRUCE C","TIRUNELVELI","Images","26-Feb-2026","616000"
"2452","Normal/Others","WS/MP18185/2025-2026/247531-Purchase of furniture and fixtures for educational purposes","Tamil Nadu","TIRUNELVELI(DISTRICT COLLECTOR TIRUNELVELI_IDA)","Purchase Of Bench and Tesk for Govt Higher Sevondary School in Kallidakurichi Town Panchayat   30 Nos","ROBERT BRUCE C","TIRUNELVELI","Images","26-Feb-2026","462000"
"2453","Normal/Others","WS/MP18185/2025-2026/247532-Purchase of smart boards, visual display units and projectors","Tamil Nadu","TIRUNELVELI(DISTRICT COLLECTOR TIRUNELVELI_IDA)","Providing Smart Class Equipment to Burkitmanagar TDTA Primary School in Palayamkottai Union. (1 No)","ROBERT BRUCE C","TIRUNELVELI","Images","26-Feb-2026","298900"
"2454","Normal/Others","WS/MP18185/2025-2026/247533-Purchase of smart boards, visual display units and projectors","Tamil Nadu","TIRUNELVELI(DISTRICT COLLECTOR TIRUNELVELI_IDA)","Providing Smart Class Equipment to Parapadi TDTA St.Johns Middle School in Nanguneri Union. (1 No)","ROBERT BRUCE C","TIRUNELVELI","Images","26-Feb-2026","298900"
"2455","Normal/Others","WS/MP18185/2025-2026/247534-Purchase of smart boards, visual display units and projectors","Tamil Nadu","TIRUNELVELI(DISTRICT COLLECTOR TIRUNELVELI_IDA)","CEO, TirProviding Smart Class Equipment to Donavoor TDTA Primary School in Kalakadu Union.  (1 No)","ROBERT BRUCE C","TIRUNELVELI","Images","26-Feb-2026","298900"
"2456","Normal/Others","WS/MP18185/2025-2026/247535-Purchase of smart boards, visual display units and projectors","Tamil Nadu","TIRUNELVELI(DISTRICT COLLECTOR TIRUNELVELI_IDA)","Providing Smart Class Equipment to Kongandanparai TDTA Middle School in Palayamkottai Union.  (1 No)","ROBERT BRUCE C","TIRUNELVELI","Images","26-Feb-2026","298900"
"2457","Normal/Others","WS/MP18185/2025-2026/247536-Purchase of smart boards, visual display units and projectors","Tamil Nadu","TIRUNELVELI(DISTRICT COLLECTOR TIRUNELVELI_IDA)","Providing Smart Class Equipment to Pillaikulam TDTA Primary School in Cheranmahadevi Union. (1 No)","ROBERT BRUCE C","TIRUNELVELI","Images","26-Feb-2026","298900"
"2458","Normal/Others","WS/MP18185/2025-2026/247537-Purchase of smart boards, visual display units and projectors","Tamil Nadu","TIRUNELVELI(DISTRICT COLLECTOR TIRUNELVELI_IDA)","Providing Smart Class Equipment to Kalakadi Municipality Manjuvilai TDTA Primary School (1 No)","ROBERT BRUCE C","TIRUNELVELI","Images","26-Feb-2026","298900"
"2459","Normal/Others","WS/MP18186/2025-2026/141737-Construction of additional rooms and halls in the existing public and community building","Tamil Nadu","THIRUVALLUR(DISTRICT COLLECTOR TIRUVALLUR_IDA)","Constrution of Waiting Hall @ DRDA Building in Tiruvallur","Sasikanth Senthil","TIRUVALLUR(SC)","N/A","20-Aug-2025","2398498"
"2460","Normal/Others","WS/MP18186/2025-2026/141738-Construction of roads, link roads, pathways or any other road with or without drainage system","Tamil Nadu","THIRUVALLUR(DISTRICT COLLECTOR TIRUVALLUR_IDA)","Providng CC Road @ Perumalpattu Radhakrishnan Nagar  to Railway station Sub way and   25 Veppampattu Ramakrishna Nagar  in Tiruvallur  Block.","Sasikanth Senthil","TIRUVALLUR(SC)","N/A","25-Jun-2025","1996468"
"2461","Normal/Others","WS/MP18186/2025-2026/141740-Lighting of public spaces","Tamil Nadu","THIRUVALLUR(DISTRICT COLLECTOR TIRUVALLUR_IDA)","Providing High mast light @ Athipattu Junction road, Koormavilasapuram panchayat in Tiruvalangadu Block .","Sasikanth Senthil","TIRUVALLUR(SC)","N/A","24-Oct-2025","434216"
"2462","Normal/Others","WS/MP18186/2025-2026/149096-Lighting of public spaces","Tamil Nadu","THIRUVALLUR(DISTRICT COLLECTOR TIRUVALLUR_IDA)","Installation of high Max light in Thiruvekadu Municipality Bus Stand Ward No. 14","Sasikanth Senthil","TIRUVALLUR(SC)","N/A","30-Aug-2025","640161"
"2463","Normal/Others","WS/MP18186/2024-2025/149097-Lighting of public spaces","Tamil Nadu","THIRUVALLUR(DISTRICT COLLECTOR TIRUVALLUR_IDA)","Installation of  high Max lights in Tiruvallur District Ground in Tiruvallur Municipality Ward no 1.","Sasikanth Senthil","TIRUVALLUR(SC)","N/A","12-Feb-2025","444905"
"2464","Normal/Others","WS/MP18186/2024-2025/149098-Lighting of public spaces","Tamil Nadu","THIRUVALLUR(DISTRICT COLLECTOR TIRUVALLUR_IDA)","Installation of  high Max lights in Tiruvallur District Ground in Tiruvallur Municipality Ward no 1.","Sasikanth Senthil","TIRUVALLUR(SC)","N/A","12-Feb-2025","444905"
"2465","Normal/Others","WS/MP18186/2025-2026/149102-Purchase Books for Library","Tamil Nadu","THIRUVALLUR(DISTRICT COLLECTOR TIRUVALLUR_IDA)","Purchasing book “Mahamanithar Nehru"" published by Nava India Publishing House for all middle, high and high Secondary school libraries under Tiruvallur Parliamentary Constituency.","Sasikanth Senthil","TIRUVALLUR(SC)","N/A","22-Dec-2025","888000"
"2466","Normal/Others","WS/MP18186/2025-2026/167634-Construction of roads, link roads, pathways or any other road with or without drainage system","Tamil Nadu","THIRUVALLUR(DISTRICT COLLECTOR TIRUVALLUR_IDA)","Construction of cement road in Pon Nagar of Thadamperumbakkam Panchayat of Minjur Block","Sasikanth Senthil","TIRUVALLUR(SC)","N/A","14-Aug-2025","564545"
"2467","Normal/Others","WS/MP18186/2025-2026/167635-Lighting of public spaces","Tamil Nadu","THIRUVALLUR(DISTRICT COLLECTOR TIRUVALLUR_IDA)","Installation of High mast Electric Light in Ilupakkam Colony,  Pannapakkam Panchayat of Minjur Block","Sasikanth Senthil","TIRUVALLUR(SC)","N/A","10-Feb-2026","434255"
"2468","Normal/Others","WS/MP18186/2025-2026/167637-Construction of roads, link roads, pathways or any other road with or without drainage system","Tamil Nadu","THIRUVALLUR(DISTRICT COLLECTOR TIRUVALLUR_IDA)","Minjur Block Kanyambakkam Panchayat Construction of BT road on Karunigar Street.","Sasikanth Senthil","TIRUVALLUR(SC)","N/A","16-Sep-2025","998694"
"2469","Normal/Others","WS/MP18186/2025-2026/167641-Lighting of public spaces","Tamil Nadu","THIRUVALLUR(DISTRICT COLLECTOR TIRUVALLUR_IDA)","Installation of High mast Electric Light at Ataullahsha Cross Street in Ponneri Municipal Ward No.14","Sasikanth Senthil","TIRUVALLUR(SC)","N/A","29-Aug-2025","435000"
"2470","Normal/Others","WS/MP18186/2025-2026/167642-Lighting of public spaces","Tamil Nadu","THIRUVALLUR(DISTRICT COLLECTOR TIRUVALLUR_IDA)","Installation of high mast light at Balaji Nagar ground in Minjur TP Ward No.11","Sasikanth Senthil","TIRUVALLUR(SC)","N/A","14-Aug-2025","435000"
"2471","Normal/Others","WS/MP18186/2025-2026/167705-Lighting of public spaces","Tamil Nadu","THIRUVALLUR(DISTRICT COLLECTOR TIRUVALLUR_IDA)","Installation of high mast light in Appavaram village of Mangavaram panchayat","Sasikanth Senthil","TIRUVALLUR(SC)","N/A","08-Aug-2025","434516"
"2472","Normal/Others","WS/MP18186/2025-2026/167706-Construction of roads, link roads, pathways or any other road with or without drainage system","Tamil Nadu","THIRUVALLUR(DISTRICT COLLECTOR TIRUVALLUR_IDA)","BT road  at Gummidipoondi Block, Panpakakkam Panchayat Kurthanamedu village","Sasikanth Senthil","TIRUVALLUR(SC)","N/A","19-Aug-2025","499949"
"2473","Normal/Others","WS/MP18186/2025-2026/167707-Lighting of public spaces","Tamil Nadu","THIRUVALLUR(DISTRICT COLLECTOR TIRUVALLUR_IDA)","Installation of high mast light at the intersection of GNT road railway station road in Gummidipoondi","Sasikanth Senthil","TIRUVALLUR(SC)","N/A","14-Aug-2025","435000"
"2474","Normal/Others","WS/MP18186/2025-2026/167709-Lighting of public spaces","Tamil Nadu","THIRUVALLUR(DISTRICT COLLECTOR TIRUVALLUR_IDA)","Installation of high mast light at Ellapuram Block Lachivakkam Panchayat, VPR Street State highways road.","Sasikanth Senthil","TIRUVALLUR(SC)","N/A","11-Aug-2025","434498"
"2475","Normal/Others","WS/MP18186/2025-2026/167710-Setting up of kitchen and pantries","Tamil Nadu","THIRUVALLUR(DISTRICT COLLECTOR TIRUVALLUR_IDA)","Ellapuram Block Kannikaipper Panchayat Krishnapuram Kandigai Panchayat Block Primary School Kitchen Building construction.","Sasikanth Senthil","TIRUVALLUR(SC)","N/A","11-Aug-2025","699161"
"2476","Normal/Others","WS/MP18186/2025-2026/167712-Lighting of public spaces","Tamil Nadu","THIRUVALLUR(DISTRICT COLLECTOR TIRUVALLUR_IDA)","Poondi Block Installation of high mast light near Araniyar flyover","Sasikanth Senthil","TIRUVALLUR(SC)","N/A","11-Aug-2025","434102"
"2477","Normal/Others","WS/MP18186/2025-2026/167713-Construction of roads, link roads, pathways or any other road with or without drainage system","Tamil Nadu","THIRUVALLUR(DISTRICT COLLECTOR TIRUVALLUR_IDA)","Construction of cement road near Munishavaran Temple at Nelvoy Panchayat in Poondi Block.","Sasikanth Senthil","TIRUVALLUR(SC)","N/A","28-Jul-2025","499738"
"2478","Normal/Others","WS/MP18186/2025-2026/167714-Construction of roads, link roads, pathways or any other road with or without drainage system","Tamil Nadu","THIRUVALLUR(DISTRICT COLLECTOR TIRUVALLUR_IDA)","Construction of Pavver block road at Uthukottai Town Panchayat Ward-6 Sai Baba Kovil Street.","Sasikanth Senthil","TIRUVALLUR(SC)","N/A","06-Jun-2025","500000"
"2479","Normal/Others","WS/MP18186/2025-2026/167718-Lighting of public spaces","Tamil Nadu","THIRUVALLUR(DISTRICT COLLECTOR TIRUVALLUR_IDA)","Gummidipoondi Block Arambakkam Panchayat GND Road Railway Station Road Junction installation of High Mast Light","Sasikanth Senthil","TIRUVALLUR(SC)","N/A","08-Aug-2025","434530"
"2480","Normal/Others","WS/MP18186/2025-2026/170894-Lighting of public spaces","Tamil Nadu","THIRUVALLUR(DISTRICT COLLECTOR TIRUVALLUR_IDA)","Keelnathur Panchayat Palllavan thiru nagar, installation of high mas light","Sasikanth Senthil","TIRUVALLUR(SC)","N/A","21-Nov-2025","434215"
"2481","Normal/Others","WS/MP18186/2025-2026/170895-Lighting of public spaces","Tamil Nadu","THIRUVALLUR(DISTRICT COLLECTOR TIRUVALLUR_IDA)","Viyasapuram Panchayat Pundaregapuram joint road installation of high mas light","Sasikanth Senthil","TIRUVALLUR(SC)","N/A","27-Oct-2025","434216"
"2482","Normal/Others","WS/MP18186/2025-2026/170897-Construction of roads, link roads, pathways or any other road with or without drainage system","Tamil Nadu","THIRUVALLUR(DISTRICT COLLECTOR TIRUVALLUR_IDA)","Vengathur Panchayat Kabilan nagar, Alagiri street cemet road","Sasikanth Senthil","TIRUVALLUR(SC)","N/A","04-Jul-2025","997894"
"2483","Normal/Others","WS/MP18186/2025-2026/170899-Construction of roads, link roads, pathways or any other road with or without drainage system","Tamil Nadu","THIRUVALLUR(DISTRICT COLLECTOR TIRUVALLUR_IDA)","Construction of CC road at Thirunindravur ward No. 2","Sasikanth Senthil","TIRUVALLUR(SC)","N/A","07-Nov-2025","615996"
"2484","Normal/Others","WS/MP18186/2025-2026/170902-Lighting of public spaces","Tamil Nadu","THIRUVALLUR(DISTRICT COLLECTOR TIRUVALLUR_IDA)","Arambakkam village MR Kandigai bus stop installlation of high mas light","Sasikanth Senthil","TIRUVALLUR(SC)","N/A","24-Jul-2025","434216"
"2485","Normal/Others","WS/MP18186/2025-2026/170904-Lighting of public spaces","Tamil Nadu","THIRUVALLUR(DISTRICT COLLECTOR TIRUVALLUR_IDA)","Installation of high mas light at Vathatur Block near Throupathi amman temple.","Sasikanth Senthil","TIRUVALLUR(SC)","N/A","26-Sep-2025","434216"
"2486","Normal/Others","WS/MP18186/2025-2026/173211-Lighting of public spaces","Tamil Nadu","THIRUVALLUR(DISTRICT COLLECTOR TIRUVALLUR_IDA)","Installation of Highmast light 12M, LED 6 Nos, 150W at ward,33, Thattankulam Area in Avadi Corporation","Sasikanth Senthil","TIRUVALLUR(SC)","Images","20-Aug-2025","432274"
"2487","Normal/Others","WS/MP18186/2025-2026/173212-Lighting of public spaces","Tamil Nadu","THIRUVALLUR(DISTRICT COLLECTOR TIRUVALLUR_IDA)","Providing Highmast light at 15th ward, Kakanjee street, Anna street 4 Way Junction road in Avadi Corporation","Sasikanth Senthil","TIRUVALLUR(SC)","Images","13-Sep-2025","435000"
"2488","Normal/Others","WS/MP18186/2025-2026/173214-Lighting of public spaces","Tamil Nadu","THIRUVALLUR(DISTRICT COLLECTOR TIRUVALLUR_IDA)","Providing Highmast light at 37th Zone, Sekkadu Area Entrence in Avadi Corporation","Sasikanth Senthil","TIRUVALLUR(SC)","Images","11-Aug-2025","432713"
"2489","Normal/Others","WS/MP18186/2025-2026/173215-Lighting of public spaces","Tamil Nadu","THIRUVALLUR(DISTRICT COLLECTOR TIRUVALLUR_IDA)","Providing High mast light at 6th ward, Uppu Kollai street, Ayyappan Koil Junction, Poonamallee Municipality.","Sasikanth Senthil","TIRUVALLUR(SC)","N/A","06-Oct-2025","416996"
"2490","Normal/Others","WS/MP18186/2025-2026/173216-Lighting of public spaces","Tamil Nadu","THIRUVALLUR(DISTRICT COLLECTOR TIRUVALLUR_IDA)","Providing High mast light at 8th ward, SNP Living Houses Area in Tiruverkadu Municipality.","Sasikanth Senthil","TIRUVALLUR(SC)","N/A","06-Aug-2025","421310"
"2491","Normal/Others","WS/MP18186/2025-2026/173217-Lighting of public spaces","Tamil Nadu","THIRUVALLUR(DISTRICT COLLECTOR TIRUVALLUR_IDA)","Providing High mast light at Korattur Bus stop Joint road, Korattur panchayat in Poonamallee Block.","Sasikanth Senthil","TIRUVALLUR(SC)","N/A","13-Sep-2025","434858"
"2492","Normal/Others","WS/MP18186/2025-2026/173219-Lighting of public spaces","Tamil Nadu","THIRUVALLUR(DISTRICT COLLECTOR TIRUVALLUR_IDA)","Providing High mast light at Tirumazhisai Joint Road in Tirumazhisai Town panchayat","Sasikanth Senthil","TIRUVALLUR(SC)","Images","29-Aug-2025","435000"
"2493","Normal/Others","WS/MP18186/2025-2026/173220-Lighting of public spaces","Tamil Nadu","THIRUVALLUR(DISTRICT COLLECTOR TIRUVALLUR_IDA)","Providing High mast light at Vaniyan chattiram Bus stop, Kannigapuram panchayat in Ellapuram Block.","Sasikanth Senthil","TIRUVALLUR(SC)","N/A","13-Oct-2025","434498"
"2494","Normal/Others","WS/MP18186/2025-2026/173221-Lighting of public spaces","Tamil Nadu","THIRUVALLUR(DISTRICT COLLECTOR TIRUVALLUR_IDA)","Providing High mast light at Vellakulam Roundtana Thozhuvur panchayat in Tiruvallur Block.","Sasikanth Senthil","TIRUVALLUR(SC)","N/A","04-Jul-2025","432917"
"2495","Normal/Others","WS/MP18186/2025-2026/173222-Lighting of public spaces","Tamil Nadu","THIRUVALLUR(DISTRICT COLLECTOR TIRUVALLUR_IDA)","Providing Highmast light at Ward No.9, Tiruvalluver street, Tirumullaivoyl Colony in Avadi Corporation","Sasikanth Senthil","TIRUVALLUR(SC)","Images","13-Sep-2025","435000"
"2496","Normal/Others","WS/MP18186/2025-2026/180029-Construction of roads, link roads, pathways or any other road with or without drainage system","Tamil Nadu","THIRUVALLUR(DISTRICT COLLECTOR TIRUVALLUR_IDA)","Construction of Cement road at Karadiputhu Panchayat, Mettu Colony near perumal Koil","Sasikanth Senthil","TIRUVALLUR(SC)","N/A","24-Jul-2025","1361746"
"2497","Normal/Others","WS/MP18186/2025-2026/180030- Providing sports equipment, except consumable items","Tamil Nadu","THIRUVALLUR(DISTRICT COLLECTOR TIRUVALLUR_IDA)","Thervai Kandigai, issuing play materials","Sasikanth Senthil","TIRUVALLUR(SC)","N/A","24-Jul-2025","45000"
"2498","Normal/Others","WS/MP18186/2025-2026/180031-Lighting of public spaces","Tamil Nadu","THIRUVALLUR(DISTRICT COLLECTOR TIRUVALLUR_IDA)","Installation of high Mas Light at avadi Ward no 33","Sasikanth Senthil","TIRUVALLUR(SC)","Images","27-Feb-2026","431007"
"2499","Normal/Others","WS/MP18186/2025-2026/180032-Lighting of public spaces","Tamil Nadu","THIRUVALLUR(DISTRICT COLLECTOR TIRUVALLUR_IDA)","Installation of high Mas Light at avadi Ward no 47, Sree Ram Nagar Entance","Sasikanth Senthil","TIRUVALLUR(SC)","Images","27-Feb-2026","430157"
"2500","Normal/Others","WS/MP18186/2025-2026/180033-Lighting of public spaces","Tamil Nadu","THIRUVALLUR(DISTRICT COLLECTOR TIRUVALLUR_IDA)","Installation of high Mas Light at avadi Ward no 35 near avadi railway station","Sasikanth Senthil","TIRUVALLUR(SC)","Images","27-Feb-2026","428670"
"2501","Normal/Others","WS/MP18186/2025-2026/181212-Lighting of public spaces","Tamil Nadu","THIRUVALLUR(DISTRICT COLLECTOR TIRUVALLUR_IDA)","Installation of high Mas Light at Avadi Ward no 16","Sasikanth Senthil","TIRUVALLUR(SC)","Images","27-Feb-2026","429308"
"2502","Normal/Others","WS/MP18186/2025-2026/181214-Construction of roads, link roads, pathways or any other road with or without drainage system","Tamil Nadu","THIRUVALLUR(DISTRICT COLLECTOR TIRUVALLUR_IDA)","Construction of CC road at Minjur Block Kottikuppam","Sasikanth Senthil","TIRUVALLUR(SC)","N/A","23-Jul-2025","999513"
"2503","Normal/Others","WS/MP18186/2025-2026/181215-Purchase of furniture and fixtures for educational purposes","Tamil Nadu","THIRUVALLUR(DISTRICT COLLECTOR TIRUVALLUR_IDA)","Purchasing Furniture to Ponnalur Government high secondary school","Sasikanth Senthil","TIRUVALLUR(SC)","N/A","17-Sep-2025","500000"
"2504","Normal/Others","WS/MP18186/2025-2026/197020-Construction of roads, link roads, pathways or any other road with or without drainage system","Tamil Nadu","THIRUVALLUR(DISTRICT COLLECTOR TIRUVALLUR_IDA)","Construction of Compound wall at Tiruvalangadu Higher secondary school, Tiruvalangadu Block","Sasikanth Senthil","TIRUVALLUR(SC)","N/A","22-Sep-2025","1594278"
"2505","Normal/Others","WS/MP18186/2025-2026/197021-Lighting of public spaces","Tamil Nadu","THIRUVALLUR(DISTRICT COLLECTOR TIRUVALLUR_IDA)","Installation of High Mas Light at Mylapore  in Devandavakkam Panchayat at poondi","Sasikanth Senthil","TIRUVALLUR(SC)","N/A","23-Sep-2025","434216"
"2506","Normal/Others","WS/MP18186/2025-2026/197022-Lighting of public spaces","Tamil Nadu","THIRUVALLUR(DISTRICT COLLECTOR TIRUVALLUR_IDA)","Installation of High Mas Light at , Pinjivakkam near chruch at Kadambathur Block","Sasikanth Senthil","TIRUVALLUR(SC)","N/A","06-Dec-2025","434215"
"2507","Normal/Others","WS/MP18186/2025-2026/197024-Lighting of public spaces","Tamil Nadu","THIRUVALLUR(DISTRICT COLLECTOR TIRUVALLUR_IDA)","Installation of High Mas Ligjt at Gummidpoondi block, Valuthigaimedu Colony","Sasikanth Senthil","TIRUVALLUR(SC)","N/A","08-Sep-2025","434216"
"2508","Normal/Others","WS/MP18186/2025-2026/197025-Security gates in streets/public place for safety purpose","Tamil Nadu","THIRUVALLUR(DISTRICT COLLECTOR TIRUVALLUR_IDA)","Provisind  Green Roof in minjur town panchayat railway gate ward no 10","Sasikanth Senthil","TIRUVALLUR(SC)","N/A","13-Aug-2025","550000"
"2509","Normal/Others","WS/MP18186/2025-2026/212283-Street lights","Tamil Nadu","THIRUVALLUR(DISTRICT COLLECTOR TIRUVALLUR_IDA)","Providing Solar light at Podavakkam Panchayat in  Gummidipoondi Block.","Sasikanth Senthil","TIRUVALLUR(SC)","N/A","03-Feb-2026","299767"
"2510","Normal/Others","WS/MP18186/2026-2027/212284-Street lights","Tamil Nadu","THIRUVALLUR(DISTRICT COLLECTOR TIRUVALLUR_IDA)","Providing Solar light  at Nerkundram Panchayat in  Sholavaram Block.","Sasikanth Senthil","TIRUVALLUR(SC)","N/A","15-May-2026","300000"
"2511","Normal/Others","WS/MP18186/2025-2026/212289-Lighting of public spaces","Tamil Nadu","THIRUVALLUR(DISTRICT COLLECTOR TIRUVALLUR_IDA)","Providing High Mast light LED at Devadhanam Panchayat in Minjur Block.","Sasikanth Senthil","TIRUVALLUR(SC)","N/A","25-Feb-2026","434216"
"2512","Normal/Others","WS/MP18186/2026-2027/212290-Street lights","Tamil Nadu","THIRUVALLUR(DISTRICT COLLECTOR TIRUVALLUR_IDA)","Providing Solar light  at  Kuppam kandigai panchayat  in Tiruvalangadu Block.","Sasikanth Senthil","TIRUVALLUR(SC)","N/A","14-May-2026","299642"
"2513","Normal/Others","WS/MP18186/2025-2026/212291-Street lights","Tamil Nadu","THIRUVALLUR(DISTRICT COLLECTOR TIRUVALLUR_IDA)","Providing Solar light  at Nochikkuppam Village Aramabakkam Panchayat  in Gummidipoondi Block.","Sasikanth Senthil","TIRUVALLUR(SC)","N/A","03-Feb-2026","299767"
"2514","Normal/Others","WS/MP18186/2025-2026/212292-Lighting of public spaces","Tamil Nadu","THIRUVALLUR(DISTRICT COLLECTOR TIRUVALLUR_IDA)","Providing High Mast light LED at Sivanvoyal Panchayat  in Tiruvallur Block.","Sasikanth Senthil","TIRUVALLUR(SC)","N/A","16-Mar-2026","434216"
"2515","Normal/Others","WS/MP18186/2025-2026/212293-Lighting of public spaces","Tamil Nadu","THIRUVALLUR(DISTRICT COLLECTOR TIRUVALLUR_IDA)","Providing High Mast light LED at Budur Panchayat  in Gummidipoondi Block.","Sasikanth Senthil","TIRUVALLUR(SC)","N/A","08-Sep-2025","434216"
"2516","Normal/Others","WS/MP18186/2025-2026/212297-Lighting of public spaces","Tamil Nadu","THIRUVALLUR(DISTRICT COLLECTOR TIRUVALLUR_IDA)","Providing High Mast light LED at Near Madha Kovil St, Ikkadu Kandigai Panchayat  in Tiruvallur Block.","Sasikanth Senthil","TIRUVALLUR(SC)","N/A","16-Mar-2026","434216"
"2517","Normal/Others","WS/MP18186/2025-2026/212299-Installing tube-wells and borewells","Tamil Nadu","THIRUVALLUR(DISTRICT COLLECTOR TIRUVALLUR_IDA)","Providing New Borewell  at  Govt hr.Sec.School, Veppampattu Panchayat  in Tiruvallur Block.","Sasikanth Senthil","TIRUVALLUR(SC)","Images","18-Nov-2025","299183"
"2518","Normal/Others","WS/MP18186/2025-2026/212301-Lighting of public spaces","Tamil Nadu","THIRUVALLUR(DISTRICT COLLECTOR TIRUVALLUR_IDA)","Providing High Mast light LED at Near Selliyamman Koil St, Elavur Panchayat  in Gummidipoondi Block","Sasikanth Senthil","TIRUVALLUR(SC)","N/A","08-Sep-2025","434216"
"2519","Normal/Others","WS/MP18186/2025-2026/212308-Installing community drinking water plants","Tamil Nadu","THIRUVALLUR(DISTRICT COLLECTOR TIRUVALLUR_IDA)","Providing RO Plant at  43 Panambakkam Village in Ellapuram Block.","Sasikanth Senthil","TIRUVALLUR(SC)","N/A","22-Jan-2026","999101"
"2520","Normal/Others","WS/MP18186/2025-2026/212309-Lighting of public spaces","Tamil Nadu","THIRUVALLUR(DISTRICT COLLECTOR TIRUVALLUR_IDA)","Providing High Mast light LED at  Thandalam Village in Ellapuram Block.","Sasikanth Senthil","TIRUVALLUR(SC)","N/A","11-Nov-2025","434215"
"2521","Normal/Others","WS/MP18186/2025-2026/212311-Lighting of public spaces","Tamil Nadu","THIRUVALLUR(DISTRICT COLLECTOR TIRUVALLUR_IDA)","Providing High Mast light LED at  N.S Nagar, Nemalur Panchayat  in Gummidipoondi Block.","Sasikanth Senthil","TIRUVALLUR(SC)","N/A","08-Sep-2025","434216"
"2522","Normal/Others","WS/MP18186/2025-2026/212313-Lighting of public spaces","Tamil Nadu","THIRUVALLUR(DISTRICT COLLECTOR TIRUVALLUR_IDA)","Providing High Mast light LED at 12th ward in Thiruverkadu Municipality.","Sasikanth Senthil","TIRUVALLUR(SC)","N/A","21-Feb-2026","423906"
"2523","Normal/Others","WS/MP18186/2025-2026/222911-Lighting of public spaces","Tamil Nadu","THIRUVALLUR(DISTRICT COLLECTOR TIRUVALLUR_IDA)","Installation of Solar Light at Ramancheri Panchayat, Poondi Block","Sasikanth Senthil","TIRUVALLUR(SC)","N/A","05-Feb-2026","299762"
"2524","Normal/Others","WS/MP18186/2025-2026/222912-Lighting of public spaces","Tamil Nadu","THIRUVALLUR(DISTRICT COLLECTOR TIRUVALLUR_IDA)","Installation of Solar Light at Keelanur Panchayat, Tiruvallur Block","Sasikanth Senthil","TIRUVALLUR(SC)","N/A","23-Jan-2026","300000"
"2525","Normal/Others","WS/MP18186/2026-2027/222913-Lighting of public spaces","Tamil Nadu","THIRUVALLUR(DISTRICT COLLECTOR TIRUVALLUR_IDA)","Installation of Solar light at mavoor village, Koolur Panchayat, Tiruvalangadu Block","Sasikanth Senthil","TIRUVALLUR(SC)","N/A","15-May-2026","299642"
"2526","Normal/Others","WS/MP18186/2025-2026/222914-Lighting of public spaces","Tamil Nadu","THIRUVALLUR(DISTRICT COLLECTOR TIRUVALLUR_IDA)","Installation of Solar  light at karaninijampattu, Poondi Block","Sasikanth Senthil","TIRUVALLUR(SC)","N/A","05-Feb-2026","299762"
"2527","Normal/Others","WS/MP18186/2025-2026/222915-Lighting of public spaces","Tamil Nadu","THIRUVALLUR(DISTRICT COLLECTOR TIRUVALLUR_IDA)","Installation of solar light at Kunnavalam Panchayat, Poondi Block","Sasikanth Senthil","TIRUVALLUR(SC)","N/A","05-Feb-2026","299762"
"2528","Normal/Others","WS/MP18186/2025-2026/222919-Crematoriums/energy efficient crematoriums or structures on burial/cremation ground","Tamil Nadu","THIRUVALLUR(DISTRICT COLLECTOR TIRUVALLUR_IDA)","Construction of crematorium at Thathaimanju Panchayat, Minjur Block","Sasikanth Senthil","TIRUVALLUR(SC)","N/A","25-Feb-2026","999604"
"2529","Normal/Others","WS/MP18186/2025-2026/222920-Construction of roads, link roads, pathways or any other road with or without drainage system","Tamil Nadu","THIRUVALLUR(DISTRICT COLLECTOR TIRUVALLUR_IDA)","Construction of Road at Kabilar Street to Alagiri street, Vengathur Panchayat, Kadambathur Block","Sasikanth Senthil","TIRUVALLUR(SC)","N/A","06-Dec-2025","999952"
"2530","Normal/Others","WS/MP18186/2025-2026/222922-Construction of roads, link roads, pathways or any other road with or without drainage system","Tamil Nadu","THIRUVALLUR(DISTRICT COLLECTOR TIRUVALLUR_IDA)","Construction of Cement Road at Nethaji Nagar, Periyapalayam Village, Ellapuram Block","Sasikanth Senthil","TIRUVALLUR(SC)","N/A","02-Feb-2026","1799284"
"2531","Normal/Others","WS/MP18186/2025-2026/222923-Construction of bus-sheds or bus-stops","Tamil Nadu","THIRUVALLUR(DISTRICT COLLECTOR TIRUVALLUR_IDA)","Construction of Bus shelter at Tiruvalanagadu Junction road, Tiruvalangadu Block","Sasikanth Senthil","TIRUVALLUR(SC)","N/A","09-Mar-2026","1499592"
"2532","Normal/Others","WS/MP18186/2026-2027/222924-Purchase of furniture and fixtures for educational purposes","Tamil Nadu","THIRUVALLUR(DISTRICT COLLECTOR TIRUVALLUR_IDA)","Providing Table desk to Summanbukulam, Government higher Secondary School, Gummidipoondi Block","Sasikanth Senthil","TIRUVALLUR(SC)","N/A","13-May-2026","500000"
"2533","Normal/Others","WS/MP18186/2025-2026/222931-Lighting of public spaces","Tamil Nadu","THIRUVALLUR(DISTRICT COLLECTOR TIRUVALLUR_IDA)","Installation of high Mast light at Palayanur Panchayat, Tiruvalangadu Block","Sasikanth Senthil","TIRUVALLUR(SC)","N/A","25-Feb-2026","434215"
"2534","Normal/Others","WS/MP18186/2025-2026/222933-Lighting of public spaces","Tamil Nadu","THIRUVALLUR(DISTRICT COLLECTOR TIRUVALLUR_IDA)","installation of high Mast Light at Vichoor Village, Vellivayal Panchayat, Solavaram Block","Sasikanth Senthil","TIRUVALLUR(SC)","N/A","21-Nov-2025","434360"
"2535","Normal/Others","WS/MP18186/2025-2026/222944-Lighting of public spaces","Tamil Nadu","THIRUVALLUR(DISTRICT COLLECTOR TIRUVALLUR_IDA)","Installation of high mast light at Mettu Colony, Thandalam Panchayat, Ellapuram Block","Sasikanth Senthil","TIRUVALLUR(SC)","N/A","11-Nov-2025","434215"
"2536","Normal/Others","WS/MP18186/2025-2026/222945-Lighting of public spaces","Tamil Nadu","THIRUVALLUR(DISTRICT COLLECTOR TIRUVALLUR_IDA)","Installation of high mast light at Purivakkam Panchayat, Ellapuram Block","Sasikanth Senthil","TIRUVALLUR(SC)","N/A","11-Nov-2025","434216"
"2537","Normal/Others","WS/MP18186/2025-2026/222946-Lighting of public spaces","Tamil Nadu","THIRUVALLUR(DISTRICT COLLECTOR TIRUVALLUR_IDA)","Installation of high mast light at Athur Panchayat, Sholavaram block","Sasikanth Senthil","TIRUVALLUR(SC)","N/A","21-Nov-2025","434360"
"2538","Normal/Others","WS/MP18186/2025-2026/227021-Lighting of public spaces","Tamil Nadu","THIRUVALLUR(DISTRICT COLLECTOR TIRUVALLUR_IDA)","Installation of Highmast light (12M, LED 6 Nos, 150W) at  Panampakkam Petrol Bunk opposite, Panampakkam Panchayat in Ellapuram Block","Sasikanth Senthil","TIRUVALLUR(SC)","N/A","04-Sep-2025","434498"
"2539","Normal/Others","WS/MP18186/2025-2026/239099-Construction of roads, link roads, pathways or any other road with or without drainage system","Tamil Nadu","THIRUVALLUR(DISTRICT COLLECTOR TIRUVALLUR_IDA)","Construction of 500 meters of cement road on Perumal Kovil Street, Eguchhipuram Village, Eruguvai Panchayat, Gummidipoondi Panchayat Union, Thiruvallur District.","Sasikanth Senthil","TIRUVALLUR(SC)","N/A","06-Feb-2026","1799897"
"2540","Normal/Others","WS/MP18186/2025-2026/243463-Lighting of public spaces","Tamil Nadu","THIRUVALLUR(DISTRICT COLLECTOR TIRUVALLUR_IDA)","Installation of high mast light at Ambedkar nagar, Kakkalur panchayat, Tiruvallur block","Sasikanth Senthil","TIRUVALLUR(SC)","N/A","25-Oct-2025","434589"
"2541","Normal/Others","WS/MP18186/2025-2026/253585-Construction of roads, link roads, pathways or any other road with or without drainage system","Tamil Nadu","THIRUVALLUR(DISTRICT COLLECTOR TIRUVALLUR_IDA)","Construction of CC road at vengathur Panchayat Anna Street","Sasikanth Senthil","TIRUVALLUR(SC)","N/A","17-Dec-2025","999846"
"2542","Normal/Others","WS/MP18186/2025-2026/253586-Construction of roads, link roads, pathways or any other road with or without drainage system","Tamil Nadu","THIRUVALLUR(DISTRICT COLLECTOR TIRUVALLUR_IDA)","Construction of CC road at chinnamapettai Panchayat Poonjolai Street","Sasikanth Senthil","TIRUVALLUR(SC)","N/A","22-Dec-2025","799705"
"2543","Normal/Others","WS/MP18186/2025-2026/253590-Lighting of public spaces","Tamil Nadu","THIRUVALLUR(DISTRICT COLLECTOR TIRUVALLUR_IDA)","Installation of high-mast lighting in Nerkundram Panchayat","Sasikanth Senthil","TIRUVALLUR(SC)","N/A","18-Dec-2025","434360"
"2544","Normal/Others","WS/MP18186/2025-2026/254360-Lighting of public spaces","Tamil Nadu","THIRUVALLUR(DISTRICT COLLECTOR TIRUVALLUR_IDA)","installation of solar light at rettambedu panchayat","Sasikanth Senthil","TIRUVALLUR(SC)","N/A","03-Feb-2026","299767"
"2545","Normal/Others","WS/MP18186/2025-2026/258447-Construction of roads, link roads, pathways or any other road with or without drainage system","Tamil Nadu","THIRUVALLUR(DISTRICT COLLECTOR TIRUVALLUR_IDA)","Construction of cement road in Baby Amma Nagar, Chinnamma Pettai, Thiruvalangadu Panchayat Union.","Sasikanth Senthil","TIRUVALLUR(SC)","N/A","17-Mar-2026","1499125"
"2546","Normal/Others","WS/MP18265/2025-2026/151882-Lighting of public spaces","Tamil Nadu","CUDDALORE(DISTRICT COLLECTOR CUDDALORE_IDA)","Installation of 9 mts height  high mast light Near Raghavendra nagar, Panruti main road ( Anand Agarwal)","M.K. VISHNUPRASAD","CUDDALORE","Images","21-Jul-2025","450000"
"2547","Normal/Others","WS/MP18265/2025-2026/151884-Lighting of public spaces","Tamil Nadu","CUDDALORE(DISTRICT COLLECTOR CUDDALORE_IDA)","Installation of 9 mts height  high light Near Church, Kumbakkonam main road.","M.K. VISHNUPRASAD","CUDDALORE","Images","25-Jul-2025","450000"
"2548","Normal/Others","WS/MP18265/2025-2026/151887-Lighting of public spaces","Tamil Nadu","CUDDALORE(DISTRICT COLLECTOR CUDDALORE_IDA)","Installation of 9 mts height high mast light Near Indra nagar Middle school 's Ground","M.K. VISHNUPRASAD","CUDDALORE","Images","25-Jul-2025","450000"
"2549","Normal/Others","WS/MP18265/2025-2026/151889-Lighting of public spaces","Tamil Nadu","CUDDALORE(DISTRICT COLLECTOR CUDDALORE_IDA)","Installation of 9 mts height high mast  light Near Poosalikuppam road, Pachai vazhaiamman koil route bus stop.","M.K. VISHNUPRASAD","CUDDALORE","Images","25-Jul-2025","450000"
"2550","Normal/Others","WS/MP18265/2025-2026/151949-Lighting of public spaces","Tamil Nadu","CUDDALORE(DISTRICT COLLECTOR CUDDALORE_IDA)","Installation of 9 mts high mast light at junction of Perumal erikarai salai and Chintamalai kuppam salai","M.K. VISHNUPRASAD","CUDDALORE","Images","24-Apr-2025","449714"
"2551","Normal/Others","WS/MP18265/2025-2026/151951-Lighting of public spaces","Tamil Nadu","CUDDALORE(DISTRICT COLLECTOR CUDDALORE_IDA)","Installation high mast light of 9 mts height in junction of Perumal erikarai - Metupalayam salai junction (Aiyitharai)","M.K. VISHNUPRASAD","CUDDALORE","Images","23-Apr-2025","449714"
"2552","Normal/Others","WS/MP18265/2025-2026/151989-Lighting of public spaces","Tamil Nadu","CUDDALORE(DISTRICT COLLECTOR CUDDALORE_IDA)","Installation of high mast light of 9 mts height at Kayalpattu, Pettodai village near Community hall","M.K. VISHNUPRASAD","CUDDALORE","Images","25-Apr-2025","449714"
"2553","Normal/Others","WS/MP18265/2025-2026/151991-Construction of buildings for community cultural activities","Tamil Nadu","CUDDALORE(DISTRICT COLLECTOR CUDDALORE_IDA)","Construction of building at Sirupalaiyur village","M.K. VISHNUPRASAD","CUDDALORE","Images","15-Oct-2025","998271"
"2554","Normal/Others","WS/MP18265/2025-2026/151993-Construction of common work sheds/ common covered sitting area","Tamil Nadu","CUDDALORE(DISTRICT COLLECTOR CUDDALORE_IDA)","Construction of waiting hall at Agaram, Thangalikuppam village","M.K. VISHNUPRASAD","CUDDALORE","Images","16-Dec-2025","998986"
"2555","Normal/Others","WS/MP18265/2025-2026/151996-Construction of community centers and community halls","Tamil Nadu","CUDDALORE(DISTRICT COLLECTOR CUDDALORE_IDA)","Construction of new building for public use at Melpudupettai village","M.K. VISHNUPRASAD","CUDDALORE","Images","01-Jul-2025","901726"
"2556","Normal/Others","WS/MP18265/2025-2026/151999-Lighting of public spaces","Tamil Nadu","CUDDALORE(DISTRICT COLLECTOR CUDDALORE_IDA)","Installation of high mast light of 9 mts height at Kothandaramapuram Karaimedu colony","M.K. VISHNUPRASAD","CUDDALORE","Images","25-Apr-2025","449714"
"2557","Normal/Others","WS/MP18265/2025-2026/152002-Lighting of public spaces","Tamil Nadu","CUDDALORE(DISTRICT COLLECTOR CUDDALORE_IDA)","Installation high mast light of 9 mts height at Kullanchavadi bus stop.","M.K. VISHNUPRASAD","CUDDALORE","Images","25-Apr-2025","449714"
"2558","Normal/Others","WS/MP18265/2025-2026/152004-Construction of community centers and community halls","Tamil Nadu","CUDDALORE(DISTRICT COLLECTOR CUDDALORE_IDA)","consturction of Multi Purposes building at Ramapuram Panchayat, valluvar colony.","M.K. VISHNUPRASAD","CUDDALORE","Images","18-Dec-2025","1319009"
"2559","Normal/Others","WS/MP18265/2025-2026/152005-Construction of community centers and community halls","Tamil Nadu","CUDDALORE(DISTRICT COLLECTOR CUDDALORE_IDA)","construction of Multi purposes Building","M.K. VISHNUPRASAD","CUDDALORE","Images","04-Mar-2026","1349643"
"2560","Normal/Others","WS/MP18265/2025-2026/152008-Construction of community centers and community halls","Tamil Nadu","CUDDALORE(DISTRICT COLLECTOR CUDDALORE_IDA)","Construction of Multi Purposes building  at kumlankullam panchayat, Naduvirapattu colony.","M.K. VISHNUPRASAD","CUDDALORE","Images","16-Feb-2026","1346657"
"2561","Normal/Others","WS/MP18265/2025-2026/154777-Providing drains and gutters for public drainage","Tamil Nadu","CUDDALORE(DISTRICT COLLECTOR CUDDALORE_IDA)","To provide drains in marudhathur panchayat near school of south to north side","M.K. VISHNUPRASAD","CUDDALORE","Images","04-Aug-2025","997604"
"2562","Normal/Others","WS/MP18265/2025-2026/154778-Construction of roads, link roads, pathways or any other road with or without drainage system","Tamil Nadu","CUDDALORE(DISTRICT COLLECTOR CUDDALORE_IDA)","Providing of CC Road at ward no 2, Ayyanar Kulam Street in Pennadam Town Panchayat 85m","M.K. VISHNUPRASAD","CUDDALORE","Images","11-Aug-2025","500000"
"2563","Normal/Others","WS/MP18265/2025-2026/154779-Construction of roads, link roads, pathways or any other road with or without drainage system","Tamil Nadu","CUDDALORE(DISTRICT COLLECTOR CUDDALORE_IDA)","To Lay the Cement Road - 200 mtrs in sathiyavadi village near thorupathi amman koil street","M.K. VISHNUPRASAD","CUDDALORE","Images","06-May-2025","998177"
"2564","Normal/Others","WS/MP18265/2025-2026/154780-Construction of roads, link roads, pathways or any other road with or without drainage system","Tamil Nadu","CUDDALORE(DISTRICT COLLECTOR CUDDALORE_IDA)","To lay the Cement road in kotteri north street","M.K. VISHNUPRASAD","CUDDALORE","Images","05-Aug-2025","999526"
"2565","Normal/Others","WS/MP18265/2025-2026/154781-Construction of boundary walls of existing public and community buildings","Tamil Nadu","CUDDALORE(DISTRICT COLLECTOR CUDDALORE_IDA)","To construction of boundary wall for Primarly Health Centre in Iruppu Panchayat","M.K. VISHNUPRASAD","CUDDALORE","Images","15-Dec-2025","963358"
"2566","Normal/Others","WS/MP18265/2025-2026/154782-Providing drains and gutters for public drainage","Tamil Nadu","CUDDALORE(DISTRICT COLLECTOR CUDDALORE_IDA)","Construction of Storm Water Drain at Ward No 09, Pudhu Subramaniyar Koil Street in Mangalampettai Town Panchayat 80m","M.K. VISHNUPRASAD","CUDDALORE","Images","11-Aug-2025","500000"
"2567","Normal/Others","WS/MP18265/2025-2026/154783-Construction of community centers and community halls","Tamil Nadu","CUDDALORE(DISTRICT COLLECTOR CUDDALORE_IDA)","To construction of Ration Shop in sivananthipuram at koranapattu panchayat","M.K. VISHNUPRASAD","CUDDALORE","Images","28-Jun-2025","883520"
"2568","Normal/Others","WS/MP18265/2025-2026/154785-Construction of roads, link roads, pathways or any other road with or without drainage system","Tamil Nadu","CUDDALORE(DISTRICT COLLECTOR CUDDALORE_IDA)","To lay of Cement Road in Vengadampettai south stree","M.K. VISHNUPRASAD","CUDDALORE","Images","19-Aug-2025","998956"
"2569","Normal/Others","WS/MP18265/2024-2025/154817-Construction of roads, link roads, pathways or any other road with or without drainage system","Tamil Nadu","CUDDALORE(DISTRICT COLLECTOR CUDDALORE_IDA)","To Lay of Cement Road in vadakuthu Panchayat - PTR Nagar","M.K. VISHNUPRASAD","CUDDALORE","Images","03-Mar-2025","1099464"
"2570","Normal/Others","WS/MP18265/2025-2026/154818-Construction of roads, link roads, pathways or any other road with or without drainage system","Tamil Nadu","CUDDALORE(DISTRICT COLLECTOR CUDDALORE_IDA)","To lay tar road in vadakuthu Panchayat, Maruthi Nagar at Alli Street","M.K. VISHNUPRASAD","CUDDALORE","Images","23-Sep-2025","549154"
"2571","Normal/Others","WS/MP18265/2024-2025/154819-Construction of roads, link roads, pathways or any other road with or without drainage system","Tamil Nadu","CUDDALORE(DISTRICT COLLECTOR CUDDALORE_IDA)","To lay tar road in Malikampattu Panchayat Colony,","M.K. VISHNUPRASAD","CUDDALORE","Images","18-Mar-2025","996496"
"2572","Normal/Others","WS/MP18265/2024-2025/154820-Providing drains and gutters for public drainage","Tamil Nadu","CUDDALORE(DISTRICT COLLECTOR CUDDALORE_IDA)","construction of strom water drainage with culvert ward no 3 rajiv Gandhi Nagar 5,6,7 th street in nellikuppam Municipality (213m)","M.K. VISHNUPRASAD","CUDDALORE","Images","30-Jun-2025","1000000"
"2573","Normal/Others","WS/MP18265/2025-2026/154833-Construction of roads, link roads, pathways or any other road with or without drainage system","Tamil Nadu","CUDDALORE(DISTRICT COLLECTOR CUDDALORE_IDA)","To lay of Cement road in siruvathur panchayat - 2nd street","M.K. VISHNUPRASAD","CUDDALORE","Images","04-Apr-2025","982702"
"2574","Normal/Others","WS/MP18265/2025-2026/154834-Construction of roads, link roads, pathways or any other road with or without drainage system","Tamil Nadu","CUDDALORE(DISTRICT COLLECTOR CUDDALORE_IDA)","To lay of Cement road 313 mtrs., in  Melpattanpakkam near sivan koil street","M.K. VISHNUPRASAD","CUDDALORE","Images","05-Aug-2025","500000"
"2575","Normal/Others","WS/MP18265/2025-2026/154835-Construction of boundary walls of existing public and community buildings","Tamil Nadu","CUDDALORE(DISTRICT COLLECTOR CUDDALORE_IDA)","Construction of Compound Wall at Boys Government Higher Secondary School in Thorapadi Town Panchayat 50m","M.K. VISHNUPRASAD","CUDDALORE","Images","30-Jul-2025","500000"
"2576","Normal/Others","WS/MP18265/2025-2026/154905-Construction of roads, link roads, pathways or any other road with or without drainage system","Tamil Nadu","CUDDALORE(DISTRICT COLLECTOR CUDDALORE_IDA)","to lay of cement road in Adari panchayat in A Kalathur colony","M.K. VISHNUPRASAD","CUDDALORE","Images","05-Aug-2025","999979"
"2577","Normal/Others","WS/MP18265/2025-2026/154924-Construction of buildings for community cultural activities","Tamil Nadu","CUDDALORE(DISTRICT COLLECTOR CUDDALORE_IDA)","To build drama stage in arasadikuppam village","M.K. VISHNUPRASAD","CUDDALORE","Images","20-Sep-2025","799864"
"2578","Normal/Others","WS/MP18265/2025-2026/155033-Lighting of public spaces","Tamil Nadu","CUDDALORE(DISTRICT COLLECTOR CUDDALORE_IDA)","To provide 9 mtr height of hig mast light in In lakkur panchayat near adhi dravidar mariyamman koil","M.K. VISHNUPRASAD","CUDDALORE","Images","01-Jul-2025","449582"
"2579","Normal/Others","WS/MP18265/2025-2026/155174-Providing supply pipelines for drinking water","Tamil Nadu","CUDDALORE(DISTRICT COLLECTOR CUDDALORE_IDA)","Providing drainage and drinking water supply pipelines in ward No 18, East Street,  Theradi Veethiy.","M.K. VISHNUPRASAD","CUDDALORE","Images","07-Jan-2026","1000000"
"2580","Normal/Others","WS/MP18265/2025-2026/155926-Construction of community centers and community halls","Tamil Nadu","CUDDALORE(DISTRICT COLLECTOR CUDDALORE_IDA)","To construction of new Ration shop in Kovilur panchayat near panchayat office","M.K. VISHNUPRASAD","CUDDALORE","Images","26-Sep-2025","300000"
"2581","Normal/Others","WS/MP18265/2025-2026/155927-Construction of community centers and community halls","Tamil Nadu","CUDDALORE(DISTRICT COLLECTOR CUDDALORE_IDA)","To construction of new Ration shop in Erappavur panchayat near Anganwadi","M.K. VISHNUPRASAD","CUDDALORE","Images","04-Aug-2025","296647"
"2582","Normal/Others","WS/MP18265/2025-2026/155928-Construction of community centers and community halls","Tamil Nadu","CUDDALORE(DISTRICT COLLECTOR CUDDALORE_IDA)","To construction of new Ration shop in Venkarumbur panchayat at SRP Nagar","M.K. VISHNUPRASAD","CUDDALORE","Images","17-Nov-2025","298738"
"2583","Normal/Others","WS/MP18265/2025-2026/155930-Construction of community centers and community halls","Tamil Nadu","CUDDALORE(DISTRICT COLLECTOR CUDDALORE_IDA)","construction of multi purpose center @ Perumanlanickenpalayam Panchayat in Annagramam Block","M.K. VISHNUPRASAD","CUDDALORE","Images","30-Sep-2025","899550"
"2584","Normal/Others","WS/MP18265/2025-2026/155932-Construction of community centers and community halls","Tamil Nadu","CUDDALORE(DISTRICT COLLECTOR CUDDALORE_IDA)","construction of multi purpose center @ Paithambadi village Paithambadi Panchayat in Annagramam Block","M.K. VISHNUPRASAD","CUDDALORE","Images","25-Aug-2025","899348"
"2585","Normal/Others","WS/MP18265/2025-2026/155943-Construction of bus-sheds or bus-stops","Tamil Nadu","CUDDALORE(DISTRICT COLLECTOR CUDDALORE_IDA)","To construct a new bus stop in In Kokupalayam road, near school","M.K. VISHNUPRASAD","CUDDALORE","Images","31-Jan-2026","1000000"
"2586","Normal/Others","WS/MP18265/2025-2026/157239-Construction of community centers and community halls","Tamil Nadu","CUDDALORE(DISTRICT COLLECTOR CUDDALORE_IDA)","construction of multi purpose center @ Thattampalayam Village Thattampalayam Panchayat in Annagramam Block","M.K. VISHNUPRASAD","CUDDALORE","Images","22-Jan-2026","898954"
"2587","Normal/Others","WS/MP18265/2025-2026/160988-Construction of roads, link roads, pathways or any other road with or without drainage system","Tamil Nadu","CUDDALORE(DISTRICT COLLECTOR CUDDALORE_IDA)","Laying of 300mts tar Road in nellikuppam ward No 15 on the way to burial road","M.K. VISHNUPRASAD","CUDDALORE","Images","25-Apr-2025","1250000"
"2588","Normal/Others","WS/MP18265/2024-2025/160989-Construction of flood control embankments/ protection walls along riverbanks, hilltops, roadsides","Tamil Nadu","CUDDALORE(DISTRICT COLLECTOR CUDDALORE_IDA)","Construction of Retaining wall on the way to vanamadevi from Tirumanikkuli","M.K. VISHNUPRASAD","CUDDALORE","N/A","04-Apr-2025","1250000"
"2589","Normal/Others","WS/MP18265/2024-2025/162106-Construction of roads, link roads, pathways or any other road with or without drainage system","Tamil Nadu","CUDDALORE(DISTRICT COLLECTOR CUDDALORE_IDA)","Providing BT Road at Melakattu road to Pennadam main road in Peralaiyur Panchayat - 300 mtrs","M.K. VISHNUPRASAD","CUDDALORE","Images","29-Mar-2025","998267"
"2590","Normal/Others","WS/MP18265/2025-2026/163881-Construction of roads, link roads, pathways or any other road with or without drainage system","Tamil Nadu","CUDDALORE(DISTRICT COLLECTOR CUDDALORE_IDA)","Providing CC Road with Drainage on Both Sides at New colony Street in Poolambadi Panchayat - 145 mtrs","M.K. VISHNUPRASAD","CUDDALORE","Images","15-Jul-2025","1797253"
"2591","Normal/Others","WS/MP18265/2024-2025/166490-Construction of roads, link roads, pathways or any other road with or without drainage system","Tamil Nadu","CUDDALORE(DISTRICT COLLECTOR CUDDALORE_IDA)","Laying of Cement road for 100 mts in Ward 2 near veeran temple of Mutharasan kuppam village of Kilmambattu","M.K. VISHNUPRASAD","CUDDALORE","Images","29-Mar-2025","999780"
"2592","Normal/Others","WS/MP18265/2024-2025/166491-Construction of roads, link roads, pathways or any other road with or without drainage system","Tamil Nadu","CUDDALORE(DISTRICT COLLECTOR CUDDALORE_IDA)","Laying of paver block road for 170 mts at Anbumani nagar of Karuvepalankurichu colony","M.K. VISHNUPRASAD","CUDDALORE","Images","18-Mar-2025","999008"
"2593","Normal/Others","WS/MP18265/2025-2026/171229-Lighting of public spaces","Tamil Nadu","CUDDALORE(DISTRICT COLLECTOR CUDDALORE_IDA)","Installation of high mast light of 16 mtrs height near Erumanur Bridge in Ward No. 26","M.K. VISHNUPRASAD","CUDDALORE","Images","01-Nov-2025","849920"
"2594","Normal/Others","WS/MP18265/2025-2026/171398-Street lights","Tamil Nadu","CUDDALORE(DISTRICT COLLECTOR CUDDALORE_IDA)","Providing LED street lights - supply and erection of double arm pole - 7mtr height-  Chennai to Kumbakkonam main road at ward no. 20 in  Panruti Municipality","M.K. VISHNUPRASAD","CUDDALORE","Images","01-Sep-2025","3136643"
"2595","Normal/Others","WS/MP18265/2025-2026/203603-Lighting of public spaces","Tamil Nadu","CUDDALORE(DISTRICT COLLECTOR CUDDALORE_IDA)","Install 9 mtrs of high mast light in Kolanjiappar Arts and Science college stadium","M.K. VISHNUPRASAD","CUDDALORE","Images","27-Feb-2026","449648"
"2596","Normal/Others","WS/MP18265/2025-2026/203613-Lighting of public spaces","Tamil Nadu","CUDDALORE(DISTRICT COLLECTOR CUDDALORE_IDA)","Install 9 mtrs of height of high mast light in Ward no. 16 Government Boys Her. Sec. School","M.K. VISHNUPRASAD","CUDDALORE","Images","27-Feb-2026","449648"
"2597","Normal/Others","WS/MP18265/2025-2026/203614-Lighting of public spaces","Tamil Nadu","CUDDALORE(DISTRICT COLLECTOR CUDDALORE_IDA)","Install 9 mtrs height of high mast light in Indira Nagar, Kaspa Colony","M.K. VISHNUPRASAD","CUDDALORE","Images","27-Feb-2026","449648"
"2598","Normal/Others","WS/MP18265/2025-2026/203615-Lighting of public spaces","Tamil Nadu","CUDDALORE(DISTRICT COLLECTOR CUDDALORE_IDA)","Install 9 mtrs of high mast light in ward no 5, opposite to Government hospital in vallalar nagar - cuddalore","M.K. VISHNUPRASAD","CUDDALORE","Images","05-Feb-2026","446213"
"2599","Normal/Others","WS/MP18265/2025-2026/203616-Lighting of public spaces","Tamil Nadu","CUDDALORE(DISTRICT COLLECTOR CUDDALORE_IDA)","Install 9  mtrs of high mast light    at Center of Sri krishna Garden Resident- Kondur - Cuddalore","M.K. VISHNUPRASAD","CUDDALORE","Images","27-Nov-2025","449871"
"2600","Normal/Others","WS/MP18265/2025-2026/222612-Lighting of public spaces","Tamil Nadu","CUDDALORE(DISTRICT COLLECTOR CUDDALORE_IDA)","Installation of 9 mtrs height of High Mast light at Vinayaganandhal village","M.K. VISHNUPRASAD","CUDDALORE","Images","04-Nov-2025","449225"
"2601","Normal/Others","WS/MP18265/2025-2026/222613-Lighting of public spaces","Tamil Nadu","CUDDALORE(DISTRICT COLLECTOR CUDDALORE_IDA)","Installation of 9 mtrs height of High Mast light at Poyanapadi village - Aadhi Dravidar colony","M.K. VISHNUPRASAD","CUDDALORE","Images","04-Nov-2025","449225"
"2602","Normal/Others","WS/MP18265/2025-2026/222615-Lighting of public spaces","Tamil Nadu","CUDDALORE(DISTRICT COLLECTOR CUDDALORE_IDA)","Installation of 9 mtrs height of High Mast light at Pasar village panchayat - colony street","M.K. VISHNUPRASAD","CUDDALORE","Images","04-Nov-2025","449225"
"2603","Normal/Others","WS/MP18265/2025-2026/222617-Lighting of public spaces","Tamil Nadu","CUDDALORE(DISTRICT COLLECTOR CUDDALORE_IDA)","Installation of 9 mtrs height of High Mast light at Arasankudi village - near Ration Shop","M.K. VISHNUPRASAD","CUDDALORE","Images","04-Nov-2025","449225"
"2604","Normal/Others","WS/MP18265/2025-2026/222618-Lighting of public spaces","Tamil Nadu","CUDDALORE(DISTRICT COLLECTOR CUDDALORE_IDA)","Installation of 9 mtrs height of High Mast light at Kallur village - Junction Road -","M.K. VISHNUPRASAD","CUDDALORE","Images","04-Nov-2025","449225"
"2605","Normal/Others","WS/MP18265/2025-2026/222619-Lighting of public spaces","Tamil Nadu","CUDDALORE(DISTRICT COLLECTOR CUDDALORE_IDA)","Installation of 9 mtrs height of High Mast light at Rettakurichi village","M.K. VISHNUPRASAD","CUDDALORE","Images","04-Nov-2025","449225"
"2606","Normal/Others","WS/MP18265/2025-2026/222620-Lighting of public spaces","Tamil Nadu","CUDDALORE(DISTRICT COLLECTOR CUDDALORE_IDA)","Installation of 9 mtrs height of High Mast light at Ma. Podaiyur village - Kalaingar nagar","M.K. VISHNUPRASAD","CUDDALORE","Images","04-Nov-2025","449225"
"2607","Normal/Others","WS/MP18265/2025-2026/222899-Construction of buildings for crèches and anganwadies","Tamil Nadu","CUDDALORE(DISTRICT COLLECTOR CUDDALORE_IDA)","Construction of Anganwadi building at Niramani village - Aadhi dravidar area","M.K. VISHNUPRASAD","CUDDALORE","Images","09-Mar-2026","1648838"
"2608","Normal/Others","WS/MP18265/2025-2026/223037-Crematoriums/energy efficient crematoriums or structures on burial/cremation ground","Tamil Nadu","CUDDALORE(DISTRICT COLLECTOR CUDDALORE_IDA)","Construction of (Karuma Kareya Kudam) in Ayikuppam Village","M.K. VISHNUPRASAD","CUDDALORE","Images","11-Feb-2026","327421"
"2609","Normal/Others","WS/MP18265/2025-2026/223048-Lighting of public spaces","Tamil Nadu","CUDDALORE(DISTRICT COLLECTOR CUDDALORE_IDA)","Installation of 16 mtrs height of High Mast light near Bus Stand in Ward No. 19","M.K. VISHNUPRASAD","CUDDALORE","Images","27-Feb-2026","849368"
"2610","Normal/Others","WS/MP18265/2025-2026/223053-Lighting of public spaces","Tamil Nadu","CUDDALORE(DISTRICT COLLECTOR CUDDALORE_IDA)","Installation of 9 mtrs height of High mast light in Ward No. 26 - R.C Colony - Antoniyar Street","M.K. VISHNUPRASAD","CUDDALORE","Images","27-Feb-2026","449175"
"2611","Normal/Others","WS/MP18265/2025-2026/223234-Construction of roads, link roads, pathways or any other road with or without drainage system","Tamil Nadu","CUDDALORE(DISTRICT COLLECTOR CUDDALORE_IDA)","laying of BT road in NGO Nagar - 300 mtrs","M.K. VISHNUPRASAD","CUDDALORE","Images","02-Mar-2026","1798876"
"2612","Normal/Others","WS/MP18265/2025-2026/223235-Lighting of public spaces","Tamil Nadu","CUDDALORE(DISTRICT COLLECTOR CUDDALORE_IDA)","Installation of 9 mtrs of high mast light in S Puthur Village - new colony - Near manikam house - 4 road junction","M.K. VISHNUPRASAD","CUDDALORE","Images","04-Nov-2025","449225"
"2613","Normal/Others","WS/MP18265/2025-2026/223404-Construction of roads, link roads, pathways or any other road with or without drainage system","Tamil Nadu","CUDDALORE(DISTRICT COLLECTOR CUDDALORE_IDA)","Laying of 250 mtrs of BT road in Azhgappa nagar - Gunduuppalavadi -","M.K. VISHNUPRASAD","CUDDALORE","Images","02-Mar-2026","1199378"
"2614","Normal/Others","WS/MP18265/2025-2026/234985-Lighting of public spaces","Tamil Nadu","CUDDALORE(DISTRICT COLLECTOR CUDDALORE_IDA)","Installation of 9mtrs of height of high mast light in Virudhachalam - Ward No. 17 -","M.K. VISHNUPRASAD","CUDDALORE","Images","27-Feb-2026","449648"
"2615","Normal/Others","WS/MP18265/2025-2026/240807-Construction of roads, link roads, pathways or any other road with or without drainage system","Tamil Nadu","CUDDALORE(DISTRICT COLLECTOR CUDDALORE_IDA)","Laying of 100 mtrs Cement Road at Pudu colony (2000 - Valagam) -","M.K. VISHNUPRASAD","CUDDALORE","Images","24-Feb-2026","499323"
"2616","Normal/Others","WS/MP18265/2025-2026/240809-Construction of roads, link roads, pathways or any other road with or without drainage system","Tamil Nadu","CUDDALORE(DISTRICT COLLECTOR CUDDALORE_IDA)","Laying of 100 mtrs of cement Road in Alapakkam Near Sivan Kovil","M.K. VISHNUPRASAD","CUDDALORE","Images","02-Mar-2026","499115"
"2617","Normal/Others","WS/MP18265/2025-2026/240814-Construction of public irrigation facilities","Tamil Nadu","CUDDALORE(DISTRICT COLLECTOR CUDDALORE_IDA)","Construction of 100 mtrs Drainage at Lakshminarayanapurm - Pudu Nagar","M.K. VISHNUPRASAD","CUDDALORE","Images","15-May-2026","498844"
"2618","Normal/Others","WS/MP18265/2025-2026/241764-Construction of roads, link roads, pathways or any other road with or without drainage system","Tamil Nadu","CUDDALORE(DISTRICT COLLECTOR CUDDALORE_IDA)","Laying of Paver block road at Edachither village - kaattukottai alamaram street- 250 mtrs","M.K. VISHNUPRASAD","CUDDALORE","Images","27-Nov-2025","999087"
"2619","Normal/Others","WS/MP18265/2025-2026/241766-Construction of roads, link roads, pathways or any other road with or without drainage system","Tamil Nadu","CUDDALORE(DISTRICT COLLECTOR CUDDALORE_IDA)","Laying of 130 mtrs CC road in Siruvathur village","M.K. VISHNUPRASAD","CUDDALORE","Images","26-Feb-2026","999741"
"2620","Normal/Others","WS/MP18267/2025-2026/173684-Street lights","Tamil Nadu","KRISHNAGIRI(DISTRICT COLLECTOR KRISHNAGIRI_IDA)","Providing LED 12 mts. Hi Mast Light at Gollapalli in Thorapalli Agraharam Pt.","GOPINATH K","KRISHNAGIRI","Images","15-Sep-2025","497307"
"2621","Normal/Others","WS/MP18267/2025-2026/173685-Street lights","Tamil Nadu","KRISHNAGIRI(DISTRICT COLLECTOR KRISHNAGIRI_IDA)","Providing LED 12 mts. Hi Mast Light at Kothapalli in Sevaganapalli Pt.","GOPINATH K","KRISHNAGIRI","Images","15-Sep-2025","497483"
"2622","Normal/Others","WS/MP18267/2025-2026/173690-Street lights","Tamil Nadu","KRISHNAGIRI(DISTRICT COLLECTOR KRISHNAGIRI_IDA)","Supply and Erection of LED 12 mts. High Mast Light at KOladasapuram Village and Pt.","GOPINATH K","KRISHNAGIRI","Images","15-Sep-2025","497307"
"2623","Normal/Others","WS/MP18267/2025-2026/173691-Street lights","Tamil Nadu","KRISHNAGIRI(DISTRICT COLLECTOR KRISHNAGIRI_IDA)","Supply and Erection of LED 12 mts. High Mast Light at Palavanapalli Village and Pt.","GOPINATH K","KRISHNAGIRI","Images","15-Sep-2025","497483"
"2624","Normal/Others","WS/MP18267/2025-2026/173692-Street lights","Tamil Nadu","KRISHNAGIRI(DISTRICT COLLECTOR KRISHNAGIRI_IDA)","Supply and Erection of Mini Mast Light at Ward 10 in Alasanatham in Hosur Corporation","GOPINATH K","KRISHNAGIRI","Images","07-Nov-2025","617440"
"2625","Normal/Others","WS/MP18267/2025-2026/173728-Street lights","Tamil Nadu","KRISHNAGIRI(DISTRICT COLLECTOR KRISHNAGIRI_IDA)","Supply and Erection of Mini Mast Light at Ward 12 in Brindhavan Park (Phse - 7) in Hosur Corporation","GOPINATH K","KRISHNAGIRI","Images","07-Nov-2025","617440"
"2626","Normal/Others","WS/MP18267/2025-2026/173729-Construction of buildings for community cultural activities","Tamil Nadu","KRISHNAGIRI(DISTRICT COLLECTOR KRISHNAGIRI_IDA)","Dias at Karnapalli in Nandhimangalam Pt.","GOPINATH K","KRISHNAGIRI","Images","14-Jan-2026","583963"
"2627","Normal/Others","WS/MP18267/2025-2026/173736-Installing community drinking water plants","Tamil Nadu","KRISHNAGIRI(DISTRICT COLLECTOR KRISHNAGIRI_IDA)","RO Plant at GHSS in Mathigiri in Hosur Corporation","GOPINATH K","KRISHNAGIRI","Images","12-Feb-2026","998047"
"2628","Normal/Others","WS/MP18267/2025-2026/173740-Installing community drinking water plants","Tamil Nadu","KRISHNAGIRI(DISTRICT COLLECTOR KRISHNAGIRI_IDA)","RO Plant at Avalapalli in Hosur Corporation","GOPINATH K","KRISHNAGIRI","Images","08-May-2026","1418835"
"2629","Normal/Others","WS/MP18267/2025-2026/173741-Street lights","Tamil Nadu","KRISHNAGIRI(DISTRICT COLLECTOR KRISHNAGIRI_IDA)","Providing LED 12 mts. Hi Mast Light at Ashok Garden, 9 th Ward in Hosur Corporation","GOPINATH K","KRISHNAGIRI","Images","10-Feb-2026","613310"
"2630","Normal/Others","WS/MP18267/2025-2026/173742-Street lights","Tamil Nadu","KRISHNAGIRI(DISTRICT COLLECTOR KRISHNAGIRI_IDA)","Providing LED 12 mts. Hi Mast Light at Bismillah Nagar, 7 th Ward in Hosur Corporation","GOPINATH K","KRISHNAGIRI","Images","12-Feb-2026","613310"
"2631","Normal/Others","WS/MP18267/2025-2026/173743-Street lights","Tamil Nadu","KRISHNAGIRI(DISTRICT COLLECTOR KRISHNAGIRI_IDA)","Providing LED 12 mts. Hi Mast Light at Imambada, 31 st Ward in Hosur Corporation","GOPINATH K","KRISHNAGIRI","Images","11-Feb-2026","613310"
"2632","Normal/Others","WS/MP18267/2025-2026/173744-Street lights","Tamil Nadu","KRISHNAGIRI(DISTRICT COLLECTOR KRISHNAGIRI_IDA)","Providing LED 12 mts. Hi Mast Light at Mathigiri, 45 th Ward in Hosur Corporation","GOPINATH K","KRISHNAGIRI","Images","12-Feb-2026","613310"
"2633","Normal/Others","WS/MP18267/2025-2026/177697-Construction of boundary walls of existing public and community buildings","Tamil Nadu","KRISHNAGIRI(DISTRICT COLLECTOR KRISHNAGIRI_IDA)","RCC Slab Culvert with Retaining Wall at Pambukarankottai - Anjaneyar Koil Road in Billanakuppam Village and Pt.Billanakuppam Pt.","GOPINATH K","KRISHNAGIRI","Images","20-Nov-2025","988701"
"2634","Normal/Others","WS/MP18267/2025-2026/177698-Construction of boundary walls of existing public and community buildings","Tamil Nadu","KRISHNAGIRI(DISTRICT COLLECTOR KRISHNAGIRI_IDA)","CC Pavement in Anjaneyar Koil Road in Pambukaran Kottai Road of Billanakuppam Panchayat","GOPINATH K","KRISHNAGIRI","Images","20-Nov-2025","988802"
"2635","Normal/Others","WS/MP18267/2025-2026/178713-Installing community drinking water plants","Tamil Nadu","KRISHNAGIRI(DISTRICT COLLECTOR KRISHNAGIRI_IDA)","RO Plant at RV GHS in Hosur Corporation","GOPINATH K","KRISHNAGIRI","Images","15-Dec-2025","979379"
"2636","Normal/Others","WS/MP18267/2025-2026/178714-Installing community drinking water plants","Tamil Nadu","KRISHNAGIRI(DISTRICT COLLECTOR KRISHNAGIRI_IDA)","RO Plant at Ward No. 36 in Andivadi in Hosur Corporation","GOPINATH K","KRISHNAGIRI","Images","18-Dec-2025","979379"
"2637","Normal/Others","WS/MP18267/2025-2026/178740-Installing community drinking water plants","Tamil Nadu","KRISHNAGIRI(DISTRICT COLLECTOR KRISHNAGIRI_IDA)","RO Plant at PHC in pannandhur Village and Pt.","GOPINATH K","KRISHNAGIRI","Images","20-Mar-2026","942358"
"2638","Normal/Others","WS/MP18267/2025-2026/189097-Installing community drinking water plants","Tamil Nadu","KRISHNAGIRI(DISTRICT COLLECTOR KRISHNAGIRI_IDA)","RO Plant at Velampatti in Nagojanahalli TP","GOPINATH K","KRISHNAGIRI","Images","17-Mar-2026","999783"
"2639","Normal/Others","WS/MP18267/2025-2026/189098-Installing community drinking water plants","Tamil Nadu","KRISHNAGIRI(DISTRICT COLLECTOR KRISHNAGIRI_IDA)","RO Plant at N.thattakkalm in Nagojanahalli TP","GOPINATH K","KRISHNAGIRI","Images","17-Mar-2026","999783"
"2640","Normal/Others","WS/MP18267/2025-2026/189104-Installing community drinking water plants","Tamil Nadu","KRISHNAGIRI(DISTRICT COLLECTOR KRISHNAGIRI_IDA)","RO Plant at Chinna Elasagiri in HCMC","GOPINATH K","KRISHNAGIRI","Images","22-Jan-2026","948149"
"2641","Normal/Others","WS/MP18267/2025-2026/189105-Installing community drinking water plants","Tamil Nadu","KRISHNAGIRI(DISTRICT COLLECTOR KRISHNAGIRI_IDA)","RO Plant at SBM Colony - 37 th Ward in HCMC","GOPINATH K","KRISHNAGIRI","Images","18-Dec-2025","979379"
"2642","Normal/Others","WS/MP18267/2025-2026/189106-Installing community drinking water plants","Tamil Nadu","KRISHNAGIRI(DISTRICT COLLECTOR KRISHNAGIRI_IDA)","RO Plant at Mullai Nagar GBHSS in HCMC","GOPINATH K","KRISHNAGIRI","Images","22-Jan-2026","979379"
"2643","Normal/Others","WS/MP18267/2025-2026/189107-Installing community drinking water plants","Tamil Nadu","KRISHNAGIRI(DISTRICT COLLECTOR KRISHNAGIRI_IDA)","RO Plant at Alasanatham in HCMC","GOPINATH K","KRISHNAGIRI","Images","22-Jan-2026","975379"
"2644","Normal/Others","WS/MP18267/2025-2026/189109-Installing community drinking water plants","Tamil Nadu","KRISHNAGIRI(DISTRICT COLLECTOR KRISHNAGIRI_IDA)","RO Plant at Somanathapuram in Kurubarapalli in Veppanapalli Block","GOPINATH K","KRISHNAGIRI","Images","08-Apr-2026","984759"
"2645","Normal/Others","WS/MP18267/2025-2026/189122-Street lights","Tamil Nadu","KRISHNAGIRI(DISTRICT COLLECTOR KRISHNAGIRI_IDA)","Providing Hi Mast Light at 6 th Ward in HCMC","GOPINATH K","KRISHNAGIRI","Images","07-Nov-2025","640790"
"2646","Normal/Others","WS/MP18267/2025-2026/189126-Street lights","Tamil Nadu","KRISHNAGIRI(DISTRICT COLLECTOR KRISHNAGIRI_IDA)","Providing Hi Mast Light at Yarab Nagar in Denkanikottai TP","GOPINATH K","KRISHNAGIRI","Images","30-Dec-2025","649952"
"2647","Normal/Others","WS/MP18267/2025-2026/189129-Street lights","Tamil Nadu","KRISHNAGIRI(DISTRICT COLLECTOR KRISHNAGIRI_IDA)","Providing Hi Mast Light at Somanathapuram in Kurubarapalli Pt. in Veppanapalli Block","GOPINATH K","KRISHNAGIRI","Images","04-Mar-2026","499010"
"2648","Normal/Others","WS/MP18267/2025-2026/216590-Lighting of public spaces","Tamil Nadu","KRISHNAGIRI(DISTRICT COLLECTOR KRISHNAGIRI_IDA)","Providing High Mast Light at Alur Village and Pt.","GOPINATH K","KRISHNAGIRI","Images","05-Mar-2026","501630"
"2649","Normal/Others","WS/MP18267/2025-2026/216591-Lighting of public spaces","Tamil Nadu","KRISHNAGIRI(DISTRICT COLLECTOR KRISHNAGIRI_IDA)","Providing High Mast Light at Gajalandoddi in Chinnarandoddi Pt.","GOPINATH K","KRISHNAGIRI","Images","05-Mar-2026","500878"
"2650","Normal/Others","WS/MP18267/2025-2026/216592-Installing community drinking water plants","Tamil Nadu","KRISHNAGIRI(DISTRICT COLLECTOR KRISHNAGIRI_IDA)","Providing RO Plant at Telugu School Pattalamman Kovil Street in Denkanikottai Town Panchayat","GOPINATH K","KRISHNAGIRI","Images","25-Feb-2026","1000000"
"2651","Normal/Others","WS/MP18267/2025-2026/216593-Lighting of public spaces","Tamil Nadu","KRISHNAGIRI(DISTRICT COLLECTOR KRISHNAGIRI_IDA)","Providing 12.00 Mt. Mast LED Fittings at Gopal Theatre Circle Kelamangalam main Road in Denkanikottai Town Panchayat","GOPINATH K","KRISHNAGIRI","Images","30-Dec-2025","649952"
"2652","Normal/Others","WS/MP18267/2025-2026/243764-Construction of roads, link roads, pathways or any other road with or without drainage system","Tamil Nadu","KRISHNAGIRI(DISTRICT COLLECTOR KRISHNAGIRI_IDA)","CC Road with Retaining Wall at Millath Nagar in Shoolagiri","GOPINATH K","KRISHNAGIRI","Images","15-Dec-2025","968576"
"2653","Normal/Others","WS/MP18267/2025-2026/250871-Construction of roads, link roads, pathways or any other road with or without drainage system","Tamil Nadu","KRISHNAGIRI(DISTRICT COLLECTOR KRISHNAGIRI_IDA)","CC Pavement from Sathish House to Rathidevi House in Vengadathampatti Pt.","GOPINATH K","KRISHNAGIRI","Images","11-Mar-2026","645423"
"2654","Normal/Others","WS/MP18267/2025-2026/250873-Construction of roads, link roads, pathways or any other road with or without drainage system","Tamil Nadu","KRISHNAGIRI(DISTRICT COLLECTOR KRISHNAGIRI_IDA)","CC Pavement from Nagendran House to Viswanathan House in Sivananthapuram in Venkatapuram Pt.","GOPINATH K","KRISHNAGIRI","Images","28-Feb-2026","524022"
"2655","Normal/Others","WS/MP18267/2026-2027/260588-Construction of roads, link roads, pathways or any other road with or without drainage system","Tamil Nadu","KRISHNAGIRI(DISTRICT COLLECTOR KRISHNAGIRI_IDA)","CC Road from Thoppur BT Road to Vinayagar Koil (via) Kamal House near and Saritha House to Chithra House in Dhamodharahalli","GOPINATH K","KRISHNAGIRI","Images","14-May-2026","538463"
"2656","Normal/Others","WS/MP18312/2025-2026/154883-Construction of buildings for community cultural activities","Tamil Nadu","TIRUCHIRAPPALLI(DISTRICT COLLECTOR TIRUCHIRAPPALLI_IDA)","Construction of drama stage at Police Colony ground in Navalpattu  PT (2024-25).","DURAI VAIKO","TIRUCHIRAPPALLI","N/A","23-Dec-2025","899306"
"2657","Normal/Others","WS/MP18312/2025-2026/154884-Construction of buildings for crèches and anganwadies","Tamil Nadu","TIRUCHIRAPPALLI(DISTRICT COLLECTOR TIRUCHIRAPPALLI_IDA)","Construction of Anganwadi (ICDS) near Subramaniyapuram reservoir at Ward no:47 in TCC (2024-25).","DURAI VAIKO","TIRUCHIRAPPALLI","N/A","16-Oct-2025","1574803"
"2658","Normal/Others","WS/MP18312/2025-2026/154885-Construction of additional rooms and halls in the existing public and community building","Tamil Nadu","TIRUCHIRAPPALLI(DISTRICT COLLECTOR TIRUCHIRAPPALLI_IDA)","Construction of PDS centre at Ward no: 17 at Anna Nagar in TCC (2024-25).","DURAI VAIKO","TIRUCHIRAPPALLI","N/A","17-Mar-2026","1566133"
"2659","Normal/Others","WS/MP18312/2025-2026/154886-Construction of additional rooms and halls in the existing public and community building","Tamil Nadu","TIRUCHIRAPPALLI(DISTRICT COLLECTOR TIRUCHIRAPPALLI_IDA)","Construction of PDS centre at Ward no: 50 at Kajapettai Puthu Street in TCC (2024-25).","DURAI VAIKO","TIRUCHIRAPPALLI","N/A","16-Oct-2025","1582944"
"2660","Normal/Others","WS/MP18312/2025-2026/154887-Installing tube-wells and borewells","Tamil Nadu","TIRUCHIRAPPALLI(DISTRICT COLLECTOR TIRUCHIRAPPALLI_IDA)","New borewell with power pump and syntax tank at Karuvadupettai, Ward no: 18 in TCC (2024-25).","DURAI VAIKO","TIRUCHIRAPPALLI","N/A","08-Oct-2025","492407"
"2661","Normal/Others","WS/MP18312/2025-2026/154889-Installing tube-wells and borewells","Tamil Nadu","TIRUCHIRAPPALLI(DISTRICT COLLECTOR TIRUCHIRAPPALLI_IDA)","New borewell with power pump and syntax tank at Varakaneri Muslim Mettu Street, Ward no: 30 in TCC (2024-25).","DURAI VAIKO","TIRUCHIRAPPALLI","N/A","16-Oct-2025","488946"
"2662","Normal/Others","WS/MP18312/2025-2026/154890-Construction of additional rooms and halls in the existing public and community building","Tamil Nadu","TIRUCHIRAPPALLI(DISTRICT COLLECTOR TIRUCHIRAPPALLI_IDA)","Construction of PDS centre at Ward no: 43 at KK Nagar Burma Colony in TCC (2024-25).","DURAI VAIKO","TIRUCHIRAPPALLI","N/A","29-Sep-2025","1832032"
"2663","Normal/Others","WS/MP18312/2025-2026/163723-Construction of footpaths and pedestrian ways","Tamil Nadu","PUDUKKOTTAI(DISTRICT COLLECTOR PUDUKKOTTAI_IDA)","Construction of footpath and minor bridge around Krishnathu Oorani kulakarai in Keeranur Town Panchayat","DURAI VAIKO","TIRUCHIRAPPALLI","Images","29-Jan-2026","1000000"
"2664","Normal/Others","WS/MP18312/2025-2026/163724-Construction of additional rooms and halls in the existing public and community building","Tamil Nadu","PUDUKKOTTAI(DISTRICT COLLECTOR PUDUKKOTTAI_IDA)","PDS shop construction at Vellalaviduthi Panchayat","DURAI VAIKO","TIRUCHIRAPPALLI","Images","08-Jan-2026","1355091"
"2665","Normal/Others","WS/MP18312/2025-2026/163725-Construction of community centers and community halls","Tamil Nadu","PUDUKKOTTAI(DISTRICT COLLECTOR PUDUKKOTTAI_IDA)","PDS Shop construction at Sengamedu Panchayat- Pathuthaku","DURAI VAIKO","TIRUCHIRAPPALLI","Images","05-Dec-2025","998908"
"2666","Normal/Others","WS/MP18312/2025-2026/163726-Construction of common work sheds/ common covered sitting area","Tamil Nadu","PUDUKKOTTAI(DISTRICT COLLECTOR PUDUKKOTTAI_IDA)","Anganwadi building construction at Sundampatti Pt.","DURAI VAIKO","TIRUCHIRAPPALLI","Images","22-Dec-2025","1399427"
"2667","Normal/Others","WS/MP18312/2025-2026/163727-Construction of community centers and community halls","Tamil Nadu","PUDUKKOTTAI(DISTRICT COLLECTOR PUDUKKOTTAI_IDA)","PDS Shop construction at Puduviduthi Pt.","DURAI VAIKO","TIRUCHIRAPPALLI","Images","27-Apr-2026","995139"
"2668","Normal/Others","WS/MP18312/2025-2026/163728-Construction of bus-sheds or bus-stops","Tamil Nadu","PUDUKKOTTAI(DISTRICT COLLECTOR PUDUKKOTTAI_IDA)","Bus shelter construction at Karuppudayanpatti Pt- school near Kalaiyarangam (opp.) (Pudukottai Block)","DURAI VAIKO","TIRUCHIRAPPALLI","N/A","03-Sep-2025","799581"
"2669","Normal/Others","WS/MP18312/2025-2026/163729-Lighting of public spaces","Tamil Nadu","PUDUKKOTTAI(DISTRICT COLLECTOR PUDUKKOTTAI_IDA)","High Mass light installation- Junction of South 4th street and West 4th street- Pudukottai Corporation","DURAI VAIKO","TIRUCHIRAPPALLI","N/A","17-Jun-2025","700000"
"2670","Normal/Others","WS/MP18312/2025-2026/163730-Construction of community centers and community halls","Tamil Nadu","PUDUKKOTTAI(DISTRICT COLLECTOR PUDUKKOTTAI_IDA)","Kalaiyarangam construction at Maravapatti (Kavinadu West)","DURAI VAIKO","TIRUCHIRAPPALLI","Images","20-Nov-2025","699297"
"2671","Normal/Others","WS/MP18312/2025-2026/163795-Construction of buildings for crèches and anganwadies","Tamil Nadu","PUDUKKOTTAI(DISTRICT COLLECTOR PUDUKKOTTAI_IDA)","Construction of Anganwadi Building at Eegai Nagar in Keeranur TP.","DURAI VAIKO","TIRUCHIRAPPALLI","Images","02-Apr-2026","1400000"
"2672","Normal/Others","WS/MP18312/2025-2026/163924-Construction of community centers and community halls","Tamil Nadu","PUDUKKOTTAI(DISTRICT COLLECTOR PUDUKKOTTAI_IDA)","Kunnandarkoil PU, T. Keelaiyur VP, Nachiyarpatti- Kalaiyarangam construction","DURAI VAIKO","TIRUCHIRAPPALLI","Images","24-Apr-2026","699470"
"2673","Normal/Others","WS/MP18312/2025-2026/163926-Construction of community centers and community halls","Tamil Nadu","PUDUKKOTTAI(DISTRICT COLLECTOR PUDUKKOTTAI_IDA)","Kunnandarkoil PU, Visalur VP, Sivagamipuram- Kalaiyarangam","DURAI VAIKO","TIRUCHIRAPPALLI","Images","06-May-2026","699818"
"2674","Normal/Others","WS/MP18312/2025-2026/163929-Construction of roads, link roads, pathways or any other road with or without drainage system","Tamil Nadu","PUDUKKOTTAI(DISTRICT COLLECTOR PUDUKKOTTAI_IDA)","Pudukottai South PU, Thirumalairaya samuthiram VP- Road Construction","DURAI VAIKO","TIRUCHIRAPPALLI","N/A","14-May-2025","999639"
"2675","Normal/Others","WS/MP18312/2025-2026/163930-Construction of bus-sheds or bus-stops","Tamil Nadu","PUDUKKOTTAI(DISTRICT COLLECTOR PUDUKKOTTAI_IDA)","Pudukottai PU, Thondaiman viduthi VP, Bus stop in Vadavalam- Pudupatti Road (Adi Dravidar Colony)","DURAI VAIKO","TIRUCHIRAPPALLI","N/A","30-Aug-2025","799472"
"2676","Normal/Others","WS/MP18312/2025-2026/163932-Construction of bus-sheds or bus-stops","Tamil Nadu","PUDUKKOTTAI(DISTRICT COLLECTOR PUDUKKOTTAI_IDA)","Pudukottai PU, Vadavalam VP, Ichhadi - Bus shed","DURAI VAIKO","TIRUCHIRAPPALLI","Images","30-Oct-2025","999719"
"2677","Normal/Others","WS/MP18312/2025-2026/165066-Construction of public toilets and bathrooms","Tamil Nadu","TIRUCHIRAPPALLI(DISTRICT COLLECTOR TIRUCHIRAPPALLI_IDA)","Construction of public toilet at North Indira Nagar 40th Ward Tiruchirappalli Corporation Thiruverumpur","DURAI VAIKO","TIRUCHIRAPPALLI","N/A","17-Feb-2026","996127"
"2678","Normal/Others","WS/MP18312/2025-2026/166170-Lighting of public spaces","Tamil Nadu","TIRUCHIRAPPALLI(DISTRICT COLLECTOR TIRUCHIRAPPALLI_IDA)","Mini High Mast Light on Trichy- Thanjavur NH- near Uzhavar Santhai (Ward no 8)","DURAI VAIKO","TIRUCHIRAPPALLI","N/A","07-Jul-2025","425000"
"2679","Normal/Others","WS/MP18312/2025-2026/166171-Lighting of public spaces","Tamil Nadu","TIRUCHIRAPPALLI(DISTRICT COLLECTOR TIRUCHIRAPPALLI_IDA)","Mini High Mast Light in Ward no 18 Ravothaan Road Bhel Nagar approach road","DURAI VAIKO","TIRUCHIRAPPALLI","N/A","07-Jul-2025","425000"
"2680","Normal/Others","WS/MP18312/2025-2026/169638-Construction of community centers and community halls","Tamil Nadu","PUDUKKOTTAI(DISTRICT COLLECTOR PUDUKKOTTAI_IDA)","Naadaka Kalaiyarankam near Gandarvakottai Komapuram Kovil","DURAI VAIKO","TIRUCHIRAPPALLI","Images","12-Dec-2025","799207"
"2681","Normal/Others","WS/MP18312/2025-2026/170125-Construction of roads, link roads, pathways or any other road with or without drainage system","Tamil Nadu","PUDUKKOTTAI(DISTRICT COLLECTOR PUDUKKOTTAI_IDA)","Paver Block laying in Othha Theru, Ward No.15 in Pudukottai","DURAI VAIKO","TIRUCHIRAPPALLI","N/A","30-Dec-2025","300000"
"2682","Normal/Others","WS/MP18312/2025-2026/170126-Construction of roads, link roads, pathways or any other road with or without drainage system","Tamil Nadu","PUDUKKOTTAI(DISTRICT COLLECTOR PUDUKKOTTAI_IDA)","Paver Block laying in Ganesh Nagar, Ward no. 15 in Pudukottai","DURAI VAIKO","TIRUCHIRAPPALLI","N/A","30-Dec-2025","1100000"
"2683","Normal/Others","WS/MP18312/2025-2026/181187-Construction of buildings for community cultural activities","Tamil Nadu","TIRUCHIRAPPALLI(DISTRICT COLLECTOR TIRUCHIRAPPALLI_IDA)","Construction of PDS Shop in Ward No 59, Mannarpuram Middle street,  Near Old RTO Office","DURAI VAIKO","TIRUCHIRAPPALLI","N/A","11-Dec-2025","1690554"
"2684","Normal/Others","WS/MP18312/2025-2026/181188-Construction of bus-sheds or bus-stops","Tamil Nadu","TIRUCHIRAPPALLI(DISTRICT COLLECTOR TIRUCHIRAPPALLI_IDA)","construction of the Bus shed in Ward No 5  (Thiruvanaikovil Trichy Chennai Trunk Road (Samayapuram Bus Stand)","DURAI VAIKO","TIRUCHIRAPPALLI","N/A","06-Jan-2026","1497363"
"2685","Normal/Others","WS/MP18312/2025-2026/181247-Construction of bus-sheds or bus-stops","Tamil Nadu","TIRUCHIRAPPALLI(DISTRICT COLLECTOR TIRUCHIRAPPALLI_IDA)","construction of Payaniyar nilar kudai (Bus shed) in Thuvakudi municipality, near the Government Arts College","DURAI VAIKO","TIRUCHIRAPPALLI","N/A","19-Dec-2025","750000"
"2686","Normal/Others","WS/MP18312/2025-2026/183160-Construction of buildings for community cultural activities","Tamil Nadu","TIRUCHIRAPPALLI(DISTRICT COLLECTOR TIRUCHIRAPPALLI_IDA)","Construction of PDS shop in Andhanallur Union, Maruthandakuruchi","DURAI VAIKO","TIRUCHIRAPPALLI","N/A","27-Feb-2026","1329305"
"2687","Normal/Others","WS/MP18312/2025-2026/183161-Construction of bus-sheds or bus-stops","Tamil Nadu","TIRUCHIRAPPALLI(DISTRICT COLLECTOR TIRUCHIRAPPALLI_IDA)","construction of BUS Shed in Manikandam Union, Ammapettai Panchayat, Poolangulathupatti","DURAI VAIKO","TIRUCHIRAPPALLI","N/A","24-Feb-2026","698521"
"2688","Normal/Others","WS/MP18312/2025-2026/183162-Construction of buildings for community cultural activities","Tamil Nadu","TIRUCHIRAPPALLI(DISTRICT COLLECTOR TIRUCHIRAPPALLI_IDA)","construction of Drama stage in Manikandam Union, Alundur Arulmigu Varaguneswarar  temple","DURAI VAIKO","TIRUCHIRAPPALLI","N/A","02-Jan-2026","998784"
"2689","Normal/Others","WS/MP18312/2025-2026/187829-Construction of buildings for community cultural activities","Tamil Nadu","PUDUKKOTTAI(DISTRICT COLLECTOR PUDUKKOTTAI_IDA)","Construction of Anganwadi Center in Kandarvakottai Union, Pisanathur Panchayat, Pisanathur Village","DURAI VAIKO","TIRUCHIRAPPALLI","Images","09-Jan-2026","650000"
"2690","Normal/Others","WS/MP18312/2025-2026/187830-Construction of bus-sheds or bus-stops","Tamil Nadu","TIRUCHIRAPPALLI(DISTRICT COLLECTOR TIRUCHIRAPPALLI_IDA)","Construction of BUS SHED in Andhanallur Union, Kambarasampettai","DURAI VAIKO","TIRUCHIRAPPALLI","N/A","24-Dec-2025","598514"
"2691","Normal/Others","WS/MP18312/2025-2026/187832-Construction of buildings for community cultural activities","Tamil Nadu","PUDUKKOTTAI(DISTRICT COLLECTOR PUDUKKOTTAI_IDA)","Construction of Anganwadi Center in Pudukottai Union, Vadavalam Panchayat, Vadavalam Mela Theru","DURAI VAIKO","TIRUCHIRAPPALLI","N/A","22-Dec-2025","650000"
"2692","Normal/Others","WS/MP18312/2025-2026/211589-Construction of bus-sheds or bus-stops","Tamil Nadu","TIRUCHIRAPPALLI(DISTRICT COLLECTOR TIRUCHIRAPPALLI_IDA)","Construction of a Bus Shed at Thiruvarangam Assembly Constituency Sirugamani Town Panchayat Pettavaithalai (2025-2026 fund)","DURAI VAIKO","TIRUCHIRAPPALLI","Images","16-Mar-2026","700000"
"2693","Normal/Others","WS/MP18312/2025-2026/211594-Construction of bus-sheds or bus-stops","Tamil Nadu","TIRUCHIRAPPALLI(DISTRICT COLLECTOR TIRUCHIRAPPALLI_IDA)","Construction of a Bus Shed at Thiruvarangam Assembly Constituency Sirugamani Town Panchayat Thiruvalluvar 3rd Ward (2025-2026 fund)","DURAI VAIKO","TIRUCHIRAPPALLI","Images","16-Mar-2026","700000"
"2694","Normal/Others","WS/MP18312/2025-2026/211645-Construction of toilet blocks","Tamil Nadu","TIRUCHIRAPPALLI(DISTRICT COLLECTOR TIRUCHIRAPPALLI_IDA)","Construction of two toilets at the Panchayat Primary School in Sethurapatti Panchayat Thiruvarangam Assembly Constituency (2025-2026 fund)","DURAI VAIKO","TIRUCHIRAPPALLI","N/A","20-Feb-2026","249559"
"2695","Normal/Others","WS/MP18312/2026-2027/211720-Construction of buildings for community cultural activities","Tamil Nadu","TIRUCHIRAPPALLI(DISTRICT COLLECTOR TIRUCHIRAPPALLI_IDA)","Construction of a PDS  shop at Tiruchirappalli Corporation Ward 44 Melakalkandarkottai Nagammai Veedhi visthiripiriyal (2025-2026 fund)","DURAI VAIKO","TIRUCHIRAPPALLI","Images","13-Aug-2026","1573823"
"2696","Normal/Others","WS/MP18312/2025-2026/212623-Construction of buildings for community cultural activities","Tamil Nadu","TIRUCHIRAPPALLI(DISTRICT COLLECTOR TIRUCHIRAPPALLI_IDA)","Construction of a PDS Shop at Tiruchirappalli Corporation Ward 64, Udayanpatti, Anandaraj Nagar (2025-2026 fund)","DURAI VAIKO","TIRUCHIRAPPALLI","N/A","17-Mar-2026","1669485"
"2697","Normal/Others","WS/MP18312/2025-2026/213186-Construction of water tanks","Tamil Nadu","PUDUKKOTTAI(DISTRICT COLLECTOR PUDUKKOTTAI_IDA)","Construction of 30000 liter overhead water tank in Pallavarayanpathai village, Pallavarayanpathai panchayat, Karambakudi panchayat union, Pudukkottai district (2025-2026 fund)","DURAI VAIKO","TIRUCHIRAPPALLI","N/A","06-May-2026","1798024"
"2698","Normal/Others","WS/MP18312/2025-2026/224359-Purchase of hospital equipment","Tamil Nadu","TIRUCHIRAPPALLI(DISTRICT COLLECTOR TIRUCHIRAPPALLI_IDA)","Purchase of Defibrillator with External Pacemaker and Defibrillator with External Pacemaker With Real time CPR medical equipment for Thiruvarangam Government Hospital","DURAI VAIKO","TIRUCHIRAPPALLI","N/A","20-Dec-2025","588000"
"2699","Normal/Others","WS/MP18312/2025-2026/224430-Construction of buildings for community cultural activities","Tamil Nadu","TIRUCHIRAPPALLI(DISTRICT COLLECTOR TIRUCHIRAPPALLI_IDA)","Construction of a Seerani Arangam(Drama Stage) at Chathirapatti, Kannudayanpatti Panchayat,  Manapparai Panchayat Union, Thiruvarangam Assembly Constituency","DURAI VAIKO","TIRUCHIRAPPALLI","N/A","06-Feb-2026","998508"
"2700","Normal/Others","WS/MP18312/2025-2026/224445-Construction of buildings for community cultural activities","Tamil Nadu","PUDUKKOTTAI(DISTRICT COLLECTOR PUDUKKOTTAI_IDA)","Construction of a Seerani Arangam in Pudukkottai District Pudukkottai Assembly Constituency Karambakkudi Union Panchayat Karupattipatti near Madurai Veeran Temple","DURAI VAIKO","TIRUCHIRAPPALLI","Images","20-Mar-2026","995211"
"2701","Normal/Others","WS/MP18384/2024-2025/177799-Construction of cycle tracks, cycle stand and segregated non-motorized vehicle (NMV) lanes","Tamil Nadu","THIRUVARUR(DISTRICT COLLECTOR THIRUVARUR_IDA)","Construction of Cycle Stand at Government Higher Secondary School, Avoor","SELVARAJ V","NAGAPATTINAM(SC)","Images","05-Nov-2025","999337"
"2702","Normal/Others","WS/MP18384/2025-2026/177812-Construction of rooms and facilities for hospitals, FWC , PHC Centers and ANM centers","Tamil Nadu","THIRUVARUR(DISTRICT COLLECTOR THIRUVARUR_IDA)","Construction of Compound Wall to Kodikalpalayam Govt. Primary Health Centre","SELVARAJ V","NAGAPATTINAM(SC)","Images","05-Mar-2026","1000000"
"2703","Normal/Others","WS/MP18384/2025-2026/177813-Lighting of public spaces","Tamil Nadu","THIRUVARUR(DISTRICT COLLECTOR THIRUVARUR_IDA)","Installation of Hi-Mast Light opposite side of  Tiruvarur Panchayat Union Office","SELVARAJ V","NAGAPATTINAM(SC)","Images","15-Nov-2025","480000"
"2704","Normal/Others","WS/MP18384/2025-2026/177814-Construction of culverts and bridges","Tamil Nadu","THIRUVARUR(DISTRICT COLLECTOR THIRUVARUR_IDA)","Construction of Bathing Ghat and Retaining Wall at Sothiriyam Mariyamman Temple Tank","SELVARAJ V","NAGAPATTINAM(SC)","Images","10-Sep-2025","1349680"
"2705","Normal/Others","WS/MP18384/2025-2026/177816-Construction of culverts and bridges","Tamil Nadu","THIRUVARUR(DISTRICT COLLECTOR THIRUVARUR_IDA)","Construction of Culvert at Thalayarikulam in Thazhakudi Village","SELVARAJ V","NAGAPATTINAM(SC)","Images","08-Dec-2025","699546"
"2706","Normal/Others","WS/MP18384/2025-2026/177828-Crematoriums/energy efficient crematoriums or structures on burial/cremation ground","Tamil Nadu","THIRUVARUR(DISTRICT COLLECTOR THIRUVARUR_IDA)","Construction of Cremation Shed to Kamarajar (SC) Street at Main Road","SELVARAJ V","NAGAPATTINAM(SC)","Images","25-Oct-2025","398219"
"2707","Normal/Others","WS/MP18384/2025-2026/177830-Crematoriums/energy efficient crematoriums or structures on burial/cremation ground","Tamil Nadu","THIRUVARUR(DISTRICT COLLECTOR THIRUVARUR_IDA)","Construction of Cremation Shed at Main Road in Kottur Panchayat","SELVARAJ V","NAGAPATTINAM(SC)","Images","25-Oct-2025","395162"
"2708","Normal/Others","WS/MP18384/2024-2025/177831-Crematoriums/energy efficient crematoriums or structures on burial/cremation ground","Tamil Nadu","THIRUVARUR(DISTRICT COLLECTOR THIRUVARUR_IDA)","Construction of Cremation Shed to South AD Street in Karuppur Village in Keezhavidayal Panchayat","SELVARAJ V","NAGAPATTINAM(SC)","Images","14-Oct-2025","399750"
"2709","Normal/Others","WS/MP18384/2024-2025/177832-Construction of culverts and bridges","Tamil Nadu","THIRUVARUR(DISTRICT COLLECTOR THIRUVARUR_IDA)","Construction of Culvert to South AD Street Burial Ground Road","SELVARAJ V","NAGAPATTINAM(SC)","N/A","14-Oct-2025","399761"
"2710","Normal/Others","WS/MP18384/2024-2025/177833-Lighting of public spaces","Tamil Nadu","THIRUVARUR(DISTRICT COLLECTOR THIRUVARUR_IDA)","Installation of Hi-mast light near by Narasingamangalam Bridge in Kandiyar Panchayat","SELVARAJ V","NAGAPATTINAM(SC)","Images","13-Oct-2025","480000"
"2711","Normal/Others","WS/MP18384/2024-2025/177834-Construction of bus-sheds or bus-stops","Tamil Nadu","THIRUVARUR(DISTRICT COLLECTOR THIRUVARUR_IDA)","Construction of Bus Shelter at Koothalur Panchayat","SELVARAJ V","NAGAPATTINAM(SC)","Images","29-Sep-2025","499773"
"2712","Normal/Others","WS/MP18384/2024-2025/177835-Crematoriums/energy efficient crematoriums or structures on burial/cremation ground","Tamil Nadu","THIRUVARUR(DISTRICT COLLECTOR THIRUVARUR_IDA)","Construction of BC Cremation Shed at Pulichakadi in Neikuppai Panchayat","SELVARAJ V","NAGAPATTINAM(SC)","Images","29-Sep-2025","399824"
"2713","Normal/Others","WS/MP18384/2024-2025/177836-Crematoriums/energy efficient crematoriums or structures on burial/cremation ground","Tamil Nadu","THIRUVARUR(DISTRICT COLLECTOR THIRUVARUR_IDA)","Construction of BC Cremation Shed at Neduncheri Panchayat","SELVARAJ V","NAGAPATTINAM(SC)","Images","27-Jan-2026","399869"
"2714","Normal/Others","WS/MP18384/2025-2026/177837-Providing supply pipelines for drinking water","Tamil Nadu","THIRUVARUR(DISTRICT COLLECTOR THIRUVARUR_IDA)","Extension of Pipe line to Ground Lever Reservoir at Kattimedu Panchayat","SELVARAJ V","NAGAPATTINAM(SC)","Images","24-Sep-2025","1608982"
"2715","Normal/Others","WS/MP18384/2024-2025/177838-Construction of footpaths and pedestrian ways","Tamil Nadu","THIRUVARUR(DISTRICT COLLECTOR THIRUVARUR_IDA)","Construction of Cement Road 120 m. at Melatheru in Perugavazhdhan Panchayat","SELVARAJ V","NAGAPATTINAM(SC)","Images","17-Jun-2025","1099773"
"2716","Normal/Others","WS/MP18384/2024-2025/177839-Construction of boundary walls of existing public and community buildings","Tamil Nadu","THIRUVARUR(DISTRICT COLLECTOR THIRUVARUR_IDA)","Construction of Retaining Wall at Angadi Road South Channel in Meenambanallur Village","SELVARAJ V","NAGAPATTINAM(SC)","Images","29-Jul-2025","999900"
"2717","Normal/Others","WS/MP18384/2024-2025/177840-Construction of water tanks","Tamil Nadu","THIRUVARUR(DISTRICT COLLECTOR THIRUVARUR_IDA)","Construction of Ground Level Water Reservoir at Uppukaratheru Boys School","SELVARAJ V","NAGAPATTINAM(SC)","Images","16-Feb-2026","1600000"
"2718","Normal/Others","WS/MP18384/2024-2025/177841-Construction of toilet blocks","Tamil Nadu","THIRUVARUR(DISTRICT COLLECTOR THIRUVARUR_IDA)","Construction of Toilet at Panchayat Union Middle School in North Street at Thiruthuraipooni (Mini CSC Type)","SELVARAJ V","NAGAPATTINAM(SC)","Images","14-Aug-2025","200000"
"2719","Normal/Others","WS/MP18384/2025-2026/177858-Construction of roads, link roads, pathways or any other road with or without drainage system","Tamil Nadu","THIRUVARUR(DISTRICT COLLECTOR THIRUVARUR_IDA)","Improvement of BT to Ganthi Nagar to Thajudeen Nagar in Poonthottam Village in Agarathirumalam Panchayat","SELVARAJ V","NAGAPATTINAM(SC)","Images","24-Oct-2025","1195787"
"2720","Normal/Others","WS/MP18384/2025-2026/204835-Construction of bus-sheds or bus-stops","Tamil Nadu","THIRUVARUR(DISTRICT COLLECTOR THIRUVARUR_IDA)","Construction of Bus Shelter at Aalangudi Panchayat of Valangaiman Block","SELVARAJ V","NAGAPATTINAM(SC)","Images","01-Sep-2026","3963845"
"2721","Normal/Others","WS/MP18384/2025-2026/204837-Construction of bus-sheds or bus-stops","Tamil Nadu","THIRUVARUR(DISTRICT COLLECTOR THIRUVARUR_IDA)","Construction of Bus Shelter near by Kalappal Govt. Hr. Sec. School","SELVARAJ V","NAGAPATTINAM(SC)","Images","20-Aug-2026","3992983"
"2722","Normal/Others","WS/MP18384/2025-2026/204838-Construction of bus-sheds or bus-stops","Tamil Nadu","THIRUVARUR(DISTRICT COLLECTOR THIRUVARUR_IDA)","Construction of Bus Shelter entrance of Tiruvarur Medical College","SELVARAJ V","NAGAPATTINAM(SC)","Images","19-Aug-2026","800000"
"2723","Normal/Others","WS/MP18384/2025-2026/204840-Construction of bus-sheds or bus-stops","Tamil Nadu","THIRUVARUR(DISTRICT COLLECTOR THIRUVARUR_IDA)","Construction of Bus Shelter entrance of Tiruvarur District Court","SELVARAJ V","NAGAPATTINAM(SC)","Images","19-Aug-2026","799536"
"2724","Normal/Others","WS/MP18384/2025-2026/210405-Construction of roads, link roads, pathways or any other road with or without drainage system","Tamil Nadu","NAGAPATTINAM(DISTRICT COLLECTOR NAGAPATTINAM_4)","Providing 2 layer WBM and BT Road for Nallamuthu Muthaliyar Street at Sikkal Panchayat KM 0-0-0-311","SELVARAJ V","NAGAPATTINAM(SC)","N/A","27-Nov-2025","999849"
"2725","Normal/Others","WS/MP18384/2026-2027/210406-Construction of roads, link roads, pathways or any other road with or without drainage system","Tamil Nadu","NAGAPATTINAM(DISTRICT COLLECTOR NAGAPATTINAM_4)","PROVIDING SINGLE LAYER WBM and BT ROAD FROM THE PILLAYAR KOIL TO BALAIYAN HOME AT SERVAIKARAN THOPPU VADAVUR PANCHAYAT OF NAGAPATTINAM BLOCK 0-0-0-362","SELVARAJ V","NAGAPATTINAM(SC)","Images","15-May-2026","999362"
"2726","Normal/Others","WS/MP18384/2026-2027/210419-Construction of bus-sheds or bus-stops","Tamil Nadu","NAGAPATTINAM(DISTRICT COLLECTOR NAGAPATTINAM_4)","CONSTRUCTION OF BUS SHELTER FOR PUTHUR AT KARAIYUR PANCHAYAT OF THIRUMARUGAL BLOCK","SELVARAJ V","NAGAPATTINAM(SC)","Images","02-Sep-2026","599435"
"2727","Normal/Others","WS/MP18384/2025-2026/210423-Construction of bus-sheds or bus-stops","Tamil Nadu","NAGAPATTINAM(DISTRICT COLLECTOR NAGAPATTINAM_4)","CONSTRUCTION OF BUS SHELTER FOR UNDIYALADI AREA AT ANNAPETTAI OF ANNAPETTAI PANCHAYAT - Vanduvancherry Rev Village - VEDARANYAM BLOCK","SELVARAJ V","NAGAPATTINAM(SC)","Images","17-Dec-2025","756835"
"2728","Normal/Others","WS/MP18384/2025-2026/210468-Street lights","Tamil Nadu","NAGAPATTINAM(DISTRICT COLLECTOR NAGAPATTINAM_4)","INSTALLATION OF HIGHMAST LIGHT FOR ANTHAKUDI BAZAAR AT ANTHAKUDI PANCHAYAT OF KILVELUR BLOCK","SELVARAJ V","NAGAPATTINAM(SC)","Images","28-Nov-2025","480000"
"2729","Normal/Others","WS/MP18384/2025-2026/210469-Construction of roads, link roads, pathways or any other road with or without drainage system","Tamil Nadu","NAGAPATTINAM(DISTRICT COLLECTOR NAGAPATTINAM_4)","PROVIDING OF BT ROAD AT PANCHANATHIKULAM WEST KONDANKADU SOUTH NORTH ISTHUBI   SALAI 0-0-0-640","SELVARAJ V","NAGAPATTINAM(SC)","Images","15-Oct-2025","2910947"
"2730","Normal/Others","WS/MP18384/2025-2026/241495-Lighting of public spaces","Tamil Nadu","THIRUVARUR(DISTRICT COLLECTOR THIRUVARUR_IDA)","Erection of Hi Mast light at Bi pass west side in Narthangudi Panchayat","SELVARAJ V","NAGAPATTINAM(SC)","Images","14-Oct-2025","480000"
"2731","Normal/Others","WS/MP18384/2025-2026/241496-Lighting of public spaces","Tamil Nadu","THIRUVARUR(DISTRICT COLLECTOR THIRUVARUR_IDA)","Erection of Hi mast light near Rakkapperumal Temple in Koradachery - Kodavasal main Road in Pathur Panchayat","SELVARAJ V","NAGAPATTINAM(SC)","Images","08-Dec-2025","480000"
"2732","Normal/Others","WS/MP18384/2025-2026/241497-Lighting of public spaces","Tamil Nadu","THIRUVARUR(DISTRICT COLLECTOR THIRUVARUR_IDA)","Erection of Hi mast light at Main road in Bharathimoolangudi Panchayat","SELVARAJ V","NAGAPATTINAM(SC)","Images","14-Oct-2025","480000"
"2733","Normal/Others","WS/MP18384/2025-2026/241498-Purchase of books and periodicals for libraries/digitization of library books","Tamil Nadu","THIRUVARUR(DISTRICT COLLECTOR THIRUVARUR_IDA)","Supply of Furniture for Pullamangalam Govt. Hr. Sec. School Library in Pullamangalam Panchayat","SELVARAJ V","NAGAPATTINAM(SC)","Images","18-Dec-2025","200000"
"2734","Normal/Others","WS/MP18384/2025-2026/241499-Lighting of public spaces","Tamil Nadu","THIRUVARUR(DISTRICT COLLECTOR THIRUVARUR_IDA)","Erection of Hi mast light at Main road in Sithanakkudi Panchayat","SELVARAJ V","NAGAPATTINAM(SC)","Images","14-Oct-2025","480000"
"2735","Normal/Others","WS/MP18384/2025-2026/241500-Lighting of public spaces","Tamil Nadu","THIRUVARUR(DISTRICT COLLECTOR THIRUVARUR_IDA)","Erection of Hi mast light at Main road in Velukkudi Panchayat","SELVARAJ V","NAGAPATTINAM(SC)","Images","14-Oct-2025","480000"
"2736","Normal/Others","WS/MP18384/2025-2026/241501-Lighting of public spaces","Tamil Nadu","THIRUVARUR(DISTRICT COLLECTOR THIRUVARUR_IDA)","Erection of Hi mast light at 4th Ward Vellamathagu Colony Bi pass road and koradachery junction in Koradachery Town Pts","SELVARAJ V","NAGAPATTINAM(SC)","Images","04-Feb-2026","480000"
"2737","Normal/Others","WS/MP18384/2025-2026/250214-Lighting of public spaces","Tamil Nadu","THIRUVARUR(DISTRICT COLLECTOR THIRUVARUR_IDA)","Installation of Hi Mast Light near Kallupalam at Ward No. 15 in Tiruvarur Municipality  9m. Height, 150W and 5 LED","SELVARAJ V","NAGAPATTINAM(SC)","Images","02-Mar-2026","480000"
"2738","Normal/Others","WS/MP18384/2025-2026/250215-Lighting of public spaces","Tamil Nadu","THIRUVARUR(DISTRICT COLLECTOR THIRUVARUR_IDA)","Installation of Hi-Mast Light bypass road near Iriyarul Traders at Ward No. 28 in Tiruvarur Municipality (9m. Height, 150W and 5 LED)","SELVARAJ V","NAGAPATTINAM(SC)","N/A","02-Mar-2026","480000"
"2739","Normal/Others","WS/MP18384/2025-2026/259034-Construction of public irrigation facilities","Tamil Nadu","THIRUVARUR(DISTRICT COLLECTOR THIRUVARUR_IDA)","Construction of Bathing Ghat at Vennar River opposite side of Telungu Street","SELVARAJ V","NAGAPATTINAM(SC)","Images","25-Aug-2026","497516"
"2740","Normal/Others","WS/MP18384/2025-2026/259036-Lighting of public spaces","Tamil Nadu","THIRUVARUR(DISTRICT COLLECTOR THIRUVARUR_IDA)","Installation of Hi-Mast Light near by New Bus Stand at Tiruvarur Road (9m. Height, 150 W, 5 LED)","SELVARAJ V","NAGAPATTINAM(SC)","Images","17-Aug-2026","480000"
"2741","Normal/Others","WS/MP18384/2025-2026/259037-Lighting of public spaces","Tamil Nadu","THIRUVARUR(DISTRICT COLLECTOR THIRUVARUR_IDA)","Installation of Hi-Mast Light near by Marakadai Bus Stop at Mannai Road (9m. Height, 150 W, 5 LED)","SELVARAJ V","NAGAPATTINAM(SC)","Images","17-Aug-2026","480000"
"2742","Normal/Others","WS/MP18384/2025-2026/259038-Lighting of public spaces","Tamil Nadu","THIRUVARUR(DISTRICT COLLECTOR THIRUVARUR_IDA)","Installation of Hi-Mast List at four road junction in Chinnakoothanallur (9m. Height, 150 W, 5 LED)","SELVARAJ V","NAGAPATTINAM(SC)","Images","17-Aug-2026","480000"
"2743","Normal/Others","WS/MP18384/2025-2026/259039-Lighting of public spaces","Tamil Nadu","THIRUVARUR(DISTRICT COLLECTOR THIRUVARUR_IDA)","Installation of Hi-Mast light near by Koraiyaru Bridge 9m. Height, 150 W, 5 LED)","SELVARAJ V","NAGAPATTINAM(SC)","Images","17-Aug-2026","480000"
"2744","Normal/Others","WS/MP18384/2025-2026/259040-Lighting of public spaces","Tamil Nadu","THIRUVARUR(DISTRICT COLLECTOR THIRUVARUR_IDA)","Installation of Hi-Mast light near by Central Fish Market (9m. Height, 150 W, 5 LED)","SELVARAJ V","NAGAPATTINAM(SC)","Images","17-Aug-2026","480000"
"2745","Normal/Others","WS/MP18384/2025-2026/259042-Lighting of public spaces","Tamil Nadu","THIRUVARUR(DISTRICT COLLECTOR THIRUVARUR_IDA)","Installation of Hi-Mast light near by Allikeni Play Ground in Rahmaniya Street (9m. Height, 150 W, 5 LED)","SELVARAJ V","NAGAPATTINAM(SC)","Images","17-Aug-2026","480000"
"2746","Normal/Others","WS/MP18384/2026-2027/292762-Construction of roads, link roads, pathways or any other road with or without drainage system","Tamil Nadu","THIRUVARUR(DISTRICT COLLECTOR THIRUVARUR_IDA)","BT to Esanakudi Mariyammankoil Street Road in Puzhuthikkudi Panchayat","SELVARAJ V","NAGAPATTINAM(SC)","Images","20-Aug-2026","577937"
"2747","Normal/Others","WS/MP18394/2024-2025/141916-Construction of water tanks","Tamil Nadu","NAMAKKAL(DISTRICT COLLECTOR NAMAKKAL_IDA)","Construction of OHT (30000 Lr.) at Ward No.13 Senthamagalem Town Panchayat","V S Matheswaran","NAMAKKAL","Images","08-Oct-2025","1140000"
"2748","Normal/Others","WS/MP18394/2024-2025/143009-Providing drains and gutters for public drainage","Tamil Nadu","NAMAKKAL(DISTRICT COLLECTOR NAMAKKAL_IDA)","Providing Drainage from wart No.7 Nangudiyar main road Karunanidhi House to Arasamaram Bustop in  KALAPPANAICKENPATTI TP","V S Matheswaran","NAMAKKAL","Images","08-Jul-2025","2000000"
"2749","Normal/Others","WS/MP18394/2024-2025/143010-Construction of buildings for crèches and anganwadies","Tamil Nadu","NAMAKKAL(DISTRICT COLLECTOR NAMAKKAL_IDA)","Construction of New Anganwadi at ward no.7 Jankalapuram SENTHAMANGALAM TP","V S Matheswaran","NAMAKKAL","Images","01-Aug-2025","1850000"
"2750","Normal/Others","WS/MP18394/2024-2025/147415-Construction of water tanks","Tamil Nadu","NAMAKKAL(DISTRICT COLLECTOR NAMAKKAL_IDA)","Construction of OHT (30000 Lr.)near Tho.Koundampalayam Panchayat Mariamman Temple in 	TIRUCHENGODE Block","V S Matheswaran","NAMAKKAL","Images","11-Jun-2025","1136000"
"2751","Normal/Others","WS/MP18394/2024-2025/147416-Construction of roads, link roads, pathways or any other road with or without drainage system","Tamil Nadu","NAMAKKAL(DISTRICT COLLECTOR NAMAKKAL_IDA)","Providing BT Road at Animor Panchayat Panakadu Nadur Kalani in tiruchengode Block","V S Matheswaran","NAMAKKAL","Images","11-Jun-2025","1305000"
"2752","Normal/Others","WS/MP18394/2024-2025/147417-Construction of water tanks","Tamil Nadu","NAMAKKAL(DISTRICT COLLECTOR NAMAKKAL_IDA)","Construction of OHT (60000 Lr.)Elachipalayam Panchayat Union Akaram Panchayat","V S Matheswaran","NAMAKKAL","Images","10-Jul-2026","1532566"
"2753","Normal/Others","WS/MP18394/2024-2025/147418-Construction of water tanks","Tamil Nadu","NAMAKKAL(DISTRICT COLLECTOR NAMAKKAL_IDA)","Construction of OHT (30000 Lr.) Elachipalayam Panchayat Union Puttur Panchayat","V S Matheswaran","NAMAKKAL","Images","10-Jul-2026","1072069"
"2754","Normal/Others","WS/MP18394/2024-2025/147419-Providing drains and gutters for public drainage","Tamil Nadu","NAMAKKAL(DISTRICT COLLECTOR NAMAKKAL_IDA)","Construction of Drainage from Ward No.8 Manguttaipalayam Pachikkadu Area in 	THIRUCHENGODE MNP","V S Matheswaran","NAMAKKAL","Images","26-Feb-2025","837399"
"2755","Normal/Others","WS/MP18394/2024-2025/147420-Providing drains and gutters for public drainage","Tamil Nadu","NAMAKKAL(DISTRICT COLLECTOR NAMAKKAL_IDA)","Construction of Small Bridge with Drainage at Ward No.33 Kattupalayam from Angalwadi Center to Mani Vedu in 	THIRUCHENGODE MNP","V S Matheswaran","NAMAKKAL","Images","07-May-2025","978582"
"2756","Normal/Others","WS/MP18394/2024-2025/147460-Construction of water tanks","Tamil Nadu","NAMAKKAL(DISTRICT COLLECTOR NAMAKKAL_IDA)","Construction of OHT (30000 Lr.)area of ?? Avalnaikanpatti, Vanrampatti  in Namakkal Block","V S Matheswaran","NAMAKKAL","Images","06-Oct-2025","1150000"
"2757","Normal/Others","WS/MP18394/2024-2025/147466-Construction of water tanks","Tamil Nadu","NAMAKKAL(DISTRICT COLLECTOR NAMAKKAL_IDA)","Construction of OHT (30000 Lr.)Sivyampalayam, Gudi Street area in Namakkal Block","V S Matheswaran","NAMAKKAL","Images","20-Nov-2025","960819"
"2758","Normal/Others","WS/MP18394/2024-2025/148069-Construction of buildings for crèches and anganwadies","Tamil Nadu","NAMAKKAL(DISTRICT COLLECTOR NAMAKKAL_IDA)","Construction of anganwadie Ward No.8 Paramathi Town Panchayat","V S Matheswaran","NAMAKKAL","Images","11-Dec-2025","1800000"
"2759","Normal/Others","WS/MP18394/2024-2025/148080-Construction of roads, link roads, pathways or any other road with or without drainage system","Tamil Nadu","NAMAKKAL(DISTRICT COLLECTOR NAMAKKAL_IDA)","10.001 - Construction of roads, in Paver Block in Namakkal Municipality","V S Matheswaran","NAMAKKAL","Images","28-Mar-2025","2320000"
"2760","Normal/Others","WS/MP18394/2024-2025/148081-Construction of water tanks","Tamil Nadu","NAMAKKAL(DISTRICT COLLECTOR NAMAKKAL_IDA)","Construction of water Tank in Avanasipatti","V S Matheswaran","NAMAKKAL","Images","10-Jul-2026","1085000"
"2761","Normal/Others","WS/MP18394/2024-2025/148082-Construction of water tanks","Tamil Nadu","NAMAKKAL(DISTRICT COLLECTOR NAMAKKAL_IDA)","Construction of water Tank in Arul nager Kuppichipalayam","V S Matheswaran","NAMAKKAL","Images","13-May-2025","1085000"
"2762","Normal/Others","WS/MP18394/2024-2025/151173-Construction of water tanks","Tamil Nadu","NAMAKKAL(DISTRICT COLLECTOR NAMAKKAL_IDA)","05.003 - Construction of water tanks- Manappalli - 60000Lit OHT -","V S Matheswaran","NAMAKKAL","Images","13-Oct-2025","1541000"
"2763","Normal/Others","WS/MP18394/2024-2025/151340-Lighting of public spaces","Tamil Nadu","NAMAKKAL(DISTRICT COLLECTOR NAMAKKAL_IDA)","Providing High mass Light at market in  Marurpatti  Namakkal  Corporation (12 mts Ladder - 200 Watts - 6 nos)","V S Matheswaran","NAMAKKAL","Images","08-Aug-2025","349299"
"2764","Normal/Others","WS/MP18394/2024-2025/151341-Lighting of public spaces","Tamil Nadu","NAMAKKAL(DISTRICT COLLECTOR NAMAKKAL_IDA)","Providing High mass Light at near Kandhamalai way bridge Mohanur TP (12 mts Ladder - 200 Watts - 6 nos)","V S Matheswaran","NAMAKKAL","Images","05-Jan-2026","350000"
"2765","Normal/Others","WS/MP18394/2024-2025/151342-Lighting of public spaces","Tamil Nadu","NAMAKKAL(DISTRICT COLLECTOR NAMAKKAL_IDA)","Providing High mass Light at near vallipuram urai kenaru  Namakkal Corporation   (12 mts Ladder - 200 Watts - 6 nos)","V S Matheswaran","NAMAKKAL","Images","08-Aug-2025","349299"
"2766","Normal/Others","WS/MP18394/2024-2025/151343-Lighting of public spaces","Tamil Nadu","NAMAKKAL(DISTRICT COLLECTOR NAMAKKAL_IDA)","Providing High mass Light at near Porasapalayam main road  Namakkal corportion   (12 mts Ladder - 200 Watts - 6 nos)","V S Matheswaran","NAMAKKAL","Images","12-Aug-2025","349299"
"2767","Normal/Others","WS/MP18394/2024-2025/151344-Lighting of public spaces","Tamil Nadu","NAMAKKAL(DISTRICT COLLECTOR NAMAKKAL_IDA)","Providing High mass Light at near Satya Narayana Trading company namakkal corporation  (12 mts Ladder - 200 Watts - 6 nos)","V S Matheswaran","NAMAKKAL","Images","12-Aug-2025","349299"
"2768","Normal/Others","WS/MP18394/2024-2025/151345-Lighting of public spaces","Tamil Nadu","NAMAKKAL(DISTRICT COLLECTOR NAMAKKAL_IDA)","Providing High mass Light at near  Erunapuram Namakkal Block (12 mts Ladder - 200 Watts - 6 nos)","V S Matheswaran","NAMAKKAL","Images","20-Mar-2025","349929"
"2769","Normal/Others","WS/MP18394/2024-2025/151346-Lighting of public spaces","Tamil Nadu","NAMAKKAL(DISTRICT COLLECTOR NAMAKKAL_IDA)","Providing High mass Light at near  pothupatti Namakkal Block (12 mts Ladder - 200 Watts - 6 nos)","V S Matheswaran","NAMAKKAL","Images","14-Jul-2025","345818"
"2770","Normal/Others","WS/MP18394/2024-2025/151347-Lighting of public spaces","Tamil Nadu","NAMAKKAL(DISTRICT COLLECTOR NAMAKKAL_IDA)","Providing High mass Light at near Kumar Photos shop in Namakkal Corporation   (12 mts Ladder - 200 Watts - 6 nos)","V S Matheswaran","NAMAKKAL","Images","08-Aug-2025","349299"
"2771","Normal/Others","WS/MP18394/2024-2025/151348-Lighting of public spaces","Tamil Nadu","NAMAKKAL(DISTRICT COLLECTOR NAMAKKAL_IDA)","Providing High mass Light at near Pullagoundampatti Elachipalayam Block   (12 mts Ladder - 200 Watts - 6 nos)","V S Matheswaran","NAMAKKAL","Images","13-Oct-2025","349965"
"2772","Normal/Others","WS/MP18394/2026-2027/151349-Lighting of public spaces","Tamil Nadu","SALEM(DISTRICT COLLECTOR SALEM_IDA)","Providing High mass Light at near Sankari old bus stop Salem dist    (12 mts Ladder - 200 Watts - 6 nos)","V S Matheswaran","NAMAKKAL","Images","28-Aug-2026","348591"
"2773","Normal/Others","WS/MP18394/2025-2026/151350-Lighting of public spaces","Tamil Nadu","SALEM(DISTRICT COLLECTOR SALEM_IDA)","Providing High mass Light at near Tharamangalem (TP) ward No.26 salem dist   (12 mts Ladder - 200 Watts - 6 nos)","V S Matheswaran","NAMAKKAL","Images","16-Dec-2025","349181"
"2774","Normal/Others","WS/MP18394/2024-2025/151351-Lighting of public spaces","Tamil Nadu","NAMAKKAL(DISTRICT COLLECTOR NAMAKKAL_IDA)","Providing High mass Light at near Laduadi Veterinary Hospital Namakkal corporation   (12 mts Ladder - 200 Watts - 6 nos)","V S Matheswaran","NAMAKKAL","Images","08-Aug-2025","349299"
"2775","Normal/Others","WS/MP18394/2024-2025/151352-Lighting of public spaces","Tamil Nadu","NAMAKKAL(DISTRICT COLLECTOR NAMAKKAL_IDA)","Providing High mass Light at near Neygaranpatti four way main road  Mohanur Block   (12 mts Ladder - 200 Watts - 6 nos)","V S Matheswaran","NAMAKKAL","Images","12-Jun-2025","349929"
"2776","Normal/Others","WS/MP18394/2024-2025/151353-Lighting of public spaces","Tamil Nadu","NAMAKKAL(DISTRICT COLLECTOR NAMAKKAL_IDA)","Providing High mass Light at near Vellapatti  Mohanur Block   (12 mts Ladder - 200 Watts - 6 nos)","V S Matheswaran","NAMAKKAL","Images","12-Jun-2025","349929"
"2777","Normal/Others","WS/MP18394/2024-2025/151354-Lighting of public spaces","Tamil Nadu","NAMAKKAL(DISTRICT COLLECTOR NAMAKKAL_IDA)","Providing High mass Light at near malapatti  Mohanur Block (12 mts Ladder - 200 Watts - 6 nos)","V S Matheswaran","NAMAKKAL","Images","16-Apr-2025","349929"
"2778","Normal/Others","WS/MP18394/2025-2026/151355-Lighting of public spaces","Tamil Nadu","SALEM(DISTRICT COLLECTOR SALEM_IDA)","Providing High mass Light at near Modern gas incinerator ward no 26 tharamangalem salem dist  (12 mts Ladder - 200 Watts - 6 nos)","V S Matheswaran","NAMAKKAL","Images","16-Dec-2025","349181"
"2779","Normal/Others","WS/MP18394/2025-2026/151356-Lighting of public spaces","Tamil Nadu","SALEM(DISTRICT COLLECTOR SALEM_IDA)","Providing High mass Light at near Edanganasalai ward No.01 mattaipatti (12 mts Ladder - 200 Watts - 6 nos)","V S Matheswaran","NAMAKKAL","Images","26-Sep-2025","341598"
"2780","Normal/Others","WS/MP18394/2024-2025/151357-Lighting of public spaces","Tamil Nadu","NAMAKKAL(DISTRICT COLLECTOR NAMAKKAL_IDA)","Providing High mass Light at near Selur nadu  Kollihills  Block (12 mts Ladder - 200 Watts - 6 nos)","V S Matheswaran","NAMAKKAL","N/A","10-Jun-2025","349929"
"2781","Normal/Others","WS/MP18394/2025-2026/151358-Lighting of public spaces","Tamil Nadu","SALEM(DISTRICT COLLECTOR SALEM_IDA)","Providing High mass Light at near Edanganasalai ward No 13 (12 mts Ladder - 200 Watts - 6 nos)","V S Matheswaran","NAMAKKAL","Images","26-Sep-2025","342001"
"2782","Normal/Others","WS/MP18394/2025-2026/151359-Lighting of public spaces","Tamil Nadu","SALEM(DISTRICT COLLECTOR SALEM_IDA)","Providing High mass Light at near Edanganasalai rediur ward 05  (12 mts Ladder - 200 Watts - 6 nos)","V S Matheswaran","NAMAKKAL","Images","26-Sep-2025","345225"
"2783","Normal/Others","WS/MP18394/2025-2026/151360-Lighting of public spaces","Tamil Nadu","SALEM(DISTRICT COLLECTOR SALEM_IDA)","Providing High mass Light at near Edanganasalai ward No.17  (12 mts Ladder - 200 Watts - 6 nos)","V S Matheswaran","NAMAKKAL","Images","26-Sep-2025","339986"
"2784","Normal/Others","WS/MP18394/2025-2026/151361-Lighting of public spaces","Tamil Nadu","SALEM(DISTRICT COLLECTOR SALEM_IDA)","Providing High mass Light at near  thevur mylambadi  (12 mts Ladder - 200 Watts - 6 nos)","V S Matheswaran","NAMAKKAL","Images","04-Feb-2026","350000"
"2785","Normal/Others","WS/MP18394/2025-2026/151362-Lighting of public spaces","Tamil Nadu","SALEM(DISTRICT COLLECTOR SALEM_IDA)","Providing High mass Light at near thevur mal bustop (12 mts Ladder - 200 Watts - 6 nos)","V S Matheswaran","NAMAKKAL","N/A","04-Feb-2026","350000"
"2786","Normal/Others","WS/MP18394/2024-2025/151363-Lighting of public spaces","Tamil Nadu","NAMAKKAL(DISTRICT COLLECTOR NAMAKKAL_IDA)","Providing High mass Light at near  Ananthakoundampalayam Vennadhur Block (12 mts Ladder - 200 Watts - 6 nos)","V S Matheswaran","NAMAKKAL","N/A","21-Apr-2025","349929"
"2787","Normal/Others","WS/MP18394/2024-2025/151364-Lighting of public spaces","Tamil Nadu","NAMAKKAL(DISTRICT COLLECTOR NAMAKKAL_IDA)","Providing High mass Light at ward No.11 Paramathi TP (12 mts Ladder - 200 Watts - 6 nos)","V S Matheswaran","NAMAKKAL","Images","15-Jul-2025","350000"
"2788","Normal/Others","WS/MP18394/2024-2025/151365-Lighting of public spaces","Tamil Nadu","NAMAKKAL(DISTRICT COLLECTOR NAMAKKAL_IDA)","Providing High mass Light at ward No.9 Paramathi TP (12 mts Ladder - 200 Watts - 6 nos)","V S Matheswaran","NAMAKKAL","Images","15-Jul-2025","350000"
"2789","Normal/Others","WS/MP18394/2024-2025/151366-Lighting of public spaces","Tamil Nadu","NAMAKKAL(DISTRICT COLLECTOR NAMAKKAL_IDA)","Providing High mass Light at ward No.17 near in Syntax tank  Velur TP (12 mts Ladder - 200 Watts - 6 nos)","V S Matheswaran","NAMAKKAL","Images","25-Mar-2025","350000"
"2790","Normal/Others","WS/MP18394/2024-2025/151367-Lighting of public spaces","Tamil Nadu","NAMAKKAL(DISTRICT COLLECTOR NAMAKKAL_IDA)","Providing High mass Light at ward No.11 near in Kumaramangalam  Velur TP (16 mts Ladder - 200 Watts -8 nos)","V S Matheswaran","NAMAKKAL","Images","25-Mar-2025","750000"
"2791","Normal/Others","WS/MP18394/2024-2025/151368-Lighting of public spaces","Tamil Nadu","NAMAKKAL(DISTRICT COLLECTOR NAMAKKAL_IDA)","Providing High mass Light at ward No.12near in Kumaran Education Tiruchengode MNP (12 mts Ladder - 200 Watts - 6 nos)","V S Matheswaran","NAMAKKAL","Images","25-Jul-2025","343538"
"2792","Normal/Others","WS/MP18394/2024-2025/151369-Lighting of public spaces","Tamil Nadu","NAMAKKAL(DISTRICT COLLECTOR NAMAKKAL_IDA)","Providing High mass Light at ward No.16 near in Kumaran Education Tiruchengode MNP (12 mts Ladder - 200 Watts - 6 nos)","V S Matheswaran","NAMAKKAL","Images","25-Jul-2025","348482"
"2793","Normal/Others","WS/MP18394/2024-2025/153069-Construction of community centers and community halls","Tamil Nadu","NAMAKKAL(DISTRICT COLLECTOR NAMAKKAL_IDA)","Construction of Fair Price Shop Building near Pandamangalam PACS at Pandamangalam Town Panchayat","V S Matheswaran","NAMAKKAL","Images","09-Sep-2025","1525000"
"2794","Normal/Others","WS/MP18394/2024-2025/153070-Construction of rainwater harvesting structures","Tamil Nadu","NAMAKKAL(DISTRICT COLLECTOR NAMAKKAL_IDA)","Construction of Storm water drainage at Ward No.3 of Namagiripet Town Panchayat","V S Matheswaran","NAMAKKAL","Images","24-Mar-2025","1900000"
"2795","Normal/Others","WS/MP18394/2024-2025/153071-Construction of roads, link roads, pathways or any other road with or without drainage system","Tamil Nadu","NAMAKKAL(DISTRICT COLLECTOR NAMAKKAL_IDA)","Construction of CC Roads with Storm water drainage west facing road Opposite to Maternity & Child Health center and North facing road opposite to Kamatchiamman Temple at Ward 14 of Pothanur Town Panchayat.","V S Matheswaran","NAMAKKAL","Images","17-Feb-2026","1000000"
"2796","Normal/Others","WS/MP18394/2024-2025/153783-Purchase of IT systems, including hardware and software for educational purposes","Tamil Nadu","NAMAKKAL(DISTRICT COLLECTOR NAMAKKAL_IDA)","Purchase of IT systems, including hardware and software for educational purposes in Mohanur tp","V S Matheswaran","NAMAKKAL","N/A","18-Jun-2025","176915"
"2797","Normal/Others","WS/MP18394/2024-2025/155967-Construction of roads, link roads, pathways or any other road with or without drainage system","Tamil Nadu","NAMAKKAL(DISTRICT COLLECTOR NAMAKKAL_IDA)","Providing CC Road at Perappansolai  (45M)","V S Matheswaran","NAMAKKAL","Images","14-May-2025","349374"
"2798","Normal/Others","WS/MP18394/2024-2025/155968-Construction of roads, link roads, pathways or any other road with or without drainage system","Tamil Nadu","NAMAKKAL(DISTRICT COLLECTOR NAMAKKAL_IDA)","Providing CC Road at Moolapallipatti (45M)","V S Matheswaran","NAMAKKAL","Images","12-Feb-2025","249744"
"2799","Normal/Others","WS/MP18394/2025-2026/168181-Construction of water tanks","Tamil Nadu","SALEM(DISTRICT COLLECTOR SALEM_IDA)","Construction of 60000L OHT  tank in Pappampady Panchayat Union of Taramangalam Panchayat Union of Salem District","V S Matheswaran","NAMAKKAL","Images","23-Mar-2026","1548483"
"2800","Normal/Others","WS/MP18394/2025-2026/168182-Construction of building for artificial insemination and breeding centers","Tamil Nadu","SALEM(DISTRICT COLLECTOR SALEM_IDA)","Salem District Sangakiri Panchayat Union Koneripatti Panchayat Construction of New Building K.Vellalapalayam Milk Producers Cooperative Society","V S Matheswaran","NAMAKKAL","N/A","06-Nov-2025","1599520"
"2801","Normal/Others","WS/MP18394/2025-2026/172619-Construction of water tanks","Tamil Nadu","SALEM(DISTRICT COLLECTOR SALEM_IDA)","Construction of OHT 10000 lits  in Koneripatti, Sangakiri Assembly Constituency in Salem dist","V S Matheswaran","NAMAKKAL","Images","25-Aug-2026","1052845"
"2802","Normal/Others","WS/MP18394/2025-2026/180815-Purchase of other aids / devices required for P/ M/ V/ H impaired for differently abled persons","Tamil Nadu","NAMAKKAL(DISTRICT COLLECTOR NAMAKKAL_IDA)","purchase of hearing aid in R. Saisubikshan, a resident of Thummangurichi area, Selvam Nagar","V S Matheswaran","NAMAKKAL","Images","27-May-2025","577000"
"2803","Normal/Others","WS/MP18394/2024-2025/185249-Construction of roads, link roads, pathways or any other road with or without drainage system","Tamil Nadu","NAMAKKAL(DISTRICT COLLECTOR NAMAKKAL_IDA)","Namakkal Panchayat Union Paver Block Construction at Naruvalur Panchayat Union Primary School (Length 12 m x Width 14 m)","V S Matheswaran","NAMAKKAL","Images","21-Jul-2025","435997"
"2804","Normal/Others","WS/MP18394/2025-2026/190682-Lighting of public spaces","Tamil Nadu","NAMAKKAL(DISTRICT COLLECTOR NAMAKKAL_IDA)","Providing High Mass light (10 mts ladder type 200 watts LED 6 Nos.) Ward 4 Near Bus stop","V S Matheswaran","NAMAKKAL","Images","08-Oct-2025","310000"
"2805","Normal/Others","WS/MP18394/2025-2026/196280-Installing tube-wells and borewells","Tamil Nadu","NAMAKKAL(DISTRICT COLLECTOR NAMAKKAL_IDA)","Construction of New bore well with Motor  Pipe in Puduvellantheru area of Thirumalaipatti Panchayat in Puduchathiram Panchayat Union","V S Matheswaran","NAMAKKAL","Images","05-Jul-2025","459750"
"2806","Normal/Others","WS/MP18394/2025-2026/196282-Lighting of public spaces","Tamil Nadu","NAMAKKAL(DISTRICT COLLECTOR NAMAKKAL_IDA)","Providing  of High Mast Light at Singilipatti in Namakkal Panchayat Union (12 mts ladder type 200 watts LED  6 Nos.)","V S Matheswaran","NAMAKKAL","Images","24-Sep-2025","349929"
"2807","Normal/Others","WS/MP18394/2025-2026/196283-Lighting of public spaces","Tamil Nadu","NAMAKKAL(DISTRICT COLLECTOR NAMAKKAL_IDA)","providing of solar High Mast Light near Kanagavalli Thottam Bus Stop in Erumapatti Panchayat Union, A.Vazhavanthi Panchayat (12 mts ladder type 200 watts LED  6 Nos.)","V S Matheswaran","NAMAKKAL","Images","03-Feb-2026","449960"
"2808","Normal/Others","WS/MP18394/2025-2026/196284-Lighting of public spaces","Tamil Nadu","NAMAKKAL(DISTRICT COLLECTOR NAMAKKAL_IDA)","Providing of Solar High Mast Light in pottam Panchayat in sendamangalem Panchayat Union (12 mts ladder type 200 watts LED  6 Nos.)","V S Matheswaran","NAMAKKAL","Images","22-Jan-2026","449960"
"2809","Normal/Others","WS/MP18394/2025-2026/196285-Lighting of public spaces","Tamil Nadu","NAMAKKAL(DISTRICT COLLECTOR NAMAKKAL_IDA)","Providingof High Mast Light at Kokkarachelliyur (12 mts ladder type 200 watts LED 6 Nos.) vallipuram namakkal cor","V S Matheswaran","NAMAKKAL","Images","03-Dec-2025","348591"
"2810","Normal/Others","WS/MP18394/2025-2026/196286-Lighting of public spaces","Tamil Nadu","NAMAKKAL(DISTRICT COLLECTOR NAMAKKAL_IDA)","Installation of High Mast Light near Vettambadi Bus Stand in Namakkal Corporation (12 mts ladder type 200 watts LED  6 Nos.)","V S Matheswaran","NAMAKKAL","Images","03-Dec-2025","348591"
"2811","Normal/Others","WS/MP18394/2025-2026/196287-Lighting of public spaces","Tamil Nadu","NAMAKKAL(DISTRICT COLLECTOR NAMAKKAL_IDA)","Seerapalli Town Panchayat Ward No 3 Main Road Providing of High Mast Light near Drinking Water Well (12 mts ladder type 200 watts LED 6 Nos.)","V S Matheswaran","NAMAKKAL","N/A","11-Oct-2025","350000"
"2812","Normal/Others","WS/MP18394/2025-2026/201081-Construction of roads, link roads, pathways or any other road with or without drainage system","Tamil Nadu","NAMAKKAL(DISTRICT COLLECTOR NAMAKKAL_IDA)","Construction of Paver block road  Padma Cycle Shop Street Ward No 05 in Senthamangalam town Panchayat","V S Matheswaran","NAMAKKAL","Images","23-Dec-2025","581334"
"2813","Normal/Others","WS/MP18394/2025-2026/201083-Lighting of public spaces","Tamil Nadu","NAMAKKAL(DISTRICT COLLECTOR NAMAKKAL_IDA)","Installation of high mast street lights on Mallasamuthiram town Panchayat Mavundhi Road (Periya Kollapatti) (12 mts ladder type 200 watts LED  6 Nos.)","V S Matheswaran","NAMAKKAL","N/A","20-Dec-2025","350000"
"2814","Normal/Others","WS/MP18394/2025-2026/201084-Lighting of public spaces","Tamil Nadu","NAMAKKAL(DISTRICT COLLECTOR NAMAKKAL_IDA)","Installation of high mass street light in Mallasamuthiram town panchayat Nandavanapavadi area (12 mts ladder type 200 watts LED  6 Nos.)","V S Matheswaran","NAMAKKAL","N/A","20-Dec-2025","350000"
"2815","Normal/Others","WS/MP18394/2025-2026/201085-Installing tube-wells and borewells","Tamil Nadu","NAMAKKAL(DISTRICT COLLECTOR NAMAKKAL_IDA)","Construction of a well in the Kaveri River at Olappalayam Panchayat, Mohanur Panchayat Union.","V S Matheswaran","NAMAKKAL","Images","05-Nov-2025","1981000"
"2816","Normal/Others","WS/MP18394/2025-2026/201087-Construction of water tanks","Tamil Nadu","NAMAKKAL(DISTRICT COLLECTOR NAMAKKAL_IDA)","Construction of a 60000 liters capacity overhead water tank in Kaalappanaiykanpatti Town Panchayat Ward No.14, Nanjundapuram Pillar Street.","V S Matheswaran","NAMAKKAL","Images","25-Feb-2026","1580000"
"2817","Normal/Others","WS/MP18394/2025-2026/205187-Construction of water tanks","Tamil Nadu","NAMAKKAL(DISTRICT COLLECTOR NAMAKKAL_IDA)","Construction of OHT tank with a capacity of 60,000 liters at the community school in Andapuram village of Mohanur Panchayat Union (7.5 meters)","V S Matheswaran","NAMAKKAL","Images","10-Jul-2026","1347826"
"2818","Normal/Others","WS/MP18394/2025-2026/209301-Purchase of furniture and fixtures for educational purposes","Tamil Nadu","SALEM(DISTRICT COLLECTOR SALEM_IDA)","Provision of 100 sets of benches and desks to Government Girls Higher Secondary School, Ward No. 14, Tharamangalam Municipality,  through the Salem  Educational Officer.","V S Matheswaran","NAMAKKAL","Images","12-Feb-2026","1498600"
"2819","Normal/Others","WS/MP18394/2025-2026/209302-Providing drains and gutters for public drainage","Tamil Nadu","NAMAKKAL(DISTRICT COLLECTOR NAMAKKAL_IDA)","Construction of drainage canal from Vasanthas house on Arunthathiyar Street Tho Jedar Palaiyam, Namagiri Petai Panchayat Union to Sumathi Sanmugams house  length 150m","V S Matheswaran","NAMAKKAL","Images","27-Jan-2026","894105"
"2820","Normal/Others","WS/MP18394/2025-2026/209303-Construction of boundary walls of existing public and community buildings","Tamil Nadu","NAMAKKAL(DISTRICT COLLECTOR NAMAKKAL_IDA)","Construction of compound wall and power block in Olappalayam village panchayat primary school, Mohanur panchayat union.","V S Matheswaran","NAMAKKAL","Images","12-Mar-2026","599950"
"2821","Normal/Others","WS/MP18394/2025-2026/209304-Construction of roads, link roads, pathways or any other road with or without drainage system","Tamil Nadu","NAMAKKAL(DISTRICT COLLECTOR NAMAKKAL_IDA)","Construction of cement concrete road from Rise Mill to Anganwadi in Namagiripettai Panchayat Union, Aailpatti Panchayat length 45 m x width 4 m","V S Matheswaran","NAMAKKAL","Images","09-Dec-2025","309584"
"2822","Normal/Others","WS/MP18394/2025-2026/209305-Construction of boundary walls of existing public and community buildings","Tamil Nadu","NAMAKKAL(DISTRICT COLLECTOR NAMAKKAL_IDA)","Construction of a boundary wall (length 120m) at the government higher secondary school located in Athanur town panchayat.","V S Matheswaran","NAMAKKAL","Images","22-Jul-2026","1973111"
"2823","Normal/Others","WS/MP18394/2025-2026/210457-Lighting of public spaces","Tamil Nadu","NAMAKKAL(DISTRICT COLLECTOR NAMAKKAL_IDA)","Providing  high mast street light in Ward No. 7 (12 meters ladder type 200 watts LED  6 Nos) Nallipalayam  at Namakkal Municipality,","V S Matheswaran","NAMAKKAL","Images","03-Dec-2025","348591"
"2824","Normal/Others","WS/MP18394/2025-2026/210458-Lighting of public spaces","Tamil Nadu","NAMAKKAL(DISTRICT COLLECTOR NAMAKKAL_IDA)","Providing high mast street light in Ward No. 18 (12 meters ladder type 200 watts LED 6 Nos) Nallipalayam at Namakkal Municipality,","V S Matheswaran","NAMAKKAL","Images","03-Dec-2025","348591"
"2825","Normal/Others","WS/MP18394/2025-2026/212731-Construction of public irrigation facilities","Tamil Nadu","NAMAKKAL(DISTRICT COLLECTOR NAMAKKAL_IDA)","Construction of a protective wall for the bridge between Adi Dravidar Kalani Road and Rasipuram Bypass Road, Ward No. 10, Senthangalam Town Panchayat","V S Matheswaran","NAMAKKAL","Images","27-Nov-2025","2000000"
"2826","Normal/Others","WS/MP18394/2025-2026/212732-Lighting of public spaces","Tamil Nadu","NAMAKKAL(DISTRICT COLLECTOR NAMAKKAL_IDA)","Providing of high mass light  (12 mts ladder type 200 watts LED  6 Nos) at Raja Veediya Bhoyal Kara Street, Ward No. 13, Senthangalam Town Panchayat","V S Matheswaran","NAMAKKAL","Images","23-Feb-2026","380000"
"2827","Normal/Others","WS/MP18394/2025-2026/212733-Lighting of public spaces","Tamil Nadu","NAMAKKAL(DISTRICT COLLECTOR NAMAKKAL_IDA)","Providing of high Mass lights at the Periyapatti Mayana Road junction area, Namakkal Corporation Ward No. 37 (12 mts ladder type 200 watts LED  6 Nos.)","V S Matheswaran","NAMAKKAL","Images","21-Jul-2026","346528"
"2828","Normal/Others","WS/MP18394/2025-2026/212734-Installing tube-wells and borewells","Tamil Nadu","NAMAKKAL(DISTRICT COLLECTOR NAMAKKAL_IDA)","Providing  of a borewell  with new motor and pipe in Ward No. 20 of Rasipuram Municipality","V S Matheswaran","NAMAKKAL","Images","31-Jul-2026","400000"
"2829","Normal/Others","WS/MP18394/2025-2026/212735-Construction of water tanks","Tamil Nadu","NAMAKKAL(DISTRICT COLLECTOR NAMAKKAL_IDA)","Construction of 30000 Lits OHT at kakaveri Panchayat","V S Matheswaran","NAMAKKAL","Images","24-Mar-2026","1850000"
"2830","Normal/Others","WS/MP18394/2025-2026/213194-Construction of water tanks","Tamil Nadu","NAMAKKAL(DISTRICT COLLECTOR NAMAKKAL_IDA)","Construction of OHT tank with a capacity of 30,000 liters in Pudupalayam village, Cherukalai Panchayat, Paramathi Block 12m","V S Matheswaran","NAMAKKAL","Images","05-Feb-2026","1849900"
"2831","Normal/Others","WS/MP18394/2025-2026/213198-Construction of water tanks","Tamil Nadu","NAMAKKAL(DISTRICT COLLECTOR NAMAKKAL_IDA)","Construction of OHT capacity of 30,000 liters (7.5 meters) in Ward No. 1 of Vellore TP","V S Matheswaran","NAMAKKAL","Images","27-Mar-2026","1140000"
"2832","Normal/Others","WS/MP18394/2025-2026/213199-Providing drains and gutters for public drainage","Tamil Nadu","NAMAKKAL(DISTRICT COLLECTOR NAMAKKAL_IDA)","Providing  of stormwater drainage in Arundathiyar Street, Ward No. 19, Tiruchengode Municipality.","V S Matheswaran","NAMAKKAL","Images","21-Jul-2026","1998179"
"2833","Normal/Others","WS/MP18394/2025-2026/213201-Construction of roads, link roads, pathways or any other road with or without drainage system","Tamil Nadu","NAMAKKAL(DISTRICT COLLECTOR NAMAKKAL_IDA)","Construction of a concrete road near the Anganwadi in Chanar Palaiyam, Ward No. 29. Tiruchengode Municipality","V S Matheswaran","NAMAKKAL","Images","06-Jan-2026","1349791"
"2834","Normal/Others","WS/MP18394/2025-2026/213202-Lighting of public spaces","Tamil Nadu","NAMAKKAL(DISTRICT COLLECTOR NAMAKKAL_IDA)","Installation of high mast street lights (12 mts ladder type 200 watts LED - 6 Nos.) near the bus stop at Thiruchengode Municipality Ward No. 23, Chandai Pettai.","V S Matheswaran","NAMAKKAL","Images","24-Oct-2025","363818"
"2835","Normal/Others","WS/MP18394/2025-2026/213203-Lighting of public spaces","Tamil Nadu","NAMAKKAL(DISTRICT COLLECTOR NAMAKKAL_IDA)","Installation of high mass light near the community school water tank bus stop in Tiruchengode municipality ward no. 21 (12 mts ladder type 200 watts LED - 6 Nos.)","V S Matheswaran","NAMAKKAL","Images","24-Oct-2025","363818"
"2836","Normal/Others","WS/MP18394/2025-2026/213204-Lighting of public spaces","Tamil Nadu","NAMAKKAL(DISTRICT COLLECTOR NAMAKKAL_IDA)","Installation of high mass street lighting near Rajagoundampalayam bus stop, Ward No. 22, Tiruchengode Municipality (12 mts ladder type 200 watts LED - 6 Nos.)","V S Matheswaran","NAMAKKAL","Images","24-Oct-2025","363818"
"2837","Normal/Others","WS/MP18394/2025-2026/213205-Lighting of public spaces","Tamil Nadu","NAMAKKAL(DISTRICT COLLECTOR NAMAKKAL_IDA)","Thiruchengode Municipality, Ward No. 01, Installation of high mast street lights at SeetharambPalayam bus stop (12 mts ladder type 200 watts LED  6 Nos","V S Matheswaran","NAMAKKAL","Images","24-Oct-2025","363818"
"2838","Normal/Others","WS/MP18394/2025-2026/213206-Lighting of public spaces","Tamil Nadu","NAMAKKAL(DISTRICT COLLECTOR NAMAKKAL_IDA)","Installation of high mast street lights (12 mts ladder type 200 watts LED  6 Nos.) in Thiruchengode Municipality Ward No. 7 Thondikadu division road.","V S Matheswaran","NAMAKKAL","Images","24-Oct-2025","363818"
"2839","Normal/Others","WS/MP18394/2025-2026/213207-Lighting of public spaces","Tamil Nadu","NAMAKKAL(DISTRICT COLLECTOR NAMAKKAL_IDA)","Installation of high pole street lighting (12 mts ladder type 200 watts LED  6 Nos.) near the primary health center in Ward 9, Tiruchengode Municipality, Sooriyampalayam.","V S Matheswaran","NAMAKKAL","Images","24-Oct-2025","363818"
"2840","Normal/Others","WS/MP18394/2025-2026/213208-Lighting of public spaces","Tamil Nadu","NAMAKKAL(DISTRICT COLLECTOR NAMAKKAL_IDA)","Installation of high mast street lights (12 mts ladder type 200 watts LED 6 Nos.) at Ward No. 6, Tiruchengode Municipality, Kozhikkalnatham, Periya Vysalai.","V S Matheswaran","NAMAKKAL","Images","24-Oct-2025","363818"
"2841","Normal/Others","WS/MP18394/2025-2026/213209-Lighting of public spaces","Tamil Nadu","NAMAKKAL(DISTRICT COLLECTOR NAMAKKAL_IDA)","Installation of high mast street light near Kollappatti in Trichengode Municipality Ward 30 (12 mts ladder type 200 watts LED  6 Nos.).","V S Matheswaran","NAMAKKAL","Images","24-Oct-2025","363818"
"2842","Normal/Others","WS/MP18394/2025-2026/213210-Construction of roads, link roads, pathways or any other road with or without drainage system","Tamil Nadu","NAMAKKAL(DISTRICT COLLECTOR NAMAKKAL_IDA)","Construction of cement road from Anganwadi Center to Village Administrative Office in Thokuvadi Panchayat of Thiruchengode Panchayat Union","V S Matheswaran","NAMAKKAL","Images","06-Nov-2025","700000"
"2843","Normal/Others","WS/MP18394/2025-2026/213211-Providing drains and gutters for public drainage","Tamil Nadu","NAMAKKAL(DISTRICT COLLECTOR NAMAKKAL_IDA)","Construction of drainage channel from Saminathans house in Tiruchengode Panchayat Union to Jeyashakti Nagar","V S Matheswaran","NAMAKKAL","Images","15-Oct-2025","600000"
"2844","Normal/Others","WS/MP18394/2025-2026/213212-Lighting of public spaces","Tamil Nadu","NAMAKKAL(DISTRICT COLLECTOR NAMAKKAL_IDA)","high mass lighting at Omkaliammankovil Street  Ward No 7  Pillanallur Town Panchayat 12 mts ladder type 200 watts LED  6 Nos","V S Matheswaran","NAMAKKAL","Images","09-Apr-2026","380000"
"2845","Normal/Others","WS/MP18394/2025-2026/213213-Construction of roads, link roads, pathways or any other road with or without drainage system","Tamil Nadu","NAMAKKAL(DISTRICT COLLECTOR NAMAKKAL_IDA)","Construction of concrete road in Devanankurichi village, Tiruchengode Panchayat Union, Kenya town.","V S Matheswaran","NAMAKKAL","Images","08-Oct-2025","572000"
"2846","Normal/Others","WS/MP18394/2025-2026/213214-Construction of roads, link roads, pathways or any other road with or without drainage system","Tamil Nadu","NAMAKKAL(DISTRICT COLLECTOR NAMAKKAL_IDA)","Construction of a concrete road with rainwater drainage in Mallasamuthiram Town Panchayat Ward No. 6 Dr. Ambedkar Street, Senthil area.","V S Matheswaran","NAMAKKAL","N/A","20-Dec-2025","1500000"
"2847","Normal/Others","WS/MP18394/2025-2026/213215-Lighting of public spaces","Tamil Nadu","NAMAKKAL(DISTRICT COLLECTOR NAMAKKAL_IDA)","Installation of high mass  lights in Ward 3 of Mallasamuthiram Panchayat on Muthuraviran Street (12 mts ladder type 200 watts LED  6 Nos.)","V S Matheswaran","NAMAKKAL","N/A","18-Dec-2025","380000"
"2848","Normal/Others","WS/MP18394/2025-2026/213216-Lighting of public spaces","Tamil Nadu","NAMAKKAL(DISTRICT COLLECTOR NAMAKKAL_IDA)","Installation of high mass lights near Mallasamudram Panchayat Sandai Pettai (12 mts ladder type 200 watts LED  6 Nos.)","V S Matheswaran","NAMAKKAL","N/A","20-Dec-2025","380000"
"2849","Normal/Others","WS/MP18394/2025-2026/214148-Lighting of public spaces","Tamil Nadu","NAMAKKAL(DISTRICT COLLECTOR NAMAKKAL_IDA)","Installation of high mast lighting at the sports ground in Venkari Panchayat 7th ward","V S Matheswaran","NAMAKKAL","Images","01-Dec-2025","377300"
"2850","Normal/Others","WS/MP18394/2025-2026/245653-Lighting of public spaces","Tamil Nadu","NAMAKKAL(DISTRICT COLLECTOR NAMAKKAL_IDA)","Installation of solar high mass lights behind the Panchayat Union Primary School in Pottanam Panchayat Senthamangalam Panchayat Union (8 mts ladder type Sloar LED  5 Nos )","V S Matheswaran","NAMAKKAL","N/A","05-Dec-2025","449960"
"2851","Normal/Others","WS/MP18394/2025-2026/245654-Lighting of public spaces","Tamil Nadu","NAMAKKAL(DISTRICT COLLECTOR NAMAKKAL_IDA)","Installation of solar high mass lights at the junction of Budhanshandai Pottanam and Senthamangalam roads in Puduchattaram Panchayat Union (8 mts ladder type Sloar LED  5 Nos.)","V S Matheswaran","NAMAKKAL","Images","18-Feb-2026","449960"
"2852","Normal/Others","WS/MP18394/2025-2026/245655-Lighting of public spaces","Tamil Nadu","NAMAKKAL(DISTRICT COLLECTOR NAMAKKAL_IDA)","Installation of small  tower lights near Puduchattaram Panchayat Union Laghapuram Panchayat Milk Society","V S Matheswaran","NAMAKKAL","Images","22-Jan-2026","149978"
"2853","Normal/Others","WS/MP18394/2025-2026/245656-Lighting of public spaces","Tamil Nadu","NAMAKKAL(DISTRICT COLLECTOR NAMAKKAL_IDA)","Installation of small tower lights near the well of Laghapuram Panchayat, Puduchattaram Panchayat Union","V S Matheswaran","NAMAKKAL","Images","22-Jan-2026","149978"
"2854","Normal/Others","WS/MP18394/2025-2026/245657-Lighting of public spaces","Tamil Nadu","NAMAKKAL(DISTRICT COLLECTOR NAMAKKAL_IDA)","Installation of small tower lights near pudhupatti road of Laghapuram","V S Matheswaran","NAMAKKAL","Images","22-Jan-2026","149978"
"2855","Normal/Others","WS/MP18394/2025-2026/245658-Installing community drinking water plants","Tamil Nadu","NAMAKKAL(DISTRICT COLLECTOR NAMAKKAL_IDA)","Providing drinking water facility to the students studying at Vettambadi Government Higher Secondary School, Namakkal Corporation","V S Matheswaran","NAMAKKAL","Images","21-Jul-2026","233170"
"2856","Normal/Others","WS/MP18394/2025-2026/254704-Lighting of public spaces","Tamil Nadu","NAMAKKAL(DISTRICT COLLECTOR NAMAKKAL_IDA)","Installation of high mass lights near the Keelparali Nallaiyampatti, Mohanur Panchayat Union (12 mts ladder type 200 watts LED  6 Nos.)","V S Matheswaran","NAMAKKAL","Images","10-Jul-2026","379967"
"2857","Normal/Others","WS/MP18394/2025-2026/254705-Lighting of public spaces","Tamil Nadu","NAMAKKAL(DISTRICT COLLECTOR NAMAKKAL_IDA)","Providing High mass light at valayapatti, Mohanur Panchayat union","V S Matheswaran","NAMAKKAL","Images","10-Jul-2026","379967"
"2858","Normal/Others","WS/MP18394/2025-2026/254706-Lighting of public spaces","Tamil Nadu","NAMAKKAL(DISTRICT COLLECTOR NAMAKKAL_IDA)","Providing High mass light at Arur Bus stop, Mohanur Panchayat union","V S Matheswaran","NAMAKKAL","Images","10-Jul-2026","379967"
"2859","Normal/Others","WS/MP18394/2025-2026/254707-Lighting of public spaces","Tamil Nadu","NAMAKKAL(DISTRICT COLLECTOR NAMAKKAL_IDA)","Installation of high mass lights near the Lathuvadi Panchayat office in Namakkal Corporation (12 meter ladder type, 200 watts LED 6 Nos.)","V S Matheswaran","NAMAKKAL","Images","19-Aug-2026","380000"
"2860","Normal/Others","WS/MP18394/2025-2026/254709-Lighting of public spaces","Tamil Nadu","NAMAKKAL(DISTRICT COLLECTOR NAMAKKAL_IDA)","Installation of high mass lights near the EB office at the 4 road junction on Valaiyapatti Road,Mohanur  (12 mts ladder type 200 watts LED 6 Nos.)","V S Matheswaran","NAMAKKAL","Images","10-Jul-2026","379967"
"2861","Normal/Others","WS/MP18394/2025-2026/254710-Lighting of public spaces","Tamil Nadu","NAMAKKAL(DISTRICT COLLECTOR NAMAKKAL_IDA)","Installation of high-mass lights near  Mohanur Panchayat Union Sub registrars office (12 meter ladder type, 200 watts LED  6 Nos.)","V S Matheswaran","NAMAKKAL","Images","10-Jul-2026","379967"
"2862","Normal/Others","WS/MP18394/2025-2026/254713-Lighting of public spaces","Tamil Nadu","NAMAKKAL(DISTRICT COLLECTOR NAMAKKAL_IDA)","Installation of high masts lights near the Panchayat Union office in Periyakulam Panchayat, Senthamangalam Panchayat Union (12 mts ladder type 200 watts LED 6 Nos.)","V S Matheswaran","NAMAKKAL","Images","10-Aug-2026","379567"
"2863","Normal/Others","WS/MP18394/2025-2026/254715-Lighting of public spaces","Tamil Nadu","NAMAKKAL(DISTRICT COLLECTOR NAMAKKAL_IDA)","Installation of high mass lights near the Panchayat Union Primary School in Akkiyampatti Panchayat, Senthamangalam Panchayat Union (12 mts ladder type 200 watts LED  6 Nos.)","V S Matheswaran","NAMAKKAL","Images","10-Aug-2026","379962"
"2864","Normal/Others","WS/MP18394/2025-2026/254716-Lighting of public spaces","Tamil Nadu","NAMAKKAL(DISTRICT COLLECTOR NAMAKKAL_IDA)","Installation of a high mass light near the Vellalapatti bus stop in Kalkurichi Panchayat, Sendamangalam Union (12 mts ladder type 200 watts LED  6 Nos.)","V S Matheswaran","NAMAKKAL","Images","10-Aug-2026","379701"
"2865","Normal/Others","WS/MP18394/2025-2026/254717-Lighting of public spaces","Tamil Nadu","NAMAKKAL(DISTRICT COLLECTOR NAMAKKAL_IDA)","Installation of a high mass  light near the Eechampatti bus stop in Kalkurichi Panchayat, Sendamangalam Union (12 mts ladder type 200 watts LED  6 Nos.).","V S Matheswaran","NAMAKKAL","Images","10-Aug-2026","379701"
"2866","Normal/Others","WS/MP18394/2025-2026/254718-Lighting of public spaces","Tamil Nadu","NAMAKKAL(DISTRICT COLLECTOR NAMAKKAL_IDA)","Installation of a high mass light near the Solaiyudaiyanpatti bus stop in Thirumalaipatti Panchayat, Puduchathiram Panchayat Union (12 mts ladder type 200 watts LED  6 Nos.)","V S Matheswaran","NAMAKKAL","Images","16-Apr-2026","379967"
"2867","Normal/Others","WS/MP18394/2025-2026/254720-Lighting of public spaces","Tamil Nadu","NAMAKKAL(DISTRICT COLLECTOR NAMAKKAL_IDA)","Installation of high mass lights in the Pudupatti Colony area of  Puduchathiram Union (12 mts ladder type 200 watts LED  6 Nos)","V S Matheswaran","NAMAKKAL","Images","16-Apr-2026","379967"
"2868","Normal/Others","WS/MP18394/2025-2026/254722-Lighting of public spaces","Tamil Nadu","NAMAKKAL(DISTRICT COLLECTOR NAMAKKAL_IDA)","Installation of a high mass light near the Chinnakalangani Milk Society, Kalangani Panchayat, Puduchathiram Panchayat Union (12 mts ladder type, 200 watts LED  6 Nos.)","V S Matheswaran","NAMAKKAL","Images","16-Apr-2026","379967"
"2869","Normal/Others","WS/MP18394/2025-2026/254723-Lighting of public spaces","Tamil Nadu","NAMAKKAL(DISTRICT COLLECTOR NAMAKKAL_IDA)","Providing High Mass light at natamagalam Puduchatram Panchayat Union","V S Matheswaran","NAMAKKAL","Images","16-Apr-2026","379967"
"2870","Normal/Others","WS/MP18394/2025-2026/254724-Lighting of public spaces","Tamil Nadu","NAMAKKAL(DISTRICT COLLECTOR NAMAKKAL_IDA)","Installation of high mass lights near the Kadappatti four way intersection in Pachchal Panchayat, Puduchathiram Union (12 mts ladder type 200 watts LED  6 Nos.)","V S Matheswaran","NAMAKKAL","Images","16-Apr-2026","379967"
"2871","Normal/Others","WS/MP18394/2025-2026/254726-Lighting of public spaces","Tamil Nadu","NAMAKKAL(DISTRICT COLLECTOR NAMAKKAL_IDA)","Installation of a high mass light near the back of the school in Kullappanayakanpatti village, Kathiranallur Panchayat, Puduchathiram Union. (12 mts ladder type 200 watts LED  6 Nos.)","V S Matheswaran","NAMAKKAL","Images","16-Apr-2026","379967"
"2872","Normal/Others","WS/MP18394/2025-2026/254727-Lighting of public spaces","Tamil Nadu","NAMAKKAL(DISTRICT COLLECTOR NAMAKKAL_IDA)","Installation of high mass lights (12 mts ladder type 200 watts LED 6 Nos.) near the Sengodanpalayam Marappanayakkanpatti section of Eranapuram Panchayat, Namakkal Panchayat Union.","V S Matheswaran","NAMAKKAL","Images","11-Jul-2026","379962"
"2873","Normal/Others","WS/MP18394/2025-2026/254729-Lighting of public spaces","Tamil Nadu","NAMAKKAL(DISTRICT COLLECTOR NAMAKKAL_IDA)","Installation of a high mass light (12 mts ladder type 200 watts LED 6 Nos.) near the Sengalikaigoundanur Panchayat Union Primary School in Avalnaickenpatti Panchayat, Namakkal Panchayat Union.","V S Matheswaran","NAMAKKAL","Images","11-Jul-2026","379962"
"2874","Normal/Others","WS/MP18394/2025-2026/254730-Lighting of public spaces","Tamil Nadu","NAMAKKAL(DISTRICT COLLECTOR NAMAKKAL_IDA)","Installation of a high mass light near the Vittamanayakanpatti Panchayat Library in Namakkal Panchayat Union (12 mts ladder type 200 watts LED  6 Nos.)","V S Matheswaran","NAMAKKAL","Images","11-Jul-2026","379933"
"2875","Normal/Others","WS/MP18394/2025-2026/254732-Lighting of public spaces","Tamil Nadu","NAMAKKAL(DISTRICT COLLECTOR NAMAKKAL_IDA)","Installation of high mass lights (12 mts ladder type 200 watts LED  6 Nos.) near the Arunthathiyar Colony area in Andipatti Pudur, Keerambur Panchayat, Namakkal Panchayat Union.","V S Matheswaran","NAMAKKAL","Images","11-Jul-2026","379892"
"2876","Normal/Others","WS/MP18394/2025-2026/254733-Lighting of public spaces","Tamil Nadu","NAMAKKAL(DISTRICT COLLECTOR NAMAKKAL_IDA)","Installation of a high mass  light near the Five Roads junction in Konur Panchayat, Namakkal Panchayat Union (12 mts ladder type 200 watts LED  6 Nos.)","V S Matheswaran","NAMAKKAL","Images","11-Jul-2026","379962"
"2877","Normal/Others","WS/MP18394/2025-2026/254734-Lighting of public spaces","Tamil Nadu","NAMAKKAL(DISTRICT COLLECTOR NAMAKKAL_IDA)","Installation of a high mass light near the four road junction in Keezhsathambur Panchayat, Namakkal Panchayat Union (12 mts ladder type 200 watts LED  6 Nos.).","V S Matheswaran","NAMAKKAL","Images","11-Jul-2026","379962"
"2878","Normal/Others","WS/MP18394/2025-2026/254738-Lighting of public spaces","Tamil Nadu","NAMAKKAL(DISTRICT COLLECTOR NAMAKKAL_IDA)","Providing high mass light at naravalur","V S Matheswaran","NAMAKKAL","Images","11-Jul-2026","379962"
"2879","Normal/Others","WS/MP18394/2025-2026/254751-Lighting of public spaces","Tamil Nadu","NAMAKKAL(DISTRICT COLLECTOR NAMAKKAL_IDA)","Installation of a high mass  lighting system near the Aniyar Panchayat Primary School in Namakkal Panchayat Union (12 mts ladder type 200 watts LED  6 Nos.)","V S Matheswaran","NAMAKKAL","Images","11-Jul-2026","379926"
"2880","Normal/Others","WS/MP18394/2025-2026/259832-Construction of bus-sheds or bus-stops","Tamil Nadu","NAMAKKAL(DISTRICT COLLECTOR NAMAKKAL_IDA)","Construction of a bus passenger shelter near the Government Higher Secondary School in Pachakoundanvalasu, Cholashiramani Panchayat, Kapilarmalai Panchayat Union.","V S Matheswaran","NAMAKKAL","Images","17-Aug-2026","649675"
"2881","Normal/Others","WS/MP18394/2025-2026/259833-Lighting of public spaces","Tamil Nadu","NAMAKKAL(DISTRICT COLLECTOR NAMAKKAL_IDA)","Installation of a solar high mass light at the Minampalli Sendamangalam road junction in Pottanam Panchayat, Sendamangalam Union.","V S Matheswaran","NAMAKKAL","Images","10-Aug-2026","449955"
"2882","Normal/Others","WS/MP18394/2025-2026/259863-Lighting of public spaces","Tamil Nadu","NAMAKKAL(DISTRICT COLLECTOR NAMAKKAL_IDA)","Installation of a high mass light in the Puduchathiram Panchayat Union Primary Health Center area.","V S Matheswaran","NAMAKKAL","Images","16-Apr-2026","199951"
"2883","Normal/Others","WS/MP18394/2025-2026/259884-Lighting of public spaces","Tamil Nadu","NAMAKKAL(DISTRICT COLLECTOR NAMAKKAL_IDA)","Installation of a high mass light in the near Andaver petorl station in Namakkal Cor","V S Matheswaran","NAMAKKAL","Images","19-Aug-2026","199882"
"2884","Normal/Others","WS/MP18394/2025-2026/259885-Lighting of public spaces","Tamil Nadu","NAMAKKAL(DISTRICT COLLECTOR NAMAKKAL_IDA)","Installation of a high mass light near the government officers residential colony in NGGOs Colony, Namakkal Corporation.","V S Matheswaran","NAMAKKAL","Images","19-Aug-2026","199882"
"2885","Normal/Others","WS/MP18394/2025-2026/259967-Lighting of public spaces","Tamil Nadu","NAMAKKAL(DISTRICT COLLECTOR NAMAKKAL_IDA)","Providing High mass Light in Andavernager Namakkal cor","V S Matheswaran","NAMAKKAL","Images","19-Aug-2026","380000"
"2886","Normal/Others","WS/MP18394/2025-2026/263083-Providing drains and gutters for public drainage","Tamil Nadu","NAMAKKAL(DISTRICT COLLECTOR NAMAKKAL_IDA)","Construction of a covered sewerage canal from Devi Counter House to Thavamani House in Pottanam village, Pottanam Panchayat, Senthamangalam Urban Union","V S Matheswaran","NAMAKKAL","Images","20-Jul-2026","399495"
"Grand Total"," "," "," "," "," "," "," "," "," ","2,01,90,61,222"