"Sr. No.","State","Work","Work ID","IDA","Hon'ble Members of Parliament","Constituency","Expenditure Date","Vendor Name","Payment Status","Fund Disbursed Amount ( ₹ )"
"1","Tamil Nadu","Lighting of public spaces","WS/MP18176/2025-2026/232405","DINDIGUL(DISTRICT COLLECTOR DINDIGUL_IDA)","SACHITHANANTHAM R","DINDIGUL","14-Aug-2026","SSR Enterprises","Payment In-Progress","669091"
"2","Tamil Nadu","Construction of bus-sheds or bus-stops","WS/MP758/2025-2026/210222","KARUR(DISTRICT COLLECTOR KARUR_IDA)","Smt S Jothimani","KARUR","01-Sep-2026","SIVANANTHAM","Payment In-Progress","799736"
"3","Tamil Nadu","Construction of buildings for community cultural activities","WS/MP18312/2026-2027/227530","TIRUCHIRAPPALLI(DISTRICT COLLECTOR TIRUCHIRAPPALLI_IDA)","DURAI VAIKO","TIRUCHIRAPPALLI","27-Aug-2026","Santhiya","Payment In-Progress","1059245"
"4","Tamil Nadu","Construction of bus-sheds or bus-stops","WS/MP870/2025-2026/200569","VELLORE(DISTRICT COLLECTOR VELLORE_IDA)","D M Kathir Anand","VELLORE","27-Aug-2026","KR CONSTRUCTIONS","Payment In-Progress","1099275"
"5","Tamil Nadu","Construction of boundary walls of existing public and community buildings","WS/MP866/2025-2026/213688","CHENNAI(COMMISSIONER MUNCIPAL CORPORATION CHENNAI_IDA)","Kalanidhi Veeraswamy","CHENNAI NORTH","01-Sep-2026","DEEPA TRADERS","Payment In-Progress","2294929"
"6","Tamil Nadu","Development of playfields and sports grounds","WS/MP391/2026-2027/273229","CHENNAI(COMMISSIONER MUNCIPAL CORPORATION CHENNAI_IDA)","Thiru Dayanidhi Maran","CHENNAI CENTRAL","28-Aug-2026","DB VEERRARAGHAVAN","Payment In-Progress","4909657"
"7","Tamil Nadu","Purchase of smart boards, visual display units and projectors","WS/MP743/2025-2026/190832","CHENGALPATTU(District Collector Chengalpattu_IDA)","Ganesan Selvam","KANCHEEPURAM(SC)","29-Aug-2026","T S SOLAR POWER SYSTEM","Payment In-Progress","400000"
"8","Tamil Nadu","Setting up of kitchen and pantries","WS/MP751/2025-2026/210018","MADURAI(DISTRICT COLLECTOR MADURAI_IDA)","S Venkatesan","MADURAI","01-Sep-2026","MK AND CO","Payment In-Progress","1344961"
"9","Tamil Nadu","Providing CCTV camera system for security of public areas","WS/MP18173/2026-2027/225959","TIRUVANNAMALAI(DISTRICT COLLECTOR TIRUVANNAMALAI_IDA)","THARANIVENTHAN M S","ARANI","31-Aug-2026","MARAN SECURITY SYSTEM","Payment In-Progress","150000"
"10","Tamil Nadu","Construction of community centers and community halls","WS/MP743/2026-2027/190860","CHENGALPATTU(District Collector Chengalpattu_IDA)","Ganesan Selvam","KANCHEEPURAM(SC)","28-Aug-2026","KANNADHASAN V","Payment In-Progress","2321878"
"11","Tamil Nadu","Construction of roads, link roads, pathways or any other road with or without drainage system","WS/MP017/2026-2027/235389","Ranipet(District Collector, Ranipet_2)","S. Jagathrakshakan","ARAKKONAM","13-Aug-2026","M VELU","Payment In-Progress","399772"
"12","Tamil Nadu","Lighting of public spaces","WS/MP746/2026-2027/232927","RAMANATHAPURAM(DISTRICT COLLECTOR RAMANATHAPURAM_IDA)","Kani K Navas","RAMANATHAPURAM","28-Aug-2026","FPLUS ENTERPRISES","Payment In-Progress","430000"
"13","Tamil Nadu","Construction of Government office buildings (Post office, Police station, Police chauki, etc.)","WS/MP18312/2026-2027/224433","TIRUCHIRAPPALLI(DISTRICT COLLECTOR TIRUCHIRAPPALLI_IDA)","DURAI VAIKO","TIRUCHIRAPPALLI","27-Aug-2026","Vijayaragavan J","Payment In-Progress","998687"
"14","Tamil Nadu","Construction of community centers and community halls","WS/MP18183/2024-2025/143806","THANJAVUR(DISTRICT COLLECTOR THANJAVUR_IDA)","MURASOLI S","THANJAVUR","14-Aug-2026","DHANDAYUTHAPANI K","Payment In-Progress","1348754"
"15","Tamil Nadu","Construction of buildings for community cultural activities","WS/MP18312/2026-2027/212624","TIRUCHIRAPPALLI(DISTRICT COLLECTOR TIRUCHIRAPPALLI_IDA)","DURAI VAIKO","TIRUCHIRAPPALLI","24-Aug-2026","MS APT CONSTRUCTIONS","Payment In-Progress","1695480"
"16","Tamil Nadu","Construction of buildings for community cultural activities","WS/MP18312/2026-2027/181189","TIRUCHIRAPPALLI(DISTRICT COLLECTOR TIRUCHIRAPPALLI_IDA)","DURAI VAIKO","TIRUCHIRAPPALLI","24-Aug-2026","MS NS INFRA ENTERPRISES","Payment In-Progress","1697470"
"17","Tamil Nadu","Security gates in streets/public place for safety purpose","WS/MP18183/2025-2026/245149","THANJAVUR(DISTRICT COLLECTOR THANJAVUR_IDA)","MURASOLI S","THANJAVUR","01-Sep-2026","GM Constructions and Infra P","Payment In-Progress","1131858"
"18","Tamil Nadu","Construction of boundary walls of existing public and community buildings","WS/MP18179/2025-2026/261581","THANJAVUR(DISTRICT COLLECTOR THANJAVUR_IDA)","SUDHA R","MAYILADUTHURAI","18-Aug-2026","Umamaheshwari J","Payment In-Progress","519506"
"19","Tamil Nadu","Construction of community centers and community halls","WS/MP18179/2025-2026/271514","THANJAVUR(DISTRICT COLLECTOR THANJAVUR_IDA)","SUDHA R","MAYILADUTHURAI","18-Aug-2026","MANNARMANNAN P","Payment In-Progress","522642"
"20","Tamil Nadu","Construction of bus-sheds or bus-stops","WS/MP18179/2025-2026/261584","THANJAVUR(DISTRICT COLLECTOR THANJAVUR_IDA)","SUDHA R","MAYILADUTHURAI","01-Sep-2026","MANNARMANNAN P","Payment In-Progress","394795"
"21","Tamil Nadu","Crematoriums/energy efficient crematoriums or structures on burial/cremation ground","WS/MP18179/2025-2026/261583","THANJAVUR(DISTRICT COLLECTOR THANJAVUR_IDA)","SUDHA R","MAYILADUTHURAI","01-Sep-2026","MANNARMANNAN P","Payment In-Progress","598286"
"22","Tamil Nadu","Construction of rooms and halls in school and colleges","WS/MP394/2025-2026/197305","KANNIYAKUMARI(DISTRICT COLLECTOR KANNIYAKUMARI_IDA)","Shri vijayakumar Vasanth","KANNIYAKUMARI","31-Aug-2026","Jebadhas V","Payment In-Progress","2987701"
"23","Tamil Nadu","Construction of rooms and halls in school and colleges","WS/MP18180/2026-2027/231211","TIRUCHIRAPPALLI(DISTRICT COLLECTOR TIRUCHIRAPPALLI_IDA)","ARUN NEHRU","PERAMBALUR","01-Sep-2026","VS INFRA","Payment In-Progress","1908144"
"24","Tamil Nadu","Construction of community centers and community halls","WS/MP017/2025-2026/257980","THIRUVALLUR(DISTRICT COLLECTOR TIRUVALLUR_IDA)","S. Jagathrakshakan","ARAKKONAM","27-Aug-2026","Raveendhra G","Payment In-Progress","1599822"
"25","Tamil Nadu","Construction of buildings for community cultural activities","WS/MP756/2026-2027/170996","Ariyalur(District Collector Ariyalur_IDA)","Thirumaa Valavan Thol","CHIDAMBARAM(SC)","02-Sep-2026","RAVICHANDRAN A","Payment In-Progress","896198"
"26","Tamil Nadu","Construction of buildings for community cultural activities","WS/MP756/2026-2027/242926","Ariyalur(District Collector Ariyalur_IDA)","Thirumaa Valavan Thol","CHIDAMBARAM(SC)","01-Sep-2026","SUBRAMANIYAN S","Payment In-Progress","898801"
"27","Tamil Nadu","Lighting of public spaces","WS/MP18265/2026-2027/171228","CUDDALORE(DISTRICT COLLECTOR CUDDALORE_IDA)","M.K. VISHNUPRASAD","CUDDALORE","31-Aug-2026","SRI SAI ENTERPRISES","Payment In-Progress","449130"
"28","Tamil Nadu","Lighting of public spaces","WS/MP18179/2026-2027/245271","Mayiladuthurai(District Collector Mayiladuthurai_IDA)","SUDHA R","MAYILADUTHURAI","24-Aug-2026","SRI SAI ENTERPRISES","Payment In-Progress","900000"
"29","Tamil Nadu","Construction of bus-sheds or bus-stops","WS/MP18181/2025-2026/213160","TIRUPPUR(DISTRICT COLLECTOR TIRUPPUR_IDA)","ESWARASAMY K","POLLACHI","27-Aug-2026","BRINDHA","Payment In-Progress","781543"
"30","Tamil Nadu","Construction of community centers and community halls","WS/MP751/2025-2026/237104","MADURAI(DISTRICT COLLECTOR MADURAI_IDA)","S Venkatesan","MADURAI","29-Aug-2026","SUBBIAH S","Payment In-Progress","899900"
"31","Tamil Nadu","Construction of community centers and community halls","WS/MP393/2025-2026/206176","SIVAGANGA(DISTRICT COLLECTOR SIVAGANGA_IDA)","Shri Karti P Chidambaram","SIVAGANGA","28-Aug-2026","M P R ASSOCIATES","Payment In-Progress","509709"
"32","Tamil Nadu","Construction of bus-sheds or bus-stops","WS/MP18174/2026-2027/270411","COIMBATORE(DISTRICT COLLECTOR COIMBATORE_IDA)","GANAPATHY RAJKUMAR P","COIMBATORE","24-Aug-2026","M Vivekanandhan","Payment In-Progress","599972"
"33","Tamil Nadu","Construction of bus-sheds or bus-stops","WS/MP508/2025-2026/189224","Tirupathur(District Collector Tirupathur_IDA)","CN Annadurai","TIRUVANNAMALAI","30-Aug-2026","TMT KANIMOZHI","Payment In-Progress","500000"
"34","Tamil Nadu","Purchase of furniture and fixtures for educational purposes","WS/MP017/2026-2027/280358","THIRUVALLUR(DISTRICT COLLECTOR TIRUVALLUR_IDA)","S. Jagathrakshakan","ARAKKONAM","01-Sep-2026","UMA ENTERPRISES","Payment In-Progress","375000"
"35","Tamil Nadu","Purchase of furniture and fixtures for educational purposes","WS/MP017/2026-2027/280289","THIRUVALLUR(DISTRICT COLLECTOR TIRUVALLUR_IDA)","S. Jagathrakshakan","ARAKKONAM","01-Sep-2026","UMA ENTERPRISES","Payment In-Progress","312500"
"36","Tamil Nadu","Purchase of furniture and fixtures for educational purposes","WS/MP017/2026-2027/280240","THIRUVALLUR(DISTRICT COLLECTOR TIRUVALLUR_IDA)","S. Jagathrakshakan","ARAKKONAM","01-Sep-2026","Sathya Enterprises","Payment In-Progress","312500"
"37","Tamil Nadu","Purchase of furniture and fixtures for educational purposes","WS/MP017/2026-2027/280263","THIRUVALLUR(DISTRICT COLLECTOR TIRUVALLUR_IDA)","S. Jagathrakshakan","ARAKKONAM","01-Sep-2026","Sathya Enterprises","Payment In-Progress","625000"
"38","Tamil Nadu","Purchase of furniture and fixtures for educational purposes","WS/MP017/2026-2027/306566","THIRUVALLUR(DISTRICT COLLECTOR TIRUVALLUR_IDA)","S. Jagathrakshakan","ARAKKONAM","01-Sep-2026","Sathya Enterprises","Payment In-Progress","312500"
"39","Tamil Nadu","Purchase of furniture and fixtures for educational purposes","WS/MP017/2026-2027/280253","THIRUVALLUR(DISTRICT COLLECTOR TIRUVALLUR_IDA)","S. Jagathrakshakan","ARAKKONAM","01-Sep-2026","Sathya Enterprises","Payment In-Progress","312500"
"40","Tamil Nadu","Purchase of furniture and fixtures for educational purposes","WS/MP017/2026-2027/280376","THIRUVALLUR(DISTRICT COLLECTOR TIRUVALLUR_IDA)","S. Jagathrakshakan","ARAKKONAM","31-Aug-2026","UMA ENTERPRISES","Payment In-Progress","500000"
"41","Tamil Nadu","Purchase of furniture and fixtures for educational purposes","WS/MP017/2026-2027/280375","THIRUVALLUR(DISTRICT COLLECTOR TIRUVALLUR_IDA)","S. Jagathrakshakan","ARAKKONAM","31-Aug-2026","Sathya Enterprises","Payment In-Progress","625000"
"42","Tamil Nadu","Purchase of furniture and fixtures for educational purposes","WS/MP017/2026-2027/280287","THIRUVALLUR(DISTRICT COLLECTOR TIRUVALLUR_IDA)","S. Jagathrakshakan","ARAKKONAM","31-Aug-2026","UMA ENTERPRISES","Payment In-Progress","312500"
"43","Tamil Nadu","Purchase of furniture and fixtures for educational purposes","WS/MP017/2026-2027/280336","THIRUVALLUR(DISTRICT COLLECTOR TIRUVALLUR_IDA)","S. Jagathrakshakan","ARAKKONAM","31-Aug-2026","UMA ENTERPRISES","Payment In-Progress","312500"
"44","Tamil Nadu","Purchase of furniture and fixtures for educational purposes","WS/MP017/2026-2027/280326","THIRUVALLUR(DISTRICT COLLECTOR TIRUVALLUR_IDA)","S. Jagathrakshakan","ARAKKONAM","31-Aug-2026","UMA ENTERPRISES","Payment In-Progress","375000"
"45","Tamil Nadu","Purchase of furniture and fixtures for educational purposes","WS/MP017/2026-2027/280288","THIRUVALLUR(DISTRICT COLLECTOR TIRUVALLUR_IDA)","S. Jagathrakshakan","ARAKKONAM","31-Aug-2026","UMA ENTERPRISES","Payment In-Progress","312500"
"46","Tamil Nadu","Purchase of furniture and fixtures for educational purposes","WS/MP017/2026-2027/306567","THIRUVALLUR(DISTRICT COLLECTOR TIRUVALLUR_IDA)","S. Jagathrakshakan","ARAKKONAM","01-Sep-2026","Sathya Enterprises","Payment In-Progress","312500"
"47","Tamil Nadu","Lighting of public spaces","WS/MP18186/2026-2027/222910","THIRUVALLUR(DISTRICT COLLECTOR TIRUVALLUR_IDA)","Sasikanth Senthil","TIRUVALLUR(SC)","01-Sep-2026","SELCO SOLAR LIGHT PRIVATE LTD","Payment In-Progress","300000"
"48","Tamil Nadu","Construction of community centers and community halls","WS/MP18186/2026-2027/299515","THIRUVALLUR(DISTRICT COLLECTOR TIRUVALLUR_IDA)","Sasikanth Senthil","TIRUVALLUR(SC)","25-Aug-2026","L G Arasu","Payment In-Progress","291500"
"49","Tamil Nadu","Construction of bus-sheds or bus-stops","WS/MP18179/2026-2027/245281","Mayiladuthurai(District Collector Mayiladuthurai_IDA)","SUDHA R","MAYILADUTHURAI","13-Aug-2026","Jothiprakash V","Payment In-Progress","595689"
"50","Tamil Nadu","Lighting of public spaces","WS/MP751/2025-2026/249287","MADURAI(DISTRICT COLLECTOR MADURAI_IDA)","S Venkatesan","MADURAI","27-Aug-2026","N NALLATHAMBI","Payment In-Progress","399890"
"51","Tamil Nadu","Construction of bus-sheds or bus-stops","WS/MP751/2025-2026/235293","MADURAI(DISTRICT COLLECTOR MADURAI_IDA)","S Venkatesan","MADURAI","25-Aug-2026","A N KANNAN","Payment In-Progress","698676"
"52","Tamil Nadu","Construction of bus-sheds or bus-stops","WS/MP18176/2025-2026/239373","DINDIGUL(DISTRICT COLLECTOR DINDIGUL_IDA)","SACHITHANANTHAM R","DINDIGUL","27-Aug-2026","RAM CONSTRUCTION","Payment In-Progress","699124"
"53","Tamil Nadu","Construction of roads, link roads, pathways or any other road with or without drainage system","WS/MP18267/2026-2027/270662","KRISHNAGIRI(DISTRICT COLLECTOR KRISHNAGIRI_IDA)","GOPINATH K","KRISHNAGIRI","28-Aug-2026","Shyn Construction Hosur","Payment In-Progress","1758780"
"54","Tamil Nadu","Construction of buildings for community cultural activities","WS/MP18312/2025-2026/213178","PUDUKKOTTAI(DISTRICT COLLECTOR PUDUKKOTTAI_IDA)","DURAI VAIKO","TIRUCHIRAPPALLI","01-Sep-2026","SHRI LALITHAMBIGAI CONSTRUCTION","Payment In-Progress","950000"
"55","Tamil Nadu","Construction of buildings for community cultural activities","WS/MP18312/2025-2026/213188","PUDUKKOTTAI(DISTRICT COLLECTOR PUDUKKOTTAI_IDA)","DURAI VAIKO","TIRUCHIRAPPALLI","31-Aug-2026","K THIAGARAJAN","Payment In-Progress","569826"
"56","Tamil Nadu","Construction of additional rooms and halls in the existing public and community building","WS/MP18176/2025-2026/199095","DINDIGUL(DISTRICT COLLECTOR DINDIGUL_IDA)","SACHITHANANTHAM R","DINDIGUL","18-Aug-2026","ANBARASU","Payment In-Progress","1300000"
"57","Tamil Nadu","Construction of bus-sheds or bus-stops","WS/MP18184/2025-2026/161794","MADURAI(DISTRICT COLLECTOR MADURAI_IDA)","THANGA TAMILSELVAN","THENI","24-Jun-2026","KPK construction","Payment In-Progress","1000000"
"58","Tamil Nadu","Construction of water tanks","WS/MP458/2026-2027/150074","Thoothukkudi(DISTRICT COLLECTOR THOOTHUKUDI_IDA)","Kanimozhi Karunanidhi","THOOTHUKKUDI","29-May-2026","Sree and Co","Payment In-Progress","3000000"
"59","Tamil Nadu","Construction of bus-sheds or bus-stops","WS/MP393/2025-2026/206433","PUDUKKOTTAI(DISTRICT COLLECTOR PUDUKKOTTAI_IDA)","Shri Karti P Chidambaram","SIVAGANGA","28-Aug-2026","S MEYYAPPAN","Payment In-Progress","597193"
"60","Tamil Nadu","Construction of rooms and halls in school and colleges","WS/MP18174/2026-2027/224334","COIMBATORE(DISTRICT COLLECTOR COIMBATORE_IDA)","GANAPATHY RAJKUMAR P","COIMBATORE","27-Aug-2026","Shri Murugan Associates","Payment In-Progress","799891"
"61","Tamil Nadu","Construction of community centers and community halls","WS/MP18181/2026-2027/305132","COIMBATORE(DISTRICT COLLECTOR COIMBATORE_IDA)","ESWARASAMY K","POLLACHI","27-Aug-2026","JAYALAKSHMI BUILDERS","Payment In-Progress","2000000"
"62","Tamil Nadu","Lighting of public spaces","WS/MP457/2025-2026/258859","KALLAKURICHI(District Collector Kallakurichi_IDA)","D Ravikumar","VILUPPURAM(SC)","01-Sep-2026","VDH ENGINEERING SERVICES","Payment In-Progress","247148"
"63","Tamil Nadu","Lighting of public spaces","WS/MP457/2025-2026/258860","KALLAKURICHI(District Collector Kallakurichi_IDA)","D Ravikumar","VILUPPURAM(SC)","01-Sep-2026","VDH ENGINEERING SERVICES","Payment In-Progress","247138"
"64","Tamil Nadu","Lighting of public spaces","WS/MP457/2025-2026/258861","KALLAKURICHI(District Collector Kallakurichi_IDA)","D Ravikumar","VILUPPURAM(SC)","31-Aug-2026","VDH ENGINEERING SERVICES","Payment In-Progress","249751"
"65","Tamil Nadu","Lighting of public spaces","WS/MP457/2025-2026/258863","KALLAKURICHI(District Collector Kallakurichi_IDA)","D Ravikumar","VILUPPURAM(SC)","31-Aug-2026","VDH ENGINEERING SERVICES","Payment In-Progress","249751"
"66","Tamil Nadu","Lighting of public spaces","WS/MP457/2025-2026/258862","KALLAKURICHI(District Collector Kallakurichi_IDA)","D Ravikumar","VILUPPURAM(SC)","31-Aug-2026","VDH ENGINEERING SERVICES","Payment In-Progress","249751"
"67","Tamil Nadu","Construction of community centers and community halls","WS/MP18184/2026-2027/211713","THENI(District Collector Theni_5)","THANGA TAMILSELVAN","THENI","24-Jun-2026","M Saravanan","Payment In-Progress","1720039"
"68","Tamil Nadu","Construction of bus-sheds or bus-stops","WS/MP870/2025-2026/200562","VELLORE(DISTRICT COLLECTOR VELLORE_IDA)","D M Kathir Anand","VELLORE","02-Sep-2026","JMD Promoters","Payment In-Progress","887884"
"69","Tamil Nadu","Construction of community centers and community halls","WS/MP18184/2026-2027/211708","THENI(District Collector Theni_5)","THANGA TAMILSELVAN","THENI","13-Jul-2026","ELLAPPAN CONTRACTOR","Payment In-Progress","1200000"
"70","Tamil Nadu","Lighting of public spaces","WS/MP18184/2026-2027/169909","THENI(District Collector Theni_5)","THANGA TAMILSELVAN","THENI","22-Jun-2026","SUN POWER TECNOLOGY AND ELECTICALS","Payment In-Progress","349300"
"71","Tamil Nadu","Lighting of public spaces","WS/MP18184/2026-2027/169908","THENI(District Collector Theni_5)","THANGA TAMILSELVAN","THENI","22-Jun-2026","SUN POWER TECNOLOGY AND ELECTICALS","Payment In-Progress","348450"
"72","Tamil Nadu","Construction of buildings for community cultural activities","WS/MP18183/2025-2026/253716","THIRUVARUR(DISTRICT COLLECTOR THIRUVARUR_IDA)","MURASOLI S","THANJAVUR","25-Aug-2026","KARTHIK P","Payment In-Progress","576388"
"73","Tamil Nadu","Purchase of books and periodicals for libraries/digitization of library books","WS/MP746/2025-2026/212906","RAMANATHAPURAM(DISTRICT COLLECTOR RAMANATHAPURAM_IDA)","Kani K Navas","RAMANATHAPURAM","01-Apr-2026","Nava India Pathipagam","Payment In-Progress","500000"
"74","Tamil Nadu","Construction of buildings for crèches and anganwadies","WS/MP394/2026-2027/181602","KANNIYAKUMARI(DISTRICT COLLECTOR KANNIYAKUMARI_IDA)","Shri vijayakumar Vasanth","KANNIYAKUMARI","01-Sep-2026","I Ammal","Payment In-Progress","1480000"
"75","Tamil Nadu","Street lights","WS/MP18177/2025-2026/156784","TIRUPPUR(DISTRICT COLLECTOR TIRUPPUR_IDA)","K E PRAKASH","ERODE","16-Apr-2026","QUALITTY ENTERPRISES","Payment In-Progress","400000"
"76","Tamil Nadu","Purchase of furniture and fixtures for educational purposes","WS/MP18179/2026-2027/179455","Mayiladuthurai(District Collector Mayiladuthurai_IDA)","SUDHA R","MAYILADUTHURAI","09-Jul-2026","DIVINE ENTERPRISES","Payment In-Progress","500000"
"77","Tamil Nadu","Purchase of furniture and fixtures for educational purposes","WS/MP18179/2026-2027/179451","Mayiladuthurai(District Collector Mayiladuthurai_IDA)","SUDHA R","MAYILADUTHURAI","08-Jul-2026","DIVINE ENTERPRISES","Payment In-Progress","400000"
"78","Tamil Nadu","Purchase of furniture and fixtures for educational purposes","WS/MP18179/2026-2027/179452","Mayiladuthurai(District Collector Mayiladuthurai_IDA)","SUDHA R","MAYILADUTHURAI","09-Jul-2026","DIVINE ENTERPRISES","Payment In-Progress","800000"
"79","Tamil Nadu","Purchase of furniture and fixtures for educational purposes","WS/MP18179/2026-2027/179453","Mayiladuthurai(District Collector Mayiladuthurai_IDA)","SUDHA R","MAYILADUTHURAI","09-Jul-2026","DIVINE ENTERPRISES","Payment In-Progress","500000"
"80","Tamil Nadu","Purchase of furniture and fixtures for educational purposes","WS/MP18179/2026-2027/179454","Mayiladuthurai(District Collector Mayiladuthurai_IDA)","SUDHA R","MAYILADUTHURAI","09-Jul-2026","DIVINE ENTERPRISES","Payment In-Progress","800000"
"81","Tamil Nadu","Purchase of smart boards, visual display units and projectors","WS/MP758/2025-2026/201583","KARUR(DISTRICT COLLECTOR KARUR_IDA)","Smt S Jothimani","KARUR","18-Mar-2026","RAMESH","Payment In-Progress","199966"
"82","Tamil Nadu","Purchase of books and periodicals for libraries/digitization of library books","WS/MP758/2025-2026/256773","PUDUKKOTTAI(DISTRICT COLLECTOR PUDUKKOTTAI_IDA)","Smt S Jothimani","KARUR","02-Sep-2026","Nava India Pathipagam","Payment In-Progress","89550"
"83","Tamil Nadu","Construction of buildings for community cultural activities","WS/MP18184/2026-2027/286244","THENI(District Collector Theni_5)","THANGA TAMILSELVAN","THENI","13-Jul-2026","PANDIAN V  Contractor","Payment In-Progress","1482499"
"84","Tamil Nadu","Construction of bus-sheds or bus-stops","WS/MP394/2026-2027/247484","KANNIYAKUMARI(DISTRICT COLLECTOR KANNIYAKUMARI_IDA)","Shri vijayakumar Vasanth","KANNIYAKUMARI","27-Aug-2026","Rajive C K","Payment In-Progress","456779"
"85","Tamil Nadu","Construction of bus-sheds or bus-stops","WS/MP870/2026-2027/201527","VELLORE(DISTRICT COLLECTOR VELLORE_IDA)","D M Kathir Anand","VELLORE","01-Sep-2026","GNANASEKARAN G","Payment In-Progress","1499012"
"86","Tamil Nadu","Construction of community centers and community halls","WS/MP017/2026-2027/160046","Ranipet(District Collector, Ranipet_2)","S. Jagathrakshakan","ARAKKONAM","12-Aug-2026","SSKT ENTERPRISES","Payment Success","700000"
"87","Tamil Nadu","Purchase of furniture and fixtures for educational purposes","WS/MP18185/2026-2027/247529","TIRUNELVELI(DISTRICT COLLECTOR TIRUNELVELI_IDA)","ROBERT BRUCE C","TIRUNELVELI","02-Jul-2026","SREE KAMACHI INDUSTRIES","Payment Success","1540000"
"88","Tamil Nadu","Construction of bus-sheds or bus-stops","WS/MP740/2026-2027/270882","THE NILGIRIS(DISTRICT COLLECTOR NILGIRIS_IDA)","Andimuthu Raja","NILGIRIS(SC)","08-Jul-2026","MANOGARAN P","Payment Success","600000"
"89","Tamil Nadu","Construction of roads, link roads, pathways or any other road with or without drainage system","WS/MP18384/2025-2026/210421","NAGAPATTINAM(DISTRICT COLLECTOR NAGAPATTINAM_4)","SELVARAJ V","NAGAPATTINAM(SC)","19-Nov-2025","M MAHAKUMAR","Payment Success","943078"
"90","Tamil Nadu","Construction of footpaths and pedestrian ways","WS/MP745/2025-2026/202601","ERODE(DISTRICT_COLLECTORE_ERODE_IDA)","K Subbarayan","TIRUPPUR","13-Mar-2026","M APPUSAMY","Payment Success","1000000"
"91","Tamil Nadu","Purchase of smart boards, visual display units and projectors","WS/MP758/2025-2026/170881","KARUR(DISTRICT COLLECTOR KARUR_IDA)","Smt S Jothimani","KARUR","23-Feb-2026","TAMILNADU CONSTRUCTION LABOUR WELFARE BOARD","Payment Success","10000"
"92","Tamil Nadu","Purchase of smart boards, visual display units and projectors","WS/MP758/2025-2026/170881","KARUR(DISTRICT COLLECTOR KARUR_IDA)","Smt S Jothimani","KARUR","23-Feb-2026","P S STALIN","Payment Success","983825"
"93","Tamil Nadu","Purchase of smart boards, visual display units and projectors","WS/MP758/2025-2026/201225","KARUR(DISTRICT COLLECTOR KARUR_IDA)","Smt S Jothimani","KARUR","23-Feb-2026","TAMILNADU CONSTRUCTION LABOUR WELFARE BOARD","Payment Success","10000"
"94","Tamil Nadu","Purchase of smart boards, visual display units and projectors","WS/MP758/2025-2026/201225","KARUR(DISTRICT COLLECTOR KARUR_IDA)","Smt S Jothimani","KARUR","23-Feb-2026","P S STALIN","Payment Success","983825"
"95","Tamil Nadu","Construction of public libraries and reading rooms","WS/MP758/2025-2026/199393","DINDIGUL(DISTRICT COLLECTOR DINDIGUL_IDA)","Smt S Jothimani","KARUR","05-Aug-2026","P S STALIN","Payment Success","3480565"
"96","Tamil Nadu","Construction of Government office buildings (Post office, Police station, Police chauki, etc.)","WS/MP18176/2025-2026/254228","DINDIGUL(DISTRICT COLLECTOR DINDIGUL_IDA)","SACHITHANANTHAM R","DINDIGUL","19-May-2026","SARAVANA ENGINEERING AND INFRATECH PRIVATE LIMITED","Payment Success","2998062"
"97","Tamil Nadu","Lighting of public spaces","WS/MP18384/2025-2026/259036","THIRUVARUR(DISTRICT COLLECTOR THIRUVARUR_IDA)","SELVARAJ V","NAGAPATTINAM(SC)","20-Jun-2026","BALAKRISHNAN MUTHALAGAN","Payment Success","480000"
"98","Tamil Nadu","Lighting of public spaces","WS/MP18384/2025-2026/259037","THIRUVARUR(DISTRICT COLLECTOR THIRUVARUR_IDA)","SELVARAJ V","NAGAPATTINAM(SC)","20-Jun-2026","BALAKRISHNAN MUTHALAGAN","Payment Success","480000"
"99","Tamil Nadu","Lighting of public spaces","WS/MP18384/2025-2026/259038","THIRUVARUR(DISTRICT COLLECTOR THIRUVARUR_IDA)","SELVARAJ V","NAGAPATTINAM(SC)","20-Jun-2026","BALAKRISHNAN MUTHALAGAN","Payment Success","480000"
"100","Tamil Nadu","Lighting of public spaces","WS/MP18384/2025-2026/259039","THIRUVARUR(DISTRICT COLLECTOR THIRUVARUR_IDA)","SELVARAJ V","NAGAPATTINAM(SC)","20-Jun-2026","BALAKRISHNAN MUTHALAGAN","Payment Success","480000"
"101","Tamil Nadu","Lighting of public spaces","WS/MP18384/2025-2026/259040","THIRUVARUR(DISTRICT COLLECTOR THIRUVARUR_IDA)","SELVARAJ V","NAGAPATTINAM(SC)","20-Jun-2026","BALAKRISHNAN MUTHALAGAN","Payment Success","480000"
"102","Tamil Nadu","Lighting of public spaces","WS/MP18384/2025-2026/259042","THIRUVARUR(DISTRICT COLLECTOR THIRUVARUR_IDA)","SELVARAJ V","NAGAPATTINAM(SC)","20-Jun-2026","BALAKRISHNAN MUTHALAGAN","Payment Success","480000"
"103","Tamil Nadu","Purchase of books and periodicals for libraries/digitization of library books","WS/MP758/2025-2026/256772","DINDIGUL(DISTRICT COLLECTOR DINDIGUL_IDA)","Smt S Jothimani","KARUR","06-Mar-2026","Dindigul District Library","Payment Success","100000"
"104","Tamil Nadu","Construction of bus-sheds or bus-stops","WS/MP18384/2026-2027/210459","NAGAPATTINAM(DISTRICT COLLECTOR NAGAPATTINAM_4)","SELVARAJ V","NAGAPATTINAM(SC)","12-Jun-2026","Aakash Construction","Payment Success","4000000"
"105","Tamil Nadu","Purchase of hospital equipment","WS/MP740/2026-2027/219246","THE NILGIRIS(DISTRICT COLLECTOR NILGIRIS_IDA)","Andimuthu Raja","NILGIRIS(SC)","03-Jul-2026","THE NILGIRIS DISTRICT CONSUMERS CO OP WHOLESALE STORES LTD","Payment Success","490000"
"106","Tamil Nadu","Purchase of hospital equipment","WS/MP740/2026-2027/269575","THE NILGIRIS(DISTRICT COLLECTOR NILGIRIS_IDA)","Andimuthu Raja","NILGIRIS(SC)","03-Jul-2026","THE NILGIRIS DISTRICT CONSUMERS CO OP WHOLESALE STORES LTD","Payment Success","335000"
"107","Tamil Nadu","Purchase of hospital equipment","WS/MP740/2026-2027/269574","THE NILGIRIS(DISTRICT COLLECTOR NILGIRIS_IDA)","Andimuthu Raja","NILGIRIS(SC)","03-Jul-2026","THE NILGIRIS DISTRICT CONSUMERS CO OP WHOLESALE STORES LTD","Payment Success","45000"
"108","Tamil Nadu","Purchase of non-conventional energy system and devices for community use","WS/MP18178/2026-2027/178210","SALEM(DISTRICT COLLECTOR SALEM_IDA)","MALAIYARASAN D","KALLAKURICHI","21-May-2026","MUNIAN VENKATESAN","Payment Success","372559"
"109","Tamil Nadu","Construction of buildings for crèches and anganwadies","WS/MP394/2026-2027/208215","KANNIYAKUMARI(DISTRICT COLLECTOR KANNIYAKUMARI_IDA)","Shri vijayakumar Vasanth","KANNIYAKUMARI","20-May-2026","CHANDRA KALAPERUMAL","Payment Success","1480000"
"110","Tamil Nadu","Construction of additional rooms and halls in the existing public and community building","WS/MP18174/2026-2027/221512","COIMBATORE(DISTRICT COLLECTOR COIMBATORE_IDA)","GANAPATHY RAJKUMAR P","COIMBATORE","21-May-2026","Narendran Builders","Payment Success","2000000"
"111","Tamil Nadu","Purchase of furniture and fixtures for educational purposes","WS/MP18174/2026-2027/285842","TIRUPPUR(DISTRICT COLLECTOR TIRUPPUR_IDA)","GANAPATHY RAJKUMAR P","COIMBATORE","03-Jul-2026","VARUN ENTERPRISES","Payment Success","1529997"
"112","Tamil Nadu","Construction of buildings for crèches and anganwadies","WS/MP394/2026-2027/181597","KANNIYAKUMARI(DISTRICT COLLECTOR KANNIYAKUMARI_IDA)","Shri vijayakumar Vasanth","KANNIYAKUMARI","15-Jul-2026","SAHAYA THATHEYOUSH S","Payment Success","2000000"
"113","Tamil Nadu","Construction of road under bridge","WS/MP017/2026-2027/160023","Ranipet(District Collector, Ranipet_2)","S. Jagathrakshakan","ARAKKONAM","17-Jun-2026","AVN CONSTRUCTIONS","Payment Success","3389297"
"114","Tamil Nadu","Purchase of books and periodicals for libraries/digitization of library books","WS/MP758/2026-2027/256771","KARUR(DISTRICT COLLECTOR KARUR_IDA)","Smt S Jothimani","KARUR","07-Aug-2026","Nava India Pathipagam","Payment Success","269325"
"115","Tamil Nadu","Construction of bus-sheds or bus-stops","WS/MP18181/2026-2027/222365","COIMBATORE(DISTRICT COLLECTOR COIMBATORE_IDA)","ESWARASAMY K","POLLACHI","03-Jul-2026","Mookambika Constructions","Payment Success","600000"
"116","Tamil Nadu","Construction of public libraries and reading rooms","WS/MP394/2026-2027/197311","KANNIYAKUMARI(DISTRICT COLLECTOR KANNIYAKUMARI_IDA)","Shri vijayakumar Vasanth","KANNIYAKUMARI","06-Jul-2026","Prince kumar","Payment Success","989098"
"117","Tamil Nadu","Purchase of smart boards, visual display units and projectors","WS/MP758/2025-2026/201552","KARUR(DISTRICT COLLECTOR KARUR_IDA)","Smt S Jothimani","KARUR","18-Mar-2026","RAMESH","Payment Success","199966"
"118","Tamil Nadu","Purchase of smart boards, visual display units and projectors","WS/MP758/2025-2026/201551","KARUR(DISTRICT COLLECTOR KARUR_IDA)","Smt S Jothimani","KARUR","18-Mar-2026","RAMESH","Payment Success","199966"
"119","Tamil Nadu","Purchase of smart boards, visual display units and projectors","WS/MP758/2025-2026/201549","KARUR(DISTRICT COLLECTOR KARUR_IDA)","Smt S Jothimani","KARUR","18-Mar-2026","RAMESH","Payment Success","199966"
"120","Tamil Nadu","Purchase of smart boards, visual display units and projectors","WS/MP758/2025-2026/201588","KARUR(DISTRICT COLLECTOR KARUR_IDA)","Smt S Jothimani","KARUR","18-Mar-2026","RAMESH","Payment Success","199968"
"121","Tamil Nadu","Purchase of smart boards, visual display units and projectors","WS/MP758/2025-2026/201550","KARUR(DISTRICT COLLECTOR KARUR_IDA)","Smt S Jothimani","KARUR","18-Mar-2026","RAMESH","Payment Success","199968"
"122","Tamil Nadu","Purchase of smart boards, visual display units and projectors","WS/MP758/2025-2026/201548","KARUR(DISTRICT COLLECTOR KARUR_IDA)","Smt S Jothimani","KARUR","18-Mar-2026","RAMESH","Payment Success","199966"
"123","Tamil Nadu","Purchase of smart boards, visual display units and projectors","WS/MP758/2025-2026/201582","KARUR(DISTRICT COLLECTOR KARUR_IDA)","Smt S Jothimani","KARUR","18-Mar-2026","RAMESH","Payment Success","199966"
"124","Tamil Nadu","Purchase of smart boards, visual display units and projectors","WS/MP758/2025-2026/201579","KARUR(DISTRICT COLLECTOR KARUR_IDA)","Smt S Jothimani","KARUR","18-Mar-2026","RAMESH","Payment Success","199968"
"125","Tamil Nadu","Construction of bus-sheds or bus-stops","WS/MP758/2025-2026/201230","KARUR(DISTRICT COLLECTOR KARUR_IDA)","Smt S Jothimani","KARUR","23-Mar-2026","P S STALIN","Payment Success","800000"
"126","Tamil Nadu","Lighting of public spaces","WS/MP18184/2025-2026/169907","THENI(District Collector Theni_5)","THANGA TAMILSELVAN","THENI","02-Feb-2026","BOSE AGENCY THENI","Payment Success","345925"
"127","Tamil Nadu","Lighting of public spaces","WS/MP743/2025-2026/253020","Kancheepuram(DISTRICT COLLECTOR KANCHEEPURAM_IDA)","Ganesan Selvam","KANCHEEPURAM(SC)","10-Mar-2026","T S SOLAR POWER SYSTEM","Payment Success","750000"
"128","Tamil Nadu","Construction of toilet blocks","WS/MP18184/2026-2027/171655","THENI(District Collector Theni_5)","THANGA TAMILSELVAN","THENI","29-Jul-2026","SREE VINYAGA CONSTRUCTIONS","Payment Success","508679"
"129","Tamil Nadu","Construction of toilet blocks","WS/MP18184/2026-2027/171656","THENI(District Collector Theni_5)","THANGA TAMILSELVAN","THENI","29-Jul-2026","SREE VINYAGA CONSTRUCTIONS","Payment Success","692076"
"130","Tamil Nadu","Construction of toilet blocks","WS/MP18184/2026-2027/169906","THENI(District Collector Theni_5)","THANGA TAMILSELVAN","THENI","06-Jul-2026","SREE VINYAGA CONSTRUCTIONS","Payment Success","689839"
"131","Tamil Nadu","Construction of toilet blocks","WS/MP18184/2026-2027/169905","THENI(District Collector Theni_5)","THANGA TAMILSELVAN","THENI","06-Jul-2026","SREE VINYAGA CONSTRUCTIONS","Payment Success","394715"
"132","Tamil Nadu","Construction of toilet blocks","WS/MP18184/2026-2027/171653","THENI(District Collector Theni_5)","THANGA TAMILSELVAN","THENI","06-Jul-2026","SREE VINYAGA CONSTRUCTIONS","Payment Success","390943"
"133","Tamil Nadu","Construction of toilet blocks","WS/MP18184/2026-2027/171654","THENI(District Collector Theni_5)","THANGA TAMILSELVAN","THENI","06-Jul-2026","SREE VINYAGA CONSTRUCTIONS","Payment Success","390406"
"134","Tamil Nadu","Purchase of non-conventional energy system and devices for community use","WS/MP18178/2025-2026/178168","SALEM(DISTRICT COLLECTOR SALEM_IDA)","MALAIYARASAN D","KALLAKURICHI","24-Feb-2026","MUNIAN VENKATESAN","Payment Success","373720"
"135","Tamil Nadu","Lighting of public spaces","WS/MP18178/2026-2027/280588","SALEM(DISTRICT COLLECTOR SALEM_IDA)","MALAIYARASAN D","KALLAKURICHI","15-May-2026","MUNIAN VENKATESAN","Payment Success","373720"
"136","Tamil Nadu","Construction of Government office buildings (Post office, Police station, Police chauki, etc.)","WS/MP18178/2025-2026/174414","KALLAKURICHI(District Collector Kallakurichi_IDA)","MALAIYARASAN D","KALLAKURICHI","15-May-2026","TAMILNADU CONSTRUCTION LABOUR WELFARE BOARD","Payment Success","25000"
"137","Tamil Nadu","Construction of Government office buildings (Post office, Police station, Police chauki, etc.)","WS/MP18178/2025-2026/174414","KALLAKURICHI(District Collector Kallakurichi_IDA)","MALAIYARASAN D","KALLAKURICHI","03-Mar-2026","SHANTHI ELECTRICALS","Payment Success","149996"
"138","Tamil Nadu","Construction of Government office buildings (Post office, Police station, Police chauki, etc.)","WS/MP18178/2025-2026/174414","KALLAKURICHI(District Collector Kallakurichi_IDA)","MALAIYARASAN D","KALLAKURICHI","29-Jan-2026","RAVI M","Payment Success","2226061"
"139","Tamil Nadu","Construction of water tanks","WS/MP18181/2025-2026/203795","COIMBATORE(DISTRICT COLLECTOR COIMBATORE_IDA)","ESWARASAMY K","POLLACHI","31-Jan-2026","Thiruppathi Ramakrishnan","Payment Success","2000000"
"140","Tamil Nadu","Purchase of books and periodicals for libraries/digitization of library books","WS/MP751/2025-2026/239150","MADURAI(DISTRICT COLLECTOR MADURAI_IDA)","S Venkatesan","MADURAI","30-Jan-2026","GREEN SHINE TRADERS","Payment Success","82950"
"141","Tamil Nadu","Purchase of smart boards, visual display units and projectors","WS/MP758/2025-2026/201553","KARUR(DISTRICT COLLECTOR KARUR_IDA)","Smt S Jothimani","KARUR","25-Mar-2026","RAMESH","Payment Success","199966"
"142","Tamil Nadu","Purchase of smart boards, visual display units and projectors","WS/MP758/2025-2026/201586","KARUR(DISTRICT COLLECTOR KARUR_IDA)","Smt S Jothimani","KARUR","18-Mar-2026","RAMESH","Payment Success","199966"
"143","Tamil Nadu","Purchase of smart boards, visual display units and projectors","WS/MP758/2025-2026/201587","KARUR(DISTRICT COLLECTOR KARUR_IDA)","Smt S Jothimani","KARUR","18-Mar-2026","RAMESH","Payment Success","199966"
"144","Tamil Nadu","Purchase of smart boards, visual display units and projectors","WS/MP758/2025-2026/201547","KARUR(DISTRICT COLLECTOR KARUR_IDA)","Smt S Jothimani","KARUR","18-Mar-2026","RAMESH","Payment Success","199966"
"145","Tamil Nadu","Purchase of smart boards, visual display units and projectors","WS/MP758/2025-2026/201554","KARUR(DISTRICT COLLECTOR KARUR_IDA)","Smt S Jothimani","KARUR","18-Mar-2026","RAMESH","Payment Success","199986"
"146","Tamil Nadu","Purchase of smart boards, visual display units and projectors","WS/MP758/2025-2026/201698","KARUR(DISTRICT COLLECTOR KARUR_IDA)","Smt S Jothimani","KARUR","18-Mar-2026","RAMESH","Payment Success","199987"
"147","Tamil Nadu","Construction of water tanks","WS/MP740/2026-2027/160935","TIRUPPUR(DISTRICT COLLECTOR TIRUPPUR_IDA)","Andimuthu Raja","NILGIRIS(SC)","19-May-2026","Royal builders","Payment Success","1099868"
"148","Tamil Nadu","Construction of water tanks","WS/MP740/2026-2027/197212","TIRUPPUR(DISTRICT COLLECTOR TIRUPPUR_IDA)","Andimuthu Raja","NILGIRIS(SC)","30-Jul-2026","NATPAVI ASSOCIATESS","Payment Success","1650000"
"149","Tamil Nadu","Construction of buildings for crèches and anganwadies","WS/MP740/2025-2026/140344","TIRUPPUR(DISTRICT COLLECTOR TIRUPPUR_IDA)","Andimuthu Raja","NILGIRIS(SC)","02-Dec-2025","P SARAVANAN","Payment Success","1200000"
"150","Tamil Nadu","Purchase of non-conventional energy system and devices for community use","WS/MP18178/2025-2026/201969","SALEM(DISTRICT COLLECTOR SALEM_IDA)","MALAIYARASAN D","KALLAKURICHI","22-May-2026","MUNIAN VENKATESAN","Payment Success","375000"
"151","Tamil Nadu","Purchase of non-conventional energy system and devices for community use","WS/MP18178/2025-2026/201971","SALEM(DISTRICT COLLECTOR SALEM_IDA)","MALAIYARASAN D","KALLAKURICHI","22-May-2026","MUNIAN VENKATESAN","Payment Success","375000"
"152","Tamil Nadu","Purchase of books and periodicals for libraries/digitization of library books","WS/MP740/2025-2026/228442","THE NILGIRIS(DISTRICT COLLECTOR NILGIRIS_IDA)","Andimuthu Raja","NILGIRIS(SC)","17-Feb-2026","MANAGAI PATHIPAGAM","Payment Success","470000"
"153","Tamil Nadu","Construction of roads, link roads, pathways or any other road with or without drainage system","WS/MP18267/2026-2027/250876","KRISHNAGIRI(DISTRICT COLLECTOR KRISHNAGIRI_IDA)","GOPINATH K","KRISHNAGIRI","25-Jun-2026","Shivakumar Venkatagiriyappa","Payment Success","249350"
"154","Tamil Nadu","Construction of roads, link roads, pathways or any other road with or without drainage system","WS/MP18267/2026-2027/250878","KRISHNAGIRI(DISTRICT COLLECTOR KRISHNAGIRI_IDA)","GOPINATH K","KRISHNAGIRI","25-Jun-2026","Shivakumar Venkatagiriyappa","Payment Success","299663"
"155","Tamil Nadu","Construction of rooms and halls in school and colleges","WS/MP756/2026-2027/171038","Ariyalur(District Collector Ariyalur_IDA)","Thirumaa Valavan Thol","CHIDAMBARAM(SC)","24-Aug-2026","Annai Electricals","Payment Success","99867"
"156","Tamil Nadu","Construction of rooms and halls in school and colleges","WS/MP756/2026-2027/171038","Ariyalur(District Collector Ariyalur_IDA)","Thirumaa Valavan Thol","CHIDAMBARAM(SC)","07-Jul-2026","KUBERAN AND CO","Payment Success","4256261"
"157","Tamil Nadu","Construction of bus-sheds or bus-stops","WS/MP18181/2025-2026/211788","TIRUPPUR(DISTRICT COLLECTOR TIRUPPUR_IDA)","ESWARASAMY K","POLLACHI","15-Oct-2025","KALIDAS RAMASAMY","Payment Success","997723"
"158","Tamil Nadu","Construction of bus-sheds or bus-stops","WS/MP18181/2025-2026/211789","TIRUPPUR(DISTRICT COLLECTOR TIRUPPUR_IDA)","ESWARASAMY K","POLLACHI","16-Oct-2025","LAKSHMANAN","Payment Success","599770"
"159","Tamil Nadu","Lighting of public spaces","WS/MP18181/2025-2026/235265","TIRUPPUR(DISTRICT COLLECTOR TIRUPPUR_IDA)","ESWARASAMY K","POLLACHI","17-Oct-2025","Sharp Systems","Payment Success","700000"
"160","Tamil Nadu","Construction of bus-sheds or bus-stops","WS/MP18181/2025-2026/211787","TIRUPPUR(DISTRICT COLLECTOR TIRUPPUR_IDA)","ESWARASAMY K","POLLACHI","16-Oct-2025","LAKSHMANAN","Payment Success","599805"
"161","Tamil Nadu","Lighting of public spaces","WS/MP18181/2025-2026/213169","TIRUPPUR(DISTRICT COLLECTOR TIRUPPUR_IDA)","ESWARASAMY K","POLLACHI","11-Feb-2026","HARIDEV ENTERPRISES","Payment Success","700000"
"162","Tamil Nadu","Construction of bus-sheds or bus-stops","WS/MP18181/2026-2027/185232","TIRUPPUR(DISTRICT COLLECTOR TIRUPPUR_IDA)","ESWARASAMY K","POLLACHI","20-May-2026","KRISHNAKUMAR G","Payment Success","1000000"
"163","Tamil Nadu","Purchase of non-conventional energy system and devices for community use","WS/MP18178/2025-2026/178132","SALEM(DISTRICT COLLECTOR SALEM_IDA)","MALAIYARASAN D","KALLAKURICHI","05-Feb-2026","VEENUS ENTERPRISES","Payment Success","474844"
"164","Tamil Nadu","Purchase of non-conventional energy system and devices for community use","WS/MP18178/2025-2026/178137","SALEM(DISTRICT COLLECTOR SALEM_IDA)","MALAIYARASAN D","KALLAKURICHI","05-Feb-2026","VEENUS ENTERPRISES","Payment Success","373693"
"165","Tamil Nadu","Construction of rooms and halls in school and colleges","WS/MP394/2025-2026/136041","KANNIYAKUMARI(DISTRICT COLLECTOR KANNIYAKUMARI_IDA)","Shri vijayakumar Vasanth","KANNIYAKUMARI","08-Sep-2025","EBIN SAM","Payment Success","1600000"
"166","Tamil Nadu","Construction of rooms and halls in school and colleges","WS/MP394/2025-2026/136041","KANNIYAKUMARI(DISTRICT COLLECTOR KANNIYAKUMARI_IDA)","Shri vijayakumar Vasanth","KANNIYAKUMARI","07-Mar-2026","EBIN SAM","Payment Success","900000"
"167","Tamil Nadu","Construction of buildings for community cultural activities","WS/MP394/2026-2027/230776","KANNIYAKUMARI(DISTRICT COLLECTOR KANNIYAKUMARI_IDA)","Shri vijayakumar Vasanth","KANNIYAKUMARI","07-Aug-2026","Xavier Prabhu","Payment Success","1485403"
"168","Tamil Nadu","Construction of roads, link roads, pathways or any other road with or without drainage system","WS/MP740/2026-2027/211760","COIMBATORE(DISTRICT COLLECTOR COIMBATORE_IDA)","Andimuthu Raja","NILGIRIS(SC)","27-Jul-2026","KASTHURI SHANMUGAM","Payment Success","1482790"
"169","Tamil Nadu","Construction of buildings for crèches and anganwadies","WS/MP743/2025-2026/142093","Kancheepuram(DISTRICT COLLECTOR KANCHEEPURAM_IDA)","Ganesan Selvam","KANCHEEPURAM(SC)","23-May-2026","Anburaja V","Payment Success","1600000"
"170","Tamil Nadu","Construction of boundary walls of existing public and community buildings","WS/MP18184/2025-2026/213141","THENI(District Collector Theni_5)","THANGA TAMILSELVAN","THENI","22-Nov-2025","ANBALAGAN D","Payment Success","1835013"
"171","Tamil Nadu","Purchase of other aids / devices required for P/ M/ V/ H impaired for differently abled persons","WS/MP18394/2025-2026/180815","NAMAKKAL(DISTRICT COLLECTOR NAMAKKAL_IDA)","V S Matheswaran","NAMAKKAL","28-May-2025","MADRAS ENT RESEARCH FOUNDATION P Ltd","Payment Success","577000"
"172","Tamil Nadu","Construction of community centers and community halls","WS/MP18177/2025-2026/216387","TIRUPPUR(DISTRICT COLLECTOR TIRUPPUR_IDA)","K E PRAKASH","ERODE","08-Oct-2025","Executive Officer","Payment Success","1000000"
"173","Tamil Nadu","Lighting of public spaces","WS/MP508/2025-2026/176403","TIRUVANNAMALAI(DISTRICT COLLECTOR TIRUVANNAMALAI_IDA)","CN Annadurai","TIRUVANNAMALAI","23-Aug-2025","AADHI CONSTRUCTIONS","Payment Success","970018"
"174","Tamil Nadu","Lighting of public spaces","WS/MP508/2025-2026/176404","TIRUVANNAMALAI(DISTRICT COLLECTOR TIRUVANNAMALAI_IDA)","CN Annadurai","TIRUVANNAMALAI","23-Aug-2025","AADHI CONSTRUCTIONS","Payment Success","969644"
"175","Tamil Nadu","Lighting of public spaces","WS/MP508/2025-2026/176405","TIRUVANNAMALAI(DISTRICT COLLECTOR TIRUVANNAMALAI_IDA)","CN Annadurai","TIRUVANNAMALAI","22-Sep-2025","T S SOLAR POWER SYSTEM","Payment Success","1799543"
"176","Tamil Nadu","Lighting of public spaces","WS/MP508/2025-2026/176406","TIRUVANNAMALAI(DISTRICT COLLECTOR TIRUVANNAMALAI_IDA)","CN Annadurai","TIRUVANNAMALAI","23-Sep-2025","T S SOLAR POWER SYSTEM","Payment Success","1799693"
"177","Tamil Nadu","Lighting of public spaces","WS/MP508/2026-2027/201464","TIRUVANNAMALAI(DISTRICT COLLECTOR TIRUVANNAMALAI_IDA)","CN Annadurai","TIRUVANNAMALAI","23-Jul-2026","T S SOLAR POWER SYSTEM","Payment Success","699568"
"178","Tamil Nadu","Lighting of public spaces","WS/MP508/2026-2027/229856","TIRUVANNAMALAI(DISTRICT COLLECTOR TIRUVANNAMALAI_IDA)","CN Annadurai","TIRUVANNAMALAI","31-Jul-2026","T S SOLAR POWER SYSTEM","Payment Success","799337"
"179","Tamil Nadu","Purchase of prosthetics, wheel chairs, tricycles (manual or motorized), elect scooties, hearing aids","WS/MP745/2024-2025/138590","ERODE(DISTRICT_COLLECTORE_ERODE_IDA)","K Subbarayan","TIRUPPUR","03-Mar-2025","SKY SPEECH HEARING CARE","Payment Success","730000"
"180","Tamil Nadu","Construction of Government office buildings (Post office, Police station, Police chauki, etc.)","WS/MP458/2025-2026/153614","Thoothukkudi(DISTRICT COLLECTOR THOOTHUKUDI_IDA)","Kanimozhi Karunanidhi","THOOTHUKKUDI","22-Jul-2025","A S CONSTRUCTIONS","Payment Success","1400000"
"181","Tamil Nadu","Construction of buildings for crèches and anganwadies","WS/MP458/2025-2026/153610","Thoothukkudi(DISTRICT COLLECTOR THOOTHUKUDI_IDA)","Kanimozhi Karunanidhi","THOOTHUKKUDI","18-Jul-2025","M KARUNAMOORTHY","Payment Success","1590997"
"182","Tamil Nadu","Construction of Government office buildings (Post office, Police station, Police chauki, etc.)","WS/MP458/2025-2026/153616","Thoothukkudi(DISTRICT COLLECTOR THOOTHUKUDI_IDA)","Kanimozhi Karunanidhi","THOOTHUKKUDI","18-Jul-2025","M KARUNAMOORTHY","Payment Success","1400000"
"183","Tamil Nadu","Construction of Government office buildings (Post office, Police station, Police chauki, etc.)","WS/MP458/2026-2027/211394","Thoothukkudi(DISTRICT COLLECTOR THOOTHUKUDI_IDA)","Kanimozhi Karunanidhi","THOOTHUKKUDI","22-Jul-2026","S SYED SIRAJUDEEN","Payment Success","1000000"
"184","Tamil Nadu","Construction of Government office buildings (Post office, Police station, Police chauki, etc.)","WS/MP458/2026-2027/211390","Thoothukkudi(DISTRICT COLLECTOR THOOTHUKUDI_IDA)","Kanimozhi Karunanidhi","THOOTHUKKUDI","27-Jul-2026","A S CONSTRUCTIONS","Payment Success","1000000"
"185","Tamil Nadu","Construction of bus-sheds or bus-stops","WS/MP458/2025-2026/180146","Thoothukkudi(DISTRICT COLLECTOR THOOTHUKUDI_IDA)","Kanimozhi Karunanidhi","THOOTHUKKUDI","23-Sep-2025","K MUTHURAMAN","Payment Success","400000"
"186","Tamil Nadu","Construction of Government office buildings (Post office, Police station, Police chauki, etc.)","WS/MP18183/2025-2026/253717","THIRUVARUR(DISTRICT COLLECTOR THIRUVARUR_IDA)","MURASOLI S","THANJAVUR","06-Apr-2026","VENKATACHALAM","Payment Success","315606"
"187","Tamil Nadu","Construction of community centers and community halls","WS/MP18183/2025-2026/140775","THIRUVARUR(DISTRICT COLLECTOR THIRUVARUR_IDA)","MURASOLI S","THANJAVUR","31-Jul-2025","AKS CONSTRUCTIONS","Payment Success","671383"
"188","Tamil Nadu","Construction of community centers and community halls","WS/MP18183/2025-2026/143383","THIRUVARUR(DISTRICT COLLECTOR THIRUVARUR_IDA)","MURASOLI S","THANJAVUR","21-Aug-2025","P SHANBAGAVALLI RAYAPURAM","Payment Success","834739"
"189","Tamil Nadu","Construction of community centers and community halls","WS/MP18183/2025-2026/143383","THIRUVARUR(DISTRICT COLLECTOR THIRUVARUR_IDA)","MURASOLI S","THANJAVUR","03-Dec-2025","P SHANBAGAVALLI RAYAPURAM","Payment Success","495072"
"190","Tamil Nadu","Construction of community centers and community halls","WS/MP18183/2025-2026/140775","THIRUVARUR(DISTRICT COLLECTOR THIRUVARUR_IDA)","MURASOLI S","THANJAVUR","25-Oct-2025","AKS CONSTRUCTIONS","Payment Success","637040"
"191","Tamil Nadu","Construction of water tanks","WS/MP740/2026-2027/160926","COIMBATORE(DISTRICT COLLECTOR COIMBATORE_IDA)","Andimuthu Raja","NILGIRIS(SC)","27-Jul-2026","SANDHIYA and CO","Payment Success","1600000"
"192","Tamil Nadu","Lighting of public spaces","WS/MP18394/2025-2026/151361","SALEM(DISTRICT COLLECTOR SALEM_IDA)","V S Matheswaran","NAMAKKAL","04-Feb-2026","Hindusthan Power Technology","Payment Success","350000"
"193","Tamil Nadu","Lighting of public spaces","WS/MP18394/2025-2026/151362","SALEM(DISTRICT COLLECTOR SALEM_IDA)","V S Matheswaran","NAMAKKAL","04-Feb-2026","Hindusthan Power Technology","Payment Success","350000"
"194","Tamil Nadu","Lighting of public spaces","WS/MP18394/2025-2026/151356","SALEM(DISTRICT COLLECTOR SALEM_IDA)","V S Matheswaran","NAMAKKAL","26-Sep-2025","Hindusthan Power Technology","Payment Success","341598"
"195","Tamil Nadu","Lighting of public spaces","WS/MP18394/2025-2026/151358","SALEM(DISTRICT COLLECTOR SALEM_IDA)","V S Matheswaran","NAMAKKAL","26-Sep-2025","Hindusthan Power Technology","Payment Success","342001"
"196","Tamil Nadu","Lighting of public spaces","WS/MP18394/2025-2026/151359","SALEM(DISTRICT COLLECTOR SALEM_IDA)","V S Matheswaran","NAMAKKAL","26-Sep-2025","Hindusthan Power Technology","Payment Success","345225"
"197","Tamil Nadu","Lighting of public spaces","WS/MP18394/2025-2026/151360","SALEM(DISTRICT COLLECTOR SALEM_IDA)","V S Matheswaran","NAMAKKAL","26-Sep-2025","Hindusthan Power Technology","Payment Success","339986"
"198","Tamil Nadu","Construction of buildings for community cultural activities","WS/MP18267/2025-2026/173729","KRISHNAGIRI(DISTRICT COLLECTOR KRISHNAGIRI_IDA)","GOPINATH K","KRISHNAGIRI","19-Jan-2026","Venkatesh R","Payment Success","583963"
"199","Tamil Nadu","Installing community drinking water plants","WS/MP18267/2026-2027/216589","KRISHNAGIRI(DISTRICT COLLECTOR KRISHNAGIRI_IDA)","GOPINATH K","KRISHNAGIRI","22-Jul-2026","J S ELECTRICALS","Payment Success","953395"
"200","Tamil Nadu","Installing community drinking water plants","WS/MP18267/2025-2026/189102","KRISHNAGIRI(DISTRICT COLLECTOR KRISHNAGIRI_IDA)","GOPINATH K","KRISHNAGIRI","22-Jul-2026","J S ELECTRICALS","Payment Success","935621"
"201","Tamil Nadu","Installing community drinking water plants","WS/MP18267/2025-2026/189100","KRISHNAGIRI(DISTRICT COLLECTOR KRISHNAGIRI_IDA)","GOPINATH K","KRISHNAGIRI","22-Jul-2026","J S ELECTRICALS","Payment Success","909788"
"202","Tamil Nadu","Installing community drinking water plants","WS/MP18267/2026-2027/216588","KRISHNAGIRI(DISTRICT COLLECTOR KRISHNAGIRI_IDA)","GOPINATH K","KRISHNAGIRI","22-Jul-2026","J S ELECTRICALS","Payment Success","925732"
"203","Tamil Nadu","Street lights","WS/MP18267/2025-2026/173685","KRISHNAGIRI(DISTRICT COLLECTOR KRISHNAGIRI_IDA)","GOPINATH K","KRISHNAGIRI","15-Sep-2025","Sai Solar System","Payment Success","497483"
"204","Tamil Nadu","Street lights","WS/MP18267/2025-2026/173684","KRISHNAGIRI(DISTRICT COLLECTOR KRISHNAGIRI_IDA)","GOPINATH K","KRISHNAGIRI","15-Sep-2025","Sai Solar System","Payment Success","497307"
"205","Tamil Nadu","Street lights","WS/MP18267/2025-2026/173690","KRISHNAGIRI(DISTRICT COLLECTOR KRISHNAGIRI_IDA)","GOPINATH K","KRISHNAGIRI","15-Sep-2025","Sai Solar System","Payment Success","497307"
"206","Tamil Nadu","Street lights","WS/MP18267/2025-2026/173691","KRISHNAGIRI(DISTRICT COLLECTOR KRISHNAGIRI_IDA)","GOPINATH K","KRISHNAGIRI","15-Sep-2025","Sai Solar System","Payment Success","497483"
"207","Tamil Nadu","Purchase of furniture and fixtures for educational purposes","WS/MP18267/2026-2027/303817","KRISHNAGIRI(DISTRICT COLLECTOR KRISHNAGIRI_IDA)","GOPINATH K","KRISHNAGIRI","17-Aug-2026","R K AGENCIES","Payment Success","594000"
"208","Tamil Nadu","Purchase of furniture and fixtures for educational purposes","WS/MP18267/2026-2027/303818","KRISHNAGIRI(DISTRICT COLLECTOR KRISHNAGIRI_IDA)","GOPINATH K","KRISHNAGIRI","17-Aug-2026","R K AGENCIES","Payment Success","594000"
"209","Tamil Nadu","Purchase of furniture and fixtures for educational purposes","WS/MP18267/2026-2027/303822","KRISHNAGIRI(DISTRICT COLLECTOR KRISHNAGIRI_IDA)","GOPINATH K","KRISHNAGIRI","17-Aug-2026","R K AGENCIES","Payment Success","594000"
"210","Tamil Nadu","Purchase of furniture and fixtures for educational purposes","WS/MP18267/2026-2027/303823","KRISHNAGIRI(DISTRICT COLLECTOR KRISHNAGIRI_IDA)","GOPINATH K","KRISHNAGIRI","17-Aug-2026","R K AGENCIES","Payment Success","594000"
"211","Tamil Nadu","Lighting of public spaces","WS/MP18186/2025-2026/212313","THIRUVALLUR(DISTRICT COLLECTOR TIRUVALLUR_IDA)","Sasikanth Senthil","TIRUVALLUR(SC)","24-Feb-2026","Sri dvaarakha tech","Payment Success","423906"
"212","Tamil Nadu","Lighting of public spaces","WS/MP18186/2025-2026/173216","THIRUVALLUR(DISTRICT COLLECTOR TIRUVALLUR_IDA)","Sasikanth Senthil","TIRUVALLUR(SC)","08-Aug-2025","Sri dvaarakha tech","Payment Success","421310"
"213","Tamil Nadu","Lighting of public spaces","WS/MP18186/2025-2026/149096","THIRUVALLUR(DISTRICT COLLECTOR TIRUVALLUR_IDA)","Sasikanth Senthil","TIRUVALLUR(SC)","30-Aug-2025","JEEVA ENTERPRISES","Payment Success","640161"
"214","Tamil Nadu","Crematoriums/energy efficient crematoriums or structures on burial/cremation ground","WS/MP18185/2025-2026/176140","TIRUNELVELI(DISTRICT COLLECTOR TIRUNELVELI_IDA)","ROBERT BRUCE C","TIRUNELVELI","20-Jan-2026","S Sudalaimuthu","Payment Success","928366"
"215","Tamil Nadu","Crematoriums/energy efficient crematoriums or structures on burial/cremation ground","WS/MP18185/2025-2026/176108","TIRUNELVELI(DISTRICT COLLECTOR TIRUNELVELI_IDA)","ROBERT BRUCE C","TIRUNELVELI","20-Jan-2026","S Sudalaimuthu","Payment Success","713533"
"216","Tamil Nadu","Construction of community centers and community halls","WS/MP18185/2025-2026/176145","TIRUNELVELI(DISTRICT COLLECTOR TIRUNELVELI_IDA)","ROBERT BRUCE C","TIRUNELVELI","20-Jan-2026","C Selvakumar","Payment Success","1292276"
"217","Tamil Nadu","Lighting of public spaces","WS/MP393/2025-2026/164310","PUDUKKOTTAI(DISTRICT COLLECTOR PUDUKKOTTAI_IDA)","Shri Karti P Chidambaram","SIVAGANGA","24-Jul-2025","KAARTHIKEYAN S","Payment Success","488441"
"218","Tamil Nadu","Construction of public irrigation facilities","WS/MP393/2025-2026/220658","PUDUKKOTTAI(DISTRICT COLLECTOR PUDUKKOTTAI_IDA)","Shri Karti P Chidambaram","SIVAGANGA","19-Jan-2026","KAARTHIKEYAN S","Payment Success","500000"
"219","Tamil Nadu","Street lights","WS/MP18182/2025-2026/161255","TENKASI(DISTRICT COLLECTOR TENKASI_IDA)","DR RANI SRI KUMAR","TENKASI(SC)","28-Jun-2025","SUPER ELECTRICALS","Payment Success","421555"
"220","Tamil Nadu","Street lights","WS/MP18182/2025-2026/161256","TENKASI(DISTRICT COLLECTOR TENKASI_IDA)","DR RANI SRI KUMAR","TENKASI(SC)","28-Jun-2025","SUPER ELECTRICALS","Payment Success","417005"
"221","Tamil Nadu","Street lights","WS/MP18182/2025-2026/161257","TENKASI(DISTRICT COLLECTOR TENKASI_IDA)","DR RANI SRI KUMAR","TENKASI(SC)","28-Jun-2025","SUPER ELECTRICALS","Payment Success","421555"
"222","Tamil Nadu","Street lights","WS/MP18182/2025-2026/161258","TENKASI(DISTRICT COLLECTOR TENKASI_IDA)","DR RANI SRI KUMAR","TENKASI(SC)","28-Jun-2025","SUPER ELECTRICALS","Payment Success","421555"
"223","Tamil Nadu","Lighting of public spaces","WS/MP18182/2025-2026/229296","TENKASI(DISTRICT COLLECTOR TENKASI_IDA)","DR RANI SRI KUMAR","TENKASI(SC)","28-Jan-2026","Madasamy A","Payment Success","423856"
"224","Tamil Nadu","Lighting of public spaces","WS/MP18182/2025-2026/229295","TENKASI(DISTRICT COLLECTOR TENKASI_IDA)","DR RANI SRI KUMAR","TENKASI(SC)","28-Jan-2026","Madasamy A","Payment Success","423856"
"225","Tamil Nadu","Lighting of public spaces","WS/MP18182/2025-2026/229297","TENKASI(DISTRICT COLLECTOR TENKASI_IDA)","DR RANI SRI KUMAR","TENKASI(SC)","28-Jan-2026","Madasamy A","Payment Success","423856"
"226","Tamil Nadu","Lighting of public spaces","WS/MP18182/2025-2026/229298","TENKASI(DISTRICT COLLECTOR TENKASI_IDA)","DR RANI SRI KUMAR","TENKASI(SC)","28-Jan-2026","Madasamy A","Payment Success","423856"
"227","Tamil Nadu","Construction of rooms and halls in school and colleges","WS/MP508/2026-2027/201485","TIRUVANNAMALAI(DISTRICT COLLECTOR TIRUVANNAMALAI_IDA)","CN Annadurai","TIRUVANNAMALAI","07-Aug-2026","Om Sakthi Construction","Payment Success","687693"
"228","Tamil Nadu","Construction of community centers and community halls","WS/MP508/2025-2026/176412","TIRUVANNAMALAI(DISTRICT COLLECTOR TIRUVANNAMALAI_IDA)","CN Annadurai","TIRUVANNAMALAI","23-Jul-2026","Merino Infra Projects Private Ltd","Payment Success","3087396"
"229","Tamil Nadu","Construction of community centers and community halls","WS/MP18173/2025-2026/164085","TIRUVANNAMALAI(DISTRICT COLLECTOR TIRUVANNAMALAI_IDA)","THARANIVENTHAN M S","ARANI","09-Aug-2025","Khaiser","Payment Success","986981"
"230","Tamil Nadu","Lighting of public spaces","WS/MP18173/2025-2026/196691","TIRUVANNAMALAI(DISTRICT COLLECTOR TIRUVANNAMALAI_IDA)","THARANIVENTHAN M S","ARANI","01-Sep-2025","RAK INDUSTRIES","Payment Success","750000"
"231","Tamil Nadu","Construction of bus-sheds or bus-stops","WS/MP18173/2024-2025/164091","TIRUVANNAMALAI(DISTRICT COLLECTOR TIRUVANNAMALAI_IDA)","THARANIVENTHAN M S","ARANI","24-Jun-2026","Harikrishnan Constructions","Payment Success","933000"
"232","Tamil Nadu","Construction of community centers and community halls","WS/MP18173/2025-2026/139200","TIRUVANNAMALAI(DISTRICT COLLECTOR TIRUVANNAMALAI_IDA)","THARANIVENTHAN M S","ARANI","22-Aug-2025","S Murugan","Payment Success","500000"
"233","Tamil Nadu","Lighting of public spaces","WS/MP18173/2025-2026/196660","TIRUVANNAMALAI(DISTRICT COLLECTOR TIRUVANNAMALAI_IDA)","THARANIVENTHAN M S","ARANI","08-Aug-2025","RAK INDUSTRIES","Payment Success","749744"
"234","Tamil Nadu","Providing drains and gutters for public drainage","WS/MP18173/2025-2026/211106","TIRUVANNAMALAI(DISTRICT COLLECTOR TIRUVANNAMALAI_IDA)","THARANIVENTHAN M S","ARANI","18-Feb-2026","Sathyanarayanan","Payment Success","500000"
"235","Tamil Nadu","Construction of roads, link roads, pathways or any other road with or without drainage system","WS/MP18173/2025-2026/225965","TIRUVANNAMALAI(DISTRICT COLLECTOR TIRUVANNAMALAI_IDA)","THARANIVENTHAN M S","ARANI","13-Jul-2026","NEHRU RAJA","Payment Success","500000"
"236","Tamil Nadu","Construction of community centers and community halls","WS/MP18173/2025-2026/225963","TIRUVANNAMALAI(DISTRICT COLLECTOR TIRUVANNAMALAI_IDA)","THARANIVENTHAN M S","ARANI","19-Jun-2026","NEHRU RAJA","Payment Success","1000000"
"237","Tamil Nadu","Construction of roads, link roads, pathways or any other road with or without drainage system","WS/MP18173/2025-2026/225964","TIRUVANNAMALAI(DISTRICT COLLECTOR TIRUVANNAMALAI_IDA)","THARANIVENTHAN M S","ARANI","11-Apr-2026","NEHRU RAJA","Payment Success","499716"
"238","Tamil Nadu","Construction of roads, link roads, pathways or any other road with or without drainage system","WS/MP18173/2025-2026/211108","TIRUVANNAMALAI(DISTRICT COLLECTOR TIRUVANNAMALAI_IDA)","THARANIVENTHAN M S","ARANI","10-Dec-2025","Sathyanarayanan","Payment Success","499395"
"239","Tamil Nadu","Providing drains and gutters for public drainage","WS/MP18173/2025-2026/225951","TIRUVANNAMALAI(DISTRICT COLLECTOR TIRUVANNAMALAI_IDA)","THARANIVENTHAN M S","ARANI","14-Jan-2026","NEHRU RAJA","Payment Success","700000"
"240","Tamil Nadu","Construction of roads, link roads, pathways or any other road with or without drainage system","WS/MP18173/2025-2026/211109","TIRUVANNAMALAI(DISTRICT COLLECTOR TIRUVANNAMALAI_IDA)","THARANIVENTHAN M S","ARANI","14-Jan-2026","NEHRU RAJA","Payment Success","300000"
"241","Tamil Nadu","Providing drains and gutters for public drainage","WS/MP18173/2024-2025/139197","TIRUVANNAMALAI(DISTRICT COLLECTOR TIRUVANNAMALAI_IDA)","THARANIVENTHAN M S","ARANI","29-Jan-2025","NEHRU RAJA","Payment Success","998988"
"242","Tamil Nadu","Construction of roads, link roads, pathways or any other road with or without drainage system","WS/MP508/2026-2027/246906","TIRUVANNAMALAI(DISTRICT COLLECTOR TIRUVANNAMALAI_IDA)","CN Annadurai","TIRUVANNAMALAI","10-Aug-2026","CS Builders","Payment Success","994902"
"243","Tamil Nadu","Setting up of laboratories","WS/MP18173/2025-2026/196641","TIRUVANNAMALAI(DISTRICT COLLECTOR TIRUVANNAMALAI_IDA)","THARANIVENTHAN M S","ARANI","05-Jul-2025","NISHAS ENTERPRISES","Payment Success","625000"
"244","Tamil Nadu","Setting up of laboratories","WS/MP18173/2025-2026/196640","TIRUVANNAMALAI(DISTRICT COLLECTOR TIRUVANNAMALAI_IDA)","THARANIVENTHAN M S","ARANI","05-Jul-2025","NISHAS ENTERPRISES","Payment Success","625000"
"245","Tamil Nadu","Setting up of laboratories","WS/MP18173/2025-2026/196639","TIRUVANNAMALAI(DISTRICT COLLECTOR TIRUVANNAMALAI_IDA)","THARANIVENTHAN M S","ARANI","05-Jul-2025","ANIFA ENTERPRISES","Payment Success","625000"
"246","Tamil Nadu","Setting up of laboratories","WS/MP18173/2025-2026/196638","TIRUVANNAMALAI(DISTRICT COLLECTOR TIRUVANNAMALAI_IDA)","THARANIVENTHAN M S","ARANI","05-Jul-2025","ANIFA ENTERPRISES","Payment Success","625000"
"247","Tamil Nadu","Setting up of laboratories","WS/MP18173/2025-2026/196637","TIRUVANNAMALAI(DISTRICT COLLECTOR TIRUVANNAMALAI_IDA)","THARANIVENTHAN M S","ARANI","05-Jul-2025","ANIFA ENTERPRISES","Payment Success","625000"
"248","Tamil Nadu","Setting up of laboratories","WS/MP18173/2025-2026/196631","TIRUVANNAMALAI(DISTRICT COLLECTOR TIRUVANNAMALAI_IDA)","THARANIVENTHAN M S","ARANI","09-Jul-2025","SKYPOWERSYSTEM","Payment Success","625000"
"249","Tamil Nadu","Setting up of laboratories","WS/MP18173/2025-2026/196629","TIRUVANNAMALAI(DISTRICT COLLECTOR TIRUVANNAMALAI_IDA)","THARANIVENTHAN M S","ARANI","09-Jul-2025","SKYPOWERSYSTEM","Payment Success","625000"
"250","Tamil Nadu","Setting up of laboratories","WS/MP18173/2025-2026/196630","TIRUVANNAMALAI(DISTRICT COLLECTOR TIRUVANNAMALAI_IDA)","THARANIVENTHAN M S","ARANI","09-Jul-2025","SKYPOWERSYSTEM","Payment Success","625000"
"251","Tamil Nadu","Setting up of laboratories","WS/MP18173/2025-2026/196633","TIRUVANNAMALAI(DISTRICT COLLECTOR TIRUVANNAMALAI_IDA)","THARANIVENTHAN M S","ARANI","09-Jul-2025","SKYPOWERSYSTEM","Payment Success","625000"
"252","Tamil Nadu","Setting up of laboratories","WS/MP18173/2025-2026/196634","TIRUVANNAMALAI(DISTRICT COLLECTOR TIRUVANNAMALAI_IDA)","THARANIVENTHAN M S","ARANI","09-Jul-2025","SKYPOWERSYSTEM","Payment Success","625000"
"253","Tamil Nadu","Setting up of laboratories","WS/MP18173/2025-2026/196635","TIRUVANNAMALAI(DISTRICT COLLECTOR TIRUVANNAMALAI_IDA)","THARANIVENTHAN M S","ARANI","09-Jul-2025","SKYPOWERSYSTEM","Payment Success","625000"
"254","Tamil Nadu","Construction of bus-sheds or bus-stops","WS/MP18173/2025-2026/139201","TIRUVANNAMALAI(DISTRICT COLLECTOR TIRUVANNAMALAI_IDA)","THARANIVENTHAN M S","ARANI","02-Mar-2026","PUSHPA K","Payment Success","500000"
"255","Tamil Nadu","Lighting of public spaces","WS/MP508/2025-2026/229960","TIRUVANNAMALAI(DISTRICT COLLECTOR TIRUVANNAMALAI_IDA)","CN Annadurai","TIRUVANNAMALAI","05-Mar-2026","T S SOLAR POWER SYSTEM","Payment Success","435000"
"256","Tamil Nadu","Crematoriums/energy efficient crematoriums or structures on burial/cremation ground","WS/MP508/2025-2026/196051","TIRUVANNAMALAI(DISTRICT COLLECTOR TIRUVANNAMALAI_IDA)","CN Annadurai","TIRUVANNAMALAI","28-Jan-2026","AV Construction","Payment Success","300000"
"257","Tamil Nadu","Construction of roads, link roads, pathways or any other road with or without drainage system","WS/MP18185/2025-2026/179420","TIRUNELVELI(DISTRICT COLLECTOR TIRUNELVELI_IDA)","ROBERT BRUCE C","TIRUNELVELI","13-Nov-2025","J Justin Pratheep","Payment Success","1403200"
"258","Tamil Nadu","Construction of roads, link roads, pathways or any other road with or without drainage system","WS/MP18185/2025-2026/179419","TIRUNELVELI(DISTRICT COLLECTOR TIRUNELVELI_IDA)","ROBERT BRUCE C","TIRUNELVELI","13-Nov-2025","J Justin Pratheep","Payment Success","1703444"
"259","Tamil Nadu","Construction of common work sheds/ common covered sitting area","WS/MP18185/2025-2026/198045","TIRUNELVELI(DISTRICT COLLECTOR TIRUNELVELI_IDA)","ROBERT BRUCE C","TIRUNELVELI","19-Nov-2025","S Antony Amala Unida TUFF CONSTRUCTION","Payment Success","780424"
"260","Tamil Nadu","Street lights","WS/MP18185/2025-2026/179364","TIRUNELVELI(DISTRICT COLLECTOR TIRUNELVELI_IDA)","ROBERT BRUCE C","TIRUNELVELI","18-Mar-2026","SHA CHAGANLAL JAYANTHILAL JAIN","Payment Success","430000"
"261","Tamil Nadu","Crematoriums/energy efficient crematoriums or structures on burial/cremation ground","WS/MP18185/2025-2026/176212","TIRUNELVELI(DISTRICT COLLECTOR TIRUNELVELI_IDA)","ROBERT BRUCE C","TIRUNELVELI","05-Nov-2025","Nagarajan","Payment Success","700000"
"262","Tamil Nadu","Construction of culverts and bridges","WS/MP394/2024-2025/136037","KANNIYAKUMARI(DISTRICT COLLECTOR KANNIYAKUMARI_IDA)","Shri vijayakumar Vasanth","KANNIYAKUMARI","31-Dec-2025","ARK Construction","Payment Success","1000000"
"263","Tamil Nadu","Construction of buildings for crèches and anganwadies","WS/MP394/2024-2025/136033","KANNIYAKUMARI(DISTRICT COLLECTOR KANNIYAKUMARI_IDA)","Shri vijayakumar Vasanth","KANNIYAKUMARI","20-Jan-2026","C YOSHVA","Payment Success","1287207"
"264","Tamil Nadu","Construction of bus-sheds or bus-stops","WS/MP394/2024-2025/136036","KANNIYAKUMARI(DISTRICT COLLECTOR KANNIYAKUMARI_IDA)","Shri vijayakumar Vasanth","KANNIYAKUMARI","21-Jan-2026","C YOSHVA","Payment Success","369433"
"265","Tamil Nadu","Construction of footpaths and pedestrian ways","WS/MP394/2025-2026/230777","KANNIYAKUMARI(DISTRICT COLLECTOR KANNIYAKUMARI_IDA)","Shri vijayakumar Vasanth","KANNIYAKUMARI","31-Jan-2026","T ASHOK KUMAR","Payment Success","927899"
"266","Tamil Nadu","Installing tube-wells and borewells","WS/MP394/2024-2025/136044","KANNIYAKUMARI(DISTRICT COLLECTOR KANNIYAKUMARI_IDA)","Shri vijayakumar Vasanth","KANNIYAKUMARI","15-Sep-2025","Durai T","Payment Success","300000"
"267","Tamil Nadu","Construction of community centers and community halls","WS/MP394/2025-2026/136038","KANNIYAKUMARI(DISTRICT COLLECTOR KANNIYAKUMARI_IDA)","Shri vijayakumar Vasanth","KANNIYAKUMARI","12-Mar-2026","S ANILKUMAR","Payment Success","958811"
"268","Tamil Nadu","Purchase of smart boards, visual display units and projectors","WS/MP758/2025-2026/201723","TIRUCHIRAPPALLI(DISTRICT COLLECTOR TIRUCHIRAPPALLI_IDA)","Smt S Jothimani","KARUR","18-Sep-2025","P S STALIN","Payment Success","199500"
"269","Tamil Nadu","Purchase of smart boards, visual display units and projectors","WS/MP758/2025-2026/201726","TIRUCHIRAPPALLI(DISTRICT COLLECTOR TIRUCHIRAPPALLI_IDA)","Smt S Jothimani","KARUR","18-Sep-2025","P S STALIN","Payment Success","199500"
"270","Tamil Nadu","Lighting of public spaces","WS/MP18312/2025-2026/166170","TIRUCHIRAPPALLI(DISTRICT COLLECTOR TIRUCHIRAPPALLI_IDA)","DURAI VAIKO","TIRUCHIRAPPALLI","07-Jul-2025","SVS ENTERPRISES","Payment Success","425000"
"271","Tamil Nadu","Lighting of public spaces","WS/MP18312/2025-2026/166171","TIRUCHIRAPPALLI(DISTRICT COLLECTOR TIRUCHIRAPPALLI_IDA)","DURAI VAIKO","TIRUCHIRAPPALLI","07-Jul-2025","SVS ENTERPRISES","Payment Success","425000"
"272","Tamil Nadu","Construction of bus-sheds or bus-stops","WS/MP18312/2025-2026/181247","TIRUCHIRAPPALLI(DISTRICT COLLECTOR TIRUCHIRAPPALLI_IDA)","DURAI VAIKO","TIRUCHIRAPPALLI","19-Dec-2025","ASSIF ALI KAMAL BATCHA","Payment Success","750000"
"273","Tamil Nadu","Construction of footpaths and pedestrian ways","WS/MP18312/2025-2026/163723","PUDUKKOTTAI(DISTRICT COLLECTOR PUDUKKOTTAI_IDA)","DURAI VAIKO","TIRUCHIRAPPALLI","29-Jan-2026","Malathy Chellapandiyan","Payment Success","1000000"
"274","Tamil Nadu","Construction of buildings for crèches and anganwadies","WS/MP18312/2025-2026/163795","PUDUKKOTTAI(DISTRICT COLLECTOR PUDUKKOTTAI_IDA)","DURAI VAIKO","TIRUCHIRAPPALLI","02-Apr-2026","Malathy Chellapandiyan","Payment Success","1400000"
"275","Tamil Nadu","Construction of bus-sheds or bus-stops","WS/MP18185/2025-2026/179310","TIRUNELVELI(DISTRICT COLLECTOR TIRUNELVELI_IDA)","ROBERT BRUCE C","TIRUNELVELI","25-Nov-2025","INDIRA N","Payment Success","699436"
"276","Tamil Nadu","Construction of buildings for crèches and anganwadies","WS/MP18185/2026-2027/223232","TIRUNELVELI(DISTRICT COLLECTOR TIRUNELVELI_IDA)","ROBERT BRUCE C","TIRUNELVELI","06-Aug-2026","T SIVACHANDRAN","Payment Success","1599925"
"277","Tamil Nadu","Construction of public toilets and bathrooms","WS/MP18185/2026-2027/247570","TIRUNELVELI(DISTRICT COLLECTOR TIRUNELVELI_IDA)","ROBERT BRUCE C","TIRUNELVELI","10-Aug-2026","INDIRA N","Payment Success","599939"
"278","Tamil Nadu","Construction of boundary walls of existing public and community buildings","WS/MP393/2025-2026/164308","PUDUKKOTTAI(DISTRICT COLLECTOR PUDUKKOTTAI_IDA)","Shri Karti P Chidambaram","SIVAGANGA","19-Jun-2025","KUTHOOS CONSTRUCTIONS","Payment Success","500000"
"279","Tamil Nadu","Construction of bus-sheds or bus-stops","WS/MP18181/2025-2026/179550","COIMBATORE(DISTRICT COLLECTOR COIMBATORE_IDA)","ESWARASAMY K","POLLACHI","11-Aug-2025","B SUNDAR","Payment Success","800000"
"280","Tamil Nadu","Construction of flood control embankments/ protection walls along riverbanks, hilltops, roadsides","WS/MP394/2025-2026/223987","KANNIYAKUMARI(DISTRICT COLLECTOR KANNIYAKUMARI_IDA)","Shri vijayakumar Vasanth","KANNIYAKUMARI","28-Nov-2025","VMP ASSOCIATES","Payment Success","2000000"
"281","Tamil Nadu","Construction of flood control embankments/ protection walls along riverbanks, hilltops, roadsides","WS/MP394/2025-2026/164303","KANNIYAKUMARI(DISTRICT COLLECTOR KANNIYAKUMARI_IDA)","Shri vijayakumar Vasanth","KANNIYAKUMARI","01-Sep-2025","VMP ASSOCIATES","Payment Success","1500000"
"282","Tamil Nadu","Street lights","WS/MP18267/2025-2026/173743","KRISHNAGIRI(DISTRICT COLLECTOR KRISHNAGIRI_IDA)","GOPINATH K","KRISHNAGIRI","12-Feb-2026","Five Star Solar and Aqua Contractor","Payment Success","613310"
"283","Tamil Nadu","Street lights","WS/MP18267/2025-2026/173744","KRISHNAGIRI(DISTRICT COLLECTOR KRISHNAGIRI_IDA)","GOPINATH K","KRISHNAGIRI","12-Feb-2026","Five Star Solar and Aqua Contractor","Payment Success","613310"
"284","Tamil Nadu","Street lights","WS/MP18267/2025-2026/173742","KRISHNAGIRI(DISTRICT COLLECTOR KRISHNAGIRI_IDA)","GOPINATH K","KRISHNAGIRI","12-Feb-2026","Five Star Solar and Aqua Contractor","Payment Success","613310"
"285","Tamil Nadu","Installing community drinking water plants","WS/MP18267/2025-2026/173736","KRISHNAGIRI(DISTRICT COLLECTOR KRISHNAGIRI_IDA)","GOPINATH K","KRISHNAGIRI","12-Feb-2026","MADASAMY","Payment Success","998047"
"286","Tamil Nadu","Street lights","WS/MP18267/2025-2026/173741","KRISHNAGIRI(DISTRICT COLLECTOR KRISHNAGIRI_IDA)","GOPINATH K","KRISHNAGIRI","10-Feb-2026","Five Star Solar and Aqua Contractor","Payment Success","613310"
"287","Tamil Nadu","Installing community drinking water plants","WS/MP18267/2025-2026/178713","KRISHNAGIRI(DISTRICT COLLECTOR KRISHNAGIRI_IDA)","GOPINATH K","KRISHNAGIRI","18-Dec-2025","Sri Vaari Total Gaz Distributors","Payment Success","979379"
"288","Tamil Nadu","Installing community drinking water plants","WS/MP18267/2025-2026/173740","KRISHNAGIRI(DISTRICT COLLECTOR KRISHNAGIRI_IDA)","GOPINATH K","KRISHNAGIRI","08-May-2026","MADASAMY","Payment Success","1418835"
"289","Tamil Nadu","Installing community drinking water plants","WS/MP18267/2025-2026/189106","KRISHNAGIRI(DISTRICT COLLECTOR KRISHNAGIRI_IDA)","GOPINATH K","KRISHNAGIRI","22-Jan-2026","Sri Vaari Total Gaz Distributors","Payment Success","979379"
"290","Tamil Nadu","Installing community drinking water plants","WS/MP18267/2025-2026/189104","KRISHNAGIRI(DISTRICT COLLECTOR KRISHNAGIRI_IDA)","GOPINATH K","KRISHNAGIRI","22-Jan-2026","Sri Vaari Total Gaz Distributors","Payment Success","948149"
"291","Tamil Nadu","Installing community drinking water plants","WS/MP18267/2025-2026/189107","KRISHNAGIRI(DISTRICT COLLECTOR KRISHNAGIRI_IDA)","GOPINATH K","KRISHNAGIRI","22-Jan-2026","Sri Vaari Total Gaz Distributors","Payment Success","975379"
"292","Tamil Nadu","Installing community drinking water plants","WS/MP18267/2025-2026/189105","KRISHNAGIRI(DISTRICT COLLECTOR KRISHNAGIRI_IDA)","GOPINATH K","KRISHNAGIRI","18-Dec-2025","Sri Vaari Total Gaz Distributors","Payment Success","979379"
"293","Tamil Nadu","Installing community drinking water plants","WS/MP18267/2025-2026/178714","KRISHNAGIRI(DISTRICT COLLECTOR KRISHNAGIRI_IDA)","GOPINATH K","KRISHNAGIRI","18-Dec-2025","Sri Vaari Total Gaz Distributors","Payment Success","979379"
"294","Tamil Nadu","Street lights","WS/MP18267/2025-2026/173692","KRISHNAGIRI(DISTRICT COLLECTOR KRISHNAGIRI_IDA)","GOPINATH K","KRISHNAGIRI","07-Nov-2025","MADASAMY","Payment Success","617440"
"295","Tamil Nadu","Street lights","WS/MP18267/2025-2026/173728","KRISHNAGIRI(DISTRICT COLLECTOR KRISHNAGIRI_IDA)","GOPINATH K","KRISHNAGIRI","07-Nov-2025","MADASAMY","Payment Success","617440"
"296","Tamil Nadu","Street lights","WS/MP18267/2025-2026/189122","KRISHNAGIRI(DISTRICT COLLECTOR KRISHNAGIRI_IDA)","GOPINATH K","KRISHNAGIRI","07-Nov-2025","Sri Vaari Total Gaz Distributors","Payment Success","640790"
"297","Tamil Nadu","Street lights","WS/MP18267/2026-2027/260594","KRISHNAGIRI(DISTRICT COLLECTOR KRISHNAGIRI_IDA)","GOPINATH K","KRISHNAGIRI","16-Jun-2026","Sri Vaari Total Gaz Distributors","Payment Success","607758"
"298","Tamil Nadu","Street lights","WS/MP18267/2026-2027/260597","KRISHNAGIRI(DISTRICT COLLECTOR KRISHNAGIRI_IDA)","GOPINATH K","KRISHNAGIRI","17-Jun-2026","Sri Vaari Total Gaz Distributors","Payment Success","607758"
"299","Tamil Nadu","Street lights","WS/MP18267/2026-2027/260593","KRISHNAGIRI(DISTRICT COLLECTOR KRISHNAGIRI_IDA)","GOPINATH K","KRISHNAGIRI","15-Jun-2026","Sri Vaari Total Gaz Distributors","Payment Success","607758"
"300","Tamil Nadu","Street lights","WS/MP18267/2026-2027/260592","KRISHNAGIRI(DISTRICT COLLECTOR KRISHNAGIRI_IDA)","GOPINATH K","KRISHNAGIRI","15-Jun-2026","Sri Vaari Total Gaz Distributors","Payment Success","607758"
"301","Tamil Nadu","Street lights","WS/MP18267/2026-2027/260591","KRISHNAGIRI(DISTRICT COLLECTOR KRISHNAGIRI_IDA)","GOPINATH K","KRISHNAGIRI","13-Jun-2026","Sri Vaari Total Gaz Distributors","Payment Success","607758"
"302","Tamil Nadu","Street lights","WS/MP18267/2026-2027/260596","KRISHNAGIRI(DISTRICT COLLECTOR KRISHNAGIRI_IDA)","GOPINATH K","KRISHNAGIRI","16-Jun-2026","Sri Vaari Total Gaz Distributors","Payment Success","607758"
"303","Tamil Nadu","Street lights","WS/MP18267/2026-2027/260595","KRISHNAGIRI(DISTRICT COLLECTOR KRISHNAGIRI_IDA)","GOPINATH K","KRISHNAGIRI","15-Jun-2026","Sri Vaari Total Gaz Distributors","Payment Success","607758"
"304","Tamil Nadu","Street lights","WS/MP18267/2026-2027/260589","KRISHNAGIRI(DISTRICT COLLECTOR KRISHNAGIRI_IDA)","GOPINATH K","KRISHNAGIRI","13-Jun-2026","Sri Vaari Total Gaz Distributors","Payment Success","607758"
"305","Tamil Nadu","Street lights","WS/MP18267/2026-2027/260599","KRISHNAGIRI(DISTRICT COLLECTOR KRISHNAGIRI_IDA)","GOPINATH K","KRISHNAGIRI","13-Jun-2026","Sri Vaari Total Gaz Distributors","Payment Success","993058"
"306","Tamil Nadu","Construction of bus-sheds or bus-stops","WS/MP18312/2025-2026/211594","TIRUCHIRAPPALLI(DISTRICT COLLECTOR TIRUCHIRAPPALLI_IDA)","DURAI VAIKO","TIRUCHIRAPPALLI","16-Mar-2026","Sun Enterprises","Payment Success","700000"
"307","Tamil Nadu","Construction of bus-sheds or bus-stops","WS/MP18312/2025-2026/211589","TIRUCHIRAPPALLI(DISTRICT COLLECTOR TIRUCHIRAPPALLI_IDA)","DURAI VAIKO","TIRUCHIRAPPALLI","16-Mar-2026","Sun Enterprises","Payment Success","700000"
"308","Tamil Nadu","Construction of bus-sheds or bus-stops","WS/MP393/2025-2026/230424","PUDUKKOTTAI(DISTRICT COLLECTOR PUDUKKOTTAI_IDA)","Shri Karti P Chidambaram","SIVAGANGA","04-Oct-2025","DHANA VIMAL","Payment Success","600000"
"309","Tamil Nadu","Purchase of smart boards, visual display units and projectors","WS/MP758/2025-2026/201492","PUDUKKOTTAI(DISTRICT COLLECTOR PUDUKKOTTAI_IDA)","Smt S Jothimani","KARUR","16-Dec-2025","P S STALIN","Payment Success","199060"
"310","Tamil Nadu","Purchase of smart boards, visual display units and projectors","WS/MP758/2025-2026/201513","PUDUKKOTTAI(DISTRICT COLLECTOR PUDUKKOTTAI_IDA)","Smt S Jothimani","KARUR","16-Dec-2025","P S STALIN","Payment Success","199060"
"311","Tamil Nadu","Construction of community centers and community halls","WS/MP18181/2025-2026/179549","COIMBATORE(DISTRICT COLLECTOR COIMBATORE_IDA)","ESWARASAMY K","POLLACHI","06-Feb-2026","VRL  supporters","Payment Success","1600000"
"312","Tamil Nadu","Construction of boundary walls of existing public and community buildings","WS/MP18181/2025-2026/222364","COIMBATORE(DISTRICT COLLECTOR COIMBATORE_IDA)","ESWARASAMY K","POLLACHI","07-Jan-2026","Thiruppathi Ramakrishnan","Payment Success","1600000"
"313","Tamil Nadu","Providing drains and gutters for public drainage","WS/MP18181/2024-2025/179575","COIMBATORE(DISTRICT COLLECTOR COIMBATORE_IDA)","ESWARASAMY K","POLLACHI","28-Mar-2025","Mookambika Constructions","Payment Success","1000000"
"314","Tamil Nadu","Installing community drinking water plants","WS/MP18181/2025-2026/249861","COIMBATORE(DISTRICT COLLECTOR COIMBATORE_IDA)","ESWARASAMY K","POLLACHI","24-Nov-2025","VARUN ENTERPRISES","Payment Success","700000"
"315","Tamil Nadu","Construction of roads, link roads, pathways or any other road with or without drainage system","WS/MP18181/2025-2026/179576","COIMBATORE(DISTRICT COLLECTOR COIMBATORE_IDA)","ESWARASAMY K","POLLACHI","12-Sep-2025","Sathishkumar S V","Payment Success","1700000"
"316","Tamil Nadu","Installing community drinking water plants","WS/MP18267/2025-2026/189097","KRISHNAGIRI(DISTRICT COLLECTOR KRISHNAGIRI_IDA)","GOPINATH K","KRISHNAGIRI","17-Mar-2026","Sri Vaari Total Gaz Distributors","Payment Success","999783"
"317","Tamil Nadu","Installing community drinking water plants","WS/MP18267/2025-2026/189098","KRISHNAGIRI(DISTRICT COLLECTOR KRISHNAGIRI_IDA)","GOPINATH K","KRISHNAGIRI","17-Mar-2026","Sri Vaari Total Gaz Distributors","Payment Success","999783"
"318","Tamil Nadu","Installing tube-wells and borewells","WS/MP393/2025-2026/167670","SIVAGANGA(DISTRICT COLLECTOR SIVAGANGA_IDA)","Shri Karti P Chidambaram","SIVAGANGA","29-Oct-2025","DHARMARAJAN RAMAIAH","Payment Success","399054"
"319","Tamil Nadu","Installing tube-wells and borewells","WS/MP393/2025-2026/167670","SIVAGANGA(DISTRICT COLLECTOR SIVAGANGA_IDA)","Shri Karti P Chidambaram","SIVAGANGA","11-Feb-2026","DHARMARAJAN RAMAIAH","Payment Success","50946"
"320","Tamil Nadu","Construction of public toilets and bathrooms","WS/MP870/2026-2027/260324","VELLORE(DISTRICT COLLECTOR VELLORE_IDA)","D M Kathir Anand","VELLORE","19-Jun-2026","JMD Promoters","Payment Success","957905"
"321","Tamil Nadu","Construction of public toilets and bathrooms","WS/MP870/2026-2027/260323","VELLORE(DISTRICT COLLECTOR VELLORE_IDA)","D M Kathir Anand","VELLORE","17-Jun-2026","JMD Promoters","Payment Success","884466"
"322","Tamil Nadu","Construction of public toilets and bathrooms","WS/MP870/2026-2027/260322","VELLORE(DISTRICT COLLECTOR VELLORE_IDA)","D M Kathir Anand","VELLORE","15-Jun-2026","JMD Promoters","Payment Success","884466"
"323","Tamil Nadu","Providing CCTV camera system for security of public areas","WS/MP18180/2025-2026/222970","TIRUCHIRAPPALLI(DISTRICT COLLECTOR TIRUCHIRAPPALLI_IDA)","ARUN NEHRU","PERAMBALUR","26-Dec-2025","RJM ENTERPRISES","Payment Success","1300870"
"324","Tamil Nadu","Construction of roads, link roads, pathways or any other road with or without drainage system","WS/MP740/2025-2026/160923","COIMBATORE(DISTRICT COLLECTOR COIMBATORE_IDA)","Andimuthu Raja","NILGIRIS(SC)","31-Oct-2025","V SELVARAJ","Payment Success","1450000"
"325","Tamil Nadu","Construction of buildings for crèches and anganwadies","WS/MP740/2025-2026/160921","COIMBATORE(DISTRICT COLLECTOR COIMBATORE_IDA)","Andimuthu Raja","NILGIRIS(SC)","27-Jan-2026","V SELVARAJ","Payment Success","1400000"
"326","Tamil Nadu","Construction of community centers and community halls","WS/MP740/2025-2026/197193","COIMBATORE(DISTRICT COLLECTOR COIMBATORE_IDA)","Andimuthu Raja","NILGIRIS(SC)","12-Feb-2026","JAI CONSTRUCTION","Payment Success","1600000"
"327","Tamil Nadu","Construction of roads, link roads, pathways or any other road with or without drainage system","WS/MP740/2025-2026/160922","COIMBATORE(DISTRICT COLLECTOR COIMBATORE_IDA)","Andimuthu Raja","NILGIRIS(SC)","20-Jun-2025","V SELVARAJ","Payment Success","700000"
"328","Tamil Nadu","Lighting of public spaces","WS/MP18181/2025-2026/213174","TIRUPPUR(DISTRICT COLLECTOR TIRUPPUR_IDA)","ESWARASAMY K","POLLACHI","18-Mar-2026","HARIDEV ENTERPRISES","Payment Success","700000"
"329","Tamil Nadu","Construction of buildings for community cultural activities","WS/MP743/2025-2026/142802","CHENGALPATTU(District Collector Chengalpattu_IDA)","Ganesan Selvam","KANCHEEPURAM(SC)","08-Aug-2025","SATHYA ASSOCIATE","Payment Success","898541"
"330","Tamil Nadu","Installing community drinking water plants","WS/MP743/2026-2027/230538","CHENGALPATTU(District Collector Chengalpattu_IDA)","Ganesan Selvam","KANCHEEPURAM(SC)","07-Jul-2026","T PRABHAKARAN","Payment Success","1490172"
"331","Tamil Nadu","Lighting of public spaces","WS/MP18394/2026-2027/151349","SALEM(DISTRICT COLLECTOR SALEM_IDA)","V S Matheswaran","NAMAKKAL","06-Jul-2026","Hindusthan Power Technology","Payment Success","348591"
"332","Tamil Nadu","Construction of bus-sheds or bus-stops","WS/MP18181/2025-2026/185234","TIRUPPUR(DISTRICT COLLECTOR TIRUPPUR_IDA)","ESWARASAMY K","POLLACHI","28-Oct-2025","R Moorthi","Payment Success","500000"
"333","Tamil Nadu","Construction of bus-sheds or bus-stops","WS/MP18181/2025-2026/185233","TIRUPPUR(DISTRICT COLLECTOR TIRUPPUR_IDA)","ESWARASAMY K","POLLACHI","28-Oct-2025","R Moorthi","Payment Success","500000"
"334","Tamil Nadu","Construction of buildings for crèches and anganwadies","WS/MP18181/2025-2026/185235","TIRUPPUR(DISTRICT COLLECTOR TIRUPPUR_IDA)","ESWARASAMY K","POLLACHI","18-Dec-2025","IYAPPAN K","Payment Success","1400000"
"335","Tamil Nadu","Purchase of hospital equipment","WS/MP18173/2024-2025/137460","TIRUVANNAMALAI(DISTRICT COLLECTOR TIRUVANNAMALAI_IDA)","THARANIVENTHAN M S","ARANI","26-Feb-2025","Vijay Enterprises","Payment Success","61488"
"336","Tamil Nadu","Purchase of hospital equipment","WS/MP18173/2024-2025/137461","TIRUVANNAMALAI(DISTRICT COLLECTOR TIRUVANNAMALAI_IDA)","THARANIVENTHAN M S","ARANI","26-Feb-2025","Vijay Enterprises","Payment Success","61488"
"337","Tamil Nadu","Purchase of hospital equipment","WS/MP18173/2026-2027/231081","TIRUVANNAMALAI(DISTRICT COLLECTOR TIRUVANNAMALAI_IDA)","THARANIVENTHAN M S","ARANI","06-Jul-2026","VSR Agencies","Payment Success","29998"
"338","Tamil Nadu","Construction of public libraries and reading rooms","WS/MP457/2024-2025/159001","Viluppuram(DISTRICT COLLECTOR VILLUPURAM_IDA)","D Ravikumar","VILUPPURAM(SC)","01-Dec-2025","Nachatra Construction","Payment Success","2180366"
"339","Tamil Nadu","Construction of public libraries and reading rooms","WS/MP457/2024-2025/159001","Viluppuram(DISTRICT COLLECTOR VILLUPURAM_IDA)","D Ravikumar","VILUPPURAM(SC)","12-Sep-2025","Nachatra Construction","Payment Success","2806338"
"340","Tamil Nadu","Street lights","WS/MP394/2025-2026/170081","KANNIYAKUMARI(DISTRICT COLLECTOR KANNIYAKUMARI_IDA)","Shri vijayakumar Vasanth","KANNIYAKUMARI","29-Dec-2025","R CHANDRASEKARAN","Payment Success","749810"
"341","Tamil Nadu","Street lights","WS/MP394/2025-2026/170082","KANNIYAKUMARI(DISTRICT COLLECTOR KANNIYAKUMARI_IDA)","Shri vijayakumar Vasanth","KANNIYAKUMARI","29-Dec-2025","R CHANDRASEKARAN","Payment Success","749810"
"342","Tamil Nadu","Street lights","WS/MP394/2025-2026/170086","KANNIYAKUMARI(DISTRICT COLLECTOR KANNIYAKUMARI_IDA)","Shri vijayakumar Vasanth","KANNIYAKUMARI","29-Dec-2025","R CHANDRASEKARAN","Payment Success","749810"
"343","Tamil Nadu","Street lights","WS/MP394/2025-2026/170088","KANNIYAKUMARI(DISTRICT COLLECTOR KANNIYAKUMARI_IDA)","Shri vijayakumar Vasanth","KANNIYAKUMARI","29-Dec-2025","R CHANDRASEKARAN","Payment Success","749810"
"344","Tamil Nadu","Street lights","WS/MP394/2025-2026/170089","KANNIYAKUMARI(DISTRICT COLLECTOR KANNIYAKUMARI_IDA)","Shri vijayakumar Vasanth","KANNIYAKUMARI","29-Dec-2025","R CHANDRASEKARAN","Payment Success","749810"
"345","Tamil Nadu","Street lights","WS/MP394/2025-2026/170092","KANNIYAKUMARI(DISTRICT COLLECTOR KANNIYAKUMARI_IDA)","Shri vijayakumar Vasanth","KANNIYAKUMARI","29-Dec-2025","R CHANDRASEKARAN","Payment Success","749810"
"346","Tamil Nadu","Street lights","WS/MP394/2025-2026/170095","KANNIYAKUMARI(DISTRICT COLLECTOR KANNIYAKUMARI_IDA)","Shri vijayakumar Vasanth","KANNIYAKUMARI","29-Dec-2025","R CHANDRASEKARAN","Payment Success","749810"
"347","Tamil Nadu","Street lights","WS/MP394/2025-2026/170100","KANNIYAKUMARI(DISTRICT COLLECTOR KANNIYAKUMARI_IDA)","Shri vijayakumar Vasanth","KANNIYAKUMARI","29-Dec-2025","R CHANDRASEKARAN","Payment Success","749810"
"348","Tamil Nadu","Street lights","WS/MP394/2025-2026/170105","KANNIYAKUMARI(DISTRICT COLLECTOR KANNIYAKUMARI_IDA)","Shri vijayakumar Vasanth","KANNIYAKUMARI","29-Dec-2025","R CHANDRASEKARAN","Payment Success","749813"
"349","Tamil Nadu","Street lights","WS/MP394/2025-2026/170107","KANNIYAKUMARI(DISTRICT COLLECTOR KANNIYAKUMARI_IDA)","Shri vijayakumar Vasanth","KANNIYAKUMARI","07-Oct-2025","R CHANDRASEKARAN","Payment Success","749813"
"350","Tamil Nadu","Street lights","WS/MP394/2025-2026/170106","KANNIYAKUMARI(DISTRICT COLLECTOR KANNIYAKUMARI_IDA)","Shri vijayakumar Vasanth","KANNIYAKUMARI","07-Oct-2025","R CHANDRASEKARAN","Payment Success","749813"
"351","Tamil Nadu","Street lights","WS/MP394/2025-2026/170109","KANNIYAKUMARI(DISTRICT COLLECTOR KANNIYAKUMARI_IDA)","Shri vijayakumar Vasanth","KANNIYAKUMARI","07-Oct-2025","R CHANDRASEKARAN","Payment Success","749813"
"352","Tamil Nadu","Street lights","WS/MP394/2025-2026/170101","KANNIYAKUMARI(DISTRICT COLLECTOR KANNIYAKUMARI_IDA)","Shri vijayakumar Vasanth","KANNIYAKUMARI","07-Oct-2025","R CHANDRASEKARAN","Payment Success","749813"
"353","Tamil Nadu","Street lights","WS/MP394/2025-2026/170102","KANNIYAKUMARI(DISTRICT COLLECTOR KANNIYAKUMARI_IDA)","Shri vijayakumar Vasanth","KANNIYAKUMARI","07-Oct-2025","R CHANDRASEKARAN","Payment Success","749813"
"354","Tamil Nadu","Street lights","WS/MP394/2025-2026/170108","KANNIYAKUMARI(DISTRICT COLLECTOR KANNIYAKUMARI_IDA)","Shri vijayakumar Vasanth","KANNIYAKUMARI","07-Oct-2025","R CHANDRASEKARAN","Payment Success","749813"
"355","Tamil Nadu","Street lights","WS/MP394/2025-2026/170099","KANNIYAKUMARI(DISTRICT COLLECTOR KANNIYAKUMARI_IDA)","Shri vijayakumar Vasanth","KANNIYAKUMARI","25-Aug-2025","R CHANDRASEKARAN","Payment Success","749810"
"356","Tamil Nadu","Street lights","WS/MP394/2025-2026/170091","KANNIYAKUMARI(DISTRICT COLLECTOR KANNIYAKUMARI_IDA)","Shri vijayakumar Vasanth","KANNIYAKUMARI","25-Aug-2025","R CHANDRASEKARAN","Payment Success","749810"
"357","Tamil Nadu","Street lights","WS/MP394/2025-2026/170085","KANNIYAKUMARI(DISTRICT COLLECTOR KANNIYAKUMARI_IDA)","Shri vijayakumar Vasanth","KANNIYAKUMARI","25-Aug-2025","R CHANDRASEKARAN","Payment Success","749810"
"358","Tamil Nadu","Street lights","WS/MP394/2025-2026/170096","KANNIYAKUMARI(DISTRICT COLLECTOR KANNIYAKUMARI_IDA)","Shri vijayakumar Vasanth","KANNIYAKUMARI","25-Aug-2025","R CHANDRASEKARAN","Payment Success","749810"
"359","Tamil Nadu","Street lights","WS/MP394/2025-2026/170087","KANNIYAKUMARI(DISTRICT COLLECTOR KANNIYAKUMARI_IDA)","Shri vijayakumar Vasanth","KANNIYAKUMARI","25-Aug-2025","R CHANDRASEKARAN","Payment Success","749810"
"360","Tamil Nadu","Street lights","WS/MP394/2025-2026/170084","KANNIYAKUMARI(DISTRICT COLLECTOR KANNIYAKUMARI_IDA)","Shri vijayakumar Vasanth","KANNIYAKUMARI","25-Aug-2025","R CHANDRASEKARAN","Payment Success","749810"
"361","Tamil Nadu","Street lights","WS/MP394/2025-2026/170097","KANNIYAKUMARI(DISTRICT COLLECTOR KANNIYAKUMARI_IDA)","Shri vijayakumar Vasanth","KANNIYAKUMARI","25-Aug-2025","R CHANDRASEKARAN","Payment Success","749810"
"362","Tamil Nadu","Street lights","WS/MP394/2025-2026/170094","KANNIYAKUMARI(DISTRICT COLLECTOR KANNIYAKUMARI_IDA)","Shri vijayakumar Vasanth","KANNIYAKUMARI","25-Aug-2025","R CHANDRASEKARAN","Payment Success","749810"
"363","Tamil Nadu","Street lights","WS/MP394/2025-2026/170098","KANNIYAKUMARI(DISTRICT COLLECTOR KANNIYAKUMARI_IDA)","Shri vijayakumar Vasanth","KANNIYAKUMARI","25-Aug-2025","R CHANDRASEKARAN","Payment Success","749810"
"364","Tamil Nadu","Installing community drinking water plants","WS/MP743/2026-2027/230539","CHENGALPATTU(District Collector Chengalpattu_IDA)","Ganesan Selvam","KANCHEEPURAM(SC)","20-Aug-2026","T S SOLAR POWER SYSTEM","Payment Success","1500000"
"365","Tamil Nadu","Construction of toilet blocks","WS/MP18180/2025-2026/149583","PERAMBALUR(DISTRICT COLLECTOR PERAMBALUR_IDA)","ARUN NEHRU","PERAMBALUR","12-Dec-2025","sudhakar","Payment Success","775766"
"366","Tamil Nadu","Construction of toilet blocks","WS/MP18180/2025-2026/149583","PERAMBALUR(DISTRICT COLLECTOR PERAMBALUR_IDA)","ARUN NEHRU","PERAMBALUR","12-Jan-2026","TAMILNADU CONSTRUCTION LABOUR WELFARE BOARD","Payment Success","7850"
"367","Tamil Nadu","Construction of toilet blocks","WS/MP18180/2025-2026/149576","PERAMBALUR(DISTRICT COLLECTOR PERAMBALUR_IDA)","ARUN NEHRU","PERAMBALUR","18-Dec-2025","TAMILNADU CONSTRUCTION LABOUR WELFARE BOARD","Payment Success","7850"
"368","Tamil Nadu","Construction of toilet blocks","WS/MP18180/2024-2025/149578","PERAMBALUR(DISTRICT COLLECTOR PERAMBALUR_IDA)","ARUN NEHRU","PERAMBALUR","22-Mar-2025","RAJASEKAR V","Payment Success","776809"
"369","Tamil Nadu","Construction of toilet blocks","WS/MP18180/2025-2026/149579","PERAMBALUR(DISTRICT COLLECTOR PERAMBALUR_IDA)","ARUN NEHRU","PERAMBALUR","31-Jul-2025","Rajaram","Payment Success","776557"
"370","Tamil Nadu","Construction of toilet blocks","WS/MP18180/2025-2026/149575","PERAMBALUR(DISTRICT COLLECTOR PERAMBALUR_IDA)","ARUN NEHRU","PERAMBALUR","08-Aug-2025","sudhakar","Payment Success","1531172"
"371","Tamil Nadu","Construction of toilet blocks","WS/MP18180/2025-2026/149581","PERAMBALUR(DISTRICT COLLECTOR PERAMBALUR_IDA)","ARUN NEHRU","PERAMBALUR","10-Sep-2025","VRM CONTRACTOR","Payment Success","776610"
"372","Tamil Nadu","Construction of toilet blocks","WS/MP18180/2025-2026/149582","PERAMBALUR(DISTRICT COLLECTOR PERAMBALUR_IDA)","ARUN NEHRU","PERAMBALUR","19-Sep-2025","sudhakar","Payment Success","776805"
"373","Tamil Nadu","Construction of toilet blocks","WS/MP18180/2025-2026/149580","PERAMBALUR(DISTRICT COLLECTOR PERAMBALUR_IDA)","ARUN NEHRU","PERAMBALUR","03-Jul-2025","Shri Neelambika Constructions","Payment Success","774983"
"374","Tamil Nadu","Construction of toilet blocks","WS/MP18180/2025-2026/149585","PERAMBALUR(DISTRICT COLLECTOR PERAMBALUR_IDA)","ARUN NEHRU","PERAMBALUR","02-Jul-2025","Sellapandiyan","Payment Success","776530"
"375","Tamil Nadu","Construction of toilet blocks","WS/MP18180/2025-2026/149584","PERAMBALUR(DISTRICT COLLECTOR PERAMBALUR_IDA)","ARUN NEHRU","PERAMBALUR","02-Jul-2025","Sellapandiyan","Payment Success","776634"
"376","Tamil Nadu","Construction of toilet blocks","WS/MP18180/2025-2026/149577","PERAMBALUR(DISTRICT COLLECTOR PERAMBALUR_IDA)","ARUN NEHRU","PERAMBALUR","26-Jun-2025","Ajantha Construction","Payment Success","775820"
"377","Tamil Nadu","Construction of toilet blocks","WS/MP18180/2025-2026/149576","PERAMBALUR(DISTRICT COLLECTOR PERAMBALUR_IDA)","ARUN NEHRU","PERAMBALUR","28-May-2025","SHIVA CONSTRUCTIONS","Payment Success","776859"
"378","Tamil Nadu","Construction of toilet blocks","WS/MP18180/2025-2026/149574","PERAMBALUR(DISTRICT COLLECTOR PERAMBALUR_IDA)","ARUN NEHRU","PERAMBALUR","16-Jul-2025","sudhakar","Payment Success","776726"
"379","Tamil Nadu","Construction of toilet blocks","WS/MP18180/2025-2026/149575","PERAMBALUR(DISTRICT COLLECTOR PERAMBALUR_IDA)","ARUN NEHRU","PERAMBALUR","12-Jan-2026","TAMILNADU CONSTRUCTION LABOUR WELFARE BOARD","Payment Success","15500"
"380","Tamil Nadu","Construction of toilet blocks","WS/MP18180/2025-2026/149581","PERAMBALUR(DISTRICT COLLECTOR PERAMBALUR_IDA)","ARUN NEHRU","PERAMBALUR","12-Jan-2026","TAMILNADU CONSTRUCTION LABOUR WELFARE BOARD","Payment Success","7850"
"381","Tamil Nadu","Construction of toilet blocks","WS/MP18180/2025-2026/149582","PERAMBALUR(DISTRICT COLLECTOR PERAMBALUR_IDA)","ARUN NEHRU","PERAMBALUR","12-Jan-2026","TAMILNADU CONSTRUCTION LABOUR WELFARE BOARD","Payment Success","7850"
"382","Tamil Nadu","Construction of toilet blocks","WS/MP18180/2024-2025/149578","PERAMBALUR(DISTRICT COLLECTOR PERAMBALUR_IDA)","ARUN NEHRU","PERAMBALUR","12-Jan-2026","TAMILNADU CONSTRUCTION LABOUR WELFARE BOARD","Payment Success","7850"
"383","Tamil Nadu","Construction of toilet blocks","WS/MP18180/2025-2026/149577","PERAMBALUR(DISTRICT COLLECTOR PERAMBALUR_IDA)","ARUN NEHRU","PERAMBALUR","12-Jan-2026","TAMILNADU CONSTRUCTION LABOUR WELFARE BOARD","Payment Success","7850"
"384","Tamil Nadu","Construction of toilet blocks","WS/MP18180/2025-2026/149584","PERAMBALUR(DISTRICT COLLECTOR PERAMBALUR_IDA)","ARUN NEHRU","PERAMBALUR","12-Jan-2026","TAMILNADU CONSTRUCTION LABOUR WELFARE BOARD","Payment Success","7850"
"385","Tamil Nadu","Construction of toilet blocks","WS/MP18180/2025-2026/149585","PERAMBALUR(DISTRICT COLLECTOR PERAMBALUR_IDA)","ARUN NEHRU","PERAMBALUR","12-Jan-2026","TAMILNADU CONSTRUCTION LABOUR WELFARE BOARD","Payment Success","7850"
"386","Tamil Nadu","Construction of toilet blocks","WS/MP18180/2025-2026/149580","PERAMBALUR(DISTRICT COLLECTOR PERAMBALUR_IDA)","ARUN NEHRU","PERAMBALUR","12-Jan-2026","TAMILNADU CONSTRUCTION LABOUR WELFARE BOARD","Payment Success","7850"
"387","Tamil Nadu","Construction of toilet blocks","WS/MP18180/2025-2026/149574","PERAMBALUR(DISTRICT COLLECTOR PERAMBALUR_IDA)","ARUN NEHRU","PERAMBALUR","12-Jan-2026","TAMILNADU CONSTRUCTION LABOUR WELFARE BOARD","Payment Success","7850"
"388","Tamil Nadu","Construction of toilet blocks","WS/MP18180/2025-2026/149579","PERAMBALUR(DISTRICT COLLECTOR PERAMBALUR_IDA)","ARUN NEHRU","PERAMBALUR","12-Jan-2026","TAMILNADU CONSTRUCTION LABOUR WELFARE BOARD","Payment Success","7850"
"389","Tamil Nadu","Street lights","WS/MP18182/2025-2026/161265","TENKASI(DISTRICT COLLECTOR TENKASI_IDA)","DR RANI SRI KUMAR","TENKASI(SC)","19-Jun-2025","SUPER ELECTRICALS","Payment Success","418432"
"390","Tamil Nadu","Street lights","WS/MP18182/2025-2026/161264","TENKASI(DISTRICT COLLECTOR TENKASI_IDA)","DR RANI SRI KUMAR","TENKASI(SC)","19-Jun-2025","SUPER ELECTRICALS","Payment Success","418432"
"391","Tamil Nadu","Street lights","WS/MP18182/2025-2026/161266","TENKASI(DISTRICT COLLECTOR TENKASI_IDA)","DR RANI SRI KUMAR","TENKASI(SC)","19-Jun-2025","SUPER ELECTRICALS","Payment Success","418432"
"392","Tamil Nadu","Street lights","WS/MP18182/2025-2026/161267","TENKASI(DISTRICT COLLECTOR TENKASI_IDA)","DR RANI SRI KUMAR","TENKASI(SC)","19-Jun-2025","SUPER ELECTRICALS","Payment Success","418432"
"393","Tamil Nadu","Street lights","WS/MP18182/2025-2026/161268","TENKASI(DISTRICT COLLECTOR TENKASI_IDA)","DR RANI SRI KUMAR","TENKASI(SC)","19-Jun-2025","SUPER ELECTRICALS","Payment Success","418432"
"394","Tamil Nadu","Purchase of vehicle for mobile dispensaries (Four, three and two wheelers)","WS/MP18173/2026-2027/211141","TIRUVANNAMALAI(DISTRICT COLLECTOR TIRUVANNAMALAI_IDA)","THARANIVENTHAN M S","ARANI","14-May-2026","AKHILESH MOTORCYCLE PRIVATE LIMITED","Payment Success","1446945"
"395","Tamil Nadu","Purchase of vehicle for mobile dispensaries (Four, three and two wheelers)","WS/MP18173/2024-2025/139202","TIRUVANNAMALAI(DISTRICT COLLECTOR TIRUVANNAMALAI_IDA)","THARANIVENTHAN M S","ARANI","04-Apr-2025","AKHILESH MOTORCYCLE PRIVATE LIMITED","Payment Success","456670"
"396","Tamil Nadu","Providing supply pipelines for drinking water","WS/MP18384/2025-2026/177837","THIRUVARUR(DISTRICT COLLECTOR THIRUVARUR_IDA)","SELVARAJ V","NAGAPATTINAM(SC)","24-Sep-2025","Kannan","Payment Success","1608982"
"397","Tamil Nadu","Lighting of public spaces","WS/MP18173/2025-2026/151514","TIRUVANNAMALAI(DISTRICT COLLECTOR TIRUVANNAMALAI_IDA)","THARANIVENTHAN M S","ARANI","18-Jun-2025","ThiruMurugaConstruction","Payment Success","300000"
"398","Tamil Nadu","Lighting of public spaces","WS/MP18173/2025-2026/151515","TIRUVANNAMALAI(DISTRICT COLLECTOR TIRUVANNAMALAI_IDA)","THARANIVENTHAN M S","ARANI","18-Jun-2025","ThiruMurugaConstruction","Payment Success","300000"
"399","Tamil Nadu","Lighting of public spaces","WS/MP18173/2025-2026/164136","TIRUVANNAMALAI(DISTRICT COLLECTOR TIRUVANNAMALAI_IDA)","THARANIVENTHAN M S","ARANI","18-Jun-2025","ThiruMurugaConstruction","Payment Success","300000"
"400","Tamil Nadu","Construction of roads, link roads, pathways or any other road with or without drainage system","WS/MP18173/2025-2026/164090","TIRUVANNAMALAI(DISTRICT COLLECTOR TIRUVANNAMALAI_IDA)","THARANIVENTHAN M S","ARANI","09-Jul-2025","Suresh E","Payment Success","250000"
"401","Tamil Nadu","Construction of roads, link roads, pathways or any other road with or without drainage system","WS/MP18173/2025-2026/164089","TIRUVANNAMALAI(DISTRICT COLLECTOR TIRUVANNAMALAI_IDA)","THARANIVENTHAN M S","ARANI","20-Mar-2026","Suresh","Payment Success","450000"
"402","Tamil Nadu","Construction of buildings for sports facilities","WS/MP18173/2026-2027/225966","TIRUVANNAMALAI(DISTRICT COLLECTOR TIRUVANNAMALAI_IDA)","THARANIVENTHAN M S","ARANI","06-Jul-2026","Suresh","Payment Success","200000"
"403","Tamil Nadu","Construction of roads, link roads, pathways or any other road with or without drainage system","WS/MP18173/2026-2027/225961","TIRUVANNAMALAI(DISTRICT COLLECTOR TIRUVANNAMALAI_IDA)","THARANIVENTHAN M S","ARANI","19-Jun-2026","Suresh","Payment Success","400000"
"404","Tamil Nadu","Fitting of Sitting RCC Benches in Public Places","WS/MP18173/2025-2026/137924","TIRUVANNAMALAI(DISTRICT COLLECTOR TIRUVANNAMALAI_IDA)","THARANIVENTHAN M S","ARANI","25-Apr-2025","TANSI Engineering Works","Payment Success","1455576"
"405","Tamil Nadu","Construction of roads, link roads, pathways or any other road with or without drainage system","WS/MP18384/2025-2026/250297","THIRUVARUR(DISTRICT COLLECTOR THIRUVARUR_IDA)","SELVARAJ V","NAGAPATTINAM(SC)","25-May-2026","MURUGAIYAN K","Payment Success","949723"
"406","Tamil Nadu","Purchase of furniture and fixtures for educational purposes","WS/MP18175/2025-2026/171236","DHARMAPURI(DISTRICT COLLECTOR DHARMAPURI_IDA)","MANI. A.","DHARAMAPURI","16-Jul-2025","AYODHYA ENTERPRISES","Payment Success","625000"
"407","Tamil Nadu","Purchase of furniture and fixtures for educational purposes","WS/MP18175/2025-2026/171237","DHARMAPURI(DISTRICT COLLECTOR DHARMAPURI_IDA)","MANI. A.","DHARAMAPURI","16-Jul-2025","AYODHYA ENTERPRISES","Payment Success","625000"
"408","Tamil Nadu","Purchase of furniture and fixtures for educational purposes","WS/MP18175/2025-2026/171238","DHARMAPURI(DISTRICT COLLECTOR DHARMAPURI_IDA)","MANI. A.","DHARAMAPURI","16-Jul-2025","AYODHYA ENTERPRISES","Payment Success","625000"
"409","Tamil Nadu","Purchase of furniture and fixtures for educational purposes","WS/MP18175/2025-2026/171239","DHARMAPURI(DISTRICT COLLECTOR DHARMAPURI_IDA)","MANI. A.","DHARAMAPURI","16-Jul-2025","AYODHYA ENTERPRISES","Payment Success","625000"
"410","Tamil Nadu","Purchase of furniture and fixtures for educational purposes","WS/MP18175/2025-2026/171240","DHARMAPURI(DISTRICT COLLECTOR DHARMAPURI_IDA)","MANI. A.","DHARAMAPURI","16-Jul-2025","AYODHYA ENTERPRISES","Payment Success","625000"
"411","Tamil Nadu","Purchase of furniture and fixtures for educational purposes","WS/MP18175/2025-2026/171241","DHARMAPURI(DISTRICT COLLECTOR DHARMAPURI_IDA)","MANI. A.","DHARAMAPURI","16-Jul-2025","AYODHYA ENTERPRISES","Payment Success","625000"
"412","Tamil Nadu","Purchase of furniture and fixtures for educational purposes","WS/MP18175/2025-2026/171234","DHARMAPURI(DISTRICT COLLECTOR DHARMAPURI_IDA)","MANI. A.","DHARAMAPURI","04-Jul-2025","AYODHYA ENTERPRISES","Payment Success","1250000"
"413","Tamil Nadu","Purchase of furniture and fixtures for educational purposes","WS/MP18175/2025-2026/171235","DHARMAPURI(DISTRICT COLLECTOR DHARMAPURI_IDA)","MANI. A.","DHARAMAPURI","04-Jul-2025","AYODHYA ENTERPRISES","Payment Success","2500000"
"414","Tamil Nadu","Purchase of furniture and fixtures for educational purposes","WS/MP18175/2025-2026/171233","DHARMAPURI(DISTRICT COLLECTOR DHARMAPURI_IDA)","MANI. A.","DHARAMAPURI","16-Jun-2025","AYODHYA ENTERPRISES","Payment Success","1000000"
"415","Tamil Nadu","Purchase of furniture and fixtures for educational purposes","WS/MP18175/2025-2026/171242","DHARMAPURI(DISTRICT COLLECTOR DHARMAPURI_IDA)","MANI. A.","DHARAMAPURI","16-Jun-2025","AYODHYA ENTERPRISES","Payment Success","500000"
"416","Tamil Nadu","Purchase of furniture and fixtures for educational purposes","WS/MP18175/2025-2026/171232","DHARMAPURI(DISTRICT COLLECTOR DHARMAPURI_IDA)","MANI. A.","DHARAMAPURI","16-Jun-2025","AYODHYA ENTERPRISES","Payment Success","1000000"
"417","Tamil Nadu","Purchase of furniture and fixtures for educational purposes","WS/MP18175/2025-2026/198999","DHARMAPURI(DISTRICT COLLECTOR DHARMAPURI_IDA)","MANI. A.","DHARAMAPURI","09-Apr-2026","GVA BOTTLES AND TINS","Payment Success","465000"
"418","Tamil Nadu","Purchase of smart boards, visual display units and projectors","WS/MP18175/2025-2026/273217","DHARMAPURI(DISTRICT COLLECTOR DHARMAPURI_IDA)","MANI. A.","DHARAMAPURI","21-May-2026","SUCCESS ASSOCIATES","Payment Success","200000"
"419","Tamil Nadu","Purchase of furniture and fixtures for educational purposes","WS/MP18175/2025-2026/199009","DHARMAPURI(DISTRICT COLLECTOR DHARMAPURI_IDA)","MANI. A.","DHARAMAPURI","20-May-2026","GVA BOTTLES AND TINS","Payment Success","465000"
"420","Tamil Nadu","Purchase of furniture and fixtures for educational purposes","WS/MP18175/2025-2026/199007","DHARMAPURI(DISTRICT COLLECTOR DHARMAPURI_IDA)","MANI. A.","DHARAMAPURI","20-May-2026","GVA BOTTLES AND TINS","Payment Success","542500"
"421","Tamil Nadu","Purchase of furniture and fixtures for educational purposes","WS/MP18175/2025-2026/199008","DHARMAPURI(DISTRICT COLLECTOR DHARMAPURI_IDA)","MANI. A.","DHARAMAPURI","20-May-2026","GVA BOTTLES AND TINS","Payment Success","465000"
"422","Tamil Nadu","Purchase of furniture and fixtures for educational purposes","WS/MP18175/2025-2026/198998","DHARMAPURI(DISTRICT COLLECTOR DHARMAPURI_IDA)","MANI. A.","DHARAMAPURI","20-May-2026","GVA BOTTLES AND TINS","Payment Success","387500"
"423","Tamil Nadu","Purchase of furniture and fixtures for educational purposes","WS/MP18175/2025-2026/198993","DHARMAPURI(DISTRICT COLLECTOR DHARMAPURI_IDA)","MANI. A.","DHARAMAPURI","20-May-2026","GVA BOTTLES AND TINS","Payment Success","775000"
"424","Tamil Nadu","Purchase of furniture and fixtures for educational purposes","WS/MP18175/2025-2026/198994","DHARMAPURI(DISTRICT COLLECTOR DHARMAPURI_IDA)","MANI. A.","DHARAMAPURI","20-May-2026","GVA BOTTLES AND TINS","Payment Success","775000"
"425","Tamil Nadu","Purchase of smart boards, visual display units and projectors","WS/MP18175/2025-2026/273171","DHARMAPURI(DISTRICT COLLECTOR DHARMAPURI_IDA)","MANI. A.","DHARAMAPURI","19-May-2026","SUCCESS ASSOCIATES","Payment Success","200000"
"426","Tamil Nadu","Purchase of smart boards, visual display units and projectors","WS/MP18175/2025-2026/273162","DHARMAPURI(DISTRICT COLLECTOR DHARMAPURI_IDA)","MANI. A.","DHARAMAPURI","19-May-2026","SUCCESS ASSOCIATES","Payment Success","200000"
"427","Tamil Nadu","Purchase of smart boards, visual display units and projectors","WS/MP18175/2025-2026/273161","DHARMAPURI(DISTRICT COLLECTOR DHARMAPURI_IDA)","MANI. A.","DHARAMAPURI","19-May-2026","SUCCESS ASSOCIATES","Payment Success","200000"
"428","Tamil Nadu","Purchase of smart boards, visual display units and projectors","WS/MP18175/2025-2026/273163","DHARMAPURI(DISTRICT COLLECTOR DHARMAPURI_IDA)","MANI. A.","DHARAMAPURI","19-May-2026","SUCCESS ASSOCIATES","Payment Success","200000"
"429","Tamil Nadu","Purchase of smart boards, visual display units and projectors","WS/MP18175/2025-2026/273165","DHARMAPURI(DISTRICT COLLECTOR DHARMAPURI_IDA)","MANI. A.","DHARAMAPURI","19-May-2026","SUCCESS ASSOCIATES","Payment Success","200000"
"430","Tamil Nadu","Purchase of smart boards, visual display units and projectors","WS/MP18175/2025-2026/273167","DHARMAPURI(DISTRICT COLLECTOR DHARMAPURI_IDA)","MANI. A.","DHARAMAPURI","19-May-2026","SUCCESS ASSOCIATES","Payment Success","200000"
"431","Tamil Nadu","Purchase of smart boards, visual display units and projectors","WS/MP18175/2025-2026/273166","DHARMAPURI(DISTRICT COLLECTOR DHARMAPURI_IDA)","MANI. A.","DHARAMAPURI","19-May-2026","SUCCESS ASSOCIATES","Payment Success","200000"
"432","Tamil Nadu","Purchase of smart boards, visual display units and projectors","WS/MP18175/2025-2026/273169","DHARMAPURI(DISTRICT COLLECTOR DHARMAPURI_IDA)","MANI. A.","DHARAMAPURI","19-May-2026","SUCCESS ASSOCIATES","Payment Success","200000"
"433","Tamil Nadu","Purchase of smart boards, visual display units and projectors","WS/MP18175/2025-2026/273170","DHARMAPURI(DISTRICT COLLECTOR DHARMAPURI_IDA)","MANI. A.","DHARAMAPURI","19-May-2026","SUCCESS ASSOCIATES","Payment Success","200000"
"434","Tamil Nadu","Purchase of smart boards, visual display units and projectors","WS/MP18175/2025-2026/273172","DHARMAPURI(DISTRICT COLLECTOR DHARMAPURI_IDA)","MANI. A.","DHARAMAPURI","19-May-2026","SUCCESS ASSOCIATES","Payment Success","200000"
"435","Tamil Nadu","Purchase of smart boards, visual display units and projectors","WS/MP18175/2025-2026/273174","DHARMAPURI(DISTRICT COLLECTOR DHARMAPURI_IDA)","MANI. A.","DHARAMAPURI","19-May-2026","SUCCESS ASSOCIATES","Payment Success","200000"
"436","Tamil Nadu","Purchase of smart boards, visual display units and projectors","WS/MP18175/2025-2026/273178","DHARMAPURI(DISTRICT COLLECTOR DHARMAPURI_IDA)","MANI. A.","DHARAMAPURI","19-May-2026","SUCCESS ASSOCIATES","Payment Success","200000"
"437","Tamil Nadu","Purchase of smart boards, visual display units and projectors","WS/MP18175/2025-2026/273179","DHARMAPURI(DISTRICT COLLECTOR DHARMAPURI_IDA)","MANI. A.","DHARAMAPURI","19-May-2026","SUCCESS ASSOCIATES","Payment Success","200000"
"438","Tamil Nadu","Purchase of smart boards, visual display units and projectors","WS/MP18175/2025-2026/273180","DHARMAPURI(DISTRICT COLLECTOR DHARMAPURI_IDA)","MANI. A.","DHARAMAPURI","19-May-2026","SUCCESS ASSOCIATES","Payment Success","200000"
"439","Tamil Nadu","Purchase of smart boards, visual display units and projectors","WS/MP18175/2025-2026/273181","DHARMAPURI(DISTRICT COLLECTOR DHARMAPURI_IDA)","MANI. A.","DHARAMAPURI","19-May-2026","SUCCESS ASSOCIATES","Payment Success","200000"
"440","Tamil Nadu","Purchase of smart boards, visual display units and projectors","WS/MP18175/2025-2026/273203","DHARMAPURI(DISTRICT COLLECTOR DHARMAPURI_IDA)","MANI. A.","DHARAMAPURI","19-May-2026","SUCCESS ASSOCIATES","Payment Success","200000"
"441","Tamil Nadu","Purchase of smart boards, visual display units and projectors","WS/MP18175/2025-2026/273204","DHARMAPURI(DISTRICT COLLECTOR DHARMAPURI_IDA)","MANI. A.","DHARAMAPURI","19-May-2026","SUCCESS ASSOCIATES","Payment Success","200000"
"442","Tamil Nadu","Purchase of smart boards, visual display units and projectors","WS/MP18175/2025-2026/273205","DHARMAPURI(DISTRICT COLLECTOR DHARMAPURI_IDA)","MANI. A.","DHARAMAPURI","19-May-2026","SUCCESS ASSOCIATES","Payment Success","200000"
"443","Tamil Nadu","Purchase of smart boards, visual display units and projectors","WS/MP18175/2025-2026/273206","DHARMAPURI(DISTRICT COLLECTOR DHARMAPURI_IDA)","MANI. A.","DHARAMAPURI","19-May-2026","SUCCESS ASSOCIATES","Payment Success","200000"
"444","Tamil Nadu","Purchase of smart boards, visual display units and projectors","WS/MP18175/2025-2026/273208","DHARMAPURI(DISTRICT COLLECTOR DHARMAPURI_IDA)","MANI. A.","DHARAMAPURI","19-May-2026","SUCCESS ASSOCIATES","Payment Success","200000"
"445","Tamil Nadu","Purchase of smart boards, visual display units and projectors","WS/MP18175/2025-2026/273209","DHARMAPURI(DISTRICT COLLECTOR DHARMAPURI_IDA)","MANI. A.","DHARAMAPURI","19-May-2026","SUCCESS ASSOCIATES","Payment Success","200000"
"446","Tamil Nadu","Purchase of smart boards, visual display units and projectors","WS/MP18175/2025-2026/273210","DHARMAPURI(DISTRICT COLLECTOR DHARMAPURI_IDA)","MANI. A.","DHARAMAPURI","19-May-2026","SUCCESS ASSOCIATES","Payment Success","200000"
"447","Tamil Nadu","Purchase of smart boards, visual display units and projectors","WS/MP18175/2025-2026/273211","DHARMAPURI(DISTRICT COLLECTOR DHARMAPURI_IDA)","MANI. A.","DHARAMAPURI","19-May-2026","SUCCESS ASSOCIATES","Payment Success","200000"
"448","Tamil Nadu","Purchase of smart boards, visual display units and projectors","WS/MP18175/2025-2026/273212","DHARMAPURI(DISTRICT COLLECTOR DHARMAPURI_IDA)","MANI. A.","DHARAMAPURI","19-May-2026","SUCCESS ASSOCIATES","Payment Success","200000"
"449","Tamil Nadu","Purchase of smart boards, visual display units and projectors","WS/MP18175/2025-2026/273213","DHARMAPURI(DISTRICT COLLECTOR DHARMAPURI_IDA)","MANI. A.","DHARAMAPURI","19-May-2026","SUCCESS ASSOCIATES","Payment Success","200000"
"450","Tamil Nadu","Purchase of smart boards, visual display units and projectors","WS/MP18175/2025-2026/273214","DHARMAPURI(DISTRICT COLLECTOR DHARMAPURI_IDA)","MANI. A.","DHARAMAPURI","19-May-2026","SUCCESS ASSOCIATES","Payment Success","200000"
"451","Tamil Nadu","Purchase of smart boards, visual display units and projectors","WS/MP18175/2025-2026/273215","DHARMAPURI(DISTRICT COLLECTOR DHARMAPURI_IDA)","MANI. A.","DHARAMAPURI","19-May-2026","SUCCESS ASSOCIATES","Payment Success","200000"
"452","Tamil Nadu","Purchase of smart boards, visual display units and projectors","WS/MP18175/2025-2026/273216","DHARMAPURI(DISTRICT COLLECTOR DHARMAPURI_IDA)","MANI. A.","DHARAMAPURI","19-May-2026","SUCCESS ASSOCIATES","Payment Success","200000"
"453","Tamil Nadu","Purchase of smart boards, visual display units and projectors","WS/MP18175/2025-2026/273207","DHARMAPURI(DISTRICT COLLECTOR DHARMAPURI_IDA)","MANI. A.","DHARAMAPURI","19-May-2026","SUCCESS ASSOCIATES","Payment Success","200000"
"454","Tamil Nadu","Purchase of furniture and fixtures for educational purposes","WS/MP18175/2025-2026/199000","DHARMAPURI(DISTRICT COLLECTOR DHARMAPURI_IDA)","MANI. A.","DHARAMAPURI","10-Apr-2026","GVA BOTTLES AND TINS","Payment Success","465000"
"455","Tamil Nadu","Purchase of furniture and fixtures for educational purposes","WS/MP18175/2025-2026/199002","DHARMAPURI(DISTRICT COLLECTOR DHARMAPURI_IDA)","MANI. A.","DHARAMAPURI","10-Apr-2026","GVA BOTTLES AND TINS","Payment Success","465000"
"456","Tamil Nadu","Purchase of furniture and fixtures for educational purposes","WS/MP18175/2025-2026/199001","DHARMAPURI(DISTRICT COLLECTOR DHARMAPURI_IDA)","MANI. A.","DHARAMAPURI","10-Apr-2026","GVA BOTTLES AND TINS","Payment Success","465000"
"457","Tamil Nadu","Purchase of furniture and fixtures for educational purposes","WS/MP18175/2025-2026/199004","DHARMAPURI(DISTRICT COLLECTOR DHARMAPURI_IDA)","MANI. A.","DHARAMAPURI","10-Apr-2026","GVA BOTTLES AND TINS","Payment Success","465000"
"458","Tamil Nadu","Purchase of furniture and fixtures for educational purposes","WS/MP18175/2025-2026/199005","DHARMAPURI(DISTRICT COLLECTOR DHARMAPURI_IDA)","MANI. A.","DHARAMAPURI","10-Apr-2026","GVA BOTTLES AND TINS","Payment Success","465000"
"459","Tamil Nadu","Construction of rooms and halls in school and colleges","WS/MP758/2025-2026/164216","KARUR(DISTRICT COLLECTOR KARUR_IDA)","Smt S Jothimani","KARUR","26-Mar-2026","Kathamuthu Sekar","Payment Success","854545"
"460","Tamil Nadu","Purchase of smart boards, visual display units and projectors","WS/MP758/2025-2026/164217","KARUR(DISTRICT COLLECTOR KARUR_IDA)","Smt S Jothimani","KARUR","22-Dec-2025","Kathamuthu Sekar","Payment Success","199999"
"461","Tamil Nadu","Purchase of smart boards, visual display units and projectors","WS/MP758/2025-2026/164218","KARUR(DISTRICT COLLECTOR KARUR_IDA)","Smt S Jothimani","KARUR","24-Dec-2025","Kathamuthu Sekar","Payment Success","199999"
"462","Tamil Nadu","Construction of rooms and halls in school and colleges","WS/MP758/2025-2026/164216","KARUR(DISTRICT COLLECTOR KARUR_IDA)","Smt S Jothimani","KARUR","07-Jan-2026","Kathamuthu Sekar","Payment Success","1145454"
"463","Tamil Nadu","Purchase of hospital equipment","WS/MP18175/2025-2026/179447","DHARMAPURI(DISTRICT COLLECTOR DHARMAPURI_IDA)","MANI. A.","DHARAMAPURI","10-Jul-2026","Tamil Nadu Medical Services Corporation Ltd","Payment Success","678720"
"464","Tamil Nadu","Purchase of hospital equipment","WS/MP18183/2025-2026/175716","THANJAVUR(DISTRICT COLLECTOR THANJAVUR_IDA)","MURASOLI S","THANJAVUR","05-Jul-2025","Medisky Enterprises","Payment Success","1134560"
"465","Tamil Nadu","Construction of bus-sheds or bus-stops","WS/MP18183/2025-2026/145899","THANJAVUR(DISTRICT COLLECTOR THANJAVUR_IDA)","MURASOLI S","THANJAVUR","16-Sep-2025","SENTHIL KUMAR P","Payment Success","1500000"
"466","Tamil Nadu","Construction of common work sheds/ common covered sitting area","WS/MP18183/2025-2026/175743","THANJAVUR(DISTRICT COLLECTOR THANJAVUR_IDA)","MURASOLI S","THANJAVUR","13-Oct-2025","G Sathanantham","Payment Success","1200000"
"467","Tamil Nadu","Construction of bus-sheds or bus-stops","WS/MP18183/2025-2026/203513","THANJAVUR(DISTRICT COLLECTOR THANJAVUR_IDA)","MURASOLI S","THANJAVUR","30-Jun-2026","S RAJAKUMARI","Payment Success","1500000"
"468","Tamil Nadu","Construction of Government office buildings (Post office, Police station, Police chauki, etc.)","WS/MP18183/2025-2026/203523","THANJAVUR(DISTRICT COLLECTOR THANJAVUR_IDA)","MURASOLI S","THANJAVUR","19-Feb-2026","Bhanu Constructions","Payment Success","1547161"
"469","Tamil Nadu","Construction of community centers and community halls","WS/MP18183/2025-2026/140746","THANJAVUR(DISTRICT COLLECTOR THANJAVUR_IDA)","MURASOLI S","THANJAVUR","16-Jun-2025","EDISON K","Payment Success","1965000"
"470","Tamil Nadu","Construction of roads, link roads, pathways or any other road with or without drainage system","WS/MP18173/2025-2026/139199","TIRUVANNAMALAI(DISTRICT COLLECTOR TIRUVANNAMALAI_IDA)","THARANIVENTHAN M S","ARANI","02-Sep-2025","G Ravi","Payment Success","146907"
"471","Tamil Nadu","Providing CCTV camera system for security of public areas","WS/MP18173/2025-2026/164144","TIRUVANNAMALAI(DISTRICT COLLECTOR TIRUVANNAMALAI_IDA)","THARANIVENTHAN M S","ARANI","31-Jul-2025","DEVAKUMARI D","Payment Success","493793"
"472","Tamil Nadu","Construction of roads, link roads, pathways or any other road with or without drainage system","WS/MP18173/2025-2026/231079","TIRUVANNAMALAI(DISTRICT COLLECTOR TIRUVANNAMALAI_IDA)","THARANIVENTHAN M S","ARANI","13-Feb-2026","DEVAKUMARI D","Payment Success","195666"
"473","Tamil Nadu","Lighting of public spaces","WS/MP18173/2025-2026/196663","TIRUVANNAMALAI(DISTRICT COLLECTOR TIRUVANNAMALAI_IDA)","THARANIVENTHAN M S","ARANI","08-Sep-2025","RAK INDUSTRIES","Payment Success","546742"
"474","Tamil Nadu","Lighting of public spaces","WS/MP18173/2025-2026/196662","TIRUVANNAMALAI(DISTRICT COLLECTOR TIRUVANNAMALAI_IDA)","THARANIVENTHAN M S","ARANI","08-Sep-2025","RAK INDUSTRIES","Payment Success","748404"
"475","Tamil Nadu","Lighting of public spaces","WS/MP18173/2025-2026/196661","TIRUVANNAMALAI(DISTRICT COLLECTOR TIRUVANNAMALAI_IDA)","THARANIVENTHAN M S","ARANI","08-Sep-2025","RAK INDUSTRIES","Payment Success","748404"
"476","Tamil Nadu","Construction of roads, link roads, pathways or any other road with or without drainage system","WS/MP18173/2026-2027/241935","TIRUVANNAMALAI(DISTRICT COLLECTOR TIRUVANNAMALAI_IDA)","THARANIVENTHAN M S","ARANI","03-Aug-2026","KUMAR V","Payment Success","297283"
"477","Tamil Nadu","Development of public parks","WS/MP18173/2026-2027/274251","TIRUVANNAMALAI(DISTRICT COLLECTOR TIRUVANNAMALAI_IDA)","THARANIVENTHAN M S","ARANI","01-Jul-2026","G Ravi","Payment Success","987105"
"478","Tamil Nadu","Construction of roads, link roads, pathways or any other road with or without drainage system","WS/MP18173/2025-2026/225960","TIRUVANNAMALAI(DISTRICT COLLECTOR TIRUVANNAMALAI_IDA)","THARANIVENTHAN M S","ARANI","05-Jan-2026","G Ravi","Payment Success","997583"
"479","Tamil Nadu","Construction of common work sheds/ common covered sitting area","WS/MP508/2025-2026/195966","Tirupathur(District Collector Tirupathur_IDA)","CN Annadurai","TIRUVANNAMALAI","29-Jan-2026","VICKRAM ENTERPRISES","Payment Success","1200000"
"480","Tamil Nadu","Construction of community centers and community halls","WS/MP457/2025-2026/191884","Viluppuram(DISTRICT COLLECTOR VILLUPURAM_IDA)","D Ravikumar","VILUPPURAM(SC)","18-Mar-2026","KUMARAVEL G","Payment Success","980000"
"481","Tamil Nadu","Construction of cycle tracks, cycle stand and segregated non-motorized vehicle (NMV) lanes","WS/MP756/2025-2026/170957","CUDDALORE(DISTRICT COLLECTOR CUDDALORE_IDA)","Thirumaa Valavan Thol","CHIDAMBARAM(SC)","01-Sep-2025","EE PWD CUD GST","Payment Success","170413"
"482","Tamil Nadu","Construction of cycle tracks, cycle stand and segregated non-motorized vehicle (NMV) lanes","WS/MP756/2025-2026/170957","CUDDALORE(DISTRICT COLLECTOR CUDDALORE_IDA)","Thirumaa Valavan Thol","CHIDAMBARAM(SC)","29-Aug-2025","Sambathkumar construction","Payment Success","2323468"
"483","Tamil Nadu","Construction of additional rooms and halls in the existing public and community building","WS/MP756/2025-2026/170886","CUDDALORE(DISTRICT COLLECTOR CUDDALORE_IDA)","Thirumaa Valavan Thol","CHIDAMBARAM(SC)","24-Nov-2025","S MUTHUSAMY","Payment Success","1290943"
"484","Tamil Nadu","Construction of additional rooms and halls in the existing public and community building","WS/MP756/2025-2026/170886","CUDDALORE(DISTRICT COLLECTOR CUDDALORE_IDA)","Thirumaa Valavan Thol","CHIDAMBARAM(SC)","24-Nov-2025","EE PWD CUD GST","Payment Success","35499"
"485","Tamil Nadu","Purchase of prosthetics, wheel chairs, tricycles (manual or motorized), elect scooties, hearing aids","WS/MP18185/2025-2026/176202","TIRUNELVELI(DISTRICT COLLECTOR TIRUNELVELI_IDA)","ROBERT BRUCE C","TIRUNELVELI","09-Jan-2026","Nellai Motor Vehicle Private Limited","Payment Success","480000"
"486","Tamil Nadu","Purchase of smart boards, visual display units and projectors","WS/MP18185/2025-2026/247535","TIRUNELVELI(DISTRICT COLLECTOR TIRUNELVELI_IDA)","ROBERT BRUCE C","TIRUNELVELI","26-Feb-2026","SREE KAMACHI INDUSTRIES","Payment Success","298900"
"487","Tamil Nadu","Purchase of smart boards, visual display units and projectors","WS/MP18185/2025-2026/247534","TIRUNELVELI(DISTRICT COLLECTOR TIRUNELVELI_IDA)","ROBERT BRUCE C","TIRUNELVELI","26-Feb-2026","SREE KAMACHI INDUSTRIES","Payment Success","298900"
"488","Tamil Nadu","Purchase of smart boards, visual display units and projectors","WS/MP18185/2025-2026/247533","TIRUNELVELI(DISTRICT COLLECTOR TIRUNELVELI_IDA)","ROBERT BRUCE C","TIRUNELVELI","26-Feb-2026","SREE KAMACHI INDUSTRIES","Payment Success","298900"
"489","Tamil Nadu","Purchase of smart boards, visual display units and projectors","WS/MP18185/2025-2026/247537","TIRUNELVELI(DISTRICT COLLECTOR TIRUNELVELI_IDA)","ROBERT BRUCE C","TIRUNELVELI","26-Feb-2026","SREE KAMACHI INDUSTRIES","Payment Success","298900"
"490","Tamil Nadu","Purchase of furniture and fixtures for educational purposes","WS/MP18185/2025-2026/247531","TIRUNELVELI(DISTRICT COLLECTOR TIRUNELVELI_IDA)","ROBERT BRUCE C","TIRUNELVELI","26-Feb-2026","SREE KAMACHI INDUSTRIES","Payment Success","462000"
"491","Tamil Nadu","Purchase of furniture and fixtures for educational purposes","WS/MP18185/2025-2026/247530","TIRUNELVELI(DISTRICT COLLECTOR TIRUNELVELI_IDA)","ROBERT BRUCE C","TIRUNELVELI","26-Feb-2026","SREE KAMACHI INDUSTRIES","Payment Success","616000"
"492","Tamil Nadu","Purchase of smart boards, visual display units and projectors","WS/MP18185/2025-2026/247532","TIRUNELVELI(DISTRICT COLLECTOR TIRUNELVELI_IDA)","ROBERT BRUCE C","TIRUNELVELI","26-Feb-2026","SREE KAMACHI INDUSTRIES","Payment Success","298900"
"493","Tamil Nadu","Purchase of smart boards, visual display units and projectors","WS/MP18185/2025-2026/247536","TIRUNELVELI(DISTRICT COLLECTOR TIRUNELVELI_IDA)","ROBERT BRUCE C","TIRUNELVELI","26-Feb-2026","SREE KAMACHI INDUSTRIES","Payment Success","298900"
"494","Tamil Nadu","Purchase of smart boards, visual display units and projectors","WS/MP18185/2025-2026/180076","TIRUNELVELI(DISTRICT COLLECTOR TIRUNELVELI_IDA)","ROBERT BRUCE C","TIRUNELVELI","08-Aug-2025","SAI IT SYSTEMS","Payment Success","298900"
"495","Tamil Nadu","Purchase of smart boards, visual display units and projectors","WS/MP18185/2025-2026/180074","TIRUNELVELI(DISTRICT COLLECTOR TIRUNELVELI_IDA)","ROBERT BRUCE C","TIRUNELVELI","06-Jan-2026","SAI IT SYSTEMS","Payment Success","597800"
"496","Tamil Nadu","Purchase of smart boards, visual display units and projectors","WS/MP18185/2025-2026/180079","TIRUNELVELI(DISTRICT COLLECTOR TIRUNELVELI_IDA)","ROBERT BRUCE C","TIRUNELVELI","18-Aug-2025","SAI IT SYSTEMS","Payment Success","298900"
"497","Tamil Nadu","Purchase of smart boards, visual display units and projectors","WS/MP18185/2025-2026/180078","TIRUNELVELI(DISTRICT COLLECTOR TIRUNELVELI_IDA)","ROBERT BRUCE C","TIRUNELVELI","18-Aug-2025","SAI IT SYSTEMS","Payment Success","298900"
"498","Tamil Nadu","Purchase of smart boards, visual display units and projectors","WS/MP18185/2025-2026/180077","TIRUNELVELI(DISTRICT COLLECTOR TIRUNELVELI_IDA)","ROBERT BRUCE C","TIRUNELVELI","18-Aug-2025","SAI IT SYSTEMS","Payment Success","298900"
"499","Tamil Nadu","Purchase of smart boards, visual display units and projectors","WS/MP18185/2025-2026/180084","TIRUNELVELI(DISTRICT COLLECTOR TIRUNELVELI_IDA)","ROBERT BRUCE C","TIRUNELVELI","18-Aug-2025","SAI IT SYSTEMS","Payment Success","298900"
"500","Tamil Nadu","Purchase of smart boards, visual display units and projectors","WS/MP18185/2025-2026/180083","TIRUNELVELI(DISTRICT COLLECTOR TIRUNELVELI_IDA)","ROBERT BRUCE C","TIRUNELVELI","18-Aug-2025","SAI IT SYSTEMS","Payment Success","298900"
"501","Tamil Nadu","Purchase of smart boards, visual display units and projectors","WS/MP18185/2025-2026/180082","TIRUNELVELI(DISTRICT COLLECTOR TIRUNELVELI_IDA)","ROBERT BRUCE C","TIRUNELVELI","18-Aug-2025","SAI IT SYSTEMS","Payment Success","298900"
"502","Tamil Nadu","Purchase of smart boards, visual display units and projectors","WS/MP18185/2025-2026/180106","TIRUNELVELI(DISTRICT COLLECTOR TIRUNELVELI_IDA)","ROBERT BRUCE C","TIRUNELVELI","18-Aug-2025","SAI IT SYSTEMS","Payment Success","298900"
"503","Tamil Nadu","Purchase of smart boards, visual display units and projectors","WS/MP18185/2025-2026/180105","TIRUNELVELI(DISTRICT COLLECTOR TIRUNELVELI_IDA)","ROBERT BRUCE C","TIRUNELVELI","18-Aug-2025","SAI IT SYSTEMS","Payment Success","298900"
"504","Tamil Nadu","Purchase of smart boards, visual display units and projectors","WS/MP18185/2025-2026/180104","TIRUNELVELI(DISTRICT COLLECTOR TIRUNELVELI_IDA)","ROBERT BRUCE C","TIRUNELVELI","18-Aug-2025","SAI IT SYSTEMS","Payment Success","298900"
"505","Tamil Nadu","Purchase of smart boards, visual display units and projectors","WS/MP18185/2025-2026/180081","TIRUNELVELI(DISTRICT COLLECTOR TIRUNELVELI_IDA)","ROBERT BRUCE C","TIRUNELVELI","18-Aug-2025","SAI IT SYSTEMS","Payment Success","298900"
"506","Tamil Nadu","Purchase of smart boards, visual display units and projectors","WS/MP18185/2025-2026/180080","TIRUNELVELI(DISTRICT COLLECTOR TIRUNELVELI_IDA)","ROBERT BRUCE C","TIRUNELVELI","18-Aug-2025","SAI IT SYSTEMS","Payment Success","298900"
"507","Tamil Nadu","Purchase of smart boards, visual display units and projectors","WS/MP18185/2025-2026/180075","TIRUNELVELI(DISTRICT COLLECTOR TIRUNELVELI_IDA)","ROBERT BRUCE C","TIRUNELVELI","18-Aug-2025","SAI IT SYSTEMS","Payment Success","298900"
"508","Tamil Nadu","Purchase of smart boards, visual display units and projectors","WS/MP18185/2025-2026/180103","TIRUNELVELI(DISTRICT COLLECTOR TIRUNELVELI_IDA)","ROBERT BRUCE C","TIRUNELVELI","19-Aug-2025","SAI IT SYSTEMS","Payment Success","298900"
"509","Tamil Nadu","Purchase of smart boards, visual display units and projectors","WS/MP18185/2025-2026/180110","TIRUNELVELI(DISTRICT COLLECTOR TIRUNELVELI_IDA)","ROBERT BRUCE C","TIRUNELVELI","19-Aug-2025","SAI IT SYSTEMS","Payment Success","298900"
"510","Tamil Nadu","Purchase of smart boards, visual display units and projectors","WS/MP18185/2025-2026/180102","TIRUNELVELI(DISTRICT COLLECTOR TIRUNELVELI_IDA)","ROBERT BRUCE C","TIRUNELVELI","19-Aug-2025","SAI IT SYSTEMS","Payment Success","298900"
"511","Tamil Nadu","Purchase of smart boards, visual display units and projectors","WS/MP18185/2025-2026/180109","TIRUNELVELI(DISTRICT COLLECTOR TIRUNELVELI_IDA)","ROBERT BRUCE C","TIRUNELVELI","19-Aug-2025","SAI IT SYSTEMS","Payment Success","298900"
"512","Tamil Nadu","Purchase of smart boards, visual display units and projectors","WS/MP18185/2025-2026/180108","TIRUNELVELI(DISTRICT COLLECTOR TIRUNELVELI_IDA)","ROBERT BRUCE C","TIRUNELVELI","19-Aug-2025","SAI IT SYSTEMS","Payment Success","298900"
"513","Tamil Nadu","Purchase of smart boards, visual display units and projectors","WS/MP18185/2025-2026/180107","TIRUNELVELI(DISTRICT COLLECTOR TIRUNELVELI_IDA)","ROBERT BRUCE C","TIRUNELVELI","19-Aug-2025","SAI IT SYSTEMS","Payment Success","298900"
"514","Tamil Nadu","Purchase of smart boards, visual display units and projectors","WS/MP18185/2025-2026/198038","TIRUNELVELI(DISTRICT COLLECTOR TIRUNELVELI_IDA)","ROBERT BRUCE C","TIRUNELVELI","19-Aug-2025","SAI IT SYSTEMS","Payment Success","298900"
"515","Tamil Nadu","Purchase of smart boards, visual display units and projectors","WS/MP18185/2025-2026/198041","TIRUNELVELI(DISTRICT COLLECTOR TIRUNELVELI_IDA)","ROBERT BRUCE C","TIRUNELVELI","19-Aug-2025","SAI IT SYSTEMS","Payment Success","298900"
"516","Tamil Nadu","Purchase of smart boards, visual display units and projectors","WS/MP18185/2025-2026/198040","TIRUNELVELI(DISTRICT COLLECTOR TIRUNELVELI_IDA)","ROBERT BRUCE C","TIRUNELVELI","19-Aug-2025","SAI IT SYSTEMS","Payment Success","298900"
"517","Tamil Nadu","Purchase of smart boards, visual display units and projectors","WS/MP18185/2025-2026/198039","TIRUNELVELI(DISTRICT COLLECTOR TIRUNELVELI_IDA)","ROBERT BRUCE C","TIRUNELVELI","19-Aug-2025","SAI IT SYSTEMS","Payment Success","298900"
"518","Tamil Nadu","Lighting of public spaces","WS/MP508/2025-2026/202671","Tirupathur(District Collector Tirupathur_IDA)","CN Annadurai","TIRUVANNAMALAI","09-Jan-2026","T S SOLAR POWER SYSTEM","Payment Success","435000"
"519","Tamil Nadu","Lighting of public spaces","WS/MP508/2025-2026/202672","Tirupathur(District Collector Tirupathur_IDA)","CN Annadurai","TIRUVANNAMALAI","09-Jan-2026","T S SOLAR POWER SYSTEM","Payment Success","435000"
"520","Tamil Nadu","Lighting of public spaces","WS/MP508/2025-2026/202673","Tirupathur(District Collector Tirupathur_IDA)","CN Annadurai","TIRUVANNAMALAI","09-Jan-2026","T S SOLAR POWER SYSTEM","Payment Success","435000"
"521","Tamil Nadu","Lighting of public spaces","WS/MP508/2025-2026/195967","Tirupathur(District Collector Tirupathur_IDA)","CN Annadurai","TIRUVANNAMALAI","25-Sep-2025","T S SOLAR POWER SYSTEM","Payment Success","435000"
"522","Tamil Nadu","Lighting of public spaces","WS/MP508/2025-2026/195968","Tirupathur(District Collector Tirupathur_IDA)","CN Annadurai","TIRUVANNAMALAI","25-Sep-2025","T S SOLAR POWER SYSTEM","Payment Success","435000"
"523","Tamil Nadu","Street lights","WS/MP508/2025-2026/195969","Tirupathur(District Collector Tirupathur_IDA)","CN Annadurai","TIRUVANNAMALAI","25-Sep-2025","T S SOLAR POWER SYSTEM","Payment Success","435000"
"524","Tamil Nadu","Lighting of public spaces","WS/MP508/2025-2026/195970","Tirupathur(District Collector Tirupathur_IDA)","CN Annadurai","TIRUVANNAMALAI","25-Sep-2025","T S SOLAR POWER SYSTEM","Payment Success","435000"
"525","Tamil Nadu","Street lights","WS/MP508/2025-2026/134710","Tirupathur(District Collector Tirupathur_IDA)","CN Annadurai","TIRUVANNAMALAI","11-Jul-2025","T S SOLAR POWER SYSTEM","Payment Success","435000"
"526","Tamil Nadu","Street lights","WS/MP508/2025-2026/134711","Tirupathur(District Collector Tirupathur_IDA)","CN Annadurai","TIRUVANNAMALAI","11-Jul-2025","T S SOLAR POWER SYSTEM","Payment Success","435000"
"527","Tamil Nadu","Construction of buildings for crèches and anganwadies","WS/MP18185/2026-2027/195492","TENKASI(DISTRICT COLLECTOR TENKASI_IDA)","ROBERT BRUCE C","TIRUNELVELI","22-Jun-2026","SRI THIRUMAL CONSTRUCTION","Payment Success","1200000"
"528","Tamil Nadu","Purchase of IT systems, including hardware and software for educational purposes","WS/MP18185/2025-2026/179806","TIRUNELVELI(DISTRICT COLLECTOR TIRUNELVELI_IDA)","ROBERT BRUCE C","TIRUNELVELI","07-Aug-2025","SAI IT SYSTEMS","Payment Success","1353000"
"529","Tamil Nadu","Construction of bus-sheds or bus-stops","WS/MP18173/2025-2026/164092","TIRUVANNAMALAI(DISTRICT COLLECTOR TIRUVANNAMALAI_IDA)","THARANIVENTHAN M S","ARANI","22-Oct-2025","BHARATH CONSTRUCTION","Payment Success","485853"
"530","Tamil Nadu","Construction of bus-sheds or bus-stops","WS/MP18173/2025-2026/164126","TIRUVANNAMALAI(DISTRICT COLLECTOR TIRUVANNAMALAI_IDA)","THARANIVENTHAN M S","ARANI","22-Oct-2025","BHARATH CONSTRUCTION","Payment Success","500000"
"531","Tamil Nadu","Construction of roads, link roads, pathways or any other road with or without drainage system","WS/MP394/2025-2026/181598","KANNIYAKUMARI(DISTRICT COLLECTOR KANNIYAKUMARI_IDA)","Shri vijayakumar Vasanth","KANNIYAKUMARI","23-Jul-2025","SAMBRET RAJ D","Payment Success","999809"
"532","Tamil Nadu","Construction of culverts and bridges","WS/MP394/2025-2026/181600","KANNIYAKUMARI(DISTRICT COLLECTOR KANNIYAKUMARI_IDA)","Shri vijayakumar Vasanth","KANNIYAKUMARI","18-Dec-2025","K JAYASEKHARAN","Payment Success","321353"
"533","Tamil Nadu","Construction of roads, link roads, pathways or any other road with or without drainage system","WS/MP394/2025-2026/231397","KANNIYAKUMARI(DISTRICT COLLECTOR KANNIYAKUMARI_IDA)","Shri vijayakumar Vasanth","KANNIYAKUMARI","15-Dec-2025","R Premkumar","Payment Success","965991"
"534","Tamil Nadu","Lighting of public spaces","WS/MP18186/2025-2026/173215","THIRUVALLUR(DISTRICT COLLECTOR TIRUVALLUR_IDA)","Sasikanth Senthil","TIRUVALLUR(SC)","16-Oct-2025","Sri dvaarakha tech","Payment Success","416996"
"535","Tamil Nadu","Installing community drinking water plants","WS/MP18186/2026-2027/212316","THIRUVALLUR(DISTRICT COLLECTOR TIRUVALLUR_IDA)","Sasikanth Senthil","TIRUVALLUR(SC)","25-May-2026","KENNZ TECHNOLOGIES LLP","Payment Success","997070"
"536","Tamil Nadu","Construction of roads, link roads, pathways or any other road with or without drainage system","WS/MP18182/2025-2026/214646","TENKASI(DISTRICT COLLECTOR TENKASI_IDA)","DR RANI SRI KUMAR","TENKASI(SC)","24-Nov-2025","Chelladurai","Payment Success","999247"
"537","Tamil Nadu","Purchase of hospital equipment","WS/MP746/2025-2026/212907","RAMANATHAPURAM(DISTRICT COLLECTOR RAMANATHAPURAM_IDA)","Kani K Navas","RAMANATHAPURAM","06-Aug-2025","Premier Health Care","Payment Success","398000"
"538","Tamil Nadu","Purchase of hospital equipment","WS/MP18182/2025-2026/202643","TENKASI(DISTRICT COLLECTOR TENKASI_IDA)","DR RANI SRI KUMAR","TENKASI(SC)","06-Oct-2025","COOPERATIVE STORE","Payment Success","998775"
"539","Tamil Nadu","Purchase of hospital equipment","WS/MP18182/2025-2026/202642","TENKASI(DISTRICT COLLECTOR TENKASI_IDA)","DR RANI SRI KUMAR","TENKASI(SC)","06-Oct-2025","COOPERATIVE STORE","Payment Success","998775"
"540","Tamil Nadu","Purchase of hospital equipment","WS/MP18182/2025-2026/202644","TENKASI(DISTRICT COLLECTOR TENKASI_IDA)","DR RANI SRI KUMAR","TENKASI(SC)","06-Oct-2025","COOPERATIVE STORE","Payment Success","998775"
"541","Tamil Nadu","Purchase of hospital equipment","WS/MP18182/2025-2026/202645","TENKASI(DISTRICT COLLECTOR TENKASI_IDA)","DR RANI SRI KUMAR","TENKASI(SC)","06-Oct-2025","COOPERATIVE STORE","Payment Success","998775"
"542","Tamil Nadu","Purchase of hospital equipment","WS/MP18182/2025-2026/202646","TENKASI(DISTRICT COLLECTOR TENKASI_IDA)","DR RANI SRI KUMAR","TENKASI(SC)","06-Oct-2025","COOPERATIVE STORE","Payment Success","998775"
"543","Tamil Nadu","Construction of bus-sheds or bus-stops","WS/MP740/2025-2026/204074","THE NILGIRIS(DISTRICT COLLECTOR NILGIRIS_IDA)","Andimuthu Raja","NILGIRIS(SC)","17-Oct-2025","JEROME LESLIN","Payment Success","597433"
"544","Tamil Nadu","Construction of bus-sheds or bus-stops","WS/MP740/2025-2026/204076","THE NILGIRIS(DISTRICT COLLECTOR NILGIRIS_IDA)","Andimuthu Raja","NILGIRIS(SC)","17-Oct-2025","JEROME LESLIN","Payment Success","596543"
"545","Tamil Nadu","Construction of community centers and community halls","WS/MP394/2025-2026/136039","KANNIYAKUMARI(DISTRICT COLLECTOR KANNIYAKUMARI_IDA)","Shri vijayakumar Vasanth","KANNIYAKUMARI","12-Sep-2025","DERIN NESAMANI","Payment Success","1000000"
"546","Tamil Nadu","Crematoriums/energy efficient crematoriums or structures on burial/cremation ground","WS/MP508/2025-2026/176410","TIRUVANNAMALAI(DISTRICT COLLECTOR TIRUVANNAMALAI_IDA)","CN Annadurai","TIRUVANNAMALAI","16-Dec-2025","G K RAMESH CONTRACT WORKS","Payment Success","300000"
"547","Tamil Nadu","Construction of buildings for crèches and anganwadies","WS/MP18181/2025-2026/179577","COIMBATORE(DISTRICT COLLECTOR COIMBATORE_IDA)","ESWARASAMY K","POLLACHI","04-Oct-2025","RAMASAMY AND SONS","Payment Success","1500000"
"548","Tamil Nadu","Purchase of prosthetics, wheel chairs, tricycles (manual or motorized), elect scooties, hearing aids","WS/MP758/2026-2027/218189","TIRUCHIRAPPALLI(DISTRICT COLLECTOR TIRUCHIRAPPALLI_IDA)","Smt S Jothimani","KARUR","18-Jun-2026","Sarrada Motocorp LLP","Payment Success","610800"
"549","Tamil Nadu","Construction of footpaths and pedestrian ways","WS/MP740/2026-2027/204068","THE NILGIRIS(DISTRICT COLLECTOR NILGIRIS_IDA)","Andimuthu Raja","NILGIRIS(SC)","23-Jul-2026","SRI BANNARI AMMAN TRADERS","Payment Success","400000"
"550","Tamil Nadu","Construction of buildings for community cultural activities","WS/MP18181/2025-2026/185236","TIRUPPUR(DISTRICT COLLECTOR TIRUPPUR_IDA)","ESWARASAMY K","POLLACHI","28-Nov-2025","KRISHNAKUMAR G","Payment Success","1500000"
"551","Tamil Nadu","Lighting of public spaces","WS/MP18181/2026-2027/213162","TIRUPPUR(DISTRICT COLLECTOR TIRUPPUR_IDA)","ESWARASAMY K","POLLACHI","18-Jun-2026","VARUN ENTERPRISES","Payment Success","699589"
"552","Tamil Nadu","Lighting of public spaces","WS/MP18181/2026-2027/213163","TIRUPPUR(DISTRICT COLLECTOR TIRUPPUR_IDA)","ESWARASAMY K","POLLACHI","17-Jun-2026","VARUN ENTERPRISES","Payment Success","699589"
"553","Tamil Nadu","Construction of rooms and halls in school and colleges","WS/MP18180/2025-2026/204509","TIRUCHIRAPPALLI(DISTRICT COLLECTOR TIRUCHIRAPPALLI_IDA)","ARUN NEHRU","PERAMBALUR","26-Dec-2025","palanichamy","Payment Success","1800000"
"554","Tamil Nadu","Construction of rooms and halls in school and colleges","WS/MP18180/2025-2026/204509","TIRUCHIRAPPALLI(DISTRICT COLLECTOR TIRUCHIRAPPALLI_IDA)","ARUN NEHRU","PERAMBALUR","18-Jun-2026","palanichamy","Payment Success","1366172"
"555","Tamil Nadu","Construction of roads, link roads, pathways or any other road with or without drainage system","WS/MP394/2025-2026/213766","KANNIYAKUMARI(DISTRICT COLLECTOR KANNIYAKUMARI_IDA)","Shri vijayakumar Vasanth","KANNIYAKUMARI","05-Nov-2025","CHANDRA KALAPERUMAL","Payment Success","499652"
"556","Tamil Nadu","Construction of bus-sheds or bus-stops","WS/MP394/2026-2027/223985","KANNIYAKUMARI(DISTRICT COLLECTOR KANNIYAKUMARI_IDA)","Shri vijayakumar Vasanth","KANNIYAKUMARI","21-Aug-2026","UTHAYAN T","Payment Success","499812"
"557","Tamil Nadu","Construction of buildings for crèches and anganwadies","WS/MP394/2026-2027/231389","KANNIYAKUMARI(DISTRICT COLLECTOR KANNIYAKUMARI_IDA)","Shri vijayakumar Vasanth","KANNIYAKUMARI","06-Jul-2026","SELVA VARGEESE SOOSAIMICHEAL","Payment Success","845299"
"558","Tamil Nadu","Providing supply pipelines for drinking water","WS/MP18177/2025-2026/156817","TIRUPPUR(DISTRICT COLLECTOR TIRUPPUR_IDA)","K E PRAKASH","ERODE","17-Oct-2025","R UDHAYAKUMAR","Payment Success","112000"
"559","Tamil Nadu","Lighting of public spaces","WS/MP18384/2025-2026/250214","THIRUVARUR(DISTRICT COLLECTOR THIRUVARUR_IDA)","SELVARAJ V","NAGAPATTINAM(SC)","02-Mar-2026","BALAKRISHNAN MUTHALAGAN","Payment Success","480000"
"560","Tamil Nadu","Lighting of public spaces","WS/MP18384/2025-2026/250215","THIRUVARUR(DISTRICT COLLECTOR THIRUVARUR_IDA)","SELVARAJ V","NAGAPATTINAM(SC)","02-Mar-2026","BALAKRISHNAN MUTHALAGAN","Payment Success","480000"
"561","Tamil Nadu","Construction of rooms and facilities for hospitals, FWC , PHC Centers and ANM centers","WS/MP18384/2025-2026/177812","THIRUVARUR(DISTRICT COLLECTOR THIRUVARUR_IDA)","SELVARAJ V","NAGAPATTINAM(SC)","05-Mar-2026","S THANIKASALAM","Payment Success","1000000"
"562","Tamil Nadu","Lighting of public spaces","WS/MP18384/2025-2026/177813","THIRUVARUR(DISTRICT COLLECTOR THIRUVARUR_IDA)","SELVARAJ V","NAGAPATTINAM(SC)","15-Nov-2025","BALAKRISHNAN MUTHALAGAN","Payment Success","480000"
"563","Tamil Nadu","Setting up of laboratories","WS/MP756/2025-2026/211775","CUDDALORE(DISTRICT COLLECTOR CUDDALORE_IDA)","Thirumaa Valavan Thol","CHIDAMBARAM(SC)","24-Nov-2025","EVEREST ENTERPRISES","Payment Success","625000"
"564","Tamil Nadu","Setting up of laboratories","WS/MP756/2025-2026/211762","CUDDALORE(DISTRICT COLLECTOR CUDDALORE_IDA)","Thirumaa Valavan Thol","CHIDAMBARAM(SC)","24-Nov-2025","AR Enterprises","Payment Success","625000"
"565","Tamil Nadu","Setting up of laboratories","WS/MP756/2025-2026/211767","CUDDALORE(DISTRICT COLLECTOR CUDDALORE_IDA)","Thirumaa Valavan Thol","CHIDAMBARAM(SC)","24-Nov-2025","AR Enterprises","Payment Success","625000"
"566","Tamil Nadu","Setting up of laboratories","WS/MP756/2025-2026/211770","CUDDALORE(DISTRICT COLLECTOR CUDDALORE_IDA)","Thirumaa Valavan Thol","CHIDAMBARAM(SC)","24-Nov-2025","AR Enterprises","Payment Success","625000"
"567","Tamil Nadu","Setting up of laboratories","WS/MP756/2025-2026/211761","CUDDALORE(DISTRICT COLLECTOR CUDDALORE_IDA)","Thirumaa Valavan Thol","CHIDAMBARAM(SC)","11-Nov-2025","AR Enterprises","Payment Success","625000"
"568","Tamil Nadu","Setting up of laboratories","WS/MP756/2025-2026/211772","CUDDALORE(DISTRICT COLLECTOR CUDDALORE_IDA)","Thirumaa Valavan Thol","CHIDAMBARAM(SC)","11-Nov-2025","EVEREST ENTERPRISES","Payment Success","625000"
"569","Tamil Nadu","Setting up of laboratories","WS/MP756/2025-2026/211773","CUDDALORE(DISTRICT COLLECTOR CUDDALORE_IDA)","Thirumaa Valavan Thol","CHIDAMBARAM(SC)","24-Nov-2025","EVEREST ENTERPRISES","Payment Success","625000"
"570","Tamil Nadu","Setting up of laboratories","WS/MP756/2025-2026/211774","CUDDALORE(DISTRICT COLLECTOR CUDDALORE_IDA)","Thirumaa Valavan Thol","CHIDAMBARAM(SC)","24-Nov-2025","EVEREST ENTERPRISES","Payment Success","625000"
"571","Tamil Nadu","Purchase of hospital equipment","WS/MP758/2025-2026/157294","KARUR(DISTRICT COLLECTOR KARUR_IDA)","Smt S Jothimani","KARUR","24-Dec-2025","Tamil Nadu Medical Services Corporation Ltd","Payment Success","1926985"
"572","Tamil Nadu","Street lights","WS/MP18384/2025-2026/210468","NAGAPATTINAM(DISTRICT COLLECTOR NAGAPATTINAM_4)","SELVARAJ V","NAGAPATTINAM(SC)","28-Nov-2025","Palaniappan","Payment Success","480000"
"573","Tamil Nadu","Street lights","WS/MP18384/2026-2027/210452","NAGAPATTINAM(DISTRICT COLLECTOR NAGAPATTINAM_4)","SELVARAJ V","NAGAPATTINAM(SC)","22-Jun-2026","BALAKRISHNAN MUTHALAGAN","Payment Success","770000"
"574","Tamil Nadu","Construction of bus-sheds or bus-stops","WS/MP18384/2026-2027/210453","NAGAPATTINAM(DISTRICT COLLECTOR NAGAPATTINAM_4)","SELVARAJ V","NAGAPATTINAM(SC)","22-Jun-2026","DAWOOD ENTERPRISES","Payment Success","993760"
"575","Tamil Nadu","Construction of roads, link roads, pathways or any other road with or without drainage system","WS/MP18384/2026-2027/210406","NAGAPATTINAM(DISTRICT COLLECTOR NAGAPATTINAM_4)","SELVARAJ V","NAGAPATTINAM(SC)","15-May-2026","UDHAYA CONSTRUCTIONS","Payment Success","999362"
"576","Tamil Nadu","Construction of roads, link roads, pathways or any other road with or without drainage system","WS/MP18384/2025-2026/210405","NAGAPATTINAM(DISTRICT COLLECTOR NAGAPATTINAM_4)","SELVARAJ V","NAGAPATTINAM(SC)","28-Nov-2025","A LAVANYA","Payment Success","999849"
"577","Tamil Nadu","Construction of bus-sheds or bus-stops","WS/MP18384/2026-2027/210419","NAGAPATTINAM(DISTRICT COLLECTOR NAGAPATTINAM_4)","SELVARAJ V","NAGAPATTINAM(SC)","22-Jun-2026","RADHA K","Payment Success","599435"
"578","Tamil Nadu","Construction of bus-sheds or bus-stops","WS/MP18184/2025-2026/213138","THENI(District Collector Theni_5)","THANGA TAMILSELVAN","THENI","24-Nov-2025","YOGA CONSTRUCTION","Payment Success","369013"
"579","Tamil Nadu","Construction of veterinary hospitals and dispensaries","WS/MP18184/2025-2026/171658","THENI(District Collector Theni_5)","THANGA TAMILSELVAN","THENI","02-Feb-2026","V MUTHAIAH","Payment Success","810690"
"580","Tamil Nadu","Construction of bus-sheds or bus-stops","WS/MP18184/2025-2026/213138","THENI(District Collector Theni_5)","THANGA TAMILSELVAN","THENI","12-Dec-2025","YOGA CONSTRUCTION","Payment Success","430987"
"581","Tamil Nadu","Lighting of public spaces","WS/MP18184/2025-2026/171660","THENI(District Collector Theni_5)","THANGA TAMILSELVAN","THENI","24-Nov-2025","Chendurlites","Payment Success","350000"
"582","Tamil Nadu","Lighting of public spaces","WS/MP18184/2025-2026/171661","THENI(District Collector Theni_5)","THANGA TAMILSELVAN","THENI","24-Nov-2025","Chendurlites","Payment Success","350000"
"583","Tamil Nadu","Providing CCTV camera system for security of public areas","WS/MP18177/2025-2026/216384","ERODE(DISTRICT_COLLECTORE_ERODE_IDA)","K E PRAKASH","ERODE","05-Dec-2025","Axis Tech","Payment Success","1525135"
"584","Tamil Nadu","Setting up of laboratories","WS/MP18182/2026-2027/267320","VIRUDHUNAGAR(DISTRICT COLLECTOR VIRUDHUNAGAR_IDA)","DR RANI SRI KUMAR","TENKASI(SC)","19-Jun-2026","LUCKY ASSOCIATES","Payment Success","605000"
"585","Tamil Nadu","Setting up of laboratories","WS/MP18182/2026-2027/267312","VIRUDHUNAGAR(DISTRICT COLLECTOR VIRUDHUNAGAR_IDA)","DR RANI SRI KUMAR","TENKASI(SC)","19-Jun-2026","SRI BALAJI ENGINEERING","Payment Success","605000"
"586","Tamil Nadu","Setting up of laboratories","WS/MP18182/2026-2027/267313","VIRUDHUNAGAR(DISTRICT COLLECTOR VIRUDHUNAGAR_IDA)","DR RANI SRI KUMAR","TENKASI(SC)","19-Jun-2026","LUCKY ASSOCIATES","Payment Success","605000"
"587","Tamil Nadu","Setting up of laboratories","WS/MP18182/2026-2027/267314","VIRUDHUNAGAR(DISTRICT COLLECTOR VIRUDHUNAGAR_IDA)","DR RANI SRI KUMAR","TENKASI(SC)","19-Jun-2026","LUCKY ASSOCIATES","Payment Success","605000"
"588","Tamil Nadu","Setting up of laboratories","WS/MP18182/2026-2027/267315","VIRUDHUNAGAR(DISTRICT COLLECTOR VIRUDHUNAGAR_IDA)","DR RANI SRI KUMAR","TENKASI(SC)","19-Jun-2026","LUCKY ASSOCIATES","Payment Success","605000"
"589","Tamil Nadu","Setting up of laboratories","WS/MP18182/2026-2027/267316","VIRUDHUNAGAR(DISTRICT COLLECTOR VIRUDHUNAGAR_IDA)","DR RANI SRI KUMAR","TENKASI(SC)","19-Jun-2026","LUCKY ASSOCIATES","Payment Success","605000"
"590","Tamil Nadu","Setting up of laboratories","WS/MP18182/2026-2027/267317","VIRUDHUNAGAR(DISTRICT COLLECTOR VIRUDHUNAGAR_IDA)","DR RANI SRI KUMAR","TENKASI(SC)","19-Jun-2026","LUCKY ASSOCIATES","Payment Success","605000"
"591","Tamil Nadu","Setting up of laboratories","WS/MP18182/2026-2027/267318","VIRUDHUNAGAR(DISTRICT COLLECTOR VIRUDHUNAGAR_IDA)","DR RANI SRI KUMAR","TENKASI(SC)","19-Jun-2026","LUCKY ASSOCIATES","Payment Success","605000"
"592","Tamil Nadu","Setting up of laboratories","WS/MP18182/2026-2027/267319","VIRUDHUNAGAR(DISTRICT COLLECTOR VIRUDHUNAGAR_IDA)","DR RANI SRI KUMAR","TENKASI(SC)","19-Jun-2026","LUCKY ASSOCIATES","Payment Success","605000"
"593","Tamil Nadu","Lighting of public spaces","WS/MP18384/2025-2026/241501","THIRUVARUR(DISTRICT COLLECTOR THIRUVARUR_IDA)","SELVARAJ V","NAGAPATTINAM(SC)","04-Feb-2026","BALAKRISHNAN MUTHALAGAN","Payment Success","480000"
"594","Tamil Nadu","Construction of community centers and community halls","WS/MP18181/2025-2026/179548","COIMBATORE(DISTRICT COLLECTOR COIMBATORE_IDA)","ESWARASAMY K","POLLACHI","11-Dec-2025","SHARVESH AND COMPANIES","Payment Success","1306062"
"595","Tamil Nadu","Construction of roads, link roads, pathways or any other road with or without drainage system","WS/MP18185/2025-2026/180055","TIRUNELVELI(DISTRICT COLLECTOR TIRUNELVELI_IDA)","ROBERT BRUCE C","TIRUNELVELI","30-Jan-2026","SAV Construction Kumaresan Manilal","Payment Success","433714"
"596","Tamil Nadu","Construction of community centers and community halls","WS/MP394/2025-2026/136043","KANNIYAKUMARI(DISTRICT COLLECTOR KANNIYAKUMARI_IDA)","Shri vijayakumar Vasanth","KANNIYAKUMARI","13-Jan-2026","CHANDRA KALAPERUMAL","Payment Success","2000000"
"597","Tamil Nadu","Purchase of hospital equipment","WS/MP758/2025-2026/149076","KARUR(DISTRICT COLLECTOR KARUR_IDA)","Smt S Jothimani","KARUR","13-Jan-2026","S A R pharma","Payment Success","266000"
"598","Tamil Nadu","Construction of buildings for community cultural activities","WS/MP743/2025-2026/142803","CHENGALPATTU(District Collector Chengalpattu_IDA)","Ganesan Selvam","KANCHEEPURAM(SC)","14-Jan-2026","VEERARAGAVAN  M","Payment Success","891821"
"599","Tamil Nadu","Purchase of non-conventional energy system and devices for community use","WS/MP18178/2025-2026/178170","SALEM(DISTRICT COLLECTOR SALEM_IDA)","MALAIYARASAN D","KALLAKURICHI","23-Feb-2026","MUNIAN VENKATESAN","Payment Success","373975"
"600","Tamil Nadu","Purchase of non-conventional energy system and devices for community use","WS/MP18178/2025-2026/178167","SALEM(DISTRICT COLLECTOR SALEM_IDA)","MALAIYARASAN D","KALLAKURICHI","23-Feb-2026","MUNIAN VENKATESAN","Payment Success","373975"
"601","Tamil Nadu","Construction of roads, link roads, pathways or any other road with or without drainage system","WS/MP740/2025-2026/161001","THE NILGIRIS(DISTRICT COLLECTOR NILGIRIS_IDA)","Andimuthu Raja","NILGIRIS(SC)","05-Jan-2026","ESSAR CONSTRUCTIONS","Payment Success","1928872"
"602","Tamil Nadu","Construction of roads, link roads, pathways or any other road with or without drainage system","WS/MP18181/2025-2026/257767","TIRUPPUR(DISTRICT COLLECTOR TIRUPPUR_IDA)","ESWARASAMY K","POLLACHI","09-Jan-2026","KS AND CO","Payment Success","775000"
"603","Tamil Nadu","Installing community drinking water plants","WS/MP747/2025-2026/264841","VIRUDHUNAGAR(DISTRICT COLLECTOR VIRUDHUNAGAR_IDA)","Manickam Tagore B","VIRUDHUNAGAR","19-Feb-2026","SREE THIRUPATHI MARKETING","Payment Success","750000"
"604","Tamil Nadu","Purchase of non-conventional energy system and devices for community use","WS/MP18178/2025-2026/178207","SALEM(DISTRICT COLLECTOR SALEM_IDA)","MALAIYARASAN D","KALLAKURICHI","20-Feb-2026","VEENUS ENTERPRISES","Payment Success","373975"
"605","Tamil Nadu","Purchase of non-conventional energy system and devices for community use","WS/MP18178/2025-2026/178208","SALEM(DISTRICT COLLECTOR SALEM_IDA)","MALAIYARASAN D","KALLAKURICHI","20-Feb-2026","VEENUS ENTERPRISES","Payment Success","373975"
"606","Tamil Nadu","Construction of water tanks","WS/MP18181/2026-2027/203793","COIMBATORE(DISTRICT COLLECTOR COIMBATORE_IDA)","ESWARASAMY K","POLLACHI","22-Jul-2026","Kandhasamy N","Payment Success","2000000"
"607","Tamil Nadu","Purchase of furniture and fixtures for educational purposes","WS/MP393/2025-2026/220273","SIVAGANGA(DISTRICT COLLECTOR SIVAGANGA_IDA)","Shri Karti P Chidambaram","SIVAGANGA","31-Oct-2025","PINNACLE INDIA TRADERS","Payment Success","800000"
"608","Tamil Nadu","Purchase of furniture and fixtures for educational purposes","WS/MP393/2025-2026/220266","SIVAGANGA(DISTRICT COLLECTOR SIVAGANGA_IDA)","Shri Karti P Chidambaram","SIVAGANGA","31-Oct-2025","PINNACLE INDIA TRADERS","Payment Success","800000"
"609","Tamil Nadu","Purchase of furniture and fixtures for educational purposes","WS/MP393/2025-2026/220272","SIVAGANGA(DISTRICT COLLECTOR SIVAGANGA_IDA)","Shri Karti P Chidambaram","SIVAGANGA","31-Oct-2025","PINNACLE INDIA TRADERS","Payment Success","800000"
"610","Tamil Nadu","Purchase of furniture and fixtures for educational purposes","WS/MP393/2025-2026/220274","SIVAGANGA(DISTRICT COLLECTOR SIVAGANGA_IDA)","Shri Karti P Chidambaram","SIVAGANGA","31-Oct-2025","PINNACLE INDIA TRADERS","Payment Success","400000"
"611","Tamil Nadu","Purchase of furniture and fixtures for educational purposes","WS/MP393/2025-2026/221337","SIVAGANGA(DISTRICT COLLECTOR SIVAGANGA_IDA)","Shri Karti P Chidambaram","SIVAGANGA","31-Oct-2025","PINNACLE INDIA TRADERS","Payment Success","400000"
"612","Tamil Nadu","Purchase of furniture and fixtures for educational purposes","WS/MP393/2025-2026/221341","SIVAGANGA(DISTRICT COLLECTOR SIVAGANGA_IDA)","Shri Karti P Chidambaram","SIVAGANGA","31-Oct-2025","PINNACLE INDIA TRADERS","Payment Success","800000"
"613","Tamil Nadu","Purchase of furniture and fixtures for educational purposes","WS/MP393/2025-2026/190166","SIVAGANGA(DISTRICT COLLECTOR SIVAGANGA_IDA)","Shri Karti P Chidambaram","SIVAGANGA","19-Sep-2025","PINNACLE INDIA TRADERS","Payment Success","800000"
"614","Tamil Nadu","Purchase of furniture and fixtures for educational purposes","WS/MP393/2025-2026/190167","SIVAGANGA(DISTRICT COLLECTOR SIVAGANGA_IDA)","Shri Karti P Chidambaram","SIVAGANGA","19-Sep-2025","PINNACLE INDIA TRADERS","Payment Success","800000"
"615","Tamil Nadu","Purchase of furniture and fixtures for educational purposes","WS/MP393/2025-2026/190168","SIVAGANGA(DISTRICT COLLECTOR SIVAGANGA_IDA)","Shri Karti P Chidambaram","SIVAGANGA","19-Sep-2025","PINNACLE INDIA TRADERS","Payment Success","800000"
"616","Tamil Nadu","Purchase of furniture and fixtures for educational purposes","WS/MP393/2025-2026/190169","SIVAGANGA(DISTRICT COLLECTOR SIVAGANGA_IDA)","Shri Karti P Chidambaram","SIVAGANGA","19-Sep-2025","PINNACLE INDIA TRADERS","Payment Success","800000"
"617","Tamil Nadu","Purchase of furniture and fixtures for educational purposes","WS/MP393/2025-2026/190170","SIVAGANGA(DISTRICT COLLECTOR SIVAGANGA_IDA)","Shri Karti P Chidambaram","SIVAGANGA","19-Sep-2025","PINNACLE INDIA TRADERS","Payment Success","800000"
"618","Tamil Nadu","Street lights","WS/MP18182/2025-2026/161261","TENKASI(DISTRICT COLLECTOR TENKASI_IDA)","DR RANI SRI KUMAR","TENKASI(SC)","26-Jun-2025","SUPER ELECTRICALS","Payment Success","418432"
"619","Tamil Nadu","Street lights","WS/MP18182/2025-2026/161260","TENKASI(DISTRICT COLLECTOR TENKASI_IDA)","DR RANI SRI KUMAR","TENKASI(SC)","26-Jun-2025","SUPER ELECTRICALS","Payment Success","418432"
"620","Tamil Nadu","Street lights","WS/MP18182/2025-2026/161259","TENKASI(DISTRICT COLLECTOR TENKASI_IDA)","DR RANI SRI KUMAR","TENKASI(SC)","26-Jun-2025","SUPER ELECTRICALS","Payment Success","418432"
"621","Tamil Nadu","Construction of footpaths and pedestrian ways","WS/MP18184/2025-2026/210972","THENI(District Collector Theni_5)","THANGA TAMILSELVAN","THENI","18-Feb-2026","Madasamy C","Payment Success","1584908"
"622","Tamil Nadu","Construction of veterinary hospitals and dispensaries","WS/MP18184/2025-2026/171651","THENI(District Collector Theni_5)","THANGA TAMILSELVAN","THENI","02-Dec-2025","Gopi Contractor","Payment Success","775470"
"623","Tamil Nadu","Construction of veterinary hospitals and dispensaries","WS/MP18184/2025-2026/171651","THENI(District Collector Theni_5)","THANGA TAMILSELVAN","THENI","05-Dec-2025","Gopi Contractor","Payment Success","424530"
"624","Tamil Nadu","Construction of community centers and community halls","WS/MP18184/2025-2026/169904","THENI(District Collector Theni_5)","THANGA TAMILSELVAN","THENI","02-Dec-2025","PERUMAL RAJ CONTRACTOR","Payment Success","1527583"
"625","Tamil Nadu","Construction of bus-sheds or bus-stops","WS/MP18184/2025-2026/211710","THENI(District Collector Theni_5)","THANGA TAMILSELVAN","THENI","19-May-2026","GBM ENGINEERING AND CONSTRUCTION","Payment Success","359230"
"626","Tamil Nadu","Construction of bus-sheds or bus-stops","WS/MP18184/2026-2027/211711","THENI(District Collector Theni_5)","THANGA TAMILSELVAN","THENI","14-Aug-2026","GBM ENGINEERING AND CONSTRUCTION","Payment Success","384618"
"627","Tamil Nadu","Construction of community centers and community halls","WS/MP18184/2025-2026/169904","THENI(District Collector Theni_5)","THANGA TAMILSELVAN","THENI","19-Mar-2026","PERUMAL RAJ CONTRACTOR","Payment Success","1072417"
"628","Tamil Nadu","Construction of bus-sheds or bus-stops","WS/MP18184/2025-2026/211710","THENI(District Collector Theni_5)","THANGA TAMILSELVAN","THENI","03-Mar-2026","GBM ENGINEERING AND CONSTRUCTION","Payment Success","436722"
"629","Tamil Nadu","Construction of community centers and community halls","WS/MP18184/2026-2027/211707","THENI(District Collector Theni_5)","THANGA TAMILSELVAN","THENI","29-Jun-2026","ANANTH CONTRACTOR","Payment Success","1188885"
"630","Tamil Nadu","Construction of bus-sheds or bus-stops","WS/MP18184/2026-2027/211711","THENI(District Collector Theni_5)","THANGA TAMILSELVAN","THENI","02-Jul-2026","GBM ENGINEERING AND CONSTRUCTION","Payment Success","415382"
"631","Tamil Nadu","Lighting of public spaces","WS/MP457/2025-2026/167010","KALLAKURICHI(District Collector Kallakurichi_IDA)","D Ravikumar","VILUPPURAM(SC)","11-Jul-2025","HI TECH TRONICS","Payment Success","3000000"
"632","Tamil Nadu","Lighting of public spaces","WS/MP18394/2025-2026/151350","SALEM(DISTRICT COLLECTOR SALEM_IDA)","V S Matheswaran","NAMAKKAL","16-Dec-2025","Hindusthan Power Technology","Payment Success","349181"
"633","Tamil Nadu","Lighting of public spaces","WS/MP18394/2025-2026/151355","SALEM(DISTRICT COLLECTOR SALEM_IDA)","V S Matheswaran","NAMAKKAL","16-Dec-2025","Hindusthan Power Technology","Payment Success","349181"
"634","Tamil Nadu","Construction of community centers and community halls","WS/MP458/2025-2026/150048","Thoothukkudi(DISTRICT COLLECTOR THOOTHUKUDI_IDA)","Kanimozhi Karunanidhi","THOOTHUKKUDI","10-Mar-2026","Krishnamoorthi","Payment Success","3999840"
"635","Tamil Nadu","Construction of community centers and community halls","WS/MP458/2025-2026/150051","Thoothukkudi(DISTRICT COLLECTOR THOOTHUKUDI_IDA)","Kanimozhi Karunanidhi","THOOTHUKKUDI","16-Feb-2026","Varalakshmi","Payment Success","1998754"
"636","Tamil Nadu","Construction of Government office buildings (Post office, Police station, Police chauki, etc.)","WS/MP458/2026-2027/181203","Thoothukkudi(DISTRICT COLLECTOR THOOTHUKUDI_IDA)","Kanimozhi Karunanidhi","THOOTHUKKUDI","18-Jun-2026","Alangaram E","Payment Success","1500000"
"637","Tamil Nadu","Construction of rooms and halls in school and colleges","WS/MP458/2026-2027/216369","Thoothukkudi(DISTRICT COLLECTOR THOOTHUKUDI_IDA)","Kanimozhi Karunanidhi","THOOTHUKKUDI","29-May-2026","THALAVANIMUTHU","Payment Success","2250000"
"638","Tamil Nadu","Construction of toilet blocks","WS/MP18180/2025-2026/184774","TIRUCHIRAPPALLI(DISTRICT COLLECTOR TIRUCHIRAPPALLI_IDA)","ARUN NEHRU","PERAMBALUR","14-Oct-2025","SRSG ASSOCIATES","Payment Success","1196783"
"639","Tamil Nadu","Construction of toilet blocks","WS/MP18180/2025-2026/184781","TIRUCHIRAPPALLI(DISTRICT COLLECTOR TIRUCHIRAPPALLI_IDA)","ARUN NEHRU","PERAMBALUR","17-Nov-2025","VIJAYAKUMAR CONSTRUCTION","Payment Success","1196190"
"640","Tamil Nadu","Construction of toilet blocks","WS/MP18180/2025-2026/184775","TIRUCHIRAPPALLI(DISTRICT COLLECTOR TIRUCHIRAPPALLI_IDA)","ARUN NEHRU","PERAMBALUR","06-Oct-2025","SEBASTHIYAR M","Payment Success","1162292"
"641","Tamil Nadu","Construction of toilet blocks","WS/MP18180/2025-2026/184777","TIRUCHIRAPPALLI(DISTRICT COLLECTOR TIRUCHIRAPPALLI_IDA)","ARUN NEHRU","PERAMBALUR","09-Oct-2025","ESWARAN BUILDERS","Payment Success","1196753"
"642","Tamil Nadu","Construction of footpaths and pedestrian ways","WS/MP18180/2025-2026/231213","TIRUCHIRAPPALLI(DISTRICT COLLECTOR TIRUCHIRAPPALLI_IDA)","ARUN NEHRU","PERAMBALUR","06-Feb-2026","VIJAYAKUMAR CONSTRUCTION","Payment Success","995979"
"643","Tamil Nadu","Construction of footpaths and pedestrian ways","WS/MP18180/2025-2026/222971","TIRUCHIRAPPALLI(DISTRICT COLLECTOR TIRUCHIRAPPALLI_IDA)","ARUN NEHRU","PERAMBALUR","26-Dec-2025","GOPALA KRISHNAN D","Payment Success","1994605"
"644","Tamil Nadu","Construction of rooms and halls in school and colleges","WS/MP18180/2025-2026/184783","TIRUCHIRAPPALLI(DISTRICT COLLECTOR TIRUCHIRAPPALLI_IDA)","ARUN NEHRU","PERAMBALUR","15-Jun-2026","Accord Advertising Agencies","Payment Success","6369"
"645","Tamil Nadu","Construction of toilet blocks","WS/MP18180/2025-2026/184784","TIRUCHIRAPPALLI(DISTRICT COLLECTOR TIRUCHIRAPPALLI_IDA)","ARUN NEHRU","PERAMBALUR","11-Mar-2026","P P CONSTRUCTION","Payment Success","1196563"
"646","Tamil Nadu","Construction of rooms and halls in school and colleges","WS/MP18180/2025-2026/204508","TIRUCHIRAPPALLI(DISTRICT COLLECTOR TIRUCHIRAPPALLI_IDA)","ARUN NEHRU","PERAMBALUR","16-Feb-2026","KSR CONSTRUCTIONS","Payment Success","4705207"
"647","Tamil Nadu","Construction of rooms and halls in school and colleges","WS/MP18180/2025-2026/184783","TIRUCHIRAPPALLI(DISTRICT COLLECTOR TIRUCHIRAPPALLI_IDA)","ARUN NEHRU","PERAMBALUR","27-Mar-2026","EASHWARAN ELECTRICAL WORKS","Payment Success","241826"
"648","Tamil Nadu","Construction of toilet blocks","WS/MP18180/2025-2026/184775","TIRUCHIRAPPALLI(DISTRICT COLLECTOR TIRUCHIRAPPALLI_IDA)","ARUN NEHRU","PERAMBALUR","19-Mar-2026","EE PWD BUILDINGS C AND M DIVISION TRICHY","Payment Success","9850"
"649","Tamil Nadu","Construction of rooms and halls in school and colleges","WS/MP18180/2025-2026/204508","TIRUCHIRAPPALLI(DISTRICT COLLECTOR TIRUCHIRAPPALLI_IDA)","ARUN NEHRU","PERAMBALUR","18-Mar-2026","BOTHI RAMAKRISHNAN S","Payment Success","176353"
"650","Tamil Nadu","Construction of footpaths and pedestrian ways","WS/MP740/2025-2026/204039","THE NILGIRIS(DISTRICT COLLECTOR NILGIRIS_IDA)","Andimuthu Raja","NILGIRIS(SC)","10-Feb-2026","GUNASEKARAN N","Payment Success","500000"
"651","Tamil Nadu","Installing tube-wells and borewells","WS/MP18394/2025-2026/212734","NAMAKKAL(DISTRICT COLLECTOR NAMAKKAL_IDA)","V S Matheswaran","NAMAKKAL","31-Jul-2026","RAJU N","Payment Success","400000"
"652","Tamil Nadu","Construction of public staircase/ stair ghat for public convenience","WS/MP18177/2024-2025/149344","NAMAKKAL(DISTRICT COLLECTOR NAMAKKAL_IDA)","K E PRAKASH","ERODE","06-Jul-2026","Sri Periyandichiamman Constructions","Payment Success","2000000"
"653","Tamil Nadu","Construction of boundary walls of existing public and community buildings","WS/MP740/2025-2026/204049","THE NILGIRIS(DISTRICT COLLECTOR NILGIRIS_IDA)","Andimuthu Raja","NILGIRIS(SC)","17-Dec-2025","S ILANCHIZHIAN","Payment Success","1498471"
"654","Tamil Nadu","Construction of public irrigation facilities","WS/MP740/2025-2026/211776","THE NILGIRIS(DISTRICT COLLECTOR NILGIRIS_IDA)","Andimuthu Raja","NILGIRIS(SC)","17-Dec-2025","S ILANCHIZHIAN","Payment Success","500000"
"655","Tamil Nadu","Construction of roads, link roads, pathways or any other road with or without drainage system","WS/MP740/2025-2026/219240","THE NILGIRIS(DISTRICT COLLECTOR NILGIRIS_IDA)","Andimuthu Raja","NILGIRIS(SC)","17-Dec-2025","S ILANCHIZHIAN","Payment Success","1500000"
"656","Tamil Nadu","Construction of roads, link roads, pathways or any other road with or without drainage system","WS/MP740/2025-2026/219285","THE NILGIRIS(DISTRICT COLLECTOR NILGIRIS_IDA)","Andimuthu Raja","NILGIRIS(SC)","30-Aug-2025","C A SAIDALAVI","Payment Success","970000"
"657","Tamil Nadu","Lighting of public spaces","WS/MP18184/2025-2026/171252","THENI(District Collector Theni_5)","THANGA TAMILSELVAN","THENI","16-Mar-2026","SUN POWER TECNOLOGY AND ELECTICALS","Payment Success","348550"
"658","Tamil Nadu","Lighting of public spaces","WS/MP18184/2025-2026/171253","THENI(District Collector Theni_5)","THANGA TAMILSELVAN","THENI","16-Mar-2026","SUN POWER TECNOLOGY AND ELECTICALS","Payment Success","348550"
"659","Tamil Nadu","Construction of rooms and halls in school and colleges","WS/MP18174/2026-2027/224340","COIMBATORE(DISTRICT COLLECTOR COIMBATORE_IDA)","GANAPATHY RAJKUMAR P","COIMBATORE","04-Aug-2026","NMS ENGINEERS","Payment Success","3000000"
"660","Tamil Nadu","Construction of buildings for crèches and anganwadies","WS/MP18174/2026-2027/221514","COIMBATORE(DISTRICT COLLECTOR COIMBATORE_IDA)","GANAPATHY RAJKUMAR P","COIMBATORE","10-Aug-2026","Shri Murugan Associates","Payment Success","799895"
"661","Tamil Nadu","Construction of buildings for crèches and anganwadies","WS/MP18181/2025-2026/222363","COIMBATORE(DISTRICT COLLECTOR COIMBATORE_IDA)","ESWARASAMY K","POLLACHI","12-Jan-2026","S Sudhagar","Payment Success","1500000"
"662","Tamil Nadu","Installation of multi-gym equipment","WS/MP18174/2026-2027/184626","COIMBATORE(DISTRICT COLLECTOR COIMBATORE_IDA)","GANAPATHY RAJKUMAR P","COIMBATORE","15-Jul-2026","JOSIDHAA DEVELOPER","Payment Success","986368"
"663","Tamil Nadu","Construction of community centers and community halls","WS/MP18174/2026-2027/224333","COIMBATORE(DISTRICT COLLECTOR COIMBATORE_IDA)","GANAPATHY RAJKUMAR P","COIMBATORE","23-Jul-2026","M Perumal","Payment Success","2299065"
"664","Tamil Nadu","Construction of boundary walls of existing public and community buildings","WS/MP18181/2026-2027/222362","COIMBATORE(DISTRICT COLLECTOR COIMBATORE_IDA)","ESWARASAMY K","POLLACHI","01-Jul-2026","T Vijayakumar","Payment Success","2000000"
"665","Tamil Nadu","Construction of community centers and community halls","WS/MP393/2025-2026/206452","PUDUKKOTTAI(DISTRICT COLLECTOR PUDUKKOTTAI_IDA)","Shri Karti P Chidambaram","SIVAGANGA","20-Apr-2026","C PADIKKASU","Payment Success","849836"
"666","Tamil Nadu","Construction of community centers and community halls","WS/MP393/2025-2026/206603","PUDUKKOTTAI(DISTRICT COLLECTOR PUDUKKOTTAI_IDA)","Shri Karti P Chidambaram","SIVAGANGA","12-Mar-2026","S MEYYAPPAN","Payment Success","699786"
"667","Tamil Nadu","Lighting of public spaces","WS/MP746/2025-2026/225639","PUDUKKOTTAI(DISTRICT COLLECTOR PUDUKKOTTAI_IDA)","Kani K Navas","RAMANATHAPURAM","12-Mar-2026","FPLUS ENTERPRISES","Payment Success","499998"
"668","Tamil Nadu","Construction of community centers and community halls","WS/MP393/2025-2026/206451","PUDUKKOTTAI(DISTRICT COLLECTOR PUDUKKOTTAI_IDA)","Shri Karti P Chidambaram","SIVAGANGA","13-May-2026","M BRABAKARAN","Payment Success","829016"
"669","Tamil Nadu","Construction of buildings for community cultural activities","WS/MP393/2025-2026/164273","PUDUKKOTTAI(DISTRICT COLLECTOR PUDUKKOTTAI_IDA)","Shri Karti P Chidambaram","SIVAGANGA","22-Sep-2025","S MEYYAPPAN","Payment Success","698935"
"670","Tamil Nadu","Lighting of public spaces","WS/MP393/2025-2026/206602","PUDUKKOTTAI(DISTRICT COLLECTOR PUDUKKOTTAI_IDA)","Shri Karti P Chidambaram","SIVAGANGA","28-Oct-2025","C PADIKKASU","Payment Success","495656"
"671","Tamil Nadu","Construction of bus-sheds or bus-stops","WS/MP393/2025-2026/164272","PUDUKKOTTAI(DISTRICT COLLECTOR PUDUKKOTTAI_IDA)","Shri Karti P Chidambaram","SIVAGANGA","28-Oct-2025","S MEYYAPPAN","Payment Success","599654"
"672","Tamil Nadu","Construction of buildings for community cultural activities","WS/MP393/2025-2026/164274","PUDUKKOTTAI(DISTRICT COLLECTOR PUDUKKOTTAI_IDA)","Shri Karti P Chidambaram","SIVAGANGA","05-Nov-2025","C PADIKKASU","Payment Success","699414"
"673","Tamil Nadu","Construction of roads, link roads, pathways or any other road with or without drainage system","WS/MP18384/2025-2026/210469","NAGAPATTINAM(DISTRICT COLLECTOR NAGAPATTINAM_4)","SELVARAJ V","NAGAPATTINAM(SC)","16-Oct-2025","jeeve constructions","Payment Success","2910947"
"674","Tamil Nadu","Construction of bus-sheds or bus-stops","WS/MP18384/2025-2026/210423","NAGAPATTINAM(DISTRICT COLLECTOR NAGAPATTINAM_4)","SELVARAJ V","NAGAPATTINAM(SC)","17-Dec-2025","Ravichandran S","Payment Success","756835"
"675","Tamil Nadu","Construction of buildings for community cultural activities","WS/MP18384/2026-2027/210422","NAGAPATTINAM(DISTRICT COLLECTOR NAGAPATTINAM_4)","SELVARAJ V","NAGAPATTINAM(SC)","21-May-2026","Aanandha kamatchi Builders","Payment Success","1163556"
"676","Tamil Nadu","Construction of cycle tracks, cycle stand and segregated non-motorized vehicle (NMV) lanes","WS/MP18384/2026-2027/210450","NAGAPATTINAM(DISTRICT COLLECTOR NAGAPATTINAM_4)","SELVARAJ V","NAGAPATTINAM(SC)","21-May-2026","Udhayam Murugaiyan Construction","Payment Success","999193"
"677","Tamil Nadu","Construction of bus-sheds or bus-stops","WS/MP393/2025-2026/190430","PUDUKKOTTAI(DISTRICT COLLECTOR PUDUKKOTTAI_IDA)","Shri Karti P Chidambaram","SIVAGANGA","04-Nov-2025","Palanichamy C","Payment Success","599494"
"678","Tamil Nadu","Construction of community centers and community halls","WS/MP393/2025-2026/206619","PUDUKKOTTAI(DISTRICT COLLECTOR PUDUKKOTTAI_IDA)","Shri Karti P Chidambaram","SIVAGANGA","04-Feb-2026","NAGARAJAN","Payment Success","699258"
"679","Tamil Nadu","Construction of bus-sheds or bus-stops","WS/MP393/2025-2026/206484","PUDUKKOTTAI(DISTRICT COLLECTOR PUDUKKOTTAI_IDA)","Shri Karti P Chidambaram","SIVAGANGA","22-Dec-2025","KALIDASS","Payment Success","599541"
"680","Tamil Nadu","Construction of bus-sheds or bus-stops","WS/MP393/2025-2026/206454","PUDUKKOTTAI(DISTRICT COLLECTOR PUDUKKOTTAI_IDA)","Shri Karti P Chidambaram","SIVAGANGA","18-Dec-2025","KALIDASS","Payment Success","597559"
"681","Tamil Nadu","Construction of roads, link roads, pathways or any other road with or without drainage system","WS/MP393/2024-2025/144135","PUDUKKOTTAI(DISTRICT COLLECTOR PUDUKKOTTAI_IDA)","Shri Karti P Chidambaram","SIVAGANGA","07-Oct-2024","BALASHANMUGAM T","Payment Success","499315"
"682","Tamil Nadu","Construction of community centers and community halls","WS/MP393/2025-2026/206455","PUDUKKOTTAI(DISTRICT COLLECTOR PUDUKKOTTAI_IDA)","Shri Karti P Chidambaram","SIVAGANGA","06-Mar-2026","S THIRUNAVUKKARASU","Payment Success","849100"
"683","Tamil Nadu","Construction of buildings for community cultural activities","WS/MP18312/2025-2026/224445","PUDUKKOTTAI(DISTRICT COLLECTOR PUDUKKOTTAI_IDA)","DURAI VAIKO","TIRUCHIRAPPALLI","20-Mar-2026","S VENKATESH","Payment Success","995211"
"684","Tamil Nadu","Construction of water tanks","WS/MP18312/2025-2026/213186","PUDUKKOTTAI(DISTRICT COLLECTOR PUDUKKOTTAI_IDA)","DURAI VAIKO","TIRUCHIRAPPALLI","06-May-2026","THIRUMALAIYAN CONSTRUCTION","Payment Success","1798024"
"685","Tamil Nadu","Construction of community centers and community halls","WS/MP18312/2025-2026/163727","PUDUKKOTTAI(DISTRICT COLLECTOR PUDUKKOTTAI_IDA)","DURAI VAIKO","TIRUCHIRAPPALLI","27-Apr-2026","RAMESH N","Payment Success","995139"
"686","Tamil Nadu","Construction of community centers and community halls","WS/MP18312/2025-2026/163725","PUDUKKOTTAI(DISTRICT COLLECTOR PUDUKKOTTAI_IDA)","DURAI VAIKO","TIRUCHIRAPPALLI","05-Dec-2025","Anbusundaraprimalam R","Payment Success","998908"
"687","Tamil Nadu","Street lights","WS/MP18267/2025-2026/189126","KRISHNAGIRI(DISTRICT COLLECTOR KRISHNAGIRI_IDA)","GOPINATH K","KRISHNAGIRI","30-Dec-2025","Sri Vaari Total Gaz Distributors","Payment Success","649952"
"688","Tamil Nadu","Lighting of public spaces","WS/MP18267/2025-2026/216593","KRISHNAGIRI(DISTRICT COLLECTOR KRISHNAGIRI_IDA)","GOPINATH K","KRISHNAGIRI","30-Dec-2025","Sri Vaari Total Gaz Distributors","Payment Success","649952"
"689","Tamil Nadu","Installing community drinking water plants","WS/MP18267/2025-2026/216592","KRISHNAGIRI(DISTRICT COLLECTOR KRISHNAGIRI_IDA)","GOPINATH K","KRISHNAGIRI","25-Feb-2026","Sri Vaari Total Gaz Distributors","Payment Success","1000000"
"690","Tamil Nadu","Construction of community centers and community halls","WS/MP18183/2024-2025/140749","THANJAVUR(DISTRICT COLLECTOR THANJAVUR_IDA)","MURASOLI S","THANJAVUR","06-Sep-2025","RASU","Payment Success","551614"
"691","Tamil Nadu","Construction of community centers and community halls","WS/MP18183/2024-2025/140749","THANJAVUR(DISTRICT COLLECTOR THANJAVUR_IDA)","MURASOLI S","THANJAVUR","02-Apr-2025","RASU","Payment Success","808386"
"692","Tamil Nadu","Providing supply pipelines for drinking water","WS/MP393/2025-2026/190462","PUDUKKOTTAI(DISTRICT COLLECTOR PUDUKKOTTAI_IDA)","Shri Karti P Chidambaram","SIVAGANGA","26-Dec-2025","S PANDIARAJAN","Payment Success","450000"
"693","Tamil Nadu","Construction of roads, link roads, pathways or any other road with or without drainage system","WS/MP18312/2025-2026/170126","PUDUKKOTTAI(DISTRICT COLLECTOR PUDUKKOTTAI_IDA)","DURAI VAIKO","TIRUCHIRAPPALLI","30-Dec-2025","YAZHI GROUP","Payment Success","1100000"
"694","Tamil Nadu","Construction of roads, link roads, pathways or any other road with or without drainage system","WS/MP18312/2025-2026/170125","PUDUKKOTTAI(DISTRICT COLLECTOR PUDUKKOTTAI_IDA)","DURAI VAIKO","TIRUCHIRAPPALLI","30-Dec-2025","YAZHI GROUP","Payment Success","300000"
"695","Tamil Nadu","Construction of community centers and community halls","WS/MP458/2025-2026/180092","Thoothukkudi(DISTRICT COLLECTOR THOOTHUKUDI_IDA)","Kanimozhi Karunanidhi","THOOTHUKKUDI","22-Sep-2025","FATHIMA CONSTRUCTIONS","Payment Success","1814147"
"696","Tamil Nadu","Construction of community centers and community halls","WS/MP458/2025-2026/180092","Thoothukkudi(DISTRICT COLLECTOR THOOTHUKUDI_IDA)","Kanimozhi Karunanidhi","THOOTHUKKUDI","25-Jul-2025","FATHIMA CONSTRUCTIONS","Payment Success","2184528"
"697","Tamil Nadu","Construction of roads, link roads, pathways or any other road with or without drainage system","WS/MP18173/2025-2026/139198","TIRUVANNAMALAI(DISTRICT COLLECTOR TIRUVANNAMALAI_IDA)","THARANIVENTHAN M S","ARANI","20-Aug-2025","ANBAZHAGAN","Payment Success","600000"
"698","Tamil Nadu","Construction of roads, link roads, pathways or any other road with or without drainage system","WS/MP18173/2025-2026/211117","TIRUVANNAMALAI(DISTRICT COLLECTOR TIRUVANNAMALAI_IDA)","THARANIVENTHAN M S","ARANI","24-Dec-2025","PMS CONSTRUCTION","Payment Success","500000"
"699","Tamil Nadu","Setting up crops conservation facilities","WS/MP508/2025-2026/176408","TIRUVANNAMALAI(DISTRICT COLLECTOR TIRUVANNAMALAI_IDA)","CN Annadurai","TIRUVANNAMALAI","11-Dec-2025","PERIYADURAI","Payment Success","500000"
"700","Tamil Nadu","Construction of buildings for community cultural activities","WS/MP18176/2024-2025/139719","DINDIGUL(DISTRICT COLLECTOR DINDIGUL_IDA)","SACHITHANANTHAM R","DINDIGUL","16-Mar-2026","SIVACHANDRAN","Payment Success","847547"
"701","Tamil Nadu","Construction of buildings for crèches and anganwadies","WS/MP18176/2025-2026/198956","DINDIGUL(DISTRICT COLLECTOR DINDIGUL_IDA)","SACHITHANANTHAM R","DINDIGUL","30-Mar-2026","SELVI M","Payment Success","757982"
"702","Tamil Nadu","Construction of buildings for crèches and anganwadies","WS/MP18176/2025-2026/198956","DINDIGUL(DISTRICT COLLECTOR DINDIGUL_IDA)","SACHITHANANTHAM R","DINDIGUL","23-Dec-2025","SELVI M","Payment Success","931590"
"703","Tamil Nadu","Construction of Government office buildings (Post office, Police station, Police chauki, etc.)","WS/MP18176/2024-2025/140272","DINDIGUL(DISTRICT COLLECTOR DINDIGUL_IDA)","SACHITHANANTHAM R","DINDIGUL","23-Dec-2025","P RAMADASS","Payment Success","998047"
"704","Tamil Nadu","Construction of additional rooms and halls in the existing public and community building","WS/MP18176/2025-2026/198922","DINDIGUL(DISTRICT COLLECTOR DINDIGUL_IDA)","SACHITHANANTHAM R","DINDIGUL","02-Jan-2026","NITHIYAKUMARAN B","Payment Success","311271"
"705","Tamil Nadu","Construction of additional rooms and halls in the existing public and community building","WS/MP18176/2025-2026/198934","DINDIGUL(DISTRICT COLLECTOR DINDIGUL_IDA)","SACHITHANANTHAM R","DINDIGUL","02-Jan-2026","NITHIYAKUMARAN B","Payment Success","306547"
"706","Tamil Nadu","Construction of additional rooms and halls in the existing public and community building","WS/MP18176/2025-2026/198935","DINDIGUL(DISTRICT COLLECTOR DINDIGUL_IDA)","SACHITHANANTHAM R","DINDIGUL","20-Mar-2026","Jeyaraman S","Payment Success","981010"
"707","Tamil Nadu","Setting up public non-conventional energy plants","WS/MP18176/2025-2026/198920","DINDIGUL(DISTRICT COLLECTOR DINDIGUL_IDA)","SACHITHANANTHAM R","DINDIGUL","13-Feb-2026","SAT LIGHT AND POWER","Payment Success","498120"
"708","Tamil Nadu","Setting up public non-conventional energy plants","WS/MP18176/2025-2026/198921","DINDIGUL(DISTRICT COLLECTOR DINDIGUL_IDA)","SACHITHANANTHAM R","DINDIGUL","13-Feb-2026","SAT LIGHT AND POWER","Payment Success","498120"
"709","Tamil Nadu","Construction of additional rooms and halls in the existing public and community building","WS/MP18176/2025-2026/204170","DINDIGUL(DISTRICT COLLECTOR DINDIGUL_IDA)","SACHITHANANTHAM R","DINDIGUL","04-Mar-2026","PONMURUGAN","Payment Success","1299260"
"710","Tamil Nadu","Construction of Government office buildings (Post office, Police station, Police chauki, etc.)","WS/MP18176/2025-2026/206488","DINDIGUL(DISTRICT COLLECTOR DINDIGUL_IDA)","SACHITHANANTHAM R","DINDIGUL","22-Jun-2026","G R Construction","Payment Success","2989060"
"711","Tamil Nadu","Construction of additional rooms and halls in the existing public and community building","WS/MP18176/2025-2026/181965","DINDIGUL(DISTRICT COLLECTOR DINDIGUL_IDA)","SACHITHANANTHAM R","DINDIGUL","01-Jul-2026","Jeyaraman S","Payment Success","984461"
"712","Tamil Nadu","Construction of buildings for community cultural activities","WS/MP18176/2024-2025/139957","DINDIGUL(DISTRICT COLLECTOR DINDIGUL_IDA)","SACHITHANANTHAM R","DINDIGUL","03-Jul-2025","Ramachandran","Payment Success","849407"
"713","Tamil Nadu","Installing tube-wells and borewells","WS/MP18176/2024-2025/139956","DINDIGUL(DISTRICT COLLECTOR DINDIGUL_IDA)","SACHITHANANTHAM R","DINDIGUL","03-Jul-2025","Ramachandran","Payment Success","399715"
"714","Tamil Nadu","Lighting of public spaces","WS/MP18176/2024-2025/140385","DINDIGUL(DISTRICT COLLECTOR DINDIGUL_IDA)","SACHITHANANTHAM R","DINDIGUL","29-Jul-2025","MSV Constructions","Payment Success","499500"
"715","Tamil Nadu","Construction of additional rooms and halls in the existing public and community building","WS/MP18176/2025-2026/198922","DINDIGUL(DISTRICT COLLECTOR DINDIGUL_IDA)","SACHITHANANTHAM R","DINDIGUL","03-Nov-2025","NITHIYAKUMARAN B","Payment Success","670278"
"716","Tamil Nadu","Construction of additional rooms and halls in the existing public and community building","WS/MP18176/2025-2026/198934","DINDIGUL(DISTRICT COLLECTOR DINDIGUL_IDA)","SACHITHANANTHAM R","DINDIGUL","03-Nov-2025","NITHIYAKUMARAN B","Payment Success","675736"
"717","Tamil Nadu","Construction of Government office buildings (Post office, Police station, Police chauki, etc.)","WS/MP758/2025-2026/213691","DINDIGUL(DISTRICT COLLECTOR DINDIGUL_IDA)","Smt S Jothimani","KARUR","28-Jul-2026","VELMURUGAN S","Payment Success","984698"
"718","Tamil Nadu","Construction of buildings for crèches and anganwadies","WS/MP758/2025-2026/256942","DINDIGUL(DISTRICT COLLECTOR DINDIGUL_IDA)","Smt S Jothimani","KARUR","18-Jun-2026","VELMURUGAN S","Payment Success","1699370"
"719","Tamil Nadu","Lighting of public spaces","WS/MP18176/2025-2026/232406","DINDIGUL(DISTRICT COLLECTOR DINDIGUL_IDA)","SACHITHANANTHAM R","DINDIGUL","22-Dec-2025","SRI THAI AGENCIES","Payment Success","700000"
"720","Tamil Nadu","Lighting of public spaces","WS/MP18176/2025-2026/232407","DINDIGUL(DISTRICT COLLECTOR DINDIGUL_IDA)","SACHITHANANTHAM R","DINDIGUL","22-Dec-2025","SRI THAI AGENCIES","Payment Success","700000"
"721","Tamil Nadu","Lighting of public spaces","WS/MP18176/2025-2026/232410","DINDIGUL(DISTRICT COLLECTOR DINDIGUL_IDA)","SACHITHANANTHAM R","DINDIGUL","22-Dec-2025","SRI THAI AGENCIES","Payment Success","700000"
"722","Tamil Nadu","Purchase of smart boards, visual display units and projectors","WS/MP758/2025-2026/213709","DINDIGUL(DISTRICT COLLECTOR DINDIGUL_IDA)","Smt S Jothimani","KARUR","21-Nov-2025","SEIYYON VENTURES","Payment Success","200000"
"723","Tamil Nadu","Purchase of smart boards, visual display units and projectors","WS/MP758/2025-2026/213710","DINDIGUL(DISTRICT COLLECTOR DINDIGUL_IDA)","Smt S Jothimani","KARUR","21-Nov-2025","SEIYYON VENTURES","Payment Success","200000"
"724","Tamil Nadu","Construction of buildings for community cultural activities","WS/MP18176/2025-2026/216761","DINDIGUL(DISTRICT COLLECTOR DINDIGUL_IDA)","SACHITHANANTHAM R","DINDIGUL","20-May-2026","P VEERACHAMY","Payment Success","800000"
"725","Tamil Nadu","Construction of additional rooms and halls in the existing public and community building","WS/MP18176/2025-2026/216750","DINDIGUL(DISTRICT COLLECTOR DINDIGUL_IDA)","SACHITHANANTHAM R","DINDIGUL","20-May-2026","P VEERACHAMY","Payment Success","1300000"
"726","Tamil Nadu","Construction of additional rooms and halls in the existing public and community building","WS/MP18176/2025-2026/249761","DINDIGUL(DISTRICT COLLECTOR DINDIGUL_IDA)","SACHITHANANTHAM R","DINDIGUL","18-Aug-2026","P VEERACHAMY","Payment Success","1735000"
"727","Tamil Nadu","Construction of water tanks","WS/MP18176/2026-2027/239374","DINDIGUL(DISTRICT COLLECTOR DINDIGUL_IDA)","SACHITHANANTHAM R","DINDIGUL","13-Jul-2026","R ILAMURUGU","Payment Success","3500000"
"728","Tamil Nadu","Lighting of public spaces","WS/MP18176/2025-2026/199025","DINDIGUL(DISTRICT COLLECTOR DINDIGUL_IDA)","SACHITHANANTHAM R","DINDIGUL","16-Dec-2025","Sri Ganapathi Constructions","Payment Success","1000000"
"729","Tamil Nadu","Construction of buildings for crèches and anganwadies","WS/MP18176/2025-2026/192968","DINDIGUL(DISTRICT COLLECTOR DINDIGUL_IDA)","SACHITHANANTHAM R","DINDIGUL","11-Dec-2025","S KATHIRVEL","Payment Success","1700000"
"730","Tamil Nadu","Purchase of furniture and fixtures for educational purposes","WS/MP18180/2025-2026/231218","KARUR(DISTRICT COLLECTOR KARUR_IDA)","ARUN NEHRU","PERAMBALUR","23-Jan-2026","TANSI Tool  Engineering Works","Payment Success","300000"
"731","Tamil Nadu","Providing supply pipelines for drinking water","WS/MP18180/2025-2026/254367","KARUR(DISTRICT COLLECTOR KARUR_IDA)","ARUN NEHRU","PERAMBALUR","26-Mar-2026","PERIYASAMY PERIYANNAN","Payment Success","562476"
"732","Tamil Nadu","Construction of water tanks","WS/MP18180/2025-2026/231219","KARUR(DISTRICT COLLECTOR KARUR_IDA)","ARUN NEHRU","PERAMBALUR","17-Mar-2026","PALANISAMY R","Payment Success","1799478"
"733","Tamil Nadu","Construction of water tanks","WS/MP18180/2025-2026/231216","KARUR(DISTRICT COLLECTOR KARUR_IDA)","ARUN NEHRU","PERAMBALUR","17-Mar-2026","KAMARAJ AYYAVU","Payment Success","2499736"
"734","Tamil Nadu","Purchase of IT systems, including hardware and software for educational purposes","WS/MP758/2025-2026/242885","KARUR(DISTRICT COLLECTOR KARUR_IDA)","Smt S Jothimani","KARUR","16-Mar-2026","P S STALIN","Payment Success","199900"
"735","Tamil Nadu","Construction of water tanks","WS/MP18180/2025-2026/231217","KARUR(DISTRICT COLLECTOR KARUR_IDA)","ARUN NEHRU","PERAMBALUR","04-May-2026","SUBRAMANI A","Payment Success","1799485"
"736","Tamil Nadu","Construction of cycle tracks, cycle stand and segregated non-motorized vehicle (NMV) lanes","WS/MP18384/2024-2025/177799","THIRUVARUR(DISTRICT COLLECTOR THIRUVARUR_IDA)","SELVARAJ V","NAGAPATTINAM(SC)","05-Nov-2025","ANBU PRABU A","Payment Success","999337"
"737","Tamil Nadu","Construction of bus-sheds or bus-stops","WS/MP18384/2025-2026/204835","THIRUVARUR(DISTRICT COLLECTOR THIRUVARUR_IDA)","SELVARAJ V","NAGAPATTINAM(SC)","20-May-2026","DAWOOD ENTERPRISES","Payment Success","2252780"
"738","Tamil Nadu","Lighting of public spaces","WS/MP18384/2024-2025/177833","THIRUVARUR(DISTRICT COLLECTOR THIRUVARUR_IDA)","SELVARAJ V","NAGAPATTINAM(SC)","14-Oct-2025","BALAKRISHNAN MUTHALAGAN","Payment Success","480000"
"739","Tamil Nadu","Lighting of public spaces","WS/MP18384/2025-2026/241495","THIRUVARUR(DISTRICT COLLECTOR THIRUVARUR_IDA)","SELVARAJ V","NAGAPATTINAM(SC)","14-Oct-2025","BALAKRISHNAN MUTHALAGAN","Payment Success","480000"
"740","Tamil Nadu","Construction of culverts and bridges","WS/MP18384/2024-2025/177832","THIRUVARUR(DISTRICT COLLECTOR THIRUVARUR_IDA)","SELVARAJ V","NAGAPATTINAM(SC)","28-Jul-2025","G Dakshinamoorthy","Payment Success","399761"
"741","Tamil Nadu","Crematoriums/energy efficient crematoriums or structures on burial/cremation ground","WS/MP18384/2024-2025/177831","THIRUVARUR(DISTRICT COLLECTOR THIRUVARUR_IDA)","SELVARAJ V","NAGAPATTINAM(SC)","28-Jul-2025","G Dakshinamoorthy","Payment Success","399750"
"742","Tamil Nadu","Construction of bus-sheds or bus-stops","WS/MP18384/2025-2026/204835","THIRUVARUR(DISTRICT COLLECTOR THIRUVARUR_IDA)","SELVARAJ V","NAGAPATTINAM(SC)","18-Mar-2026","DAWOOD ENTERPRISES","Payment Success","1711065"
"743","Tamil Nadu","Construction of bus-sheds or bus-stops","WS/MP393/2025-2026/148981","SIVAGANGA(DISTRICT COLLECTOR SIVAGANGA_IDA)","Shri Karti P Chidambaram","SIVAGANGA","06-Sep-2025","M KARTHIKEYAN","Payment Success","5617445"
"744","Tamil Nadu","Construction of bus-sheds or bus-stops","WS/MP393/2025-2026/148981","SIVAGANGA(DISTRICT COLLECTOR SIVAGANGA_IDA)","Shri Karti P Chidambaram","SIVAGANGA","17-Oct-2025","M KARTHIKEYAN","Payment Success","3456949"
"745","Tamil Nadu","Construction of community centers and community halls","WS/MP393/2025-2026/206412","SIVAGANGA(DISTRICT COLLECTOR SIVAGANGA_IDA)","Shri Karti P Chidambaram","SIVAGANGA","09-Feb-2026","SONAIMUTHU","Payment Success","349887"
"746","Tamil Nadu","Construction of community centers and community halls","WS/MP393/2025-2026/206412","SIVAGANGA(DISTRICT COLLECTOR SIVAGANGA_IDA)","Shri Karti P Chidambaram","SIVAGANGA","14-Nov-2025","SONAIMUTHU","Payment Success","1000113"
"747","Tamil Nadu","Construction of bus-sheds or bus-stops","WS/MP393/2025-2026/148981","SIVAGANGA(DISTRICT COLLECTOR SIVAGANGA_IDA)","Shri Karti P Chidambaram","SIVAGANGA","02-Jan-2026","M KARTHIKEYAN","Payment Success","925606"
"748","Tamil Nadu","Construction of roads, link roads, pathways or any other road with or without drainage system","WS/MP18185/2026-2027/254396","TIRUNELVELI(DISTRICT COLLECTOR TIRUNELVELI_IDA)","ROBERT BRUCE C","TIRUNELVELI","20-Jun-2026","PAULRAJ","Payment Success","799918"
"749","Tamil Nadu","Construction of roads, link roads, pathways or any other road with or without drainage system","WS/MP18185/2025-2026/179846","TIRUNELVELI(DISTRICT COLLECTOR TIRUNELVELI_IDA)","ROBERT BRUCE C","TIRUNELVELI","15-Sep-2025","Rajakumar","Payment Success","449831"
"750","Tamil Nadu","Construction of roads, link roads, pathways or any other road with or without drainage system","WS/MP18185/2025-2026/179847","TIRUNELVELI(DISTRICT COLLECTOR TIRUNELVELI_IDA)","ROBERT BRUCE C","TIRUNELVELI","15-Sep-2025","Rajakumar","Payment Success","499966"
"751","Tamil Nadu","Construction of roads, link roads, pathways or any other road with or without drainage system","WS/MP18185/2026-2027/246647","TIRUNELVELI(DISTRICT COLLECTOR TIRUNELVELI_IDA)","ROBERT BRUCE C","TIRUNELVELI","18-May-2026","VIJAAY","Payment Success","3168745"
"752","Tamil Nadu","Setting up of laboratories","WS/MP756/2025-2026/202462","Ariyalur(District Collector Ariyalur_IDA)","Thirumaa Valavan Thol","CHIDAMBARAM(SC)","01-Sep-2025","RAJAGOPALREDDY VEMANNA","Payment Success","625000"
"753","Tamil Nadu","Setting up of laboratories","WS/MP756/2025-2026/202466","Ariyalur(District Collector Ariyalur_IDA)","Thirumaa Valavan Thol","CHIDAMBARAM(SC)","02-Sep-2025","RAJAGOPALREDDY VEMANNA","Payment Success","625000"
"754","Tamil Nadu","Setting up of laboratories","WS/MP756/2025-2026/202470","Ariyalur(District Collector Ariyalur_IDA)","Thirumaa Valavan Thol","CHIDAMBARAM(SC)","02-Sep-2025","GK ENTERPRISES","Payment Success","625000"
"755","Tamil Nadu","Setting up of laboratories","WS/MP756/2025-2026/202473","Ariyalur(District Collector Ariyalur_IDA)","Thirumaa Valavan Thol","CHIDAMBARAM(SC)","02-Sep-2025","GK ENTERPRISES","Payment Success","625000"
"756","Tamil Nadu","Setting up of laboratories","WS/MP756/2025-2026/202458","Ariyalur(District Collector Ariyalur_IDA)","Thirumaa Valavan Thol","CHIDAMBARAM(SC)","02-Sep-2025","DIAMOND ENTERPRISES","Payment Success","625000"
"757","Tamil Nadu","Setting up of laboratories","WS/MP756/2025-2026/202497","Ariyalur(District Collector Ariyalur_IDA)","Thirumaa Valavan Thol","CHIDAMBARAM(SC)","03-Sep-2025","GK ENTERPRISES","Payment Success","625000"
"758","Tamil Nadu","Setting up of laboratories","WS/MP756/2025-2026/202496","Ariyalur(District Collector Ariyalur_IDA)","Thirumaa Valavan Thol","CHIDAMBARAM(SC)","04-Sep-2025","DIAMOND ENTERPRISES","Payment Success","625000"
"759","Tamil Nadu","Setting up of laboratories","WS/MP756/2025-2026/202499","Ariyalur(District Collector Ariyalur_IDA)","Thirumaa Valavan Thol","CHIDAMBARAM(SC)","04-Sep-2025","DIAMOND ENTERPRISES","Payment Success","625000"
"760","Tamil Nadu","Setting up of laboratories","WS/MP756/2025-2026/202479","Ariyalur(District Collector Ariyalur_IDA)","Thirumaa Valavan Thol","CHIDAMBARAM(SC)","03-Sep-2025","RAJAGOPALREDDY VEMANNA","Payment Success","625000"
"761","Tamil Nadu","Setting up of laboratories","WS/MP756/2025-2026/202498","Ariyalur(District Collector Ariyalur_IDA)","Thirumaa Valavan Thol","CHIDAMBARAM(SC)","03-Sep-2025","GK ENTERPRISES","Payment Success","625000"
"762","Tamil Nadu","Setting up of laboratories","WS/MP756/2025-2026/202484","Ariyalur(District Collector Ariyalur_IDA)","Thirumaa Valavan Thol","CHIDAMBARAM(SC)","03-Sep-2025","RAJAGOPALREDDY VEMANNA","Payment Success","625000"
"763","Tamil Nadu","Setting up of laboratories","WS/MP756/2025-2026/202480","Ariyalur(District Collector Ariyalur_IDA)","Thirumaa Valavan Thol","CHIDAMBARAM(SC)","03-Sep-2025","DIAMOND ENTERPRISES","Payment Success","625000"
"764","Tamil Nadu","Setting up of laboratories","WS/MP756/2025-2026/202486","Ariyalur(District Collector Ariyalur_IDA)","Thirumaa Valavan Thol","CHIDAMBARAM(SC)","03-Sep-2025","DIAMOND ENTERPRISES","Payment Success","625000"
"765","Tamil Nadu","Setting up of laboratories","WS/MP756/2025-2026/202493","Ariyalur(District Collector Ariyalur_IDA)","Thirumaa Valavan Thol","CHIDAMBARAM(SC)","03-Sep-2025","DIAMOND ENTERPRISES","Payment Success","625000"
"766","Tamil Nadu","Setting up of laboratories","WS/MP756/2025-2026/202494","Ariyalur(District Collector Ariyalur_IDA)","Thirumaa Valavan Thol","CHIDAMBARAM(SC)","04-Sep-2025","DIAMOND ENTERPRISES","Payment Success","625000"
"767","Tamil Nadu","Setting up of laboratories","WS/MP756/2025-2026/202495","Ariyalur(District Collector Ariyalur_IDA)","Thirumaa Valavan Thol","CHIDAMBARAM(SC)","04-Sep-2025","DIAMOND ENTERPRISES","Payment Success","625000"
"768","Tamil Nadu","Lighting of public spaces","WS/MP18182/2025-2026/214689","TENKASI(DISTRICT COLLECTOR TENKASI_IDA)","DR RANI SRI KUMAR","TENKASI(SC)","14-Jan-2026","Madasamy A","Payment Success","900000"
"769","Tamil Nadu","Construction of public libraries and reading rooms","WS/MP758/2025-2026/203074","PUDUKKOTTAI(DISTRICT COLLECTOR PUDUKKOTTAI_IDA)","Smt S Jothimani","KARUR","13-Jul-2026","MURUGESAN V","Payment Success","1567311"
"770","Tamil Nadu","Purchase of IT systems, including hardware and software for educational purposes","WS/MP758/2025-2026/242878","PUDUKKOTTAI(DISTRICT COLLECTOR PUDUKKOTTAI_IDA)","Smt S Jothimani","KARUR","25-Feb-2026","SEIYYON VENTURES","Payment Success","199900"
"771","Tamil Nadu","Purchase of smart boards, visual display units and projectors","WS/MP758/2025-2026/201207","PUDUKKOTTAI(DISTRICT COLLECTOR PUDUKKOTTAI_IDA)","Smt S Jothimani","KARUR","26-Sep-2025","SEIYYON VENTURES","Payment Success","199900"
"772","Tamil Nadu","Purchase of smart boards, visual display units and projectors","WS/MP758/2025-2026/201516","PUDUKKOTTAI(DISTRICT COLLECTOR PUDUKKOTTAI_IDA)","Smt S Jothimani","KARUR","26-Sep-2025","SEIYYON VENTURES","Payment Success","199900"
"773","Tamil Nadu","Purchase of smart boards, visual display units and projectors","WS/MP758/2025-2026/201517","PUDUKKOTTAI(DISTRICT COLLECTOR PUDUKKOTTAI_IDA)","Smt S Jothimani","KARUR","26-Sep-2025","SEIYYON VENTURES","Payment Success","199900"
"774","Tamil Nadu","Construction of bus-sheds or bus-stops","WS/MP758/2025-2026/175012","PUDUKKOTTAI(DISTRICT COLLECTOR PUDUKKOTTAI_IDA)","Smt S Jothimani","KARUR","09-Jan-2026","KANDASAMY  V","Payment Success","799556"
"775","Tamil Nadu","Construction of community centers and community halls","WS/MP393/2025-2026/220659","PUDUKKOTTAI(DISTRICT COLLECTOR PUDUKKOTTAI_IDA)","Shri Karti P Chidambaram","SIVAGANGA","30-Jan-2026","KANAGARAJ S","Payment Success","799685"
"776","Tamil Nadu","Construction of buildings for community cultural activities","WS/MP393/2025-2026/181265","PUDUKKOTTAI(DISTRICT COLLECTOR PUDUKKOTTAI_IDA)","Shri Karti P Chidambaram","SIVAGANGA","27-Oct-2025","R Saravanan Contractor","Payment Success","1449247"
"777","Tamil Nadu","Construction of roads, link roads, pathways or any other road with or without drainage system","WS/MP393/2024-2025/152373","PUDUKKOTTAI(DISTRICT COLLECTOR PUDUKKOTTAI_IDA)","Shri Karti P Chidambaram","SIVAGANGA","19-Nov-2024","MUTHUVEL N","Payment Success","499714"
"778","Tamil Nadu","Construction of roads, link roads, pathways or any other road with or without drainage system","WS/MP393/2024-2025/144136","PUDUKKOTTAI(DISTRICT COLLECTOR PUDUKKOTTAI_IDA)","Shri Karti P Chidambaram","SIVAGANGA","08-Oct-2024","ANBARASAN CONTRACTOR","Payment Success","199674"
"779","Tamil Nadu","Construction of community centers and community halls","WS/MP393/2024-2025/145379","PUDUKKOTTAI(DISTRICT COLLECTOR PUDUKKOTTAI_IDA)","Shri Karti P Chidambaram","SIVAGANGA","08-Oct-2024","R RAMACHANDRAN Contractor","Payment Success","299787"
"780","Tamil Nadu","Construction of community centers and community halls","WS/MP393/2025-2026/206456","PUDUKKOTTAI(DISTRICT COLLECTOR PUDUKKOTTAI_IDA)","Shri Karti P Chidambaram","SIVAGANGA","18-Feb-2026","SAKTHIVEL K","Payment Success","799527"
"781","Tamil Nadu","Construction of community centers and community halls","WS/MP393/2025-2026/220660","PUDUKKOTTAI(DISTRICT COLLECTOR PUDUKKOTTAI_IDA)","Shri Karti P Chidambaram","SIVAGANGA","08-May-2026","ARUMUGAM","Payment Success","794721"
"782","Tamil Nadu","Construction of water tanks","WS/MP18394/2025-2026/213194","NAMAKKAL(DISTRICT COLLECTOR NAMAKKAL_IDA)","V S Matheswaran","NAMAKKAL","05-Feb-2026","RAJAVEL","Payment Success","1849900"
"783","Tamil Nadu","Installing community drinking water plants","WS/MP18267/2025-2026/178740","KRISHNAGIRI(DISTRICT COLLECTOR KRISHNAGIRI_IDA)","GOPINATH K","KRISHNAGIRI","20-Mar-2026","Sivajaganathan G","Payment Success","942358"
"784","Tamil Nadu","Construction of roads, link roads, pathways or any other road with or without drainage system","WS/MP18267/2026-2027/260588","KRISHNAGIRI(DISTRICT COLLECTOR KRISHNAGIRI_IDA)","GOPINATH K","KRISHNAGIRI","15-May-2026","Anadhan Contractor","Payment Success","538463"
"785","Tamil Nadu","Construction of common work sheds/ common covered sitting area","WS/MP457/2025-2026/242919","Viluppuram(DISTRICT COLLECTOR VILLUPURAM_IDA)","D Ravikumar","VILUPPURAM(SC)","04-Jul-2026","R ANBARASU","Payment Success","2000000"
"786","Tamil Nadu","Purchase of smart boards, visual display units and projectors","WS/MP457/2025-2026/217272","KALLAKURICHI(District Collector Kallakurichi_IDA)","D Ravikumar","VILUPPURAM(SC)","23-Sep-2025","SHERIN ENTERPRISES","Payment Success","200000"
"787","Tamil Nadu","Purchase of smart boards, visual display units and projectors","WS/MP457/2025-2026/217271","KALLAKURICHI(District Collector Kallakurichi_IDA)","D Ravikumar","VILUPPURAM(SC)","23-Sep-2025","SHERIN ENTERPRISES","Payment Success","200000"
"788","Tamil Nadu","Purchase of smart boards, visual display units and projectors","WS/MP457/2025-2026/217273","KALLAKURICHI(District Collector Kallakurichi_IDA)","D Ravikumar","VILUPPURAM(SC)","23-Sep-2025","SHERIN ENTERPRISES","Payment Success","200000"
"789","Tamil Nadu","Purchase of smart boards, visual display units and projectors","WS/MP457/2025-2026/217275","KALLAKURICHI(District Collector Kallakurichi_IDA)","D Ravikumar","VILUPPURAM(SC)","23-Sep-2025","SHERIN ENTERPRISES","Payment Success","200000"
"790","Tamil Nadu","Purchase of smart boards, visual display units and projectors","WS/MP457/2025-2026/217274","KALLAKURICHI(District Collector Kallakurichi_IDA)","D Ravikumar","VILUPPURAM(SC)","23-Sep-2025","SHERIN ENTERPRISES","Payment Success","200000"
"791","Tamil Nadu","Purchase of smart boards, visual display units and projectors","WS/MP457/2025-2026/181991","KALLAKURICHI(District Collector Kallakurichi_IDA)","D Ravikumar","VILUPPURAM(SC)","05-Jun-2025","SHERIN ENTERPRISES","Payment Success","200000"
"792","Tamil Nadu","Purchase of smart boards, visual display units and projectors","WS/MP457/2025-2026/181993","KALLAKURICHI(District Collector Kallakurichi_IDA)","D Ravikumar","VILUPPURAM(SC)","05-Jun-2025","SHERIN ENTERPRISES","Payment Success","200000"
"793","Tamil Nadu","Purchase of smart boards, visual display units and projectors","WS/MP457/2025-2026/181989","KALLAKURICHI(District Collector Kallakurichi_IDA)","D Ravikumar","VILUPPURAM(SC)","05-Jun-2025","SATHYA ENTERPRISES","Payment Success","200000"
"794","Tamil Nadu","Purchase of smart boards, visual display units and projectors","WS/MP457/2025-2026/181996","KALLAKURICHI(District Collector Kallakurichi_IDA)","D Ravikumar","VILUPPURAM(SC)","05-Jun-2025","SHERIN ENTERPRISES","Payment Success","200000"
"795","Tamil Nadu","Purchase of smart boards, visual display units and projectors","WS/MP457/2025-2026/181990","KALLAKURICHI(District Collector Kallakurichi_IDA)","D Ravikumar","VILUPPURAM(SC)","05-Jun-2025","SATHYA ENTERPRISES","Payment Success","200000"
"796","Tamil Nadu","Purchase of smart boards, visual display units and projectors","WS/MP457/2025-2026/181992","KALLAKURICHI(District Collector Kallakurichi_IDA)","D Ravikumar","VILUPPURAM(SC)","05-Jun-2025","SHERIN ENTERPRISES","Payment Success","200000"
"797","Tamil Nadu","Purchase of smart boards, visual display units and projectors","WS/MP457/2025-2026/181994","KALLAKURICHI(District Collector Kallakurichi_IDA)","D Ravikumar","VILUPPURAM(SC)","05-Jun-2025","SATHYA ENTERPRISES","Payment Success","200000"
"798","Tamil Nadu","Purchase of smart boards, visual display units and projectors","WS/MP457/2025-2026/181997","KALLAKURICHI(District Collector Kallakurichi_IDA)","D Ravikumar","VILUPPURAM(SC)","05-Jun-2025","SHERIN ENTERPRISES","Payment Success","200000"
"799","Tamil Nadu","Purchase of smart boards, visual display units and projectors","WS/MP457/2025-2026/181999","KALLAKURICHI(District Collector Kallakurichi_IDA)","D Ravikumar","VILUPPURAM(SC)","05-Jun-2025","SATHYA ENTERPRISES","Payment Success","200000"
"800","Tamil Nadu","Purchase of smart boards, visual display units and projectors","WS/MP457/2025-2026/182001","KALLAKURICHI(District Collector Kallakurichi_IDA)","D Ravikumar","VILUPPURAM(SC)","05-Jun-2025","SHERIN ENTERPRISES","Payment Success","200000"
"801","Tamil Nadu","Purchase of smart boards, visual display units and projectors","WS/MP457/2025-2026/182002","KALLAKURICHI(District Collector Kallakurichi_IDA)","D Ravikumar","VILUPPURAM(SC)","05-Jun-2025","SHERIN ENTERPRISES","Payment Success","200000"
"802","Tamil Nadu","Purchase of smart boards, visual display units and projectors","WS/MP457/2025-2026/182000","KALLAKURICHI(District Collector Kallakurichi_IDA)","D Ravikumar","VILUPPURAM(SC)","05-Jun-2025","SHERIN ENTERPRISES","Payment Success","200000"
"803","Tamil Nadu","Purchase of smart boards, visual display units and projectors","WS/MP457/2025-2026/181998","KALLAKURICHI(District Collector Kallakurichi_IDA)","D Ravikumar","VILUPPURAM(SC)","05-Jun-2025","SHERIN ENTERPRISES","Payment Success","200000"
"804","Tamil Nadu","Purchase of smart boards, visual display units and projectors","WS/MP457/2025-2026/181995","KALLAKURICHI(District Collector Kallakurichi_IDA)","D Ravikumar","VILUPPURAM(SC)","05-Jun-2025","SHERIN ENTERPRISES","Payment Success","200000"
"805","Tamil Nadu","Purchase of sports equipment","WS/MP457/2025-2026/235015","KALLAKURICHI(District Collector Kallakurichi_IDA)","D Ravikumar","VILUPPURAM(SC)","26-Nov-2025","MFD INDUSTRIES","Payment Success","500000"
"806","Tamil Nadu","Purchase of sports equipment","WS/MP457/2025-2026/235018","KALLAKURICHI(District Collector Kallakurichi_IDA)","D Ravikumar","VILUPPURAM(SC)","26-Nov-2025","MFD INDUSTRIES","Payment Success","500000"
"807","Tamil Nadu","Purchase of sports equipment","WS/MP457/2025-2026/235017","KALLAKURICHI(District Collector Kallakurichi_IDA)","D Ravikumar","VILUPPURAM(SC)","26-Nov-2025","MFD INDUSTRIES","Payment Success","500000"
"808","Tamil Nadu","Purchase of sports equipment","WS/MP457/2025-2026/235019","KALLAKURICHI(District Collector Kallakurichi_IDA)","D Ravikumar","VILUPPURAM(SC)","26-Nov-2025","MFD INDUSTRIES","Payment Success","500000"
"809","Tamil Nadu","Purchase of sports equipment","WS/MP457/2025-2026/235016","KALLAKURICHI(District Collector Kallakurichi_IDA)","D Ravikumar","VILUPPURAM(SC)","26-Nov-2025","MFD INDUSTRIES","Payment Success","500000"
"810","Tamil Nadu","Purchase of smart boards, visual display units and projectors","WS/MP457/2025-2026/181988","KALLAKURICHI(District Collector Kallakurichi_IDA)","D Ravikumar","VILUPPURAM(SC)","19-Jun-2025","SATHYA ENTERPRISES","Payment Success","200000"
"811","Tamil Nadu","Purchase of smart boards, visual display units and projectors","WS/MP457/2025-2026/181985","KALLAKURICHI(District Collector Kallakurichi_IDA)","D Ravikumar","VILUPPURAM(SC)","19-Jun-2025","SATHYA ENTERPRISES","Payment Success","200000"
"812","Tamil Nadu","Purchase of smart boards, visual display units and projectors","WS/MP457/2025-2026/181986","KALLAKURICHI(District Collector Kallakurichi_IDA)","D Ravikumar","VILUPPURAM(SC)","19-Jun-2025","SATHYA ENTERPRISES","Payment Success","200000"
"813","Tamil Nadu","Purchase of smart boards, visual display units and projectors","WS/MP457/2025-2026/181987","KALLAKURICHI(District Collector Kallakurichi_IDA)","D Ravikumar","VILUPPURAM(SC)","19-Jun-2025","SATHYA ENTERPRISES","Payment Success","200000"
"814","Tamil Nadu","Purchase of smart boards, visual display units and projectors","WS/MP457/2025-2026/181984","KALLAKURICHI(District Collector Kallakurichi_IDA)","D Ravikumar","VILUPPURAM(SC)","19-Jun-2025","SATHYA ENTERPRISES","Payment Success","200000"
"815","Tamil Nadu","Purchase of smart boards, visual display units and projectors","WS/MP18178/2025-2026/201672","KALLAKURICHI(District Collector Kallakurichi_IDA)","MALAIYARASAN D","KALLAKURICHI","12-Jun-2025","MUNIAN VENKATESAN","Payment Success","235000"
"816","Tamil Nadu","Purchase of smart boards, visual display units and projectors","WS/MP18178/2025-2026/201671","KALLAKURICHI(District Collector Kallakurichi_IDA)","MALAIYARASAN D","KALLAKURICHI","12-Jun-2025","MUNIAN VENKATESAN","Payment Success","235000"
"817","Tamil Nadu","Purchase of smart boards, visual display units and projectors","WS/MP18178/2025-2026/201662","KALLAKURICHI(District Collector Kallakurichi_IDA)","MALAIYARASAN D","KALLAKURICHI","12-Jun-2025","MUNIAN VENKATESAN","Payment Success","235000"
"818","Tamil Nadu","Purchase of smart boards, visual display units and projectors","WS/MP18178/2025-2026/201661","KALLAKURICHI(District Collector Kallakurichi_IDA)","MALAIYARASAN D","KALLAKURICHI","12-Jun-2025","MUNIAN VENKATESAN","Payment Success","235000"
"819","Tamil Nadu","Purchase of smart boards, visual display units and projectors","WS/MP18178/2025-2026/201660","KALLAKURICHI(District Collector Kallakurichi_IDA)","MALAIYARASAN D","KALLAKURICHI","12-Jun-2025","MUNIAN VENKATESAN","Payment Success","235000"
"820","Tamil Nadu","Purchase of smart boards, visual display units and projectors","WS/MP18178/2025-2026/201656","KALLAKURICHI(District Collector Kallakurichi_IDA)","MALAIYARASAN D","KALLAKURICHI","12-Jun-2025","MUNIAN VENKATESAN","Payment Success","235000"
"821","Tamil Nadu","Purchase of smart boards, visual display units and projectors","WS/MP18178/2025-2026/201655","KALLAKURICHI(District Collector Kallakurichi_IDA)","MALAIYARASAN D","KALLAKURICHI","12-Jun-2025","MUNIAN VENKATESAN","Payment Success","235000"
"822","Tamil Nadu","Purchase of smart boards, visual display units and projectors","WS/MP18178/2025-2026/201646","KALLAKURICHI(District Collector Kallakurichi_IDA)","MALAIYARASAN D","KALLAKURICHI","12-Jun-2025","VEENUS ENTERPRISES","Payment Success","235000"
"823","Tamil Nadu","Purchase of smart boards, visual display units and projectors","WS/MP18178/2025-2026/201649","KALLAKURICHI(District Collector Kallakurichi_IDA)","MALAIYARASAN D","KALLAKURICHI","12-Jun-2025","MUNIAN VENKATESAN","Payment Success","235000"
"824","Tamil Nadu","Purchase of smart boards, visual display units and projectors","WS/MP18178/2025-2026/201648","KALLAKURICHI(District Collector Kallakurichi_IDA)","MALAIYARASAN D","KALLAKURICHI","12-Jun-2025","VEENUS ENTERPRISES","Payment Success","235000"
"825","Tamil Nadu","Purchase of smart boards, visual display units and projectors","WS/MP18178/2025-2026/201650","KALLAKURICHI(District Collector Kallakurichi_IDA)","MALAIYARASAN D","KALLAKURICHI","12-Jun-2025","MUNIAN VENKATESAN","Payment Success","235000"
"826","Tamil Nadu","Purchase of smart boards, visual display units and projectors","WS/MP18178/2025-2026/201654","KALLAKURICHI(District Collector Kallakurichi_IDA)","MALAIYARASAN D","KALLAKURICHI","12-Jun-2025","MUNIAN VENKATESAN","Payment Success","235000"
"827","Tamil Nadu","Purchase of smart boards, visual display units and projectors","WS/MP18178/2025-2026/201645","KALLAKURICHI(District Collector Kallakurichi_IDA)","MALAIYARASAN D","KALLAKURICHI","12-Jun-2025","VEENUS ENTERPRISES","Payment Success","235000"
"828","Tamil Nadu","Purchase of smart boards, visual display units and projectors","WS/MP18178/2025-2026/201643","KALLAKURICHI(District Collector Kallakurichi_IDA)","MALAIYARASAN D","KALLAKURICHI","12-Jun-2025","VEENUS ENTERPRISES","Payment Success","235000"
"829","Tamil Nadu","Purchase of smart boards, visual display units and projectors","WS/MP18178/2025-2026/201637","KALLAKURICHI(District Collector Kallakurichi_IDA)","MALAIYARASAN D","KALLAKURICHI","12-Jun-2025","VEENUS ENTERPRISES","Payment Success","235000"
"830","Tamil Nadu","Purchase of smart boards, visual display units and projectors","WS/MP18178/2025-2026/201636","KALLAKURICHI(District Collector Kallakurichi_IDA)","MALAIYARASAN D","KALLAKURICHI","12-Jun-2025","VEENUS ENTERPRISES","Payment Success","235000"
"831","Tamil Nadu","Purchase of smart boards, visual display units and projectors","WS/MP18178/2025-2026/201635","KALLAKURICHI(District Collector Kallakurichi_IDA)","MALAIYARASAN D","KALLAKURICHI","12-Jun-2025","VEENUS ENTERPRISES","Payment Success","235000"
"832","Tamil Nadu","Purchase of smart boards, visual display units and projectors","WS/MP18178/2025-2026/201632","KALLAKURICHI(District Collector Kallakurichi_IDA)","MALAIYARASAN D","KALLAKURICHI","12-Jun-2025","VEENUS ENTERPRISES","Payment Success","235000"
"833","Tamil Nadu","Purchase of smart boards, visual display units and projectors","WS/MP18178/2025-2026/201631","KALLAKURICHI(District Collector Kallakurichi_IDA)","MALAIYARASAN D","KALLAKURICHI","12-Jun-2025","VEENUS ENTERPRISES","Payment Success","235000"
"834","Tamil Nadu","Purchase of smart boards, visual display units and projectors","WS/MP18178/2025-2026/201633","KALLAKURICHI(District Collector Kallakurichi_IDA)","MALAIYARASAN D","KALLAKURICHI","12-Jun-2025","VEENUS ENTERPRISES","Payment Success","235000"
"835","Tamil Nadu","Purchase of hospital equipment","WS/MP758/2025-2026/201233","KARUR(DISTRICT COLLECTOR KARUR_IDA)","Smt S Jothimani","KARUR","12-Mar-2026","Lotus Medical  Systems","Payment Success","1097500"
"836","Tamil Nadu","Purchase of hospital equipment","WS/MP758/2025-2026/201234","KARUR(DISTRICT COLLECTOR KARUR_IDA)","Smt S Jothimani","KARUR","12-Mar-2026","Lotus Medical  Systems","Payment Success","133500"
"837","Tamil Nadu","Purchase of hospital equipment","WS/MP758/2025-2026/149078","KARUR(DISTRICT COLLECTOR KARUR_IDA)","Smt S Jothimani","KARUR","12-Mar-2026","Lotus Medical  Systems","Payment Success","137500"
"838","Tamil Nadu","Purchase of books and periodicals for libraries/digitization of library books","WS/MP743/2025-2026/202565","Kancheepuram(DISTRICT COLLECTOR KANCHEEPURAM_IDA)","Ganesan Selvam","KANCHEEPURAM(SC)","03-Feb-2026","G Durairaj","Payment Success","50000"
"839","Tamil Nadu","Purchase of books and periodicals for libraries/digitization of library books","WS/MP743/2025-2026/202563","Kancheepuram(DISTRICT COLLECTOR KANCHEEPURAM_IDA)","Ganesan Selvam","KANCHEEPURAM(SC)","03-Feb-2026","G Durairaj","Payment Success","50000"
"840","Tamil Nadu","Construction of buildings for crèches and anganwadies","WS/MP017/2026-2027/188575","Ranipet(District Collector, Ranipet_2)","S. Jagathrakshakan","ARAKKONAM","25-Jun-2026","PURUSHOTHAMAN M","Payment Success","1799989"
"841","Tamil Nadu","Construction of roads, link roads, pathways or any other road with or without drainage system","WS/MP017/2026-2027/234415","Ranipet(District Collector, Ranipet_2)","S. Jagathrakshakan","ARAKKONAM","24-Jun-2026","D BASKARAN","Payment Success","658619"
"842","Tamil Nadu","Construction of buildings for crèches and anganwadies","WS/MP017/2025-2026/160030","Ranipet(District Collector, Ranipet_2)","S. Jagathrakshakan","ARAKKONAM","01-Sep-2025","MURUGAN P","Payment Success","1749689"
"843","Tamil Nadu","Construction of roads, link roads, pathways or any other road with or without drainage system","WS/MP18394/2025-2026/213210","NAMAKKAL(DISTRICT COLLECTOR NAMAKKAL_IDA)","V S Matheswaran","NAMAKKAL","06-Nov-2025","THANUSH RAM CONSTRUCTION","Payment Success","700000"
"844","Tamil Nadu","Construction of roads, link roads, pathways or any other road with or without drainage system","WS/MP18394/2024-2025/147416","NAMAKKAL(DISTRICT COLLECTOR NAMAKKAL_IDA)","V S Matheswaran","NAMAKKAL","11-Jun-2025","THANUSH RAM CONSTRUCTION","Payment Success","1305000"
"845","Tamil Nadu","Construction of water tanks","WS/MP18394/2024-2025/147415","NAMAKKAL(DISTRICT COLLECTOR NAMAKKAL_IDA)","V S Matheswaran","NAMAKKAL","11-Jun-2025","THANUSH RAM CONSTRUCTION","Payment Success","1136000"
"846","Tamil Nadu","Construction of roads, link roads, pathways or any other road with or without drainage system","WS/MP18394/2025-2026/213213","NAMAKKAL(DISTRICT COLLECTOR NAMAKKAL_IDA)","V S Matheswaran","NAMAKKAL","08-Oct-2025","THANUSH RAM CONSTRUCTION","Payment Success","572000"
"847","Tamil Nadu","Providing drains and gutters for public drainage","WS/MP18394/2025-2026/213211","NAMAKKAL(DISTRICT COLLECTOR NAMAKKAL_IDA)","V S Matheswaran","NAMAKKAL","16-Oct-2025","THANUSH RAM CONSTRUCTION","Payment Success","600000"
"848","Tamil Nadu","Lighting of public spaces","WS/MP18394/2024-2025/151357","NAMAKKAL(DISTRICT COLLECTOR NAMAKKAL_IDA)","V S Matheswaran","NAMAKKAL","11-Jun-2025","Hindusthan Power Technology","Payment Success","349929"
"849","Tamil Nadu","Installing tube-wells and borewells","WS/MP18394/2025-2026/196280","NAMAKKAL(DISTRICT COLLECTOR NAMAKKAL_IDA)","V S Matheswaran","NAMAKKAL","07-Jul-2025","E P SIVAKUMAR","Payment Success","459750"
"850","Tamil Nadu","Lighting of public spaces","WS/MP18394/2025-2026/254723","NAMAKKAL(DISTRICT COLLECTOR NAMAKKAL_IDA)","V S Matheswaran","NAMAKKAL","16-Apr-2026","Hindusthan Power Technology","Payment Success","379967"
"851","Tamil Nadu","Lighting of public spaces","WS/MP18394/2025-2026/254720","NAMAKKAL(DISTRICT COLLECTOR NAMAKKAL_IDA)","V S Matheswaran","NAMAKKAL","16-Apr-2026","Hindusthan Power Technology","Payment Success","379967"
"852","Tamil Nadu","Lighting of public spaces","WS/MP18394/2025-2026/254718","NAMAKKAL(DISTRICT COLLECTOR NAMAKKAL_IDA)","V S Matheswaran","NAMAKKAL","16-Apr-2026","Hindusthan Power Technology","Payment Success","379967"
"853","Tamil Nadu","Lighting of public spaces","WS/MP18394/2025-2026/254724","NAMAKKAL(DISTRICT COLLECTOR NAMAKKAL_IDA)","V S Matheswaran","NAMAKKAL","16-Apr-2026","Hindusthan Power Technology","Payment Success","379967"
"854","Tamil Nadu","Lighting of public spaces","WS/MP18394/2025-2026/254722","NAMAKKAL(DISTRICT COLLECTOR NAMAKKAL_IDA)","V S Matheswaran","NAMAKKAL","16-Apr-2026","Hindusthan Power Technology","Payment Success","379967"
"855","Tamil Nadu","Lighting of public spaces","WS/MP18394/2025-2026/254726","NAMAKKAL(DISTRICT COLLECTOR NAMAKKAL_IDA)","V S Matheswaran","NAMAKKAL","16-Apr-2026","Hindusthan Power Technology","Payment Success","379967"
"856","Tamil Nadu","Lighting of public spaces","WS/MP18394/2025-2026/259863","NAMAKKAL(DISTRICT COLLECTOR NAMAKKAL_IDA)","V S Matheswaran","NAMAKKAL","16-Apr-2026","Hindusthan Power Technology","Payment Success","199951"
"857","Tamil Nadu","Lighting of public spaces","WS/MP18394/2025-2026/245654","NAMAKKAL(DISTRICT COLLECTOR NAMAKKAL_IDA)","V S Matheswaran","NAMAKKAL","18-Feb-2026","Hindusthan Power Technology","Payment Success","449960"
"858","Tamil Nadu","Lighting of public spaces","WS/MP18394/2025-2026/245656","NAMAKKAL(DISTRICT COLLECTOR NAMAKKAL_IDA)","V S Matheswaran","NAMAKKAL","22-Jan-2026","Hindusthan Power Technology","Payment Success","149978"
"859","Tamil Nadu","Lighting of public spaces","WS/MP18394/2025-2026/245655","NAMAKKAL(DISTRICT COLLECTOR NAMAKKAL_IDA)","V S Matheswaran","NAMAKKAL","22-Jan-2026","Hindusthan Power Technology","Payment Success","149978"
"860","Tamil Nadu","Lighting of public spaces","WS/MP18394/2025-2026/245657","NAMAKKAL(DISTRICT COLLECTOR NAMAKKAL_IDA)","V S Matheswaran","NAMAKKAL","22-Jan-2026","Hindusthan Power Technology","Payment Success","149978"
"861","Tamil Nadu","Lighting of public spaces","WS/MP18394/2025-2026/196283","NAMAKKAL(DISTRICT COLLECTOR NAMAKKAL_IDA)","V S Matheswaran","NAMAKKAL","03-Feb-2026","Hindusthan Power Technology","Payment Success","449960"
"862","Tamil Nadu","Construction of water tanks","WS/MP18394/2024-2025/147466","NAMAKKAL(DISTRICT COLLECTOR NAMAKKAL_IDA)","V S Matheswaran","NAMAKKAL","19-Nov-2025","SRS CO","Payment Success","960819"
"863","Tamil Nadu","Lighting of public spaces","WS/MP18394/2025-2026/254729","NAMAKKAL(DISTRICT COLLECTOR NAMAKKAL_IDA)","V S Matheswaran","NAMAKKAL","22-Jun-2026","Hindusthan Power Technology","Payment Success","379962"
"864","Tamil Nadu","Lighting of public spaces","WS/MP18394/2025-2026/254734","NAMAKKAL(DISTRICT COLLECTOR NAMAKKAL_IDA)","V S Matheswaran","NAMAKKAL","22-Jun-2026","Hindusthan Power Technology","Payment Success","379962"
"865","Tamil Nadu","Lighting of public spaces","WS/MP18394/2025-2026/254751","NAMAKKAL(DISTRICT COLLECTOR NAMAKKAL_IDA)","V S Matheswaran","NAMAKKAL","22-Jun-2026","Hindusthan Power Technology","Payment Success","379926"
"866","Tamil Nadu","Lighting of public spaces","WS/MP18394/2025-2026/254732","NAMAKKAL(DISTRICT COLLECTOR NAMAKKAL_IDA)","V S Matheswaran","NAMAKKAL","22-Jun-2026","Hindusthan Power Technology","Payment Success","379892"
"867","Tamil Nadu","Lighting of public spaces","WS/MP18394/2025-2026/254733","NAMAKKAL(DISTRICT COLLECTOR NAMAKKAL_IDA)","V S Matheswaran","NAMAKKAL","22-Jun-2026","Hindusthan Power Technology","Payment Success","379962"
"868","Tamil Nadu","Lighting of public spaces","WS/MP18394/2025-2026/254727","NAMAKKAL(DISTRICT COLLECTOR NAMAKKAL_IDA)","V S Matheswaran","NAMAKKAL","22-Jun-2026","Hindusthan Power Technology","Payment Success","379962"
"869","Tamil Nadu","Construction of roads, link roads, pathways or any other road with or without drainage system","WS/MP18394/2024-2025/185249","NAMAKKAL(DISTRICT COLLECTOR NAMAKKAL_IDA)","V S Matheswaran","NAMAKKAL","21-Jul-2025","KS AND CO Constructions","Payment Success","435997"
"870","Tamil Nadu","Construction of water tanks","WS/MP18394/2024-2025/147460","NAMAKKAL(DISTRICT COLLECTOR NAMAKKAL_IDA)","V S Matheswaran","NAMAKKAL","08-Oct-2025","GOKULASELVAN M","Payment Success","1150000"
"871","Tamil Nadu","Lighting of public spaces","WS/MP18394/2025-2026/196282","NAMAKKAL(DISTRICT COLLECTOR NAMAKKAL_IDA)","V S Matheswaran","NAMAKKAL","24-Sep-2025","Hindusthan Power Technology","Payment Success","349929"
"872","Tamil Nadu","Lighting of public spaces","WS/MP18394/2024-2025/151345","NAMAKKAL(DISTRICT COLLECTOR NAMAKKAL_IDA)","V S Matheswaran","NAMAKKAL","20-Mar-2025","Hindusthan Power Technology","Payment Success","349929"
"873","Tamil Nadu","Lighting of public spaces","WS/MP18394/2025-2026/254730","NAMAKKAL(DISTRICT COLLECTOR NAMAKKAL_IDA)","V S Matheswaran","NAMAKKAL","22-Jun-2026","Hindusthan Power Technology","Payment Success","379933"
"874","Tamil Nadu","Lighting of public spaces","WS/MP18394/2025-2026/254738","NAMAKKAL(DISTRICT COLLECTOR NAMAKKAL_IDA)","V S Matheswaran","NAMAKKAL","22-Jun-2026","Hindusthan Power Technology","Payment Success","379962"
"875","Tamil Nadu","Construction of bus-sheds or bus-stops","WS/MP18394/2025-2026/259832","NAMAKKAL(DISTRICT COLLECTOR NAMAKKAL_IDA)","V S Matheswaran","NAMAKKAL","18-Aug-2026","P Prakash","Payment Success","649675"
"876","Tamil Nadu","Construction of water tanks","WS/MP18394/2024-2025/148081","NAMAKKAL(DISTRICT COLLECTOR NAMAKKAL_IDA)","V S Matheswaran","NAMAKKAL","18-Jun-2026","SHRI MURUGA AGENCY","Payment Success","1085000"
"877","Tamil Nadu","Construction of water tanks","WS/MP18394/2024-2025/148082","NAMAKKAL(DISTRICT COLLECTOR NAMAKKAL_IDA)","V S Matheswaran","NAMAKKAL","23-May-2025","K PULLIAPPAN AND CO","Payment Success","1085000"
"878","Tamil Nadu","Construction of water tanks","WS/MP18394/2024-2025/147417","NAMAKKAL(DISTRICT COLLECTOR NAMAKKAL_IDA)","V S Matheswaran","NAMAKKAL","19-Jun-2026","M THANGAVEL","Payment Success","1532566"
"879","Tamil Nadu","Construction of water tanks","WS/MP18394/2024-2025/147418","NAMAKKAL(DISTRICT COLLECTOR NAMAKKAL_IDA)","V S Matheswaran","NAMAKKAL","19-Jun-2026","M THANGAVEL","Payment Success","1072069"
"880","Tamil Nadu","Lighting of public spaces","WS/MP18394/2024-2025/151348","NAMAKKAL(DISTRICT COLLECTOR NAMAKKAL_IDA)","V S Matheswaran","NAMAKKAL","13-Oct-2025","Hindusthan Power Technology","Payment Success","349965"
"881","Tamil Nadu","Providing drains and gutters for public drainage","WS/MP18394/2025-2026/209302","NAMAKKAL(DISTRICT COLLECTOR NAMAKKAL_IDA)","V S Matheswaran","NAMAKKAL","27-Jan-2026","D Sakthivel","Payment Success","894105"
"882","Tamil Nadu","Construction of roads, link roads, pathways or any other road with or without drainage system","WS/MP18394/2025-2026/209304","NAMAKKAL(DISTRICT COLLECTOR NAMAKKAL_IDA)","V S Matheswaran","NAMAKKAL","09-Dec-2025","D Sakthivel","Payment Success","309584"
"883","Tamil Nadu","Construction of roads, link roads, pathways or any other road with or without drainage system","WS/MP18394/2024-2025/155967","NAMAKKAL(DISTRICT COLLECTOR NAMAKKAL_IDA)","V S Matheswaran","NAMAKKAL","15-May-2025","R Senthilkumar","Payment Success","349374"
"884","Tamil Nadu","Construction of roads, link roads, pathways or any other road with or without drainage system","WS/MP18394/2024-2025/155968","NAMAKKAL(DISTRICT COLLECTOR NAMAKKAL_IDA)","V S Matheswaran","NAMAKKAL","12-Feb-2025","Yuvaraj A","Payment Success","249744"
"885","Tamil Nadu","Construction of water tanks","WS/MP18394/2025-2026/212735","NAMAKKAL(DISTRICT COLLECTOR NAMAKKAL_IDA)","V S Matheswaran","NAMAKKAL","27-Mar-2026","RAJAVEL","Payment Success","1850000"
"886","Tamil Nadu","Street lights","WS/MP18177/2024-2025/149274","NAMAKKAL(DISTRICT COLLECTOR NAMAKKAL_IDA)","K E PRAKASH","ERODE","18-Feb-2026","SUCCESS ASSOCIATES","Payment Success","965985"
"887","Tamil Nadu","Lighting of public spaces","WS/MP18394/2024-2025/151363","NAMAKKAL(DISTRICT COLLECTOR NAMAKKAL_IDA)","V S Matheswaran","NAMAKKAL","16-May-2025","Hindusthan Power Technology","Payment Success","349929"
"888","Tamil Nadu","Construction of boundary walls of existing public and community buildings","WS/MP18186/2026-2027/222947","THIRUVALLUR(DISTRICT COLLECTOR TIRUVALLUR_IDA)","Sasikanth Senthil","TIRUVALLUR(SC)","27-May-2026","JAYA S","Payment Success","1796492"
"889","Tamil Nadu","Setting up of community effluent treatment plants","WS/MP18186/2026-2027/299514","THIRUVALLUR(DISTRICT COLLECTOR TIRUVALLUR_IDA)","Sasikanth Senthil","TIRUVALLUR(SC)","12-Aug-2026","NANDAKUMAR V","Payment Success","498401"
"890","Tamil Nadu","Construction of rooms and halls in school and colleges","WS/MP18186/2026-2027/212286","THIRUVALLUR(DISTRICT COLLECTOR TIRUVALLUR_IDA)","Sasikanth Senthil","TIRUVALLUR(SC)","24-Jul-2026","SRI LAKSHMI ELECTRICAL SERVICE","Payment Success","217548"
"891","Tamil Nadu","Construction of rooms and halls in school and colleges","WS/MP18186/2026-2027/212286","THIRUVALLUR(DISTRICT COLLECTOR TIRUVALLUR_IDA)","Sasikanth Senthil","TIRUVALLUR(SC)","22-Jul-2026","JAYA S","Payment Success","3735499"
"892","Tamil Nadu","Construction of buildings for crèches and anganwadies","WS/MP18186/2025-2026/170898","THIRUVALLUR(DISTRICT COLLECTOR TIRUVALLUR_IDA)","Sasikanth Senthil","TIRUVALLUR(SC)","22-Oct-2025","Duraivel VS","Payment Success","1652604"
"893","Tamil Nadu","Setting up of kitchen and pantries","WS/MP755/2025-2026/152825","THIRUVALLUR(DISTRICT COLLECTOR TIRUVALLUR_IDA)","Thalikkottai Rajuthevar Baalu","SRIPERUMBUDUR","17-Nov-2025","A S SANKARAN","Payment Success","1014756"
"894","Tamil Nadu","Installing tube-wells and borewells","WS/MP18186/2025-2026/212299","THIRUVALLUR(DISTRICT COLLECTOR TIRUVALLUR_IDA)","Sasikanth Senthil","TIRUVALLUR(SC)","18-Nov-2025","SRI RAJALAKSHMI ENTERPRISES","Payment Success","299183"
"895","Tamil Nadu","Setting up of kitchen and pantries","WS/MP755/2025-2026/152825","THIRUVALLUR(DISTRICT COLLECTOR TIRUVALLUR_IDA)","Thalikkottai Rajuthevar Baalu","SRIPERUMBUDUR","22-Sep-2025","A S SANKARAN","Payment Success","1476908"
"896","Tamil Nadu","Construction of roads, link roads, pathways or any other road with or without drainage system","WS/MP18186/2025-2026/197020","THIRUVALLUR(DISTRICT COLLECTOR TIRUVALLUR_IDA)","Sasikanth Senthil","TIRUVALLUR(SC)","22-Sep-2025","S UDHAYAKUMAR","Payment Success","1594278"
"897","Tamil Nadu","Construction of veterinary hospitals and dispensaries","WS/MP017/2024-2025/143499","THIRUVALLUR(DISTRICT COLLECTOR TIRUVALLUR_IDA)","S. Jagathrakshakan","ARAKKONAM","15-Oct-2024","S SIVAKUMAR","Payment Success","996610"
"898","Tamil Nadu","Lighting of public spaces","WS/MP18186/2024-2025/149098","THIRUVALLUR(DISTRICT COLLECTOR TIRUVALLUR_IDA)","Sasikanth Senthil","TIRUVALLUR(SC)","12-Feb-2025","BALACHANDAR","Payment Success","444905"
"899","Tamil Nadu","Lighting of public spaces","WS/MP18186/2024-2025/149097","THIRUVALLUR(DISTRICT COLLECTOR TIRUVALLUR_IDA)","Sasikanth Senthil","TIRUVALLUR(SC)","12-Feb-2025","BALACHANDAR","Payment Success","444905"
"900","Tamil Nadu","Construction of buildings for multi-gym","WS/MP18186/2026-2027/212317","THIRUVALLUR(DISTRICT COLLECTOR TIRUVALLUR_IDA)","Sasikanth Senthil","TIRUVALLUR(SC)","07-Aug-2026","RLatha","Payment Success","1999836"
"901","Tamil Nadu","Construction of roads, link roads, pathways or any other road with or without drainage system","WS/MP18186/2026-2027/253587","THIRUVALLUR(DISTRICT COLLECTOR TIRUVALLUR_IDA)","Sasikanth Senthil","TIRUVALLUR(SC)","18-Jun-2026","MURUGAN ENTERPRISES","Payment Success","1500000"
"902","Tamil Nadu","Construction of water tanks","WS/MP18394/2024-2025/141916","NAMAKKAL(DISTRICT COLLECTOR NAMAKKAL_IDA)","V S Matheswaran","NAMAKKAL","08-Oct-2025","SK CONSTRUCTIONS","Payment Success","1140000"
"903","Tamil Nadu","Lighting of public spaces","WS/MP18394/2025-2026/212732","NAMAKKAL(DISTRICT COLLECTOR NAMAKKAL_IDA)","V S Matheswaran","NAMAKKAL","23-Feb-2026","Hindusthan Power Technology","Payment Success","380000"
"904","Tamil Nadu","Construction of buildings for crèches and anganwadies","WS/MP18394/2024-2025/143010","NAMAKKAL(DISTRICT COLLECTOR NAMAKKAL_IDA)","V S Matheswaran","NAMAKKAL","01-Aug-2025","Balaji Constructions","Payment Success","1850000"
"905","Tamil Nadu","Construction of public irrigation facilities","WS/MP18394/2025-2026/212731","NAMAKKAL(DISTRICT COLLECTOR NAMAKKAL_IDA)","V S Matheswaran","NAMAKKAL","27-Nov-2025","R RAJENDRAN","Payment Success","2000000"
"906","Tamil Nadu","Construction of roads, link roads, pathways or any other road with or without drainage system","WS/MP18394/2025-2026/201081","NAMAKKAL(DISTRICT COLLECTOR NAMAKKAL_IDA)","V S Matheswaran","NAMAKKAL","23-Dec-2025","SK CONSTRUCTIONS","Payment Success","581334"
"907","Tamil Nadu","Lighting of public spaces","WS/MP18394/2025-2026/190682","NAMAKKAL(DISTRICT COLLECTOR NAMAKKAL_IDA)","V S Matheswaran","NAMAKKAL","08-Oct-2025","Hindusthan Power Technology","Payment Success","310000"
"908","Tamil Nadu","Lighting of public spaces","WS/MP18394/2024-2025/151365","NAMAKKAL(DISTRICT COLLECTOR NAMAKKAL_IDA)","V S Matheswaran","NAMAKKAL","15-Jul-2025","Hindusthan Power Technology","Payment Success","350000"
"909","Tamil Nadu","Lighting of public spaces","WS/MP18394/2024-2025/151364","NAMAKKAL(DISTRICT COLLECTOR NAMAKKAL_IDA)","V S Matheswaran","NAMAKKAL","15-Jul-2025","Hindusthan Power Technology","Payment Success","350000"
"910","Tamil Nadu","Construction of buildings for crèches and anganwadies","WS/MP18394/2024-2025/148069","NAMAKKAL(DISTRICT COLLECTOR NAMAKKAL_IDA)","V S Matheswaran","NAMAKKAL","11-Dec-2025","SKM INFRASTRUCTURES","Payment Success","1800000"
"911","Tamil Nadu","Construction of rainwater harvesting structures","WS/MP18394/2024-2025/153070","NAMAKKAL(DISTRICT COLLECTOR NAMAKKAL_IDA)","V S Matheswaran","NAMAKKAL","24-Mar-2025","SRK Construction","Payment Success","1900000"
"912","Tamil Nadu","Lighting of public spaces","WS/MP18394/2024-2025/151354","NAMAKKAL(DISTRICT COLLECTOR NAMAKKAL_IDA)","V S Matheswaran","NAMAKKAL","28-May-2025","Hindusthan Power Technology","Payment Success","349929"
"913","Tamil Nadu","Lighting of public spaces","WS/MP18394/2025-2026/245653","NAMAKKAL(DISTRICT COLLECTOR NAMAKKAL_IDA)","V S Matheswaran","NAMAKKAL","05-Dec-2025","Hindusthan Power Technology","Payment Success","449960"
"914","Tamil Nadu","Providing drains and gutters for public drainage","WS/MP18394/2025-2026/263083","NAMAKKAL(DISTRICT COLLECTOR NAMAKKAL_IDA)","V S Matheswaran","NAMAKKAL","24-Jul-2026","GOKULASELVAN M","Payment Success","399495"
"915","Tamil Nadu","Lighting of public spaces","WS/MP18394/2025-2026/254715","NAMAKKAL(DISTRICT COLLECTOR NAMAKKAL_IDA)","V S Matheswaran","NAMAKKAL","10-Aug-2026","Hindusthan Power Technology","Payment Success","379962"
"916","Tamil Nadu","Lighting of public spaces","WS/MP18394/2025-2026/254716","NAMAKKAL(DISTRICT COLLECTOR NAMAKKAL_IDA)","V S Matheswaran","NAMAKKAL","10-Aug-2026","Hindusthan Power Technology","Payment Success","379701"
"917","Tamil Nadu","Lighting of public spaces","WS/MP18394/2025-2026/254717","NAMAKKAL(DISTRICT COLLECTOR NAMAKKAL_IDA)","V S Matheswaran","NAMAKKAL","10-Aug-2026","Hindusthan Power Technology","Payment Success","379701"
"918","Tamil Nadu","Lighting of public spaces","WS/MP18394/2025-2026/259833","NAMAKKAL(DISTRICT COLLECTOR NAMAKKAL_IDA)","V S Matheswaran","NAMAKKAL","10-Aug-2026","Hindusthan Power Technology","Payment Success","449955"
"919","Tamil Nadu","Lighting of public spaces","WS/MP18394/2025-2026/254713","NAMAKKAL(DISTRICT COLLECTOR NAMAKKAL_IDA)","V S Matheswaran","NAMAKKAL","10-Aug-2026","Hindusthan Power Technology","Payment Success","379567"
"920","Tamil Nadu","Lighting of public spaces","WS/MP18394/2025-2026/196284","NAMAKKAL(DISTRICT COLLECTOR NAMAKKAL_IDA)","V S Matheswaran","NAMAKKAL","22-Jan-2026","Hindusthan Power Technology","Payment Success","449960"
"921","Tamil Nadu","Construction of rooms and facilities for hospitals, FWC , PHC Centers and ANM centers","WS/MP457/2024-2025/146371","Viluppuram(DISTRICT COLLECTOR VILLUPURAM_IDA)","D Ravikumar","VILUPPURAM(SC)","02-Jul-2025","Nachatra Constuction","Payment Success","3393546"
"922","Tamil Nadu","Lighting of public spaces","WS/MP18394/2025-2026/213215","NAMAKKAL(DISTRICT COLLECTOR NAMAKKAL_IDA)","V S Matheswaran","NAMAKKAL","18-Dec-2025","Hindusthan Power Technology","Payment Success","380000"
"923","Tamil Nadu","Lighting of public spaces","WS/MP18394/2025-2026/213216","NAMAKKAL(DISTRICT COLLECTOR NAMAKKAL_IDA)","V S Matheswaran","NAMAKKAL","20-Dec-2025","Hindusthan Power Technology","Payment Success","380000"
"924","Tamil Nadu","Lighting of public spaces","WS/MP18394/2025-2026/201083","NAMAKKAL(DISTRICT COLLECTOR NAMAKKAL_IDA)","V S Matheswaran","NAMAKKAL","20-Dec-2025","Hindusthan Power Technology","Payment Success","350000"
"925","Tamil Nadu","Lighting of public spaces","WS/MP18394/2025-2026/201084","NAMAKKAL(DISTRICT COLLECTOR NAMAKKAL_IDA)","V S Matheswaran","NAMAKKAL","20-Dec-2025","Hindusthan Power Technology","Payment Success","350000"
"926","Tamil Nadu","Construction of roads, link roads, pathways or any other road with or without drainage system","WS/MP18394/2025-2026/213214","NAMAKKAL(DISTRICT COLLECTOR NAMAKKAL_IDA)","V S Matheswaran","NAMAKKAL","20-Dec-2025","K PULLIAPPAN AND CO","Payment Success","1500000"
"927","Tamil Nadu","Lighting of public spaces","WS/MP18394/2024-2025/151341","NAMAKKAL(DISTRICT COLLECTOR NAMAKKAL_IDA)","V S Matheswaran","NAMAKKAL","05-Jan-2026","Hindusthan Power Technology","Payment Success","350000"
"928","Tamil Nadu","Purchase of IT systems, including hardware and software for educational purposes","WS/MP18394/2024-2025/153783","NAMAKKAL(DISTRICT COLLECTOR NAMAKKAL_IDA)","V S Matheswaran","NAMAKKAL","20-Jun-2025","PS ELECTRONICS","Payment Success","176915"
"929","Tamil Nadu","Street lights","WS/MP18177/2025-2026/242306","NAMAKKAL(DISTRICT COLLECTOR NAMAKKAL_IDA)","K E PRAKASH","ERODE","24-Jun-2026","AYODHYA ENTERPRISES","Payment Success","450000"
"930","Tamil Nadu","Construction of community centers and community halls","WS/MP18394/2024-2025/153069","NAMAKKAL(DISTRICT COLLECTOR NAMAKKAL_IDA)","V S Matheswaran","NAMAKKAL","09-Sep-2025","Sellappan A","Payment Success","1525000"
"931","Tamil Nadu","Construction of roads, link roads, pathways or any other road with or without drainage system","WS/MP18394/2024-2025/153071","NAMAKKAL(DISTRICT COLLECTOR NAMAKKAL_IDA)","V S Matheswaran","NAMAKKAL","17-Feb-2026","C Ashok","Payment Success","1000000"
"932","Tamil Nadu","Lighting of public spaces","WS/MP18394/2025-2026/213212","NAMAKKAL(DISTRICT COLLECTOR NAMAKKAL_IDA)","V S Matheswaran","NAMAKKAL","09-Apr-2026","Hindusthan Power Technology","Payment Success","380000"
"933","Tamil Nadu","Lighting of public spaces","WS/MP18394/2025-2026/196287","NAMAKKAL(DISTRICT COLLECTOR NAMAKKAL_IDA)","V S Matheswaran","NAMAKKAL","11-Oct-2025","Hindusthan Power Technology","Payment Success","350000"
"934","Tamil Nadu","Construction of boundary walls of existing public and community buildings","WS/MP18394/2025-2026/209305","NAMAKKAL(DISTRICT COLLECTOR NAMAKKAL_IDA)","V S Matheswaran","NAMAKKAL","23-Jul-2026","Sri Amman Construction","Payment Success","109115"
"935","Tamil Nadu","Construction of boundary walls of existing public and community buildings","WS/MP18394/2025-2026/209305","NAMAKKAL(DISTRICT COLLECTOR NAMAKKAL_IDA)","V S Matheswaran","NAMAKKAL","23-Jun-2026","Sri Amman Construction","Payment Success","1863996"
"936","Tamil Nadu","Construction of water tanks","WS/MP18394/2025-2026/201087","NAMAKKAL(DISTRICT COLLECTOR NAMAKKAL_IDA)","V S Matheswaran","NAMAKKAL","25-Feb-2026","R RAJENDRAN","Payment Success","1580000"
"937","Tamil Nadu","Providing drains and gutters for public drainage","WS/MP18394/2024-2025/143009","NAMAKKAL(DISTRICT COLLECTOR NAMAKKAL_IDA)","V S Matheswaran","NAMAKKAL","08-Jul-2025","Ramamoothy D","Payment Success","2000000"
"938","Tamil Nadu","Lighting of public spaces","WS/MP18394/2025-2026/214148","NAMAKKAL(DISTRICT COLLECTOR NAMAKKAL_IDA)","V S Matheswaran","NAMAKKAL","01-Dec-2025","Hindusthan Power Technology","Payment Success","377300"
"939","Tamil Nadu","Construction of water tanks","WS/MP18394/2025-2026/213198","NAMAKKAL(DISTRICT COLLECTOR NAMAKKAL_IDA)","V S Matheswaran","NAMAKKAL","27-Mar-2026","RAJAVEL","Payment Success","1140000"
"940","Tamil Nadu","Lighting of public spaces","WS/MP18394/2024-2025/151367","NAMAKKAL(DISTRICT COLLECTOR NAMAKKAL_IDA)","V S Matheswaran","NAMAKKAL","25-Mar-2025","Hindusthan Power Technology","Payment Success","750000"
"941","Tamil Nadu","Lighting of public spaces","WS/MP18394/2024-2025/151366","NAMAKKAL(DISTRICT COLLECTOR NAMAKKAL_IDA)","V S Matheswaran","NAMAKKAL","25-Mar-2025","Hindusthan Power Technology","Payment Success","350000"
"942","Tamil Nadu","Construction of roads, link roads, pathways or any other road with or without drainage system","WS/MP18394/2024-2025/148080","NAMAKKAL(DISTRICT COLLECTOR NAMAKKAL_IDA)","V S Matheswaran","NAMAKKAL","29-Mar-2025","KS AND CO Constructions","Payment Success","2320000"
"943","Tamil Nadu","Lighting of public spaces","WS/MP18394/2024-2025/151346","NAMAKKAL(DISTRICT COLLECTOR NAMAKKAL_IDA)","V S Matheswaran","NAMAKKAL","15-Jul-2025","Hindusthan Power Technology","Payment Success","345818"
"944","Tamil Nadu","Lighting of public spaces","WS/MP18394/2024-2025/151340","NAMAKKAL(DISTRICT COLLECTOR NAMAKKAL_IDA)","V S Matheswaran","NAMAKKAL","12-Aug-2025","Hindusthan Power Technology","Payment Success","349299"
"945","Tamil Nadu","Lighting of public spaces","WS/MP18394/2024-2025/151351","NAMAKKAL(DISTRICT COLLECTOR NAMAKKAL_IDA)","V S Matheswaran","NAMAKKAL","12-Aug-2025","Hindusthan Power Technology","Payment Success","349299"
"946","Tamil Nadu","Lighting of public spaces","WS/MP18394/2024-2025/151347","NAMAKKAL(DISTRICT COLLECTOR NAMAKKAL_IDA)","V S Matheswaran","NAMAKKAL","12-Aug-2025","Hindusthan Power Technology","Payment Success","349299"
"947","Tamil Nadu","Lighting of public spaces","WS/MP18394/2024-2025/151342","NAMAKKAL(DISTRICT COLLECTOR NAMAKKAL_IDA)","V S Matheswaran","NAMAKKAL","12-Aug-2025","Hindusthan Power Technology","Payment Success","349299"
"948","Tamil Nadu","Lighting of public spaces","WS/MP18394/2024-2025/151343","NAMAKKAL(DISTRICT COLLECTOR NAMAKKAL_IDA)","V S Matheswaran","NAMAKKAL","12-Aug-2025","Hindusthan Power Technology","Payment Success","349299"
"949","Tamil Nadu","Lighting of public spaces","WS/MP18394/2024-2025/151344","NAMAKKAL(DISTRICT COLLECTOR NAMAKKAL_IDA)","V S Matheswaran","NAMAKKAL","12-Aug-2025","Hindusthan Power Technology","Payment Success","349299"
"950","Tamil Nadu","Installing community drinking water plants","WS/MP18394/2025-2026/245658","NAMAKKAL(DISTRICT COLLECTOR NAMAKKAL_IDA)","V S Matheswaran","NAMAKKAL","23-Jul-2026","Hindusthan Power Technology","Payment Success","233170"
"951","Tamil Nadu","Lighting of public spaces","WS/MP18394/2025-2026/212733","NAMAKKAL(DISTRICT COLLECTOR NAMAKKAL_IDA)","V S Matheswaran","NAMAKKAL","23-Jul-2026","Hindusthan Power Technology","Payment Success","346528"
"952","Tamil Nadu","Lighting of public spaces","WS/MP18394/2025-2026/259884","NAMAKKAL(DISTRICT COLLECTOR NAMAKKAL_IDA)","V S Matheswaran","NAMAKKAL","20-Aug-2026","Hindusthan Power Technology","Payment Success","199882"
"953","Tamil Nadu","Lighting of public spaces","WS/MP18394/2025-2026/259885","NAMAKKAL(DISTRICT COLLECTOR NAMAKKAL_IDA)","V S Matheswaran","NAMAKKAL","24-Aug-2026","Hindusthan Power Technology","Payment Success","199882"
"954","Tamil Nadu","Lighting of public spaces","WS/MP18394/2025-2026/254707","NAMAKKAL(DISTRICT COLLECTOR NAMAKKAL_IDA)","V S Matheswaran","NAMAKKAL","24-Aug-2026","Hindusthan Power Technology","Payment Success","380000"
"955","Tamil Nadu","Lighting of public spaces","WS/MP18394/2025-2026/259967","NAMAKKAL(DISTRICT COLLECTOR NAMAKKAL_IDA)","V S Matheswaran","NAMAKKAL","24-Aug-2026","Hindusthan Power Technology","Payment Success","380000"
"956","Tamil Nadu","Lighting of public spaces","WS/MP18394/2025-2026/210458","NAMAKKAL(DISTRICT COLLECTOR NAMAKKAL_IDA)","V S Matheswaran","NAMAKKAL","05-Dec-2025","Hindusthan Power Technology","Payment Success","348591"
"957","Tamil Nadu","Lighting of public spaces","WS/MP18394/2025-2026/210457","NAMAKKAL(DISTRICT COLLECTOR NAMAKKAL_IDA)","V S Matheswaran","NAMAKKAL","05-Dec-2025","Hindusthan Power Technology","Payment Success","348591"
"958","Tamil Nadu","Lighting of public spaces","WS/MP18394/2025-2026/196285","NAMAKKAL(DISTRICT COLLECTOR NAMAKKAL_IDA)","V S Matheswaran","NAMAKKAL","05-Dec-2025","Hindusthan Power Technology","Payment Success","348591"
"959","Tamil Nadu","Lighting of public spaces","WS/MP18394/2025-2026/196286","NAMAKKAL(DISTRICT COLLECTOR NAMAKKAL_IDA)","V S Matheswaran","NAMAKKAL","05-Dec-2025","Hindusthan Power Technology","Payment Success","348591"
"960","Tamil Nadu","Construction of roads, link roads, pathways or any other road with or without drainage system","WS/MP18394/2025-2026/213201","NAMAKKAL(DISTRICT COLLECTOR NAMAKKAL_IDA)","V S Matheswaran","NAMAKKAL","06-Jan-2026","VELAN CONSTRUCTION","Payment Success","1349791"
"961","Tamil Nadu","Providing drains and gutters for public drainage","WS/MP18394/2025-2026/213199","NAMAKKAL(DISTRICT COLLECTOR NAMAKKAL_IDA)","V S Matheswaran","NAMAKKAL","21-Jul-2026","VELAN CONSTRUCTION","Payment Success","1998179"
"962","Tamil Nadu","Lighting of public spaces","WS/MP18394/2024-2025/151368","NAMAKKAL(DISTRICT COLLECTOR NAMAKKAL_IDA)","V S Matheswaran","NAMAKKAL","25-Jul-2025","Hindusthan Power Technology","Payment Success","343538"
"963","Tamil Nadu","Lighting of public spaces","WS/MP18394/2024-2025/151369","NAMAKKAL(DISTRICT COLLECTOR NAMAKKAL_IDA)","V S Matheswaran","NAMAKKAL","25-Jul-2025","Hindusthan Power Technology","Payment Success","348482"
"964","Tamil Nadu","Lighting of public spaces","WS/MP18394/2025-2026/213202","NAMAKKAL(DISTRICT COLLECTOR NAMAKKAL_IDA)","V S Matheswaran","NAMAKKAL","24-Oct-2025","Hindusthan Power Technology","Payment Success","363818"
"965","Tamil Nadu","Lighting of public spaces","WS/MP18394/2025-2026/213203","NAMAKKAL(DISTRICT COLLECTOR NAMAKKAL_IDA)","V S Matheswaran","NAMAKKAL","24-Oct-2025","Hindusthan Power Technology","Payment Success","363818"
"966","Tamil Nadu","Lighting of public spaces","WS/MP18394/2025-2026/213204","NAMAKKAL(DISTRICT COLLECTOR NAMAKKAL_IDA)","V S Matheswaran","NAMAKKAL","24-Oct-2025","Hindusthan Power Technology","Payment Success","363818"
"967","Tamil Nadu","Lighting of public spaces","WS/MP18394/2025-2026/213205","NAMAKKAL(DISTRICT COLLECTOR NAMAKKAL_IDA)","V S Matheswaran","NAMAKKAL","24-Oct-2025","Hindusthan Power Technology","Payment Success","363818"
"968","Tamil Nadu","Lighting of public spaces","WS/MP18394/2025-2026/213206","NAMAKKAL(DISTRICT COLLECTOR NAMAKKAL_IDA)","V S Matheswaran","NAMAKKAL","24-Oct-2025","Hindusthan Power Technology","Payment Success","363818"
"969","Tamil Nadu","Lighting of public spaces","WS/MP18394/2025-2026/213207","NAMAKKAL(DISTRICT COLLECTOR NAMAKKAL_IDA)","V S Matheswaran","NAMAKKAL","24-Oct-2025","Hindusthan Power Technology","Payment Success","363818"
"970","Tamil Nadu","Lighting of public spaces","WS/MP18394/2025-2026/213208","NAMAKKAL(DISTRICT COLLECTOR NAMAKKAL_IDA)","V S Matheswaran","NAMAKKAL","24-Oct-2025","Hindusthan Power Technology","Payment Success","363818"
"971","Tamil Nadu","Lighting of public spaces","WS/MP18394/2025-2026/213209","NAMAKKAL(DISTRICT COLLECTOR NAMAKKAL_IDA)","V S Matheswaran","NAMAKKAL","24-Oct-2025","Hindusthan Power Technology","Payment Success","363818"
"972","Tamil Nadu","Providing drains and gutters for public drainage","WS/MP18394/2024-2025/147420","NAMAKKAL(DISTRICT COLLECTOR NAMAKKAL_IDA)","V S Matheswaran","NAMAKKAL","09-May-2025","THANUSH RAM CONSTRUCTION","Payment Success","978582"
"973","Tamil Nadu","Providing drains and gutters for public drainage","WS/MP18394/2024-2025/147419","NAMAKKAL(DISTRICT COLLECTOR NAMAKKAL_IDA)","V S Matheswaran","NAMAKKAL","28-Feb-2025","THANUSH RAM CONSTRUCTION","Payment Success","837399"
"974","Tamil Nadu","Lighting of public spaces","WS/MP18384/2025-2026/241497","THIRUVARUR(DISTRICT COLLECTOR THIRUVARUR_IDA)","SELVARAJ V","NAGAPATTINAM(SC)","14-Oct-2025","BALAKRISHNAN MUTHALAGAN","Payment Success","480000"
"975","Tamil Nadu","Lighting of public spaces","WS/MP18384/2025-2026/241499","THIRUVARUR(DISTRICT COLLECTOR THIRUVARUR_IDA)","SELVARAJ V","NAGAPATTINAM(SC)","14-Oct-2025","BALAKRISHNAN MUTHALAGAN","Payment Success","480000"
"976","Tamil Nadu","Lighting of public spaces","WS/MP18384/2025-2026/241500","THIRUVARUR(DISTRICT COLLECTOR THIRUVARUR_IDA)","SELVARAJ V","NAGAPATTINAM(SC)","14-Oct-2025","BALAKRISHNAN MUTHALAGAN","Payment Success","480000"
"977","Tamil Nadu","Purchase of books and periodicals for libraries/digitization of library books","WS/MP18384/2025-2026/241498","THIRUVARUR(DISTRICT COLLECTOR THIRUVARUR_IDA)","SELVARAJ V","NAGAPATTINAM(SC)","18-Dec-2025","GMG ENGINEERING WORKS","Payment Success","200000"
"978","Tamil Nadu","Construction of community centers and community halls","WS/MP18183/2025-2026/140773","THIRUVARUR(DISTRICT COLLECTOR THIRUVARUR_IDA)","MURASOLI S","THANJAVUR","20-Jun-2025","AATHINI ULTRATECH","Payment Success","860492"
"979","Tamil Nadu","Construction of community centers and community halls","WS/MP18183/2025-2026/140773","THIRUVARUR(DISTRICT COLLECTOR THIRUVARUR_IDA)","MURASOLI S","THANJAVUR","15-Sep-2025","AATHINI ULTRATECH","Payment Success","486639"
"980","Tamil Nadu","Construction of public irrigation facilities","WS/MP18384/2025-2026/259034","THIRUVARUR(DISTRICT COLLECTOR THIRUVARUR_IDA)","SELVARAJ V","NAGAPATTINAM(SC)","22-Jun-2026","Ravichandran G","Payment Success","497516"
"981","Tamil Nadu","Construction of New Building","WS/MP18183/2025-2026/140774","THIRUVARUR(DISTRICT COLLECTOR THIRUVARUR_IDA)","MURASOLI S","THANJAVUR","22-Aug-2025","Balakumar","Payment Success","1348370"
"982","Tamil Nadu","Construction of buildings for community cultural activities","WS/MP18312/2025-2026/213188","PUDUKKOTTAI(DISTRICT COLLECTOR PUDUKKOTTAI_IDA)","DURAI VAIKO","TIRUCHIRAPPALLI","18-May-2026","K THIAGARAJAN","Payment Success","1130174"
"983","Tamil Nadu","Lighting of public spaces","WS/MP18312/2025-2026/163729","PUDUKKOTTAI(DISTRICT COLLECTOR PUDUKKOTTAI_IDA)","DURAI VAIKO","TIRUCHIRAPPALLI","17-Jun-2025","RAJESH VELU","Payment Success","700000"
"984","Tamil Nadu","Lighting of public spaces","WS/MP18384/2026-2027/282113","NAGAPATTINAM(DISTRICT COLLECTOR NAGAPATTINAM_4)","SELVARAJ V","NAGAPATTINAM(SC)","22-Jun-2026","S  KARUNANITHI","Payment Success","475405"
"985","Tamil Nadu","Lighting of public spaces","WS/MP18384/2026-2027/282114","NAGAPATTINAM(DISTRICT COLLECTOR NAGAPATTINAM_4)","SELVARAJ V","NAGAPATTINAM(SC)","22-Jun-2026","S  KARUNANITHI","Payment Success","475405"
"986","Tamil Nadu","Construction of rooms and facilities for hospitals, FWC , PHC Centers and ANM centers","WS/MP393/2025-2026/164325","PUDUKKOTTAI(DISTRICT COLLECTOR PUDUKKOTTAI_IDA)","Shri Karti P Chidambaram","SIVAGANGA","23-May-2025","D GANESAN ALANGADU","Payment Success","782044"
"987","Tamil Nadu","Lighting of public spaces","WS/MP743/2025-2026/170879","CHENGALPATTU(District Collector Chengalpattu_IDA)","Ganesan Selvam","KANCHEEPURAM(SC)","11-Sep-2025","T S SOLAR POWER SYSTEM","Payment Success","714773"
"988","Tamil Nadu","Installing community drinking water plants","WS/MP743/2026-2027/230541","CHENGALPATTU(District Collector Chengalpattu_IDA)","Ganesan Selvam","KANCHEEPURAM(SC)","29-May-2026","R Kottishwarn","Payment Success","1500000"
"989","Tamil Nadu","Construction of roads, link roads, pathways or any other road with or without drainage system","WS/MP18185/2026-2027/247575","TENKASI(DISTRICT COLLECTOR TENKASI_IDA)","ROBERT BRUCE C","TIRUNELVELI","21-May-2026","SWARNATHAMMAL","Payment Success","350955"
"990","Tamil Nadu","Construction of Government office buildings (Post office, Police station, Police chauki, etc.)","WS/MP18185/2026-2027/195470","TENKASI(DISTRICT COLLECTOR TENKASI_IDA)","ROBERT BRUCE C","TIRUNELVELI","21-May-2026","RAJASEKAR","Payment Success","1345573"
"991","Tamil Nadu","Construction of community centers and community halls","WS/MP18185/2026-2027/195471","TENKASI(DISTRICT COLLECTOR TENKASI_IDA)","ROBERT BRUCE C","TIRUNELVELI","07-Jul-2026","RAJASEKAR","Payment Success","2276861"
"992","Tamil Nadu","Street lights","WS/MP18177/2025-2026/205218","TIRUPPUR(DISTRICT COLLECTOR TIRUPPUR_IDA)","K E PRAKASH","ERODE","17-Dec-2025","VINAYAGA ELECTRICALS","Payment Success","600000"
"993","Tamil Nadu","Construction of community centers and community halls","WS/MP18177/2025-2026/146616","TIRUPPUR(DISTRICT COLLECTOR TIRUPPUR_IDA)","K E PRAKASH","ERODE","22-Dec-2025","PAARI CONSTRUCTION","Payment Success","1700000"
"994","Tamil Nadu","Lighting of public spaces","WS/MP18394/2024-2025/151352","NAMAKKAL(DISTRICT COLLECTOR NAMAKKAL_IDA)","V S Matheswaran","NAMAKKAL","12-Jun-2025","Hindusthan Power Technology","Payment Success","349929"
"995","Tamil Nadu","Lighting of public spaces","WS/MP18394/2024-2025/151353","NAMAKKAL(DISTRICT COLLECTOR NAMAKKAL_IDA)","V S Matheswaran","NAMAKKAL","12-Jun-2025","Hindusthan Power Technology","Payment Success","349929"
"996","Tamil Nadu","Construction of water tanks","WS/MP18394/2024-2025/151173","NAMAKKAL(DISTRICT COLLECTOR NAMAKKAL_IDA)","V S Matheswaran","NAMAKKAL","13-Oct-2025","RAJAVEL","Payment Success","1541000"
"997","Tamil Nadu","Installing tube-wells and borewells","WS/MP18394/2025-2026/201085","NAMAKKAL(DISTRICT COLLECTOR NAMAKKAL_IDA)","V S Matheswaran","NAMAKKAL","05-Nov-2025","RAJAVEL","Payment Success","1981000"
"998","Tamil Nadu","Construction of boundary walls of existing public and community buildings","WS/MP18394/2025-2026/209303","NAMAKKAL(DISTRICT COLLECTOR NAMAKKAL_IDA)","V S Matheswaran","NAMAKKAL","12-Mar-2026","K RAMASAMY","Payment Success","599950"
"999","Tamil Nadu","Construction of water tanks","WS/MP18394/2025-2026/205187","NAMAKKAL(DISTRICT COLLECTOR NAMAKKAL_IDA)","V S Matheswaran","NAMAKKAL","17-Jun-2026","V SELLAPPAN","Payment Success","1347826"
"1000","Tamil Nadu","Lighting of public spaces","WS/MP18394/2025-2026/254706","NAMAKKAL(DISTRICT COLLECTOR NAMAKKAL_IDA)","V S Matheswaran","NAMAKKAL","18-Jun-2026","Hindusthan Power Technology","Payment Success","379967"
"1001","Tamil Nadu","Lighting of public spaces","WS/MP18394/2025-2026/254704","NAMAKKAL(DISTRICT COLLECTOR NAMAKKAL_IDA)","V S Matheswaran","NAMAKKAL","18-Jun-2026","Hindusthan Power Technology","Payment Success","379967"
"1002","Tamil Nadu","Lighting of public spaces","WS/MP18394/2025-2026/254710","NAMAKKAL(DISTRICT COLLECTOR NAMAKKAL_IDA)","V S Matheswaran","NAMAKKAL","18-Jun-2026","Hindusthan Power Technology","Payment Success","379967"
"1003","Tamil Nadu","Lighting of public spaces","WS/MP18394/2025-2026/254709","NAMAKKAL(DISTRICT COLLECTOR NAMAKKAL_IDA)","V S Matheswaran","NAMAKKAL","18-Jun-2026","Hindusthan Power Technology","Payment Success","379967"
"1004","Tamil Nadu","Lighting of public spaces","WS/MP18394/2025-2026/254705","NAMAKKAL(DISTRICT COLLECTOR NAMAKKAL_IDA)","V S Matheswaran","NAMAKKAL","18-Jun-2026","Hindusthan Power Technology","Payment Success","379967"
"1005","Tamil Nadu","Construction of Government office buildings (Post office, Police station, Police chauki, etc.)","WS/MP18176/2024-2025/142538","DINDIGUL(DISTRICT COLLECTOR DINDIGUL_IDA)","SACHITHANANTHAM R","DINDIGUL","23-Jun-2025","Kirthvika Construction","Payment Success","1000000"
"1006","Tamil Nadu","Lighting of public spaces","WS/MP18176/2024-2025/142537","DINDIGUL(DISTRICT COLLECTOR DINDIGUL_IDA)","SACHITHANANTHAM R","DINDIGUL","19-Jun-2025","Sri Ganapathi Constructions","Payment Success","1000000"
"1007","Tamil Nadu","Purchase of furniture and fixtures for educational purposes","WS/MP18177/2024-2025/156779","ERODE(DISTRICT_COLLECTORE_ERODE_IDA)","K E PRAKASH","ERODE","09-Jan-2025","QUALITTY ENTERPRISES","Payment Success","625000"
"1008","Tamil Nadu","Purchase of furniture and fixtures for educational purposes","WS/MP18177/2024-2025/149343","ERODE(DISTRICT_COLLECTORE_ERODE_IDA)","K E PRAKASH","ERODE","09-Jan-2025","QUALITTY ENTERPRISES","Payment Success","875000"
"1009","Tamil Nadu","Purchase of furniture and fixtures for educational purposes","WS/MP18177/2024-2025/149342","ERODE(DISTRICT_COLLECTORE_ERODE_IDA)","K E PRAKASH","ERODE","09-Jan-2025","QUALITTY ENTERPRISES","Payment Success","625000"
"1010","Tamil Nadu","Purchase of furniture and fixtures for educational purposes","WS/MP18177/2024-2025/156778","ERODE(DISTRICT_COLLECTORE_ERODE_IDA)","K E PRAKASH","ERODE","17-Dec-2024","QUALITTY ENTERPRISES","Payment Success","625000"
"1011","Tamil Nadu","Purchase of sports equipment","WS/MP18177/2024-2025/156780","ERODE(DISTRICT_COLLECTORE_ERODE_IDA)","K E PRAKASH","ERODE","17-Dec-2024","QUALITTY ENTERPRISES","Payment Success","624861"
"1012","Tamil Nadu","Purchase of sports equipment","WS/MP18177/2024-2025/156781","ERODE(DISTRICT_COLLECTORE_ERODE_IDA)","K E PRAKASH","ERODE","17-Dec-2024","QUALITTY ENTERPRISES","Payment Success","624861"
"1013","Tamil Nadu","Purchase of sports equipment","WS/MP18177/2024-2025/149424","ERODE(DISTRICT_COLLECTORE_ERODE_IDA)","K E PRAKASH","ERODE","17-Dec-2024","QUALITTY ENTERPRISES","Payment Success","624861"
"1014","Tamil Nadu","Purchase of sports equipment","WS/MP18177/2024-2025/149345","ERODE(DISTRICT_COLLECTORE_ERODE_IDA)","K E PRAKASH","ERODE","17-Dec-2024","QUALITTY ENTERPRISES","Payment Success","624861"
"1015","Tamil Nadu","Purchase of furniture and fixtures for educational purposes","WS/MP18177/2024-2025/149401","ERODE(DISTRICT_COLLECTORE_ERODE_IDA)","K E PRAKASH","ERODE","17-Dec-2024","QUALITTY ENTERPRISES","Payment Success","1000000"
"1016","Tamil Nadu","Purchase of furniture and fixtures for educational purposes","WS/MP18177/2025-2026/210066","ERODE(DISTRICT_COLLECTORE_ERODE_IDA)","K E PRAKASH","ERODE","03-Sep-2025","QUALITTY ENTERPRISES","Payment Success","625000"
"1017","Tamil Nadu","Purchase of furniture and fixtures for educational purposes","WS/MP18177/2025-2026/210068","ERODE(DISTRICT_COLLECTORE_ERODE_IDA)","K E PRAKASH","ERODE","03-Sep-2025","QUALITTY ENTERPRISES","Payment Success","125000"
"1018","Tamil Nadu","Purchase of furniture and fixtures for educational purposes","WS/MP18177/2025-2026/210070","ERODE(DISTRICT_COLLECTORE_ERODE_IDA)","K E PRAKASH","ERODE","03-Sep-2025","QUALITTY ENTERPRISES","Payment Success","250000"
"1019","Tamil Nadu","Purchase of furniture and fixtures for educational purposes","WS/MP18177/2025-2026/210075","ERODE(DISTRICT_COLLECTORE_ERODE_IDA)","K E PRAKASH","ERODE","03-Sep-2025","QUALITTY ENTERPRISES","Payment Success","125000"
"1020","Tamil Nadu","Purchase of furniture and fixtures for educational purposes","WS/MP18177/2025-2026/210077","ERODE(DISTRICT_COLLECTORE_ERODE_IDA)","K E PRAKASH","ERODE","03-Sep-2025","QUALITTY ENTERPRISES","Payment Success","500000"
"1021","Tamil Nadu","Purchase of furniture and fixtures for educational purposes","WS/MP18177/2025-2026/210063","ERODE(DISTRICT_COLLECTORE_ERODE_IDA)","K E PRAKASH","ERODE","02-Sep-2025","QUALITTY ENTERPRISES","Payment Success","187500"
"1022","Tamil Nadu","Purchase of furniture and fixtures for educational purposes","WS/MP18177/2025-2026/205967","ERODE(DISTRICT_COLLECTORE_ERODE_IDA)","K E PRAKASH","ERODE","26-Sep-2025","QUALITTY ENTERPRISES","Payment Success","250000"
"1023","Tamil Nadu","Purchase of furniture and fixtures for educational purposes","WS/MP18177/2025-2026/205971","ERODE(DISTRICT_COLLECTORE_ERODE_IDA)","K E PRAKASH","ERODE","26-Sep-2025","QUALITTY ENTERPRISES","Payment Success","625000"
"1024","Tamil Nadu","Purchase of furniture and fixtures for educational purposes","WS/MP18177/2025-2026/205973","ERODE(DISTRICT_COLLECTORE_ERODE_IDA)","K E PRAKASH","ERODE","26-Sep-2025","QUALITTY ENTERPRISES","Payment Success","125000"
"1025","Tamil Nadu","Purchase of furniture and fixtures for educational purposes","WS/MP18177/2025-2026/205981","ERODE(DISTRICT_COLLECTORE_ERODE_IDA)","K E PRAKASH","ERODE","26-Sep-2025","QUALITTY ENTERPRISES","Payment Success","250000"
"1026","Tamil Nadu","Purchase of furniture and fixtures for educational purposes","WS/MP18177/2025-2026/205982","ERODE(DISTRICT_COLLECTORE_ERODE_IDA)","K E PRAKASH","ERODE","26-Sep-2025","QUALITTY ENTERPRISES","Payment Success","375000"
"1027","Tamil Nadu","Purchase of sports equipment","WS/MP18177/2024-2025/160599","ERODE(DISTRICT_COLLECTORE_ERODE_IDA)","K E PRAKASH","ERODE","30-Dec-2024","QUALITTY ENTERPRISES","Payment Success","624861"
"1028","Tamil Nadu","Purchase of smart boards, visual display units and projectors","WS/MP18177/2025-2026/207728","ERODE(DISTRICT_COLLECTORE_ERODE_IDA)","K E PRAKASH","ERODE","04-Sep-2025","QUALITTY ENTERPRISES","Payment Success","200000"
"1029","Tamil Nadu","Purchase of smart boards, visual display units and projectors","WS/MP18177/2025-2026/207727","ERODE(DISTRICT_COLLECTORE_ERODE_IDA)","K E PRAKASH","ERODE","04-Sep-2025","QUALITTY ENTERPRISES","Payment Success","200000"
"1030","Tamil Nadu","Purchase of smart boards, visual display units and projectors","WS/MP18177/2025-2026/207726","ERODE(DISTRICT_COLLECTORE_ERODE_IDA)","K E PRAKASH","ERODE","04-Sep-2025","QUALITTY ENTERPRISES","Payment Success","200000"
"1031","Tamil Nadu","Purchase of smart boards, visual display units and projectors","WS/MP18177/2025-2026/207725","ERODE(DISTRICT_COLLECTORE_ERODE_IDA)","K E PRAKASH","ERODE","04-Sep-2025","QUALITTY ENTERPRISES","Payment Success","200000"
"1032","Tamil Nadu","Purchase of smart boards, visual display units and projectors","WS/MP18177/2025-2026/207722","ERODE(DISTRICT_COLLECTORE_ERODE_IDA)","K E PRAKASH","ERODE","04-Sep-2025","QUALITTY ENTERPRISES","Payment Success","200000"
"1033","Tamil Nadu","Purchase of smart boards, visual display units and projectors","WS/MP18177/2025-2026/207723","ERODE(DISTRICT_COLLECTORE_ERODE_IDA)","K E PRAKASH","ERODE","04-Sep-2025","QUALITTY ENTERPRISES","Payment Success","200000"
"1034","Tamil Nadu","Purchase of smart boards, visual display units and projectors","WS/MP18177/2025-2026/207724","ERODE(DISTRICT_COLLECTORE_ERODE_IDA)","K E PRAKASH","ERODE","04-Sep-2025","QUALITTY ENTERPRISES","Payment Success","200000"
"1035","Tamil Nadu","Purchase of furniture and fixtures for educational purposes","WS/MP18177/2025-2026/210078","ERODE(DISTRICT_COLLECTORE_ERODE_IDA)","K E PRAKASH","ERODE","03-Sep-2025","QUALITTY ENTERPRISES","Payment Success","500000"
"1036","Tamil Nadu","Purchase of furniture and fixtures for educational purposes","WS/MP18177/2025-2026/210073","ERODE(DISTRICT_COLLECTORE_ERODE_IDA)","K E PRAKASH","ERODE","03-Sep-2025","QUALITTY ENTERPRISES","Payment Success","250000"
"1037","Tamil Nadu","Purchase of smart boards, visual display units and projectors","WS/MP18177/2025-2026/207699","ERODE(DISTRICT_COLLECTORE_ERODE_IDA)","K E PRAKASH","ERODE","06-Sep-2025","QUALITTY ENTERPRISES","Payment Success","200000"
"1038","Tamil Nadu","Purchase of smart boards, visual display units and projectors","WS/MP18177/2025-2026/207716","ERODE(DISTRICT_COLLECTORE_ERODE_IDA)","K E PRAKASH","ERODE","06-Sep-2025","QUALITTY ENTERPRISES","Payment Success","200000"
"1039","Tamil Nadu","Purchase of smart boards, visual display units and projectors","WS/MP18177/2025-2026/207715","ERODE(DISTRICT_COLLECTORE_ERODE_IDA)","K E PRAKASH","ERODE","06-Sep-2025","QUALITTY ENTERPRISES","Payment Success","200000"
"1040","Tamil Nadu","Purchase of smart boards, visual display units and projectors","WS/MP18177/2025-2026/207713","ERODE(DISTRICT_COLLECTORE_ERODE_IDA)","K E PRAKASH","ERODE","06-Sep-2025","QUALITTY ENTERPRISES","Payment Success","200000"
"1041","Tamil Nadu","Purchase of smart boards, visual display units and projectors","WS/MP18177/2025-2026/207712","ERODE(DISTRICT_COLLECTORE_ERODE_IDA)","K E PRAKASH","ERODE","06-Sep-2025","QUALITTY ENTERPRISES","Payment Success","200000"
"1042","Tamil Nadu","Purchase of smart boards, visual display units and projectors","WS/MP18177/2025-2026/207709","ERODE(DISTRICT_COLLECTORE_ERODE_IDA)","K E PRAKASH","ERODE","06-Sep-2025","QUALITTY ENTERPRISES","Payment Success","200000"
"1043","Tamil Nadu","Purchase of smart boards, visual display units and projectors","WS/MP18177/2025-2026/207708","ERODE(DISTRICT_COLLECTORE_ERODE_IDA)","K E PRAKASH","ERODE","06-Sep-2025","QUALITTY ENTERPRISES","Payment Success","200000"
"1044","Tamil Nadu","Purchase of smart boards, visual display units and projectors","WS/MP18177/2025-2026/207680","ERODE(DISTRICT_COLLECTORE_ERODE_IDA)","K E PRAKASH","ERODE","06-Sep-2025","QUALITTY ENTERPRISES","Payment Success","200000"
"1045","Tamil Nadu","Purchase of smart boards, visual display units and projectors","WS/MP18177/2025-2026/207690","ERODE(DISTRICT_COLLECTORE_ERODE_IDA)","K E PRAKASH","ERODE","06-Sep-2025","QUALITTY ENTERPRISES","Payment Success","200000"
"1046","Tamil Nadu","Purchase of smart boards, visual display units and projectors","WS/MP18177/2025-2026/207687","ERODE(DISTRICT_COLLECTORE_ERODE_IDA)","K E PRAKASH","ERODE","06-Sep-2025","QUALITTY ENTERPRISES","Payment Success","200000"
"1047","Tamil Nadu","Purchase of smart boards, visual display units and projectors","WS/MP18177/2025-2026/207682","ERODE(DISTRICT_COLLECTORE_ERODE_IDA)","K E PRAKASH","ERODE","06-Sep-2025","QUALITTY ENTERPRISES","Payment Success","200000"
"1048","Tamil Nadu","Purchase of smart boards, visual display units and projectors","WS/MP18177/2025-2026/207637","ERODE(DISTRICT_COLLECTORE_ERODE_IDA)","K E PRAKASH","ERODE","06-Sep-2025","QUALITTY ENTERPRISES","Payment Success","200000"
"1049","Tamil Nadu","Purchase of furniture and fixtures for educational purposes","WS/MP18177/2025-2026/205983","ERODE(DISTRICT_COLLECTORE_ERODE_IDA)","K E PRAKASH","ERODE","06-Sep-2025","QUALITTY ENTERPRISES","Payment Success","200000"
"1050","Tamil Nadu","Purchase of smart boards, visual display units and projectors","WS/MP18177/2025-2026/207679","ERODE(DISTRICT_COLLECTORE_ERODE_IDA)","K E PRAKASH","ERODE","06-Sep-2025","QUALITTY ENTERPRISES","Payment Success","200000"
"1051","Tamil Nadu","Purchase of smart boards, visual display units and projectors","WS/MP18177/2025-2026/242300","ERODE(DISTRICT_COLLECTORE_ERODE_IDA)","K E PRAKASH","ERODE","06-Feb-2026","QUALITTY ENTERPRISES","Payment Success","400000"
"1052","Tamil Nadu","Lighting of public spaces","WS/MP18384/2025-2026/241496","THIRUVARUR(DISTRICT COLLECTOR THIRUVARUR_IDA)","SELVARAJ V","NAGAPATTINAM(SC)","08-Dec-2025","BALAKRISHNAN MUTHALAGAN","Payment Success","480000"
"1053","Tamil Nadu","Construction of culverts and bridges","WS/MP18384/2025-2026/177816","THIRUVARUR(DISTRICT COLLECTOR THIRUVARUR_IDA)","SELVARAJ V","NAGAPATTINAM(SC)","10-Oct-2025","R VIGNESH","Payment Success","699546"
"1054","Tamil Nadu","Construction of roads, link roads, pathways or any other road with or without drainage system","WS/MP18186/2025-2026/170899","THIRUVALLUR(DISTRICT COLLECTOR TIRUVALLUR_IDA)","Sasikanth Senthil","TIRUVALLUR(SC)","07-Nov-2025","J M CONSTRUCTIONS","Payment Success","615996"
"1055","Tamil Nadu","Lighting of public spaces","WS/MP18186/2025-2026/173213","THIRUVALLUR(DISTRICT COLLECTOR TIRUVALLUR_IDA)","Sasikanth Senthil","TIRUVALLUR(SC)","10-Aug-2026","J M CONSTRUCTIONS","Payment Success","425421"
"1056","Tamil Nadu","Construction of buildings for crèches and anganwadies","WS/MP458/2024-2025/150087","Thoothukkudi(DISTRICT COLLECTOR THOOTHUKUDI_IDA)","Kanimozhi Karunanidhi","THOOTHUKKUDI","30-Jun-2025","MADASAMY","Payment Success","846350"
"1057","Tamil Nadu","Construction of buildings for crèches and anganwadies","WS/MP458/2024-2025/150087","Thoothukkudi(DISTRICT COLLECTOR THOOTHUKUDI_IDA)","Kanimozhi Karunanidhi","THOOTHUKKUDI","25-Mar-2025","MADASAMY","Payment Success","902764"
"1058","Tamil Nadu","Construction of water tanks","WS/MP458/2025-2026/157129","Thoothukkudi(DISTRICT COLLECTOR THOOTHUKUDI_IDA)","Kanimozhi Karunanidhi","THOOTHUKKUDI","06-May-2025","Aadirudhan Construction","Payment Success","949670"
"1059","Tamil Nadu","Construction of community centers and community halls","WS/MP458/2025-2026/219237","Thoothukkudi(DISTRICT COLLECTOR THOOTHUKUDI_IDA)","Kanimozhi Karunanidhi","THOOTHUKKUDI","09-May-2026","KANNIAH","Payment Success","2008832"
"1060","Tamil Nadu","Construction of community centers and community halls","WS/MP458/2025-2026/219237","Thoothukkudi(DISTRICT COLLECTOR THOOTHUKUDI_IDA)","Kanimozhi Karunanidhi","THOOTHUKKUDI","18-Feb-2026","KANNIAH","Payment Success","1111571"
"1061","Tamil Nadu","Construction of community centers and community halls","WS/MP458/2026-2027/225383","Thoothukkudi(DISTRICT COLLECTOR THOOTHUKUDI_IDA)","Kanimozhi Karunanidhi","THOOTHUKKUDI","19-Jun-2026","Selvamayandi V","Payment Success","3018658"
"1062","Tamil Nadu","Construction of community centers and community halls","WS/MP458/2026-2027/219312","Thoothukkudi(DISTRICT COLLECTOR THOOTHUKUDI_IDA)","Kanimozhi Karunanidhi","THOOTHUKKUDI","16-Jun-2026","RAJAN  V","Payment Success","1578297"
"1063","Tamil Nadu","Construction of community centers and community halls","WS/MP458/2026-2027/225379","Thoothukkudi(DISTRICT COLLECTOR THOOTHUKUDI_IDA)","Kanimozhi Karunanidhi","THOOTHUKKUDI","23-May-2026","KARUPPASAMY M","Payment Success","2989071"
"1064","Tamil Nadu","Construction of community centers and community halls","WS/MP458/2025-2026/150052","Thoothukkudi(DISTRICT COLLECTOR THOOTHUKUDI_IDA)","Kanimozhi Karunanidhi","THOOTHUKKUDI","30-Jun-2025","P MASANA PANDI","Payment Success","777931"
"1065","Tamil Nadu","Construction of community centers and community halls","WS/MP458/2025-2026/150052","Thoothukkudi(DISTRICT COLLECTOR THOOTHUKUDI_IDA)","Kanimozhi Karunanidhi","THOOTHUKKUDI","03-Sep-2025","P MASANA PANDI","Payment Success","1221961"
"1066","Tamil Nadu","Construction of rooms and halls in school and colleges","WS/MP458/2026-2027/225327","Thoothukkudi(DISTRICT COLLECTOR THOOTHUKUDI_IDA)","Kanimozhi Karunanidhi","THOOTHUKKUDI","13-Jul-2026","P KANNAN","Payment Success","930818"
"1067","Tamil Nadu","Construction of rooms and halls in school and colleges","WS/MP458/2026-2027/219236","Thoothukkudi(DISTRICT COLLECTOR THOOTHUKUDI_IDA)","Kanimozhi Karunanidhi","THOOTHUKKUDI","15-Jun-2026","Antony Selvan M","Payment Success","2146202"
"1068","Tamil Nadu","Construction of rooms and halls in school and colleges","WS/MP458/2025-2026/149728","Thoothukkudi(DISTRICT COLLECTOR THOOTHUKUDI_IDA)","Kanimozhi Karunanidhi","THOOTHUKKUDI","07-Jul-2026","Antony Selvan M","Payment Success","1599366"
"1069","Tamil Nadu","Construction of rooms and halls in school and colleges","WS/MP458/2025-2026/149728","Thoothukkudi(DISTRICT COLLECTOR THOOTHUKUDI_IDA)","Kanimozhi Karunanidhi","THOOTHUKKUDI","04-Dec-2025","Antony Selvan M","Payment Success","1997298"
"1070","Tamil Nadu","Construction of Government office buildings (Post office, Police station, Police chauki, etc.)","WS/MP458/2026-2027/225335","Thoothukkudi(DISTRICT COLLECTOR THOOTHUKUDI_IDA)","Kanimozhi Karunanidhi","THOOTHUKKUDI","25-May-2026","V KRISHNAMOORTHY","Payment Success","1500000"
"1071","Tamil Nadu","Construction of buildings for crèches and anganwadies","WS/MP18174/2025-2026/184624","COIMBATORE(DISTRICT COLLECTOR COIMBATORE_IDA)","GANAPATHY RAJKUMAR P","COIMBATORE","02-Mar-2026","JOSIDHAA DEVELOPER","Payment Success","2200000"
"1072","Tamil Nadu","Development of public parks","WS/MP18174/2025-2026/184631","COIMBATORE(DISTRICT COLLECTOR COIMBATORE_IDA)","GANAPATHY RAJKUMAR P","COIMBATORE","13-Nov-2025","R R THULASI BUILDERS INDIA PRIVATE LIMITED","Payment Success","7032423"
"1073","Tamil Nadu","Construction of buildings for crèches and anganwadies","WS/MP18181/2026-2027/305122","COIMBATORE(DISTRICT COLLECTOR COIMBATORE_IDA)","ESWARASAMY K","POLLACHI","22-Aug-2026","Raju S","Payment Success","1500000"
"1074","Tamil Nadu","Construction of boundary walls of existing public and community buildings","WS/MP18267/2025-2026/177698","KRISHNAGIRI(DISTRICT COLLECTOR KRISHNAGIRI_IDA)","GOPINATH K","KRISHNAGIRI","20-Nov-2025","Shyn Construction","Payment Success","988802"
"1075","Tamil Nadu","Construction of boundary walls of existing public and community buildings","WS/MP18267/2025-2026/177697","KRISHNAGIRI(DISTRICT COLLECTOR KRISHNAGIRI_IDA)","GOPINATH K","KRISHNAGIRI","20-Nov-2025","Shyn Construction","Payment Success","988701"
"1076","Tamil Nadu","Installing community drinking water plants","WS/MP18267/2025-2026/189109","KRISHNAGIRI(DISTRICT COLLECTOR KRISHNAGIRI_IDA)","GOPINATH K","KRISHNAGIRI","08-Apr-2026","Sivajaganathan G","Payment Success","984759"
"1077","Tamil Nadu","Street lights","WS/MP18267/2025-2026/189129","KRISHNAGIRI(DISTRICT COLLECTOR KRISHNAGIRI_IDA)","GOPINATH K","KRISHNAGIRI","04-Mar-2026","Sivajaganathan G","Payment Success","499010"
"1078","Tamil Nadu","Construction of roads, link roads, pathways or any other road with or without drainage system","WS/MP18267/2025-2026/250871","KRISHNAGIRI(DISTRICT COLLECTOR KRISHNAGIRI_IDA)","GOPINATH K","KRISHNAGIRI","11-Mar-2026","Sun Engineering","Payment Success","645423"
"1079","Tamil Nadu","Providing CCTV camera system for security of public areas","WS/MP18185/2026-2027/202917","TIRUNELVELI(DISTRICT COLLECTOR TIRUNELVELI_IDA)","ROBERT BRUCE C","TIRUNELVELI","30-Jun-2026","Rehovot Groups","Payment Success","1675272"
"1080","Tamil Nadu","Construction of road under bridge","WS/MP18185/2025-2026/195419","TIRUNELVELI(DISTRICT COLLECTOR TIRUNELVELI_IDA)","ROBERT BRUCE C","TIRUNELVELI","28-Jan-2026","MUTHUKRISHNAN D","Payment Success","851483"
"1081","Tamil Nadu","Construction of public toilets and bathrooms","WS/MP18176/2025-2026/181971","DINDIGUL(DISTRICT COLLECTOR DINDIGUL_IDA)","SACHITHANANTHAM R","DINDIGUL","06-Dec-2025","SRINIVASA CONSTRUCTION","Payment Success","931857"
"1082","Tamil Nadu","Construction of boundary walls of existing public and community buildings","WS/MP18176/2025-2026/181970","DINDIGUL(DISTRICT COLLECTOR DINDIGUL_IDA)","SACHITHANANTHAM R","DINDIGUL","27-Nov-2025","SPD BUILDERS","Payment Success","999934"
"1083","Tamil Nadu","Lighting of public spaces","WS/MP18176/2025-2026/181964","DINDIGUL(DISTRICT COLLECTOR DINDIGUL_IDA)","SACHITHANANTHAM R","DINDIGUL","28-Jan-2026","BPA CONSTRUCTION","Payment Success","981780"
"1084","Tamil Nadu","Lighting of public spaces","WS/MP18176/2025-2026/198977","DINDIGUL(DISTRICT COLLECTOR DINDIGUL_IDA)","SACHITHANANTHAM R","DINDIGUL","17-Dec-2025","Sri Ganapathi Constructions","Payment Success","1000000"
"1085","Tamil Nadu","Lighting of public spaces","WS/MP18176/2025-2026/198973","DINDIGUL(DISTRICT COLLECTOR DINDIGUL_IDA)","SACHITHANANTHAM R","DINDIGUL","17-Dec-2025","Sri Ganapathi Constructions","Payment Success","990340"
"1086","Tamil Nadu","Lighting of public spaces","WS/MP18176/2025-2026/198969","DINDIGUL(DISTRICT COLLECTOR DINDIGUL_IDA)","SACHITHANANTHAM R","DINDIGUL","17-Dec-2025","Sri Ganapathi Constructions","Payment Success","990085"
"1087","Tamil Nadu","Construction of buildings for crèches and anganwadies","WS/MP18176/2025-2026/181969","DINDIGUL(DISTRICT COLLECTOR DINDIGUL_IDA)","SACHITHANANTHAM R","DINDIGUL","18-Dec-2025","SRINIVASA CONSTRUCTION","Payment Success","978254"
"1088","Tamil Nadu","Construction of public toilets and bathrooms","WS/MP18176/2025-2026/181971","DINDIGUL(DISTRICT COLLECTOR DINDIGUL_IDA)","SACHITHANANTHAM R","DINDIGUL","14-Mar-2026","SRINIVASA CONSTRUCTION","Payment Success","568143"
"1089","Tamil Nadu","Construction of buildings for crèches and anganwadies","WS/MP18176/2025-2026/181969","DINDIGUL(DISTRICT COLLECTOR DINDIGUL_IDA)","SACHITHANANTHAM R","DINDIGUL","14-Mar-2026","SRINIVASA CONSTRUCTION","Payment Success","721746"
"1090","Tamil Nadu","Construction of roads, link roads, pathways or any other road with or without drainage system","WS/MP18267/2025-2026/243764","KRISHNAGIRI(DISTRICT COLLECTOR KRISHNAGIRI_IDA)","GOPINATH K","KRISHNAGIRI","15-Dec-2025","syed Jameel","Payment Success","968576"
"1091","Tamil Nadu","Lighting of public spaces","WS/MP18267/2025-2026/216590","KRISHNAGIRI(DISTRICT COLLECTOR KRISHNAGIRI_IDA)","GOPINATH K","KRISHNAGIRI","05-Mar-2026","Sivajaganathan G","Payment Success","501630"
"1092","Tamil Nadu","Lighting of public spaces","WS/MP18267/2025-2026/216591","KRISHNAGIRI(DISTRICT COLLECTOR KRISHNAGIRI_IDA)","GOPINATH K","KRISHNAGIRI","05-Mar-2026","Sivajaganathan G","Payment Success","500878"
"1093","Tamil Nadu","Construction of footpaths and pedestrian ways","WS/MP740/2025-2026/219291","THE NILGIRIS(DISTRICT COLLECTOR NILGIRIS_IDA)","Andimuthu Raja","NILGIRIS(SC)","03-Dec-2025","JABARULLA M","Payment Success","450000"
"1094","Tamil Nadu","Crematoriums/energy efficient crematoriums or structures on burial/cremation ground","WS/MP740/2025-2026/211763","THE NILGIRIS(DISTRICT COLLECTOR NILGIRIS_IDA)","Andimuthu Raja","NILGIRIS(SC)","12-Mar-2026","SHANKAR G S","Payment Success","700000"
"1095","Tamil Nadu","Construction of common work sheds/ common covered sitting area","WS/MP740/2025-2026/219247","THE NILGIRIS(DISTRICT COLLECTOR NILGIRIS_IDA)","Andimuthu Raja","NILGIRIS(SC)","09-Mar-2026","NEOM BUILDERS","Payment Success","500000"
"1096","Tamil Nadu","Construction of additional rooms and halls in the existing public and community building","WS/MP740/2025-2026/160944","THE NILGIRIS(DISTRICT COLLECTOR NILGIRIS_IDA)","Andimuthu Raja","NILGIRIS(SC)","13-Nov-2025","D VINOTH","Payment Success","684523"
"1097","Tamil Nadu","Lighting of public spaces","WS/MP18186/2025-2026/167641","THIRUVALLUR(DISTRICT COLLECTOR TIRUVALLUR_IDA)","Sasikanth Senthil","TIRUVALLUR(SC)","29-Aug-2025","A S BHUVANESHKUMAR","Payment Success","435000"
"1098","Tamil Nadu","Construction of community centers and community halls","WS/MP740/2025-2026/140336","COIMBATORE(DISTRICT COLLECTOR COIMBATORE_IDA)","Andimuthu Raja","NILGIRIS(SC)","04-Jul-2025","ganapathi","Payment Success","1298804"
"1099","Tamil Nadu","Construction of water tanks","WS/MP18181/2025-2026/203791","COIMBATORE(DISTRICT COLLECTOR COIMBATORE_IDA)","ESWARASAMY K","POLLACHI","11-Feb-2026","Thiruppathi Ramakrishnan","Payment Success","1700000"
"1100","Tamil Nadu","Construction of additional rooms and halls in the existing public and community building","WS/MP18176/2025-2026/216740","DINDIGUL(DISTRICT COLLECTOR DINDIGUL_IDA)","SACHITHANANTHAM R","DINDIGUL","13-Mar-2026","THEETHAPILLAI P","Payment Success","1300000"
"1101","Tamil Nadu","Construction of additional rooms and halls in the existing public and community building","WS/MP18176/2026-2027/216742","DINDIGUL(DISTRICT COLLECTOR DINDIGUL_IDA)","SACHITHANANTHAM R","DINDIGUL","19-May-2026","PERUMAL MANIKANDAN","Payment Success","1300000"
"1102","Tamil Nadu","Construction of buildings for crèches and anganwadies","WS/MP18176/2025-2026/246742","DINDIGUL(DISTRICT COLLECTOR DINDIGUL_IDA)","SACHITHANANTHAM R","DINDIGUL","22-Jun-2026","P VEERACHAMY","Payment Success","1600000"
"1103","Tamil Nadu","Purchase of smart boards, visual display units and projectors","WS/MP758/2025-2026/149070","PUDUKKOTTAI(DISTRICT COLLECTOR PUDUKKOTTAI_IDA)","Smt S Jothimani","KARUR","06-Nov-2025","SEIYYON VENTURES","Payment Success","199000"
"1104","Tamil Nadu","Purchase of smart boards, visual display units and projectors","WS/MP758/2025-2026/201514","PUDUKKOTTAI(DISTRICT COLLECTOR PUDUKKOTTAI_IDA)","Smt S Jothimani","KARUR","26-Sep-2025","SEIYYON VENTURES","Payment Success","199000"
"1105","Tamil Nadu","Purchase of smart boards, visual display units and projectors","WS/MP758/2025-2026/201206","PUDUKKOTTAI(DISTRICT COLLECTOR PUDUKKOTTAI_IDA)","Smt S Jothimani","KARUR","26-Sep-2025","SEIYYON VENTURES","Payment Success","199000"
"1106","Tamil Nadu","Purchase of smart boards, visual display units and projectors","WS/MP758/2025-2026/201205","PUDUKKOTTAI(DISTRICT COLLECTOR PUDUKKOTTAI_IDA)","Smt S Jothimani","KARUR","26-Sep-2025","SEIYYON VENTURES","Payment Success","199000"
"1107","Tamil Nadu","Setting up of kitchen and pantries","WS/MP758/2025-2026/149069","PUDUKKOTTAI(DISTRICT COLLECTOR PUDUKKOTTAI_IDA)","Smt S Jothimani","KARUR","16-May-2025","NEW SUN ASSOCIATES","Payment Success","499895"
"1108","Tamil Nadu","Purchase of IT systems, including hardware and software for educational purposes","WS/MP758/2025-2026/242879","PUDUKKOTTAI(DISTRICT COLLECTOR PUDUKKOTTAI_IDA)","Smt S Jothimani","KARUR","23-Feb-2026","SEIYYON VENTURES","Payment Success","199000"
"1109","Tamil Nadu","Construction of bus-sheds or bus-stops","WS/MP758/2025-2026/201208","PUDUKKOTTAI(DISTRICT COLLECTOR PUDUKKOTTAI_IDA)","Smt S Jothimani","KARUR","30-Apr-2026","BALAJI G","Payment Success","599176"
"1110","Tamil Nadu","Construction of community centers and community halls","WS/MP393/2025-2026/206431","PUDUKKOTTAI(DISTRICT COLLECTOR PUDUKKOTTAI_IDA)","Shri Karti P Chidambaram","SIVAGANGA","25-Mar-2026","Bose","Payment Success","699305"
"1111","Tamil Nadu","Construction of roads, link roads, pathways or any other road with or without drainage system","WS/MP393/2025-2026/164270","PUDUKKOTTAI(DISTRICT COLLECTOR PUDUKKOTTAI_IDA)","Shri Karti P Chidambaram","SIVAGANGA","01-Aug-2025","ALAGAPPAN C","Payment Success","499332"
"1112","Tamil Nadu","Installing tube-wells and borewells","WS/MP393/2025-2026/164271","PUDUKKOTTAI(DISTRICT COLLECTOR PUDUKKOTTAI_IDA)","Shri Karti P Chidambaram","SIVAGANGA","04-Jul-2025","PERUMAL S","Payment Success","399052"
"1113","Tamil Nadu","Construction of community centers and community halls","WS/MP393/2025-2026/206432","PUDUKKOTTAI(DISTRICT COLLECTOR PUDUKKOTTAI_IDA)","Shri Karti P Chidambaram","SIVAGANGA","15-May-2026","Bose","Payment Success","698766"
"1114","Tamil Nadu","Construction of buildings for community cultural activities","WS/MP393/2025-2026/164339","PUDUKKOTTAI(DISTRICT COLLECTOR PUDUKKOTTAI_IDA)","Shri Karti P Chidambaram","SIVAGANGA","10-Oct-2025","SIVARAMAN","Payment Success","618803"
"1115","Tamil Nadu","Installing tube-wells and borewells","WS/MP393/2025-2026/220663","PUDUKKOTTAI(DISTRICT COLLECTOR PUDUKKOTTAI_IDA)","Shri Karti P Chidambaram","SIVAGANGA","09-Feb-2026","MUTHUMURUGESAN","Payment Success","448743"
"1116","Tamil Nadu","Construction of bus-sheds or bus-stops","WS/MP18312/2025-2026/163932","PUDUKKOTTAI(DISTRICT COLLECTOR PUDUKKOTTAI_IDA)","DURAI VAIKO","TIRUCHIRAPPALLI","30-Oct-2025","RASU T","Payment Success","999719"
"1117","Tamil Nadu","Construction of community centers and community halls","WS/MP18312/2025-2026/163730","PUDUKKOTTAI(DISTRICT COLLECTOR PUDUKKOTTAI_IDA)","DURAI VAIKO","TIRUCHIRAPPALLI","20-Nov-2025","RAJA A","Payment Success","699297"
"1118","Tamil Nadu","Construction of buildings for community cultural activities","WS/MP18312/2025-2026/187832","PUDUKKOTTAI(DISTRICT COLLECTOR PUDUKKOTTAI_IDA)","DURAI VAIKO","TIRUCHIRAPPALLI","22-Dec-2025","MGNREGS CONVERGENCE FUND","Payment Success","650000"
"1119","Tamil Nadu","Construction of roads, link roads, pathways or any other road with or without drainage system","WS/MP18312/2025-2026/163929","PUDUKKOTTAI(DISTRICT COLLECTOR PUDUKKOTTAI_IDA)","DURAI VAIKO","TIRUCHIRAPPALLI","17-Jun-2025","GAYATHRI DEVI S","Payment Success","999639"
"1120","Tamil Nadu","Construction of bus-sheds or bus-stops","WS/MP18312/2025-2026/163930","PUDUKKOTTAI(DISTRICT COLLECTOR PUDUKKOTTAI_IDA)","DURAI VAIKO","TIRUCHIRAPPALLI","30-Aug-2025","RASU T","Payment Success","799472"
"1121","Tamil Nadu","Construction of bus-sheds or bus-stops","WS/MP18312/2025-2026/163728","PUDUKKOTTAI(DISTRICT COLLECTOR PUDUKKOTTAI_IDA)","DURAI VAIKO","TIRUCHIRAPPALLI","03-Sep-2025","RAJA A","Payment Success","799581"
"1122","Tamil Nadu","Construction of community centers and community halls","WS/MP18312/2025-2026/169638","PUDUKKOTTAI(DISTRICT COLLECTOR PUDUKKOTTAI_IDA)","DURAI VAIKO","TIRUCHIRAPPALLI","12-Dec-2025","Sri Elumalaiyan Enterprises","Payment Success","799207"
"1123","Tamil Nadu","Construction of common work sheds/ common covered sitting area","WS/MP18312/2025-2026/163726","PUDUKKOTTAI(DISTRICT COLLECTOR PUDUKKOTTAI_IDA)","DURAI VAIKO","TIRUCHIRAPPALLI","22-Dec-2025","Sri Elumalaiyan Enterprises","Payment Success","1399427"
"1124","Tamil Nadu","Construction of additional rooms and halls in the existing public and community building","WS/MP18312/2025-2026/163724","PUDUKKOTTAI(DISTRICT COLLECTOR PUDUKKOTTAI_IDA)","DURAI VAIKO","TIRUCHIRAPPALLI","08-Jan-2026","URUMAIAH","Payment Success","1355091"
"1125","Tamil Nadu","Construction of buildings for community cultural activities","WS/MP18312/2025-2026/187829","PUDUKKOTTAI(DISTRICT COLLECTOR PUDUKKOTTAI_IDA)","DURAI VAIKO","TIRUCHIRAPPALLI","09-Jan-2026","MGNREGS Convergence Fund BDO VPts Gandarvakottai","Payment Success","650000"
"1126","Tamil Nadu","Construction of roads, link roads, pathways or any other road with or without drainage system","WS/MP18181/2025-2026/229133","COIMBATORE(DISTRICT COLLECTOR COIMBATORE_IDA)","ESWARASAMY K","POLLACHI","29-Aug-2025","Mookambika Constructions","Payment Success","1200000"
"1127","Tamil Nadu","Construction of common work sheds/ common covered sitting area","WS/MP751/2026-2027/210012","MADURAI(DISTRICT COLLECTOR MADURAI_IDA)","S Venkatesan","MADURAI","15-Jul-2026","ALAGARSAMY P","Payment Success","2566137"
"1128","Tamil Nadu","Lighting of public spaces","WS/MP746/2025-2026/177727","PUDUKKOTTAI(DISTRICT COLLECTOR PUDUKKOTTAI_IDA)","Kani K Navas","RAMANATHAPURAM","07-Nov-2025","FPLUS ENTERPRISES","Payment Success","497060"
"1129","Tamil Nadu","Lighting of public spaces","WS/MP746/2025-2026/177726","PUDUKKOTTAI(DISTRICT COLLECTOR PUDUKKOTTAI_IDA)","Kani K Navas","RAMANATHAPURAM","07-Nov-2025","FPLUS ENTERPRISES","Payment Success","497060"
"1130","Tamil Nadu","Lighting of public spaces","WS/MP746/2025-2026/177728","PUDUKKOTTAI(DISTRICT COLLECTOR PUDUKKOTTAI_IDA)","Kani K Navas","RAMANATHAPURAM","07-Nov-2025","FPLUS ENTERPRISES","Payment Success","497060"
"1131","Tamil Nadu","Construction of bus-sheds or bus-stops","WS/MP758/2025-2026/149067","PUDUKKOTTAI(DISTRICT COLLECTOR PUDUKKOTTAI_IDA)","Smt S Jothimani","KARUR","01-Oct-2025","SIRANJEEVI M","Payment Success","799348"
"1132","Tamil Nadu","Purchase of smart boards, visual display units and projectors","WS/MP758/2025-2026/149068","PUDUKKOTTAI(DISTRICT COLLECTOR PUDUKKOTTAI_IDA)","Smt S Jothimani","KARUR","25-Jul-2025","AS ENGINEERING WORKS","Payment Success","200000"
"1133","Tamil Nadu","Construction of community centers and community halls","WS/MP18312/2025-2026/163924","PUDUKKOTTAI(DISTRICT COLLECTOR PUDUKKOTTAI_IDA)","DURAI VAIKO","TIRUCHIRAPPALLI","24-Apr-2026","Sri Aladikaruppu Agencies","Payment Success","699470"
"1134","Tamil Nadu","Construction of public libraries and reading rooms","WS/MP18312/2025-2026/183269","PUDUKKOTTAI(DISTRICT COLLECTOR PUDUKKOTTAI_IDA)","DURAI VAIKO","TIRUCHIRAPPALLI","21-Jun-2026","SIRANJEEVI M","Payment Success","1299812"
"1135","Tamil Nadu","Construction of community centers and community halls","WS/MP18312/2025-2026/163926","PUDUKKOTTAI(DISTRICT COLLECTOR PUDUKKOTTAI_IDA)","DURAI VAIKO","TIRUCHIRAPPALLI","06-May-2026","ADHIVEL THEMMAVUR","Payment Success","699818"
"1136","Tamil Nadu","Purchase of furniture and fixtures for educational purposes","WS/MP18186/2026-2027/222924","THIRUVALLUR(DISTRICT COLLECTOR TIRUVALLUR_IDA)","Sasikanth Senthil","TIRUVALLUR(SC)","14-May-2026","MODERN ENGINEERING WORKS","Payment Success","500000"
"1137","Tamil Nadu","Construction of bus-sheds or bus-stops","WS/MP747/2025-2026/195935","MADURAI(DISTRICT COLLECTOR MADURAI_IDA)","Manickam Tagore B","VIRUDHUNAGAR","24-Aug-2026","VEEKAY INDUSTRIES","Payment Success","744259"
"1138","Tamil Nadu","Crematoriums/energy efficient crematoriums or structures on burial/cremation ground","WS/MP18179/2026-2027/245278","Mayiladuthurai(District Collector Mayiladuthurai_IDA)","SUDHA R","MAYILADUTHURAI","01-Aug-2026","T Soundarapandiyan","Payment Success","698521"
"1139","Tamil Nadu","Crematoriums/energy efficient crematoriums or structures on burial/cremation ground","WS/MP18179/2026-2027/245279","Mayiladuthurai(District Collector Mayiladuthurai_IDA)","SUDHA R","MAYILADUTHURAI","18-Jun-2026","S Agoram","Payment Success","399884"
"1140","Tamil Nadu","Crematoriums/energy efficient crematoriums or structures on burial/cremation ground","WS/MP18179/2024-2025/168593","Mayiladuthurai(District Collector Mayiladuthurai_IDA)","SUDHA R","MAYILADUTHURAI","30-Jun-2025","MANI A","Payment Success","399550"
"1141","Tamil Nadu","Crematoriums/energy efficient crematoriums or structures on burial/cremation ground","WS/MP18179/2024-2025/168589","Mayiladuthurai(District Collector Mayiladuthurai_IDA)","SUDHA R","MAYILADUTHURAI","02-Jul-2025","S Agoram","Payment Success","399041"
"1142","Tamil Nadu","Construction of common work sheds/ common covered sitting area","WS/MP18179/2024-2025/168576","Mayiladuthurai(District Collector Mayiladuthurai_IDA)","SUDHA R","MAYILADUTHURAI","06-Jan-2026","MANI A","Payment Success","599784"
"1143","Tamil Nadu","Construction of common work sheds/ common covered sitting area","WS/MP18179/2024-2025/168573","Mayiladuthurai(District Collector Mayiladuthurai_IDA)","SUDHA R","MAYILADUTHURAI","12-Nov-2025","S Agoram","Payment Success","599407"
"1144","Tamil Nadu","Construction of roads, link roads, pathways or any other road with or without drainage system","WS/MP18186/2025-2026/239098","THIRUVALLUR(DISTRICT COLLECTOR TIRUVALLUR_IDA)","Sasikanth Senthil","TIRUVALLUR(SC)","23-May-2026","ABL CONSTRUCTIONS","Payment Success","1999643"
"1145","Tamil Nadu","Lighting of public spaces","WS/MP18186/2025-2026/170904","THIRUVALLUR(DISTRICT COLLECTOR TIRUVALLUR_IDA)","Sasikanth Senthil","TIRUVALLUR(SC)","26-Sep-2025","L G Arasu","Payment Success","434216"
"1146","Tamil Nadu","Lighting of public spaces","WS/MP18186/2025-2026/243463","THIRUVALLUR(DISTRICT COLLECTOR TIRUVALLUR_IDA)","Sasikanth Senthil","TIRUVALLUR(SC)","25-Oct-2025","THIRUVENGADAM K B","Payment Success","434589"
"1147","Tamil Nadu","Lighting of public spaces","WS/MP18186/2025-2026/222912","THIRUVALLUR(DISTRICT COLLECTOR TIRUVALLUR_IDA)","Sasikanth Senthil","TIRUVALLUR(SC)","23-Jan-2026","SELCO SOLAR LIGHT PRIVATE LTD","Payment Success","300000"
"1148","Tamil Nadu","Construction of additional rooms and halls in the existing public and community building","WS/MP18186/2025-2026/141737","THIRUVALLUR(DISTRICT COLLECTOR TIRUVALLUR_IDA)","Sasikanth Senthil","TIRUVALLUR(SC)","20-Aug-2025","L G Arasu","Payment Success","2398498"
"1149","Tamil Nadu","Purchase of hospital equipment","WS/MP18180/2025-2026/184782","TIRUCHIRAPPALLI(DISTRICT COLLECTOR TIRUCHIRAPPALLI_IDA)","ARUN NEHRU","PERAMBALUR","07-Oct-2025","Gopala Krishnan D","Payment Success","2560740"
"1150","Tamil Nadu","Construction of water tanks","WS/MP18180/2025-2026/184778","TIRUCHIRAPPALLI(DISTRICT COLLECTOR TIRUCHIRAPPALLI_IDA)","ARUN NEHRU","PERAMBALUR","09-Feb-2026","VEERAKUMAR k","Payment Success","2277373"
"1151","Tamil Nadu","Construction of water tanks","WS/MP18180/2025-2026/184779","TIRUCHIRAPPALLI(DISTRICT COLLECTOR TIRUCHIRAPPALLI_IDA)","ARUN NEHRU","PERAMBALUR","09-Feb-2026","VEERAKUMAR k","Payment Success","2276259"
"1152","Tamil Nadu","Street lights","WS/MP18186/2026-2027/212284","THIRUVALLUR(DISTRICT COLLECTOR TIRUVALLUR_IDA)","Sasikanth Senthil","TIRUVALLUR(SC)","15-May-2026","SELCO SOLAR LIGHT PRIVATE LTD","Payment Success","300000"
"1153","Tamil Nadu","Construction of buildings for community cultural activities","WS/MP18186/2025-2026/167640","THIRUVALLUR(DISTRICT COLLECTOR TIRUVALLUR_IDA)","Sasikanth Senthil","TIRUVALLUR(SC)","24-Aug-2026","VINAYAGHA CONSTRUCTIONS","Payment Success","999360"
"1154","Tamil Nadu","Construction of boundary walls of existing public and community buildings","WS/MP18186/2026-2027/258449","THIRUVALLUR(DISTRICT COLLECTOR TIRUVALLUR_IDA)","Sasikanth Senthil","TIRUVALLUR(SC)","23-Jun-2026","C B PRAKASH","Payment Success","579932"
"1155","Tamil Nadu","Construction of Government office buildings (Post office, Police station, Police chauki, etc.)","WS/MP18186/2026-2027/212300","THIRUVALLUR(DISTRICT COLLECTOR TIRUVALLUR_IDA)","Sasikanth Senthil","TIRUVALLUR(SC)","14-Jul-2026","L G Arasu","Payment Success","1299578"
"1156","Tamil Nadu","Lighting of public spaces","WS/MP18176/2025-2026/260818","DINDIGUL(DISTRICT COLLECTOR DINDIGUL_IDA)","SACHITHANANTHAM R","DINDIGUL","25-May-2026","LS ENTERPRISES","Payment Success","498204"
"1157","Tamil Nadu","Street lights","WS/MP18186/2026-2027/212312","THIRUVALLUR(DISTRICT COLLECTOR TIRUVALLUR_IDA)","Sasikanth Senthil","TIRUVALLUR(SC)","18-May-2026","SELCO SOLAR LIGHT PRIVATE LTD","Payment Success","299785"
"1158","Tamil Nadu","Lighting of public spaces","WS/MP18186/2025-2026/222914","THIRUVALLUR(DISTRICT COLLECTOR TIRUVALLUR_IDA)","Sasikanth Senthil","TIRUVALLUR(SC)","06-Feb-2026","SELCO SOLAR LIGHT PRIVATE LTD","Payment Success","299762"
"1159","Tamil Nadu","Lighting of public spaces","WS/MP18186/2025-2026/222915","THIRUVALLUR(DISTRICT COLLECTOR TIRUVALLUR_IDA)","Sasikanth Senthil","TIRUVALLUR(SC)","06-Feb-2026","SELCO SOLAR LIGHT PRIVATE LTD","Payment Success","299762"
"1160","Tamil Nadu","Lighting of public spaces","WS/MP18186/2025-2026/222911","THIRUVALLUR(DISTRICT COLLECTOR TIRUVALLUR_IDA)","Sasikanth Senthil","TIRUVALLUR(SC)","06-Feb-2026","SELCO SOLAR LIGHT PRIVATE LTD","Payment Success","299762"
"1161","Tamil Nadu","Lighting of public spaces","WS/MP18186/2025-2026/167712","THIRUVALLUR(DISTRICT COLLECTOR TIRUVALLUR_IDA)","Sasikanth Senthil","TIRUVALLUR(SC)","11-Aug-2025","S A MANIRAJ","Payment Success","434102"
"1162","Tamil Nadu","Lighting of public spaces","WS/MP18186/2025-2026/197021","THIRUVALLUR(DISTRICT COLLECTOR TIRUVALLUR_IDA)","Sasikanth Senthil","TIRUVALLUR(SC)","05-Nov-2025","L G Arasu","Payment Success","434216"
"1163","Tamil Nadu","Construction of roads, link roads, pathways or any other road with or without drainage system","WS/MP18186/2025-2026/167713","THIRUVALLUR(DISTRICT COLLECTOR TIRUVALLUR_IDA)","Sasikanth Senthil","TIRUVALLUR(SC)","29-Jul-2025","THEJAS TRADERS","Payment Success","499738"
"1164","Tamil Nadu","Construction of buildings for community cultural activities","WS/MP017/2025-2026/166511","THIRUVALLUR(DISTRICT COLLECTOR TIRUVALLUR_IDA)","S. Jagathrakshakan","ARAKKONAM","02-Apr-2025","KAVITHA CS","Payment Success","664853"
"1165","Tamil Nadu","Construction of flood control embankments/ protection walls along riverbanks, hilltops, roadsides","WS/MP017/2024-2025/166510","THIRUVALLUR(DISTRICT COLLECTOR TIRUVALLUR_IDA)","S. Jagathrakshakan","ARAKKONAM","20-Feb-2025","KAVITHA CS","Payment Success","989987"
"1166","Tamil Nadu","Construction of community centers and community halls","WS/MP017/2024-2025/166512","THIRUVALLUR(DISTRICT COLLECTOR TIRUVALLUR_IDA)","S. Jagathrakshakan","ARAKKONAM","27-Jan-2025","SANJEEVI SC","Payment Success","1199072"
"1167","Tamil Nadu","Purchase of smart boards, visual display units and projectors","WS/MP18186/2026-2027/212295","THIRUVALLUR(DISTRICT COLLECTOR TIRUVALLUR_IDA)","Sasikanth Senthil","TIRUVALLUR(SC)","19-Jun-2026","MODERN ENGINEERING WORKS","Payment Success","200000"
"1168","Tamil Nadu","Purchase of furniture and fixtures for educational purposes","WS/MP18186/2026-2027/239095","THIRUVALLUR(DISTRICT COLLECTOR TIRUVALLUR_IDA)","Sasikanth Senthil","TIRUVALLUR(SC)","19-Jun-2026","MODERN ENGINEERING WORKS","Payment Success","1000000"
"1169","Tamil Nadu","Purchase Books for Library","WS/MP18186/2025-2026/149102","THIRUVALLUR(DISTRICT COLLECTOR TIRUVALLUR_IDA)","Sasikanth Senthil","TIRUVALLUR(SC)","22-Dec-2025","NAVAINDIA PUBLICATIONS","Payment Success","888000"
"1170","Tamil Nadu","Purchase of furniture and fixtures for educational purposes","WS/MP18186/2025-2026/181215","THIRUVALLUR(DISTRICT COLLECTOR TIRUVALLUR_IDA)","Sasikanth Senthil","TIRUVALLUR(SC)","17-Sep-2025","MODERN ENGINEERING WORKS","Payment Success","500000"
"1171","Tamil Nadu","Construction of roads, link roads, pathways or any other road with or without drainage system","WS/MP18384/2025-2026/210407","NAGAPATTINAM(DISTRICT COLLECTOR NAGAPATTINAM_4)","SELVARAJ V","NAGAPATTINAM(SC)","24-Nov-2025","UMA CONSTRUCTIONS","Payment Success","999661"
"1172","Tamil Nadu","Construction of roads, link roads, pathways or any other road with or without drainage system","WS/MP745/2025-2026/202617","ERODE(DISTRICT_COLLECTORE_ERODE_IDA)","K Subbarayan","TIRUPPUR","30-Oct-2025","SIVAM AND CO","Payment Success","320000"
"1173","Tamil Nadu","Construction of roads, link roads, pathways or any other road with or without drainage system","WS/MP745/2025-2026/202620","ERODE(DISTRICT_COLLECTORE_ERODE_IDA)","K Subbarayan","TIRUPPUR","31-Oct-2025","AZHAGU MURUGAN and CO","Payment Success","599926"
"1174","Tamil Nadu","Construction of roads, link roads, pathways or any other road with or without drainage system","WS/MP745/2025-2026/202618","ERODE(DISTRICT_COLLECTORE_ERODE_IDA)","K Subbarayan","TIRUPPUR","19-Nov-2025","MARIYAPPAN CONTRACTOR","Payment Success","270000"
"1175","Tamil Nadu","Lighting of public spaces","WS/MP746/2025-2026/177695","PUDUKKOTTAI(DISTRICT COLLECTOR PUDUKKOTTAI_IDA)","Kani K Navas","RAMANATHAPURAM","14-May-2026","FPLUS ENTERPRISES","Payment Success","430000"
"1176","Tamil Nadu","Lighting of public spaces","WS/MP746/2025-2026/232906","PUDUKKOTTAI(DISTRICT COLLECTOR PUDUKKOTTAI_IDA)","Kani K Navas","RAMANATHAPURAM","14-May-2026","FPLUS ENTERPRISES","Payment Success","499998"
"1177","Tamil Nadu","Lighting of public spaces","WS/MP746/2025-2026/232904","PUDUKKOTTAI(DISTRICT COLLECTOR PUDUKKOTTAI_IDA)","Kani K Navas","RAMANATHAPURAM","14-May-2026","FPLUS ENTERPRISES","Payment Success","499998"
"1178","Tamil Nadu","Lighting of public spaces","WS/MP746/2025-2026/225636","PUDUKKOTTAI(DISTRICT COLLECTOR PUDUKKOTTAI_IDA)","Kani K Navas","RAMANATHAPURAM","25-Feb-2026","FPLUS ENTERPRISES","Payment Success","499998"
"1179","Tamil Nadu","Lighting of public spaces","WS/MP746/2025-2026/225635","PUDUKKOTTAI(DISTRICT COLLECTOR PUDUKKOTTAI_IDA)","Kani K Navas","RAMANATHAPURAM","25-Feb-2026","FPLUS ENTERPRISES","Payment Success","499998"
"1180","Tamil Nadu","Lighting of public spaces","WS/MP746/2025-2026/225638","PUDUKKOTTAI(DISTRICT COLLECTOR PUDUKKOTTAI_IDA)","Kani K Navas","RAMANATHAPURAM","25-Feb-2026","FPLUS ENTERPRISES","Payment Success","499998"
"1181","Tamil Nadu","Lighting of public spaces","WS/MP746/2025-2026/225637","PUDUKKOTTAI(DISTRICT COLLECTOR PUDUKKOTTAI_IDA)","Kani K Navas","RAMANATHAPURAM","25-Feb-2026","FPLUS ENTERPRISES","Payment Success","499998"
"1182","Tamil Nadu","Construction of rooms and halls in school and colleges","WS/MP746/2025-2026/232892","PUDUKKOTTAI(DISTRICT COLLECTOR PUDUKKOTTAI_IDA)","Kani K Navas","RAMANATHAPURAM","18-Jun-2026","S Yogambal","Payment Success","1841471"
"1183","Tamil Nadu","Construction of rooms and halls in school and colleges","WS/MP746/2025-2026/232892","PUDUKKOTTAI(DISTRICT COLLECTOR PUDUKKOTTAI_IDA)","Kani K Navas","RAMANATHAPURAM","17-Mar-2026","S Yogambal","Payment Success","623287"
"1184","Tamil Nadu","Construction of buildings for community cultural activities","WS/MP746/2025-2026/232911","PUDUKKOTTAI(DISTRICT COLLECTOR PUDUKKOTTAI_IDA)","Kani K Navas","RAMANATHAPURAM","10-Aug-2026","N ABDULSAMADU","Payment Success","799368"
"1185","Tamil Nadu","Lighting of public spaces","WS/MP746/2025-2026/232913","PUDUKKOTTAI(DISTRICT COLLECTOR PUDUKKOTTAI_IDA)","Kani K Navas","RAMANATHAPURAM","01-Apr-2026","FPLUS ENTERPRISES","Payment Success","499998"
"1186","Tamil Nadu","Construction of roads, link roads, pathways or any other road with or without drainage system","WS/MP746/2025-2026/232912","PUDUKKOTTAI(DISTRICT COLLECTOR PUDUKKOTTAI_IDA)","Kani K Navas","RAMANATHAPURAM","10-Jun-2026","NISATHKHAN H","Payment Success","299413"
"1187","Tamil Nadu","Construction of buildings for community cultural activities","WS/MP746/2025-2026/177717","PUDUKKOTTAI(DISTRICT COLLECTOR PUDUKKOTTAI_IDA)","Kani K Navas","RAMANATHAPURAM","16-Sep-2025","N ABDULSAMADU","Payment Success","699214"
"1188","Tamil Nadu","Construction of roads, link roads, pathways or any other road with or without drainage system","WS/MP746/2025-2026/177720","PUDUKKOTTAI(DISTRICT COLLECTOR PUDUKKOTTAI_IDA)","Kani K Navas","RAMANATHAPURAM","30-Jul-2025","NISATHKHAN H","Payment Success","449473"
"1189","Tamil Nadu","Lighting of public spaces","WS/MP746/2025-2026/177716","PUDUKKOTTAI(DISTRICT COLLECTOR PUDUKKOTTAI_IDA)","Kani K Navas","RAMANATHAPURAM","13-Jan-2026","FPLUS ENTERPRISES","Payment Success","430000"
"1190","Tamil Nadu","Lighting of public spaces","WS/MP746/2025-2026/225642","PUDUKKOTTAI(DISTRICT COLLECTOR PUDUKKOTTAI_IDA)","Kani K Navas","RAMANATHAPURAM","02-Jan-2026","FPLUS ENTERPRISES","Payment Success","499998"
"1191","Tamil Nadu","Lighting of public spaces","WS/MP746/2025-2026/225643","PUDUKKOTTAI(DISTRICT COLLECTOR PUDUKKOTTAI_IDA)","Kani K Navas","RAMANATHAPURAM","02-Jan-2026","FPLUS ENTERPRISES","Payment Success","499998"
"1192","Tamil Nadu","Lighting of public spaces","WS/MP746/2025-2026/225644","PUDUKKOTTAI(DISTRICT COLLECTOR PUDUKKOTTAI_IDA)","Kani K Navas","RAMANATHAPURAM","02-Jan-2026","FPLUS ENTERPRISES","Payment Success","499998"
"1193","Tamil Nadu","Construction of bus-sheds or bus-stops","WS/MP18174/2025-2026/184623","COIMBATORE(DISTRICT COLLECTOR COIMBATORE_IDA)","GANAPATHY RAJKUMAR P","COIMBATORE","02-Jan-2026","SRI BUILDERS","Payment Success","499709"
"1194","Tamil Nadu","Construction of bus-sheds or bus-stops","WS/MP18174/2026-2027/184622","COIMBATORE(DISTRICT COLLECTOR COIMBATORE_IDA)","GANAPATHY RAJKUMAR P","COIMBATORE","21-May-2026","SRI BUILDERS","Payment Success","750863"
"1195","Tamil Nadu","Construction of buildings for community cultural activities","WS/MP18174/2026-2027/224331","COIMBATORE(DISTRICT COLLECTOR COIMBATORE_IDA)","GANAPATHY RAJKUMAR P","COIMBATORE","20-Aug-2026","Sabari Construciton","Payment Success","2000000"
"1196","Tamil Nadu","Providing drains and gutters for public drainage","WS/MP18174/2025-2026/184627","COIMBATORE(DISTRICT COLLECTOR COIMBATORE_IDA)","GANAPATHY RAJKUMAR P","COIMBATORE","25-Aug-2025","Sabari Construciton","Payment Success","3000000"
"1197","Tamil Nadu","Purchase of books and periodicals for libraries/digitization of library books","WS/MP743/2025-2026/195553","CHENGALPATTU(District Collector Chengalpattu_IDA)","Ganesan Selvam","KANCHEEPURAM(SC)","08-Sep-2025","G Durairaj","Payment Success","50000"
"1198","Tamil Nadu","Purchase of books and periodicals for libraries/digitization of library books","WS/MP743/2025-2026/195554","CHENGALPATTU(District Collector Chengalpattu_IDA)","Ganesan Selvam","KANCHEEPURAM(SC)","08-Sep-2025","G Durairaj","Payment Success","50000"
"1199","Tamil Nadu","Purchase of books and periodicals for libraries/digitization of library books","WS/MP743/2025-2026/195555","CHENGALPATTU(District Collector Chengalpattu_IDA)","Ganesan Selvam","KANCHEEPURAM(SC)","08-Sep-2025","G Durairaj","Payment Success","50000"
"1200","Tamil Nadu","Purchase of books and periodicals for libraries/digitization of library books","WS/MP743/2025-2026/195569","CHENGALPATTU(District Collector Chengalpattu_IDA)","Ganesan Selvam","KANCHEEPURAM(SC)","08-Sep-2025","G Durairaj","Payment Success","50000"
"1201","Tamil Nadu","Purchase of books and periodicals for libraries/digitization of library books","WS/MP743/2025-2026/195570","CHENGALPATTU(District Collector Chengalpattu_IDA)","Ganesan Selvam","KANCHEEPURAM(SC)","08-Sep-2025","G Durairaj","Payment Success","50000"
"1202","Tamil Nadu","Purchase of books and periodicals for libraries/digitization of library books","WS/MP743/2025-2026/195571","CHENGALPATTU(District Collector Chengalpattu_IDA)","Ganesan Selvam","KANCHEEPURAM(SC)","08-Sep-2025","G Durairaj","Payment Success","50000"
"1203","Tamil Nadu","Purchase of books and periodicals for libraries/digitization of library books","WS/MP743/2025-2026/195572","CHENGALPATTU(District Collector Chengalpattu_IDA)","Ganesan Selvam","KANCHEEPURAM(SC)","08-Sep-2025","G Durairaj","Payment Success","50000"
"1204","Tamil Nadu","Purchase of books and periodicals for libraries/digitization of library books","WS/MP743/2025-2026/195574","CHENGALPATTU(District Collector Chengalpattu_IDA)","Ganesan Selvam","KANCHEEPURAM(SC)","08-Sep-2025","G Durairaj","Payment Success","50000"
"1205","Tamil Nadu","Purchase of books and periodicals for libraries/digitization of library books","WS/MP743/2025-2026/195575","CHENGALPATTU(District Collector Chengalpattu_IDA)","Ganesan Selvam","KANCHEEPURAM(SC)","08-Sep-2025","G Durairaj","Payment Success","50000"
"1206","Tamil Nadu","Purchase of books and periodicals for libraries/digitization of library books","WS/MP743/2025-2026/195576","CHENGALPATTU(District Collector Chengalpattu_IDA)","Ganesan Selvam","KANCHEEPURAM(SC)","08-Sep-2025","G Durairaj","Payment Success","50000"
"1207","Tamil Nadu","Purchase of books and periodicals for libraries/digitization of library books","WS/MP743/2025-2026/195577","CHENGALPATTU(District Collector Chengalpattu_IDA)","Ganesan Selvam","KANCHEEPURAM(SC)","08-Sep-2025","G Durairaj","Payment Success","50000"
"1208","Tamil Nadu","Purchase of books and periodicals for libraries/digitization of library books","WS/MP743/2025-2026/195578","CHENGALPATTU(District Collector Chengalpattu_IDA)","Ganesan Selvam","KANCHEEPURAM(SC)","08-Sep-2025","G Durairaj","Payment Success","50000"
"1209","Tamil Nadu","Purchase of books and periodicals for libraries/digitization of library books","WS/MP743/2025-2026/195579","CHENGALPATTU(District Collector Chengalpattu_IDA)","Ganesan Selvam","KANCHEEPURAM(SC)","08-Sep-2025","G Durairaj","Payment Success","50000"
"1210","Tamil Nadu","Purchase of books and periodicals for libraries/digitization of library books","WS/MP743/2025-2026/195603","CHENGALPATTU(District Collector Chengalpattu_IDA)","Ganesan Selvam","KANCHEEPURAM(SC)","08-Sep-2025","G Durairaj","Payment Success","50000"
"1211","Tamil Nadu","Purchase of non-conventional energy system and devices for community use","WS/MP18178/2026-2027/225480","SALEM(DISTRICT COLLECTOR SALEM_IDA)","MALAIYARASAN D","KALLAKURICHI","10-Aug-2026","MUNIAN VENKATESAN","Payment Success","472802"
"1212","Tamil Nadu","Purchase of non-conventional energy system and devices for community use","WS/MP18178/2026-2027/225481","SALEM(DISTRICT COLLECTOR SALEM_IDA)","MALAIYARASAN D","KALLAKURICHI","10-Aug-2026","MUNIAN VENKATESAN","Payment Success","472802"
"1213","Tamil Nadu","Purchase of non-conventional energy system and devices for community use","WS/MP18178/2026-2027/225489","SALEM(DISTRICT COLLECTOR SALEM_IDA)","MALAIYARASAN D","KALLAKURICHI","04-Aug-2026","MUNIAN VENKATESAN","Payment Success","972290"
"1214","Tamil Nadu","Setting up of laboratories","WS/MP18177/2025-2026/205220","TIRUPPUR(DISTRICT COLLECTOR TIRUPPUR_IDA)","K E PRAKASH","ERODE","16-Oct-2025","SUCCESS ASSOCIATES","Payment Success","624861"
"1215","Tamil Nadu","Setting up of laboratories","WS/MP18177/2025-2026/205221","TIRUPPUR(DISTRICT COLLECTOR TIRUPPUR_IDA)","K E PRAKASH","ERODE","16-Oct-2025","SUCCESS ASSOCIATES","Payment Success","624861"
"1216","Tamil Nadu","Setting up of laboratories","WS/MP18177/2025-2026/205329","TIRUPPUR(DISTRICT COLLECTOR TIRUPPUR_IDA)","K E PRAKASH","ERODE","16-Oct-2025","SUCCESS ASSOCIATES","Payment Success","624861"
"1217","Tamil Nadu","Setting up of laboratories","WS/MP18177/2025-2026/205336","TIRUPPUR(DISTRICT COLLECTOR TIRUPPUR_IDA)","K E PRAKASH","ERODE","16-Oct-2025","SUCCESS ASSOCIATES","Payment Success","624861"
"1218","Tamil Nadu","Purchase of IT systems, including hardware and software for educational purposes","WS/MP18174/2025-2026/184737","TIRUPPUR(DISTRICT COLLECTOR TIRUPPUR_IDA)","GANAPATHY RAJKUMAR P","COIMBATORE","11-Feb-2026","VARUN ENTERPRISES","Payment Success","600000"
"1219","Tamil Nadu","Purchase of smart boards, visual display units and projectors","WS/MP18174/2025-2026/221517","TIRUPPUR(DISTRICT COLLECTOR TIRUPPUR_IDA)","GANAPATHY RAJKUMAR P","COIMBATORE","11-Feb-2026","VARUN ENTERPRISES","Payment Success","600000"
"1220","Tamil Nadu","Purchase of smart boards, visual display units and projectors","WS/MP18177/2025-2026/205341","TIRUPPUR(DISTRICT COLLECTOR TIRUPPUR_IDA)","K E PRAKASH","ERODE","11-Dec-2025","QUALITTY ENTERPRISES","Payment Success","200000"
"1221","Tamil Nadu","Purchase of smart boards, visual display units and projectors","WS/MP18177/2025-2026/205351","TIRUPPUR(DISTRICT COLLECTOR TIRUPPUR_IDA)","K E PRAKASH","ERODE","11-Dec-2025","QUALITTY ENTERPRISES","Payment Success","200000"
"1222","Tamil Nadu","Purchase of smart boards, visual display units and projectors","WS/MP18177/2025-2026/205346","TIRUPPUR(DISTRICT COLLECTOR TIRUPPUR_IDA)","K E PRAKASH","ERODE","11-Dec-2025","QUALITTY ENTERPRISES","Payment Success","200000"
"1223","Tamil Nadu","Purchase of smart boards, visual display units and projectors","WS/MP18177/2025-2026/205339","TIRUPPUR(DISTRICT COLLECTOR TIRUPPUR_IDA)","K E PRAKASH","ERODE","11-Dec-2025","QUALITTY ENTERPRISES","Payment Success","200000"
"1224","Tamil Nadu","Purchase of smart boards, visual display units and projectors","WS/MP18177/2025-2026/205342","TIRUPPUR(DISTRICT COLLECTOR TIRUPPUR_IDA)","K E PRAKASH","ERODE","11-Dec-2025","QUALITTY ENTERPRISES","Payment Success","200000"
"1225","Tamil Nadu","Purchase of smart boards, visual display units and projectors","WS/MP18177/2025-2026/205358","TIRUPPUR(DISTRICT COLLECTOR TIRUPPUR_IDA)","K E PRAKASH","ERODE","11-Dec-2025","QUALITTY ENTERPRISES","Payment Success","200000"
"1226","Tamil Nadu","Purchase of smart boards, visual display units and projectors","WS/MP18177/2025-2026/205729","TIRUPPUR(DISTRICT COLLECTOR TIRUPPUR_IDA)","K E PRAKASH","ERODE","11-Dec-2025","QUALITTY ENTERPRISES","Payment Success","200000"
"1227","Tamil Nadu","Purchase of smart boards, visual display units and projectors","WS/MP18177/2025-2026/205348","TIRUPPUR(DISTRICT COLLECTOR TIRUPPUR_IDA)","K E PRAKASH","ERODE","11-Dec-2025","QUALITTY ENTERPRISES","Payment Success","200000"
"1228","Tamil Nadu","Purchase of smart boards, visual display units and projectors","WS/MP740/2025-2026/197211","TIRUPPUR(DISTRICT COLLECTOR TIRUPPUR_IDA)","Andimuthu Raja","NILGIRIS(SC)","01-Dec-2025","MESSIAH ENTERPRISES","Payment Success","199951"
"1229","Tamil Nadu","Setting up of laboratories","WS/MP18174/2026-2027/270400","TIRUPPUR(DISTRICT COLLECTOR TIRUPPUR_IDA)","GANAPATHY RAJKUMAR P","COIMBATORE","21-May-2026","Sathya Enterprises","Payment Success","625000"
"1230","Tamil Nadu","Setting up of laboratories","WS/MP18174/2026-2027/270398","TIRUPPUR(DISTRICT COLLECTOR TIRUPPUR_IDA)","GANAPATHY RAJKUMAR P","COIMBATORE","21-May-2026","Sathya Enterprises","Payment Success","625000"
"1231","Tamil Nadu","Setting up of laboratories","WS/MP18174/2026-2027/270397","TIRUPPUR(DISTRICT COLLECTOR TIRUPPUR_IDA)","GANAPATHY RAJKUMAR P","COIMBATORE","21-May-2026","Sathya Enterprises","Payment Success","625000"
"1232","Tamil Nadu","Setting up of laboratories","WS/MP18174/2026-2027/270399","TIRUPPUR(DISTRICT COLLECTOR TIRUPPUR_IDA)","GANAPATHY RAJKUMAR P","COIMBATORE","21-May-2026","Sathya Enterprises","Payment Success","625000"
"1233","Tamil Nadu","Purchase of IT systems, including hardware and software for educational purposes","WS/MP18174/2026-2027/270393","TIRUPPUR(DISTRICT COLLECTOR TIRUPPUR_IDA)","GANAPATHY RAJKUMAR P","COIMBATORE","24-Jun-2026","DSF Enterprises","Payment Success","200000"
"1234","Tamil Nadu","Purchase of sports equipment","WS/MP18174/2026-2027/270377","TIRUPPUR(DISTRICT COLLECTOR TIRUPPUR_IDA)","GANAPATHY RAJKUMAR P","COIMBATORE","24-Jun-2026","LUCKY ASSOCIATES","Payment Success","500000"
"1235","Tamil Nadu","Purchase of IT systems, including hardware and software for educational purposes","WS/MP18174/2026-2027/270396","TIRUPPUR(DISTRICT COLLECTOR TIRUPPUR_IDA)","GANAPATHY RAJKUMAR P","COIMBATORE","24-Jun-2026","DSF Enterprises","Payment Success","200000"
"1236","Tamil Nadu","Purchase of IT systems, including hardware and software for educational purposes","WS/MP18174/2026-2027/270394","TIRUPPUR(DISTRICT COLLECTOR TIRUPPUR_IDA)","GANAPATHY RAJKUMAR P","COIMBATORE","24-Jun-2026","DSF Enterprises","Payment Success","200000"
"1237","Tamil Nadu","Purchase of IT systems, including hardware and software for educational purposes","WS/MP18174/2026-2027/270395","TIRUPPUR(DISTRICT COLLECTOR TIRUPPUR_IDA)","GANAPATHY RAJKUMAR P","COIMBATORE","24-Jun-2026","DSF Enterprises","Payment Success","200000"
"1238","Tamil Nadu","Purchase of sports equipment","WS/MP18174/2026-2027/270383","TIRUPPUR(DISTRICT COLLECTOR TIRUPPUR_IDA)","GANAPATHY RAJKUMAR P","COIMBATORE","23-Jun-2026","LUCKY ASSOCIATES","Payment Success","500000"
"1239","Tamil Nadu","Purchase of sports equipment","WS/MP18174/2026-2027/270382","TIRUPPUR(DISTRICT COLLECTOR TIRUPPUR_IDA)","GANAPATHY RAJKUMAR P","COIMBATORE","23-Jun-2026","LUCKY ASSOCIATES","Payment Success","500000"
"1240","Tamil Nadu","Purchase of sports equipment","WS/MP18174/2026-2027/270381","TIRUPPUR(DISTRICT COLLECTOR TIRUPPUR_IDA)","GANAPATHY RAJKUMAR P","COIMBATORE","23-Jun-2026","LUCKY ASSOCIATES","Payment Success","500000"
"1241","Tamil Nadu","Purchase of sports equipment","WS/MP18174/2026-2027/270378","TIRUPPUR(DISTRICT COLLECTOR TIRUPPUR_IDA)","GANAPATHY RAJKUMAR P","COIMBATORE","23-Jun-2026","LUCKY ASSOCIATES","Payment Success","500000"
"1242","Tamil Nadu","Purchase of sports equipment","WS/MP18174/2026-2027/270380","TIRUPPUR(DISTRICT COLLECTOR TIRUPPUR_IDA)","GANAPATHY RAJKUMAR P","COIMBATORE","23-Jun-2026","LUCKY ASSOCIATES","Payment Success","500000"
"1243","Tamil Nadu","Purchase of sports equipment","WS/MP18174/2026-2027/270379","TIRUPPUR(DISTRICT COLLECTOR TIRUPPUR_IDA)","GANAPATHY RAJKUMAR P","COIMBATORE","23-Jun-2026","LUCKY ASSOCIATES","Payment Success","500000"
"1244","Tamil Nadu","Purchase of sports equipment","WS/MP18174/2026-2027/270386","TIRUPPUR(DISTRICT COLLECTOR TIRUPPUR_IDA)","GANAPATHY RAJKUMAR P","COIMBATORE","23-Jun-2026","LUCKY ASSOCIATES","Payment Success","500000"
"1245","Tamil Nadu","Purchase of sports equipment","WS/MP18174/2026-2027/270385","TIRUPPUR(DISTRICT COLLECTOR TIRUPPUR_IDA)","GANAPATHY RAJKUMAR P","COIMBATORE","23-Jun-2026","LUCKY ASSOCIATES","Payment Success","500000"
"1246","Tamil Nadu","Purchase of sports equipment","WS/MP18174/2026-2027/270384","TIRUPPUR(DISTRICT COLLECTOR TIRUPPUR_IDA)","GANAPATHY RAJKUMAR P","COIMBATORE","23-Jun-2026","LUCKY ASSOCIATES","Payment Success","500000"
"1247","Tamil Nadu","Purchase of IT systems, including hardware and software for educational purposes","WS/MP18174/2026-2027/270388","TIRUPPUR(DISTRICT COLLECTOR TIRUPPUR_IDA)","GANAPATHY RAJKUMAR P","COIMBATORE","23-Jun-2026","DSF Enterprises","Payment Success","200000"
"1248","Tamil Nadu","Purchase of IT systems, including hardware and software for educational purposes","WS/MP18174/2026-2027/270387","TIRUPPUR(DISTRICT COLLECTOR TIRUPPUR_IDA)","GANAPATHY RAJKUMAR P","COIMBATORE","23-Jun-2026","DSF Enterprises","Payment Success","200000"
"1249","Tamil Nadu","Purchase of IT systems, including hardware and software for educational purposes","WS/MP18174/2026-2027/270392","TIRUPPUR(DISTRICT COLLECTOR TIRUPPUR_IDA)","GANAPATHY RAJKUMAR P","COIMBATORE","23-Jun-2026","DSF Enterprises","Payment Success","200000"
"1250","Tamil Nadu","Purchase of IT systems, including hardware and software for educational purposes","WS/MP18174/2026-2027/270391","TIRUPPUR(DISTRICT COLLECTOR TIRUPPUR_IDA)","GANAPATHY RAJKUMAR P","COIMBATORE","23-Jun-2026","DSF Enterprises","Payment Success","200000"
"1251","Tamil Nadu","Purchase of IT systems, including hardware and software for educational purposes","WS/MP18174/2026-2027/270390","TIRUPPUR(DISTRICT COLLECTOR TIRUPPUR_IDA)","GANAPATHY RAJKUMAR P","COIMBATORE","23-Jun-2026","DSF Enterprises","Payment Success","200000"
"1252","Tamil Nadu","Purchase of IT systems, including hardware and software for educational purposes","WS/MP18174/2026-2027/270389","TIRUPPUR(DISTRICT COLLECTOR TIRUPPUR_IDA)","GANAPATHY RAJKUMAR P","COIMBATORE","23-Jun-2026","DSF Enterprises","Payment Success","200000"
"1253","Tamil Nadu","Installing community drinking water plants","WS/MP18267/2026-2027/260603","KRISHNAGIRI(DISTRICT COLLECTOR KRISHNAGIRI_IDA)","GOPINATH K","KRISHNAGIRI","24-Aug-2026","Sivajaganathan G","Payment Success","947311"
"1254","Tamil Nadu","Construction of roads, link roads, pathways or any other road with or without drainage system","WS/MP18267/2025-2026/250873","KRISHNAGIRI(DISTRICT COLLECTOR KRISHNAGIRI_IDA)","GOPINATH K","KRISHNAGIRI","28-Feb-2026","Sivaboosanam","Payment Success","524022"
"1255","Tamil Nadu","Lighting of public spaces","WS/MP508/2025-2026/246899","Tirupathur(District Collector Tirupathur_IDA)","CN Annadurai","TIRUVANNAMALAI","11-May-2026","T S SOLAR POWER SYSTEM","Payment Success","435000"
"1256","Tamil Nadu","Lighting of public spaces","WS/MP508/2025-2026/246900","Tirupathur(District Collector Tirupathur_IDA)","CN Annadurai","TIRUVANNAMALAI","11-May-2026","T S SOLAR POWER SYSTEM","Payment Success","435000"
"1257","Tamil Nadu","Lighting of public spaces","WS/MP508/2025-2026/202677","Tirupathur(District Collector Tirupathur_IDA)","CN Annadurai","TIRUVANNAMALAI","28-Nov-2025","T S SOLAR POWER SYSTEM","Payment Success","1000000"
"1258","Tamil Nadu","Lighting of public spaces","WS/MP508/2025-2026/225083","Tirupathur(District Collector Tirupathur_IDA)","CN Annadurai","TIRUVANNAMALAI","28-Nov-2025","T S SOLAR POWER SYSTEM","Payment Success","1000000"
"1259","Tamil Nadu","Lighting of public spaces","WS/MP508/2025-2026/202679","Tirupathur(District Collector Tirupathur_IDA)","CN Annadurai","TIRUVANNAMALAI","28-Nov-2025","T S SOLAR POWER SYSTEM","Payment Success","1000000"
"1260","Tamil Nadu","Lighting of public spaces","WS/MP508/2025-2026/225087","Tirupathur(District Collector Tirupathur_IDA)","CN Annadurai","TIRUVANNAMALAI","28-Nov-2025","T S SOLAR POWER SYSTEM","Payment Success","1000000"
"1261","Tamil Nadu","Lighting of public spaces","WS/MP508/2025-2026/202678","Tirupathur(District Collector Tirupathur_IDA)","CN Annadurai","TIRUVANNAMALAI","10-Feb-2026","T S SOLAR POWER SYSTEM","Payment Success","1000000"
"1262","Tamil Nadu","Lighting of public spaces","WS/MP508/2025-2026/225085","Tirupathur(District Collector Tirupathur_IDA)","CN Annadurai","TIRUVANNAMALAI","10-Feb-2026","T S SOLAR POWER SYSTEM","Payment Success","1000000"
"1263","Tamil Nadu","Street lights","WS/MP508/2024-2025/137468","Tirupathur(District Collector Tirupathur_IDA)","CN Annadurai","TIRUVANNAMALAI","23-Apr-2025","T S SOLAR POWER SYSTEM","Payment Success","1000000"
"1264","Tamil Nadu","Street lights","WS/MP508/2024-2025/137469","Tirupathur(District Collector Tirupathur_IDA)","CN Annadurai","TIRUVANNAMALAI","23-Apr-2025","T S SOLAR POWER SYSTEM","Payment Success","1000000"
"1265","Tamil Nadu","Street lights","WS/MP508/2024-2025/137470","Tirupathur(District Collector Tirupathur_IDA)","CN Annadurai","TIRUVANNAMALAI","23-Apr-2025","T S SOLAR POWER SYSTEM","Payment Success","1000000"
"1266","Tamil Nadu","Street lights","WS/MP508/2024-2025/137471","Tirupathur(District Collector Tirupathur_IDA)","CN Annadurai","TIRUVANNAMALAI","23-Apr-2025","T S SOLAR POWER SYSTEM","Payment Success","1000000"
"1267","Tamil Nadu","Street lights","WS/MP508/2024-2025/137472","Tirupathur(District Collector Tirupathur_IDA)","CN Annadurai","TIRUVANNAMALAI","23-Apr-2025","T S SOLAR POWER SYSTEM","Payment Success","1000000"
"1268","Tamil Nadu","Street lights","WS/MP508/2024-2025/137473","Tirupathur(District Collector Tirupathur_IDA)","CN Annadurai","TIRUVANNAMALAI","23-Apr-2025","T S SOLAR POWER SYSTEM","Payment Success","1000000"
"1269","Tamil Nadu","Lighting of public spaces","WS/MP508/2025-2026/195972","Tirupathur(District Collector Tirupathur_IDA)","CN Annadurai","TIRUVANNAMALAI","04-Mar-2026","NISHWANTH CONSTRUCTION","Payment Success","600000"
"1270","Tamil Nadu","Construction of bus-sheds or bus-stops","WS/MP508/2025-2026/189207","Tirupathur(District Collector Tirupathur_IDA)","CN Annadurai","TIRUVANNAMALAI","04-Mar-2026","NISHWANTH CONSTRUCTION","Payment Success","500000"
"1271","Tamil Nadu","Lighting of public spaces","WS/MP508/2025-2026/246903","Tirupathur(District Collector Tirupathur_IDA)","CN Annadurai","TIRUVANNAMALAI","04-Mar-2026","T S SOLAR POWER SYSTEM","Payment Success","1000000"
"1272","Tamil Nadu","Lighting of public spaces","WS/MP508/2025-2026/246902","Tirupathur(District Collector Tirupathur_IDA)","CN Annadurai","TIRUVANNAMALAI","04-Mar-2026","T S SOLAR POWER SYSTEM","Payment Success","1000000"
"1273","Tamil Nadu","Lighting of public spaces","WS/MP508/2025-2026/246901","Tirupathur(District Collector Tirupathur_IDA)","CN Annadurai","TIRUVANNAMALAI","04-Mar-2026","T S SOLAR POWER SYSTEM","Payment Success","1000000"
"1274","Tamil Nadu","Construction of community centers and community halls","WS/MP458/2025-2026/149731","Thoothukkudi(DISTRICT COLLECTOR THOOTHUKUDI_IDA)","Kanimozhi Karunanidhi","THOOTHUKKUDI","19-Jun-2026","M LALITHA","Payment Success","1413892"
"1275","Tamil Nadu","Construction of community centers and community halls","WS/MP458/2026-2027/211369","Thoothukkudi(DISTRICT COLLECTOR THOOTHUKUDI_IDA)","Kanimozhi Karunanidhi","THOOTHUKKUDI","09-Jul-2026","Kalidoss S","Payment Success","2915760"
"1276","Tamil Nadu","Construction of buildings for community cultural activities","WS/MP458/2026-2027/211376","Thoothukkudi(DISTRICT COLLECTOR THOOTHUKUDI_IDA)","Kanimozhi Karunanidhi","THOOTHUKKUDI","11-Jul-2026","SELVAM B","Payment Success","909327"
"1277","Tamil Nadu","Construction of bus-sheds or bus-stops","WS/MP458/2025-2026/225340","Thoothukkudi(DISTRICT COLLECTOR THOOTHUKUDI_IDA)","Kanimozhi Karunanidhi","THOOTHUKKUDI","13-Mar-2026","M Ashok Kumar","Payment Success","695085"
"1278","Tamil Nadu","Construction of community centers and community halls","WS/MP458/2025-2026/149732","Thoothukkudi(DISTRICT COLLECTOR THOOTHUKUDI_IDA)","Kanimozhi Karunanidhi","THOOTHUKKUDI","05-Jan-2026","SELVAM B","Payment Success","2709989"
"1279","Tamil Nadu","Construction of community centers and community halls","WS/MP458/2025-2026/149731","Thoothukkudi(DISTRICT COLLECTOR THOOTHUKUDI_IDA)","Kanimozhi Karunanidhi","THOOTHUKKUDI","07-Oct-2025","M LALITHA","Payment Success","2583590"
"1280","Tamil Nadu","Construction of rooms and halls in school and colleges","WS/MP18183/2024-2025/143390","THANJAVUR(DISTRICT COLLECTOR THANJAVUR_IDA)","MURASOLI S","THANJAVUR","28-Oct-2025","A SURESH","Payment Success","199680"
"1281","Tamil Nadu","Construction of public libraries and reading rooms","WS/MP18183/2024-2025/143387","THANJAVUR(DISTRICT COLLECTOR THANJAVUR_IDA)","MURASOLI S","THANJAVUR","01-Sep-2025","GM Constructions and Infra P","Payment Success","4585286"
"1282","Tamil Nadu","Construction of rooms and halls in school and colleges","WS/MP18183/2024-2025/143390","THANJAVUR(DISTRICT COLLECTOR THANJAVUR_IDA)","MURASOLI S","THANJAVUR","04-Mar-2026","GM Constructions and Infra P","Payment Success","651431"
"1283","Tamil Nadu","Construction of community centers and community halls","WS/MP18183/2025-2026/192872","THANJAVUR(DISTRICT COLLECTOR THANJAVUR_IDA)","MURASOLI S","THANJAVUR","28-Mar-2026","GM Constructions and Infra P","Payment Success","4365910"
"1284","Tamil Nadu","Construction of public libraries and reading rooms","WS/MP18183/2024-2025/143387","THANJAVUR(DISTRICT COLLECTOR THANJAVUR_IDA)","MURASOLI S","THANJAVUR","12-Sep-2025","SRI Amman Electricals","Payment Success","344809"
"1285","Tamil Nadu","Construction of rooms and halls in school and colleges","WS/MP18183/2024-2025/143390","THANJAVUR(DISTRICT COLLECTOR THANJAVUR_IDA)","MURASOLI S","THANJAVUR","13-Aug-2025","GM Constructions and Infra P","Payment Success","3967186"
"1286","Tamil Nadu","Construction of public libraries and reading rooms","WS/MP18183/2024-2025/143387","THANJAVUR(DISTRICT COLLECTOR THANJAVUR_IDA)","MURASOLI S","THANJAVUR","04-Sep-2025","TAMILNADU CONSTRUCTION LABOUR WELFARE BOARD","Payment Success","50000"
"1287","Tamil Nadu","Construction of community centers and community halls","WS/MP18183/2025-2026/192872","THANJAVUR(DISTRICT COLLECTOR THANJAVUR_IDA)","MURASOLI S","THANJAVUR","15-Apr-2026","Sudharsan","Payment Success","349992"
"1288","Tamil Nadu","Purchase of furniture and fixtures for educational purposes","WS/MP18179/2025-2026/179448","THANJAVUR(DISTRICT COLLECTOR THANJAVUR_IDA)","SUDHA R","MAYILADUTHURAI","15-Jul-2026","KRS Enterprises","Payment Success","600000"
"1289","Tamil Nadu","Purchase of furniture and fixtures for educational purposes","WS/MP18179/2025-2026/179449","THANJAVUR(DISTRICT COLLECTOR THANJAVUR_IDA)","SUDHA R","MAYILADUTHURAI","15-Jul-2026","KRS Enterprises","Payment Success","800000"
"1290","Tamil Nadu","Purchase of furniture and fixtures for educational purposes","WS/MP18179/2025-2026/179450","THANJAVUR(DISTRICT COLLECTOR THANJAVUR_IDA)","SUDHA R","MAYILADUTHURAI","15-Jul-2026","KRS Enterprises","Payment Success","600000"
"1291","Tamil Nadu","Lighting of public spaces","WS/MP18176/2024-2025/142544","DINDIGUL(DISTRICT COLLECTOR DINDIGUL_IDA)","SACHITHANANTHAM R","DINDIGUL","22-Jul-2025","Sri Ganapathi Constructions","Payment Success","3000000"
"1292","Tamil Nadu","Lighting of public spaces","WS/MP393/2025-2026/167664","SIVAGANGA(DISTRICT COLLECTOR SIVAGANGA_IDA)","Shri Karti P Chidambaram","SIVAGANGA","20-Jul-2026","AMN ENTERPRISES","Payment Success","413038"
"1293","Tamil Nadu","Patrolling Vehicles to government institution for Public Conveniences, Safety and Security","WS/MP393/2026-2027/206525","SIVAGANGA(DISTRICT COLLECTOR SIVAGANGA_IDA)","Shri Karti P Chidambaram","SIVAGANGA","14-Aug-2026","LAKSHMI INDUSTRIES","Payment Success","928530"
"1294","Tamil Nadu","Lighting of public spaces","WS/MP393/2025-2026/206228","SIVAGANGA(DISTRICT COLLECTOR SIVAGANGA_IDA)","Shri Karti P Chidambaram","SIVAGANGA","26-Mar-2026","PINNACLE INDIA TRADERS","Payment Success","500000"
"1295","Tamil Nadu","Lighting of public spaces","WS/MP393/2025-2026/206227","SIVAGANGA(DISTRICT COLLECTOR SIVAGANGA_IDA)","Shri Karti P Chidambaram","SIVAGANGA","28-Mar-2026","PINNACLE INDIA TRADERS","Payment Success","500000"
"1296","Tamil Nadu","Lighting of public spaces","WS/MP393/2025-2026/167606","SIVAGANGA(DISTRICT COLLECTOR SIVAGANGA_IDA)","Shri Karti P Chidambaram","SIVAGANGA","28-Mar-2026","KRS Enterprises","Payment Success","785071"
"1297","Tamil Nadu","Construction of buildings for sports facilities","WS/MP393/2025-2026/193778","SIVAGANGA(DISTRICT COLLECTOR SIVAGANGA_IDA)","Shri Karti P Chidambaram","SIVAGANGA","17-Mar-2026","VASANTHA B","Payment Success","300000"
"1298","Tamil Nadu","Development of playfields and sports grounds","WS/MP393/2025-2026/167701","SIVAGANGA(DISTRICT COLLECTOR SIVAGANGA_IDA)","Shri Karti P Chidambaram","SIVAGANGA","13-Oct-2025","VASANTHA B","Payment Success","500000"
"1299","Tamil Nadu","Construction of roads, link roads, pathways or any other road with or without drainage system","WS/MP393/2024-2025/143061","SIVAGANGA(DISTRICT COLLECTOR SIVAGANGA_IDA)","Shri Karti P Chidambaram","SIVAGANGA","23-Oct-2024","VASANTHA B","Payment Success","200000"
"1300","Tamil Nadu","Construction of buildings for crèches and anganwadies","WS/MP18176/2024-2025/139958","DINDIGUL(DISTRICT COLLECTOR DINDIGUL_IDA)","SACHITHANANTHAM R","DINDIGUL","06-Feb-2026","Packiaraj S","Payment Success","1698995"
"1301","Tamil Nadu","Construction of buildings for community cultural activities","WS/MP18176/2025-2026/198965","DINDIGUL(DISTRICT COLLECTOR DINDIGUL_IDA)","SACHITHANANTHAM R","DINDIGUL","17-Dec-2025","T PAPATHI","Payment Success","998970"
"1302","Tamil Nadu","Setting up public non-conventional energy plants","WS/MP18176/2025-2026/185568","DINDIGUL(DISTRICT COLLECTOR DINDIGUL_IDA)","SACHITHANANTHAM R","DINDIGUL","24-Feb-2026","S A M ENTERPRISES","Payment Success","498735"
"1303","Tamil Nadu","Construction of water tanks","WS/MP18181/2026-2027/301680","COIMBATORE(DISTRICT COLLECTOR COIMBATORE_IDA)","ESWARASAMY K","POLLACHI","13-Aug-2026","V KALIESWARAN","Payment Success","1529427"
"1304","Tamil Nadu","Construction of water tanks","WS/MP18181/2026-2027/151265","COIMBATORE(DISTRICT COLLECTOR COIMBATORE_IDA)","ESWARASAMY K","POLLACHI","21-Jul-2026","DHAMODHARAN M","Payment Success","1229625"
"1305","Tamil Nadu","Construction of bus-sheds or bus-stops","WS/MP18181/2025-2026/151263","COIMBATORE(DISTRICT COLLECTOR COIMBATORE_IDA)","ESWARASAMY K","POLLACHI","22-Jan-2026","V KALIESWARAN","Payment Success","551287"
"1306","Tamil Nadu","Construction of bus-sheds or bus-stops","WS/MP18181/2025-2026/151264","COIMBATORE(DISTRICT COLLECTOR COIMBATORE_IDA)","ESWARASAMY K","POLLACHI","22-Jan-2026","V KALIESWARAN","Payment Success","519180"
"1307","Tamil Nadu","Construction of bus-sheds or bus-stops","WS/MP740/2025-2026/140338","COIMBATORE(DISTRICT COLLECTOR COIMBATORE_IDA)","Andimuthu Raja","NILGIRIS(SC)","29-Jan-2026","RSR CONSTRUCTION","Payment Success","499977"
"1308","Tamil Nadu","Construction of community centers and community halls","WS/MP740/2025-2026/197197","COIMBATORE(DISTRICT COLLECTOR COIMBATORE_IDA)","Andimuthu Raja","NILGIRIS(SC)","25-Feb-2026","Vengatesh and Co","Payment Success","680146"
"1309","Tamil Nadu","Construction of water tanks","WS/MP740/2026-2027/140339","COIMBATORE(DISTRICT COLLECTOR COIMBATORE_IDA)","Andimuthu Raja","NILGIRIS(SC)","15-Jul-2026","SANDHIYA OTHISAMY","Payment Success","1399943"
"1310","Tamil Nadu","Purchase of smart boards, visual display units and projectors","WS/MP18174/2025-2026/269192","COIMBATORE(DISTRICT COLLECTOR COIMBATORE_IDA)","GANAPATHY RAJKUMAR P","COIMBATORE","26-Feb-2026","MAC Systems","Payment Success","400000"
"1311","Tamil Nadu","Construction of water tanks","WS/MP18181/2025-2026/179574","COIMBATORE(DISTRICT COLLECTOR COIMBATORE_IDA)","ESWARASAMY K","POLLACHI","28-Jul-2025","A T ELANGOVAN","Payment Success","1269637"
"1312","Tamil Nadu","Crematoriums/energy efficient crematoriums or structures on burial/cremation ground","WS/MP18179/2026-2027/168572","Mayiladuthurai(District Collector Mayiladuthurai_IDA)","SUDHA R","MAYILADUTHURAI","23-Jun-2026","E.RATHIKA","Payment Success","1325933"
"1313","Tamil Nadu","Construction of rooms and facilities for hospitals, FWC , PHC Centers and ANM centers","WS/MP18176/2025-2026/192963","DINDIGUL(DISTRICT COLLECTOR DINDIGUL_IDA)","SACHITHANANTHAM R","DINDIGUL","29-Oct-2025","Thangavelu","Payment Success","1198673"
"1314","Tamil Nadu","Construction of rooms and facilities for hospitals, FWC , PHC Centers and ANM centers","WS/MP18176/2025-2026/181966","DINDIGUL(DISTRICT COLLECTOR DINDIGUL_IDA)","SACHITHANANTHAM R","DINDIGUL","29-Oct-2025","Thangavelu","Payment Success","1198353"
"1315","Tamil Nadu","Lighting of public spaces","WS/MP18186/2025-2026/173212","THIRUVALLUR(DISTRICT COLLECTOR TIRUVALLUR_IDA)","Sasikanth Senthil","TIRUVALLUR(SC)","15-Sep-2025","SADHA CONSTRUCTION","Payment Success","435000"
"1316","Tamil Nadu","Lighting of public spaces","WS/MP18186/2025-2026/173222","THIRUVALLUR(DISTRICT COLLECTOR TIRUVALLUR_IDA)","Sasikanth Senthil","TIRUVALLUR(SC)","15-Sep-2025","VSA ENTERPRISES","Payment Success","435000"
"1317","Tamil Nadu","Lighting of public spaces","WS/MP18186/2025-2026/173214","THIRUVALLUR(DISTRICT COLLECTOR TIRUVALLUR_IDA)","Sasikanth Senthil","TIRUVALLUR(SC)","23-Aug-2025","RM MEENAKSHI SUNDARAM","Payment Success","432713"
"1318","Tamil Nadu","Lighting of public spaces","WS/MP18186/2025-2026/173211","THIRUVALLUR(DISTRICT COLLECTOR TIRUVALLUR_IDA)","Sasikanth Senthil","TIRUVALLUR(SC)","23-Aug-2025","RM MEENAKSHI SUNDARAM","Payment Success","432274"
"1319","Tamil Nadu","Lighting of public spaces","WS/MP18186/2025-2026/181212","THIRUVALLUR(DISTRICT COLLECTOR TIRUVALLUR_IDA)","Sasikanth Senthil","TIRUVALLUR(SC)","28-Feb-2026","V K CONTRACTORS","Payment Success","429308"
"1320","Tamil Nadu","Lighting of public spaces","WS/MP18186/2025-2026/180032","THIRUVALLUR(DISTRICT COLLECTOR TIRUVALLUR_IDA)","Sasikanth Senthil","TIRUVALLUR(SC)","28-Feb-2026","V K CONTRACTORS","Payment Success","430157"
"1321","Tamil Nadu","Lighting of public spaces","WS/MP18186/2025-2026/180033","THIRUVALLUR(DISTRICT COLLECTOR TIRUVALLUR_IDA)","Sasikanth Senthil","TIRUVALLUR(SC)","28-Feb-2026","V K CONTRACTORS","Payment Success","428670"
"1322","Tamil Nadu","Lighting of public spaces","WS/MP18186/2025-2026/180031","THIRUVALLUR(DISTRICT COLLECTOR TIRUVALLUR_IDA)","Sasikanth Senthil","TIRUVALLUR(SC)","28-Feb-2026","V K CONTRACTORS","Payment Success","431007"
"1323","Tamil Nadu","Construction of buildings for crèches and anganwadies","WS/MP393/2025-2026/167698","SIVAGANGA(DISTRICT COLLECTOR SIVAGANGA_IDA)","Shri Karti P Chidambaram","SIVAGANGA","05-Jan-2026","PARAMESWARI V","Payment Success","1100000"
"1324","Tamil Nadu","Lighting of public spaces","WS/MP393/2025-2026/167663","SIVAGANGA(DISTRICT COLLECTOR SIVAGANGA_IDA)","Shri Karti P Chidambaram","SIVAGANGA","11-Sep-2025","AROCKIADASS SUSAI MANICKAM","Payment Success","494432"
"1325","Tamil Nadu","Construction of buildings for community cultural activities","WS/MP393/2025-2026/167667","SIVAGANGA(DISTRICT COLLECTOR SIVAGANGA_IDA)","Shri Karti P Chidambaram","SIVAGANGA","19-Feb-2026","RM PERIYAIAH","Payment Success","700000"
"1326","Tamil Nadu","Installing tube-wells and borewells","WS/MP393/2025-2026/167662","SIVAGANGA(DISTRICT COLLECTOR SIVAGANGA_IDA)","Shri Karti P Chidambaram","SIVAGANGA","01-Aug-2025","KANNAN M","Payment Success","400000"
"1327","Tamil Nadu","Lighting of public spaces","WS/MP393/2025-2026/168557","SIVAGANGA(DISTRICT COLLECTOR SIVAGANGA_IDA)","Shri Karti P Chidambaram","SIVAGANGA","26-Jul-2025","Ganesan P","Payment Success","400000"
"1328","Tamil Nadu","Street lights","WS/MP393/2024-2025/140635","SIVAGANGA(DISTRICT COLLECTOR SIVAGANGA_IDA)","Shri Karti P Chidambaram","SIVAGANGA","24-Sep-2024","DIVYA TRADERS","Payment Success","500000"
"1329","Tamil Nadu","Lighting of public spaces","WS/MP393/2026-2027/285099","SIVAGANGA(DISTRICT COLLECTOR SIVAGANGA_IDA)","Shri Karti P Chidambaram","SIVAGANGA","18-Jun-2026","MURUGAN TRADERS","Payment Success","800000"
"1330","Tamil Nadu","Lighting of public spaces","WS/MP393/2026-2027/206420","SIVAGANGA(DISTRICT COLLECTOR SIVAGANGA_IDA)","Shri Karti P Chidambaram","SIVAGANGA","07-Aug-2026","PINNACLE INDIA TRADERS","Payment Success","800000"
"1331","Tamil Nadu","Construction of roads, link roads, pathways or any other road with or without drainage system","WS/MP393/2024-2025/148975","SIVAGANGA(DISTRICT COLLECTOR SIVAGANGA_IDA)","Shri Karti P Chidambaram","SIVAGANGA","07-Nov-2024","K PANDI AND CO","Payment Success","200000"
"1332","Tamil Nadu","Installing community drinking water plants","WS/MP393/2024-2025/144442","SIVAGANGA(DISTRICT COLLECTOR SIVAGANGA_IDA)","Shri Karti P Chidambaram","SIVAGANGA","10-Oct-2024","S Gopalakrishnan","Payment Success","350000"
"1333","Tamil Nadu","Lighting of public spaces","WS/MP393/2025-2026/190425","SIVAGANGA(DISTRICT COLLECTOR SIVAGANGA_IDA)","Shri Karti P Chidambaram","SIVAGANGA","15-Jul-2025","S Gopalakrishnan","Payment Success","800000"
"1334","Tamil Nadu","Street lights","WS/MP393/2025-2026/167700","SIVAGANGA(DISTRICT COLLECTOR SIVAGANGA_IDA)","Shri Karti P Chidambaram","SIVAGANGA","24-Mar-2026","GOPALAKRISHNAN","Payment Success","700000"
"1335","Tamil Nadu","Lighting of public spaces","WS/MP393/2025-2026/220641","SIVAGANGA(DISTRICT COLLECTOR SIVAGANGA_IDA)","Shri Karti P Chidambaram","SIVAGANGA","26-Dec-2025","V2 VENTURES","Payment Success","488433"
"1336","Tamil Nadu","Lighting of public spaces","WS/MP393/2025-2026/220640","SIVAGANGA(DISTRICT COLLECTOR SIVAGANGA_IDA)","Shri Karti P Chidambaram","SIVAGANGA","29-Dec-2025","V2 VENTURES","Payment Success","500000"
"1337","Tamil Nadu","Lighting of public spaces","WS/MP393/2026-2027/167666","SIVAGANGA(DISTRICT COLLECTOR SIVAGANGA_IDA)","Shri Karti P Chidambaram","SIVAGANGA","07-Jul-2026","AMN ENTERPRISES","Payment Success","900000"
"1338","Tamil Nadu","Lighting of public spaces","WS/MP393/2025-2026/167668","SIVAGANGA(DISTRICT COLLECTOR SIVAGANGA_IDA)","Shri Karti P Chidambaram","SIVAGANGA","12-Dec-2025","AMN ENTERPRISES","Payment Success","492023"
"1339","Tamil Nadu","Construction of buildings for crèches and anganwadies","WS/MP393/2026-2027/167669","SIVAGANGA(DISTRICT COLLECTOR SIVAGANGA_IDA)","Shri Karti P Chidambaram","SIVAGANGA","13-Jul-2026","MM CONSTRUCTIONS","Payment Success","1200000"
"1340","Tamil Nadu","Lighting of public spaces","WS/MP393/2025-2026/190426","SIVAGANGA(DISTRICT COLLECTOR SIVAGANGA_IDA)","Shri Karti P Chidambaram","SIVAGANGA","11-Feb-2026","KRS Enterprises","Payment Success","483538"
"1341","Tamil Nadu","Lighting of public spaces","WS/MP393/2025-2026/167665","SIVAGANGA(DISTRICT COLLECTOR SIVAGANGA_IDA)","Shri Karti P Chidambaram","SIVAGANGA","11-Feb-2026","AMN ENTERPRISES","Payment Success","484449"
"1342","Tamil Nadu","Construction of community centers and community halls","WS/MP393/2025-2026/170723","PUDUKKOTTAI(DISTRICT COLLECTOR PUDUKKOTTAI_IDA)","Shri Karti P Chidambaram","SIVAGANGA","27-Jan-2026","A VIGNESHWARAN","Payment Success","849228"
"1343","Tamil Nadu","Lighting of public spaces","WS/MP746/2025-2026/225645","PUDUKKOTTAI(DISTRICT COLLECTOR PUDUKKOTTAI_IDA)","Kani K Navas","RAMANATHAPURAM","18-Feb-2026","FPLUS ENTERPRISES","Payment Success","499998"
"1344","Tamil Nadu","Lighting of public spaces","WS/MP746/2025-2026/225646","PUDUKKOTTAI(DISTRICT COLLECTOR PUDUKKOTTAI_IDA)","Kani K Navas","RAMANATHAPURAM","18-Feb-2026","FPLUS ENTERPRISES","Payment Success","499998"
"1345","Tamil Nadu","Lighting of public spaces","WS/MP746/2025-2026/225647","PUDUKKOTTAI(DISTRICT COLLECTOR PUDUKKOTTAI_IDA)","Kani K Navas","RAMANATHAPURAM","18-Feb-2026","FPLUS ENTERPRISES","Payment Success","499998"
"1346","Tamil Nadu","Construction of community centers and community halls","WS/MP393/2025-2026/206413","SIVAGANGA(DISTRICT COLLECTOR SIVAGANGA_IDA)","Shri Karti P Chidambaram","SIVAGANGA","12-May-2026","SELVI SONAI","Payment Success","936274"
"1347","Tamil Nadu","Construction of community centers and community halls","WS/MP393/2025-2026/206414","SIVAGANGA(DISTRICT COLLECTOR SIVAGANGA_IDA)","Shri Karti P Chidambaram","SIVAGANGA","07-May-2026","NALLASAMY M","Payment Success","942991"
"1348","Tamil Nadu","Lighting of public spaces","WS/MP393/2025-2026/206173","SIVAGANGA(DISTRICT COLLECTOR SIVAGANGA_IDA)","Shri Karti P Chidambaram","SIVAGANGA","15-Dec-2025","AMN ENTERPRISES","Payment Success","496083"
"1349","Tamil Nadu","Installing tube-wells and borewells","WS/MP393/2025-2026/206174","SIVAGANGA(DISTRICT COLLECTOR SIVAGANGA_IDA)","Shri Karti P Chidambaram","SIVAGANGA","17-Nov-2025","Vairamani","Payment Success","499897"
"1350","Tamil Nadu","Installing tube-wells and borewells","WS/MP393/2025-2026/170404","SIVAGANGA(DISTRICT COLLECTOR SIVAGANGA_IDA)","Shri Karti P Chidambaram","SIVAGANGA","22-Nov-2025","RAVI D","Payment Success","548595"
"1351","Tamil Nadu","Construction of bus-sheds or bus-stops","WS/MP393/2025-2026/170403","SIVAGANGA(DISTRICT COLLECTOR SIVAGANGA_IDA)","Shri Karti P Chidambaram","SIVAGANGA","25-Oct-2025","Surendran","Payment Success","699936"
"1352","Tamil Nadu","Construction of public toilets and bathrooms","WS/MP393/2024-2025/148973","SIVAGANGA(DISTRICT COLLECTOR SIVAGANGA_IDA)","Shri Karti P Chidambaram","SIVAGANGA","05-Nov-2024","MUTHULAKSHMI R","Payment Success","199969"
"1353","Tamil Nadu","Construction of community centers and community halls","WS/MP393/2026-2027/220262","SIVAGANGA(DISTRICT COLLECTOR SIVAGANGA_IDA)","Shri Karti P Chidambaram","SIVAGANGA","27-May-2026","RAVI D","Payment Success","998908"
"1354","Tamil Nadu","Construction of community centers and community halls","WS/MP393/2025-2026/167521","SIVAGANGA(DISTRICT COLLECTOR SIVAGANGA_IDA)","Shri Karti P Chidambaram","SIVAGANGA","11-Jul-2025","GURUNATHAN","Payment Success","566082"
"1355","Tamil Nadu","Lighting of public spaces","WS/MP393/2025-2026/167523","SIVAGANGA(DISTRICT COLLECTOR SIVAGANGA_IDA)","Shri Karti P Chidambaram","SIVAGANGA","14-Oct-2025","U KARTHICK","Payment Success","499737"
"1356","Tamil Nadu","Construction of bus-sheds or bus-stops","WS/MP393/2025-2026/167520","SIVAGANGA(DISTRICT COLLECTOR SIVAGANGA_IDA)","Shri Karti P Chidambaram","SIVAGANGA","22-Sep-2025","R Mani Sankaran","Payment Success","598675"
"1357","Tamil Nadu","Construction of community centers and community halls","WS/MP393/2025-2026/167521","SIVAGANGA(DISTRICT COLLECTOR SIVAGANGA_IDA)","Shri Karti P Chidambaram","SIVAGANGA","22-Sep-2025","GURUNATHAN","Payment Success","426329"
"1358","Tamil Nadu","Construction of buildings for community cultural activities","WS/MP393/2025-2026/167522","SIVAGANGA(DISTRICT COLLECTOR SIVAGANGA_IDA)","Shri Karti P Chidambaram","SIVAGANGA","15-Nov-2025","Oorkavala Chakravarthy","Payment Success","942706"
"1359","Tamil Nadu","Construction of community centers and community halls","WS/MP393/2025-2026/206422","SIVAGANGA(DISTRICT COLLECTOR SIVAGANGA_IDA)","Shri Karti P Chidambaram","SIVAGANGA","18-Mar-2026","MANIMUTHU A","Payment Success","941244"
"1360","Tamil Nadu","Installing tube-wells and borewells","WS/MP393/2025-2026/206421","SIVAGANGA(DISTRICT COLLECTOR SIVAGANGA_IDA)","Shri Karti P Chidambaram","SIVAGANGA","16-Mar-2026","PARAMESWARI V","Payment Success","449596"
"1361","Tamil Nadu","Purchase of sports equipment","WS/MP743/2025-2026/230501","Kancheepuram(DISTRICT COLLECTOR KANCHEEPURAM_IDA)","Ganesan Selvam","KANCHEEPURAM(SC)","13-Nov-2025","Sathya Enterprises","Payment Success","300000"
"1362","Tamil Nadu","Purchase of sports equipment","WS/MP743/2025-2026/230502","Kancheepuram(DISTRICT COLLECTOR KANCHEEPURAM_IDA)","Ganesan Selvam","KANCHEEPURAM(SC)","13-Nov-2025","Sathya Enterprises","Payment Success","300000"
"1363","Tamil Nadu","Purchase of sports equipment","WS/MP743/2025-2026/230503","Kancheepuram(DISTRICT COLLECTOR KANCHEEPURAM_IDA)","Ganesan Selvam","KANCHEEPURAM(SC)","13-Nov-2025","Sathya Enterprises","Payment Success","300000"
"1364","Tamil Nadu","Purchase of sports equipment","WS/MP743/2025-2026/230504","Kancheepuram(DISTRICT COLLECTOR KANCHEEPURAM_IDA)","Ganesan Selvam","KANCHEEPURAM(SC)","13-Nov-2025","Sathya Enterprises","Payment Success","300000"
"1365","Tamil Nadu","Purchase of sports equipment","WS/MP743/2025-2026/230505","Kancheepuram(DISTRICT COLLECTOR KANCHEEPURAM_IDA)","Ganesan Selvam","KANCHEEPURAM(SC)","13-Nov-2025","Sathya Enterprises","Payment Success","300000"
"1366","Tamil Nadu","Purchase of sports equipment","WS/MP743/2025-2026/230506","Kancheepuram(DISTRICT COLLECTOR KANCHEEPURAM_IDA)","Ganesan Selvam","KANCHEEPURAM(SC)","13-Nov-2025","RAJAGOPALREDDY VEMANNA","Payment Success","300000"
"1367","Tamil Nadu","Purchase of sports equipment","WS/MP743/2025-2026/230507","Kancheepuram(DISTRICT COLLECTOR KANCHEEPURAM_IDA)","Ganesan Selvam","KANCHEEPURAM(SC)","13-Nov-2025","RAJAGOPALREDDY VEMANNA","Payment Success","300000"
"1368","Tamil Nadu","Purchase of sports equipment","WS/MP743/2025-2026/230508","Kancheepuram(DISTRICT COLLECTOR KANCHEEPURAM_IDA)","Ganesan Selvam","KANCHEEPURAM(SC)","13-Nov-2025","RAJAGOPALREDDY VEMANNA","Payment Success","300000"
"1369","Tamil Nadu","Purchase of sports equipment","WS/MP743/2025-2026/230509","Kancheepuram(DISTRICT COLLECTOR KANCHEEPURAM_IDA)","Ganesan Selvam","KANCHEEPURAM(SC)","13-Nov-2025","RAJAGOPALREDDY VEMANNA","Payment Success","300000"
"1370","Tamil Nadu","Purchase of sports equipment","WS/MP743/2025-2026/230510","Kancheepuram(DISTRICT COLLECTOR KANCHEEPURAM_IDA)","Ganesan Selvam","KANCHEEPURAM(SC)","13-Nov-2025","RAJAGOPALREDDY VEMANNA","Payment Success","300000"
"1371","Tamil Nadu","Purchase of sports equipment","WS/MP743/2025-2026/230511","Kancheepuram(DISTRICT COLLECTOR KANCHEEPURAM_IDA)","Ganesan Selvam","KANCHEEPURAM(SC)","13-Nov-2025","RAJAGOPALREDDY VEMANNA","Payment Success","300000"
"1372","Tamil Nadu","Purchase of sports equipment","WS/MP743/2025-2026/230512","Kancheepuram(DISTRICT COLLECTOR KANCHEEPURAM_IDA)","Ganesan Selvam","KANCHEEPURAM(SC)","13-Nov-2025","RAJAGOPALREDDY VEMANNA","Payment Success","300000"
"1373","Tamil Nadu","Purchase of sports equipment","WS/MP743/2025-2026/230513","Kancheepuram(DISTRICT COLLECTOR KANCHEEPURAM_IDA)","Ganesan Selvam","KANCHEEPURAM(SC)","13-Nov-2025","RAJAGOPALREDDY VEMANNA","Payment Success","300000"
"1374","Tamil Nadu","Purchase of sports equipment","WS/MP743/2025-2026/230518","Kancheepuram(DISTRICT COLLECTOR KANCHEEPURAM_IDA)","Ganesan Selvam","KANCHEEPURAM(SC)","19-Nov-2025","HYDRANGEA ENTERPRISES","Payment Success","625000"
"1375","Tamil Nadu","Purchase of training equipment","WS/MP743/2025-2026/230519","Kancheepuram(DISTRICT COLLECTOR KANCHEEPURAM_IDA)","Ganesan Selvam","KANCHEEPURAM(SC)","19-Nov-2025","HYDRANGEA ENTERPRISES","Payment Success","625000"
"1376","Tamil Nadu","Purchase of training equipment","WS/MP743/2025-2026/230520","Kancheepuram(DISTRICT COLLECTOR KANCHEEPURAM_IDA)","Ganesan Selvam","KANCHEEPURAM(SC)","19-Nov-2025","HYDRANGEA ENTERPRISES","Payment Success","625000"
"1377","Tamil Nadu","Purchase of training equipment","WS/MP743/2025-2026/230521","Kancheepuram(DISTRICT COLLECTOR KANCHEEPURAM_IDA)","Ganesan Selvam","KANCHEEPURAM(SC)","19-Nov-2025","HYDRANGEA ENTERPRISES","Payment Success","625000"
"1378","Tamil Nadu","Purchase of training equipment","WS/MP743/2025-2026/230522","Kancheepuram(DISTRICT COLLECTOR KANCHEEPURAM_IDA)","Ganesan Selvam","KANCHEEPURAM(SC)","19-Nov-2025","HYDRANGEA ENTERPRISES","Payment Success","625000"
"1379","Tamil Nadu","Purchase of training equipment","WS/MP743/2025-2026/230524","Kancheepuram(DISTRICT COLLECTOR KANCHEEPURAM_IDA)","Ganesan Selvam","KANCHEEPURAM(SC)","19-Nov-2025","HYDRANGEA ENTERPRISES","Payment Success","625000"
"1380","Tamil Nadu","Purchase of training equipment","WS/MP743/2025-2026/230525","Kancheepuram(DISTRICT COLLECTOR KANCHEEPURAM_IDA)","Ganesan Selvam","KANCHEEPURAM(SC)","19-Nov-2025","HYDRANGEA ENTERPRISES","Payment Success","625000"
"1381","Tamil Nadu","Purchase of sports equipment","WS/MP743/2025-2026/202544","Kancheepuram(DISTRICT COLLECTOR KANCHEEPURAM_IDA)","Ganesan Selvam","KANCHEEPURAM(SC)","11-Sep-2025","DIAMOND ENTERPRISES","Payment Success","250000"
"1382","Tamil Nadu","Purchase of sports equipment","WS/MP743/2025-2026/202543","Kancheepuram(DISTRICT COLLECTOR KANCHEEPURAM_IDA)","Ganesan Selvam","KANCHEEPURAM(SC)","11-Sep-2025","DIAMOND ENTERPRISES","Payment Success","250000"
"1383","Tamil Nadu","Purchase of sports equipment","WS/MP743/2025-2026/202545","Kancheepuram(DISTRICT COLLECTOR KANCHEEPURAM_IDA)","Ganesan Selvam","KANCHEEPURAM(SC)","11-Sep-2025","DIAMOND ENTERPRISES","Payment Success","250000"
"1384","Tamil Nadu","Purchase of sports equipment","WS/MP743/2025-2026/202542","Kancheepuram(DISTRICT COLLECTOR KANCHEEPURAM_IDA)","Ganesan Selvam","KANCHEEPURAM(SC)","11-Sep-2025","DIAMOND ENTERPRISES","Payment Success","250000"
"1385","Tamil Nadu","Purchase of sports equipment","WS/MP743/2025-2026/202546","Kancheepuram(DISTRICT COLLECTOR KANCHEEPURAM_IDA)","Ganesan Selvam","KANCHEEPURAM(SC)","11-Sep-2025","DIAMOND ENTERPRISES","Payment Success","250000"
"1386","Tamil Nadu","Purchase of sports equipment","WS/MP743/2025-2026/202548","Kancheepuram(DISTRICT COLLECTOR KANCHEEPURAM_IDA)","Ganesan Selvam","KANCHEEPURAM(SC)","11-Sep-2025","DIAMOND ENTERPRISES","Payment Success","250000"
"1387","Tamil Nadu","Purchase of sports equipment","WS/MP743/2025-2026/202547","Kancheepuram(DISTRICT COLLECTOR KANCHEEPURAM_IDA)","Ganesan Selvam","KANCHEEPURAM(SC)","11-Sep-2025","DIAMOND ENTERPRISES","Payment Success","250000"
"1388","Tamil Nadu","Purchase of sports equipment","WS/MP743/2025-2026/202540","Kancheepuram(DISTRICT COLLECTOR KANCHEEPURAM_IDA)","Ganesan Selvam","KANCHEEPURAM(SC)","10-Sep-2025","DIAMOND ENTERPRISES","Payment Success","250000"
"1389","Tamil Nadu","Purchase of sports equipment","WS/MP743/2025-2026/202539","Kancheepuram(DISTRICT COLLECTOR KANCHEEPURAM_IDA)","Ganesan Selvam","KANCHEEPURAM(SC)","10-Sep-2025","DIAMOND ENTERPRISES","Payment Success","250000"
"1390","Tamil Nadu","Purchase of training equipment","WS/MP743/2025-2026/230523","Kancheepuram(DISTRICT COLLECTOR KANCHEEPURAM_IDA)","Ganesan Selvam","KANCHEEPURAM(SC)","31-Jan-2026","HYDRANGEA ENTERPRISES","Payment Success","625000"
"1391","Tamil Nadu","Purchase of training equipment","WS/MP743/2025-2026/230526","Kancheepuram(DISTRICT COLLECTOR KANCHEEPURAM_IDA)","Ganesan Selvam","KANCHEEPURAM(SC)","24-Oct-2025","Sathya Enterprises","Payment Success","625000"
"1392","Tamil Nadu","Purchase of training equipment","WS/MP743/2025-2026/230527","Kancheepuram(DISTRICT COLLECTOR KANCHEEPURAM_IDA)","Ganesan Selvam","KANCHEEPURAM(SC)","24-Oct-2025","Sathya Enterprises","Payment Success","625000"
"1393","Tamil Nadu","Purchase of training equipment","WS/MP743/2025-2026/230514","Kancheepuram(DISTRICT COLLECTOR KANCHEEPURAM_IDA)","Ganesan Selvam","KANCHEEPURAM(SC)","08-Oct-2025","R A KARMIKA KOLAPAKKAM BOB","Payment Success","625000"
"1394","Tamil Nadu","Purchase of training equipment","WS/MP743/2025-2026/230517","Kancheepuram(DISTRICT COLLECTOR KANCHEEPURAM_IDA)","Ganesan Selvam","KANCHEEPURAM(SC)","08-Oct-2025","R A KARMIKA KOLAPAKKAM BOB","Payment Success","625000"
"1395","Tamil Nadu","Purchase of training equipment","WS/MP743/2025-2026/230515","Kancheepuram(DISTRICT COLLECTOR KANCHEEPURAM_IDA)","Ganesan Selvam","KANCHEEPURAM(SC)","08-Oct-2025","R A KARMIKA KOLAPAKKAM BOB","Payment Success","625000"
"1396","Tamil Nadu","Purchase of training equipment","WS/MP743/2025-2026/230516","Kancheepuram(DISTRICT COLLECTOR KANCHEEPURAM_IDA)","Ganesan Selvam","KANCHEEPURAM(SC)","08-Oct-2025","R A KARMIKA KOLAPAKKAM BOB","Payment Success","625000"
"1397","Tamil Nadu","Purchase of sports equipment","WS/MP743/2025-2026/202541","Kancheepuram(DISTRICT COLLECTOR KANCHEEPURAM_IDA)","Ganesan Selvam","KANCHEEPURAM(SC)","16-Sep-2025","DIAMOND ENTERPRISES","Payment Success","250000"
"1398","Tamil Nadu","Purchase of smart boards, visual display units and projectors","WS/MP743/2025-2026/170868","Kancheepuram(DISTRICT COLLECTOR KANCHEEPURAM_IDA)","Ganesan Selvam","KANCHEEPURAM(SC)","28-May-2025","T PRABHAKARAN","Payment Success","400000"
"1399","Tamil Nadu","Purchase of smart boards, visual display units and projectors","WS/MP743/2024-2025/143117","Kancheepuram(DISTRICT COLLECTOR KANCHEEPURAM_IDA)","Ganesan Selvam","KANCHEEPURAM(SC)","22-Nov-2024","T PRABHAKARAN","Payment Success","400000"
"1400","Tamil Nadu","Purchase of smart boards, visual display units and projectors","WS/MP743/2024-2025/143106","Kancheepuram(DISTRICT COLLECTOR KANCHEEPURAM_IDA)","Ganesan Selvam","KANCHEEPURAM(SC)","22-Nov-2024","T PRABHAKARAN","Payment Success","400000"
"1401","Tamil Nadu","Purchase of smart boards, visual display units and projectors","WS/MP743/2024-2025/143107","Kancheepuram(DISTRICT COLLECTOR KANCHEEPURAM_IDA)","Ganesan Selvam","KANCHEEPURAM(SC)","22-Nov-2024","T PRABHAKARAN","Payment Success","400000"
"1402","Tamil Nadu","Purchase of smart boards, visual display units and projectors","WS/MP743/2024-2025/143108","Kancheepuram(DISTRICT COLLECTOR KANCHEEPURAM_IDA)","Ganesan Selvam","KANCHEEPURAM(SC)","22-Nov-2024","T PRABHAKARAN","Payment Success","400000"
"1403","Tamil Nadu","Purchase of smart boards, visual display units and projectors","WS/MP743/2024-2025/143109","Kancheepuram(DISTRICT COLLECTOR KANCHEEPURAM_IDA)","Ganesan Selvam","KANCHEEPURAM(SC)","22-Nov-2024","T PRABHAKARAN","Payment Success","400000"
"1404","Tamil Nadu","Purchase of smart boards, visual display units and projectors","WS/MP743/2024-2025/143110","Kancheepuram(DISTRICT COLLECTOR KANCHEEPURAM_IDA)","Ganesan Selvam","KANCHEEPURAM(SC)","22-Nov-2024","T PRABHAKARAN","Payment Success","400000"
"1405","Tamil Nadu","Purchase of smart boards, visual display units and projectors","WS/MP743/2024-2025/143111","Kancheepuram(DISTRICT COLLECTOR KANCHEEPURAM_IDA)","Ganesan Selvam","KANCHEEPURAM(SC)","22-Nov-2024","T PRABHAKARAN","Payment Success","400000"
"1406","Tamil Nadu","Purchase of smart boards, visual display units and projectors","WS/MP743/2024-2025/143112","Kancheepuram(DISTRICT COLLECTOR KANCHEEPURAM_IDA)","Ganesan Selvam","KANCHEEPURAM(SC)","22-Nov-2024","T PRABHAKARAN","Payment Success","400000"
"1407","Tamil Nadu","Purchase of smart boards, visual display units and projectors","WS/MP743/2024-2025/143116","Kancheepuram(DISTRICT COLLECTOR KANCHEEPURAM_IDA)","Ganesan Selvam","KANCHEEPURAM(SC)","25-Nov-2024","T PRABHAKARAN","Payment Success","400000"
"1408","Tamil Nadu","Purchase of smart boards, visual display units and projectors","WS/MP743/2024-2025/143068","Kancheepuram(DISTRICT COLLECTOR KANCHEEPURAM_IDA)","Ganesan Selvam","KANCHEEPURAM(SC)","29-Nov-2024","T PRABHAKARAN","Payment Success","400000"
"1409","Tamil Nadu","Purchase of smart boards, visual display units and projectors","WS/MP743/2024-2025/143062","Kancheepuram(DISTRICT COLLECTOR KANCHEEPURAM_IDA)","Ganesan Selvam","KANCHEEPURAM(SC)","29-Nov-2024","T PRABHAKARAN","Payment Success","400000"
"1410","Tamil Nadu","Purchase of smart boards, visual display units and projectors","WS/MP743/2024-2025/143063","Kancheepuram(DISTRICT COLLECTOR KANCHEEPURAM_IDA)","Ganesan Selvam","KANCHEEPURAM(SC)","29-Nov-2024","T PRABHAKARAN","Payment Success","400000"
"1411","Tamil Nadu","Purchase of smart boards, visual display units and projectors","WS/MP743/2024-2025/143064","Kancheepuram(DISTRICT COLLECTOR KANCHEEPURAM_IDA)","Ganesan Selvam","KANCHEEPURAM(SC)","29-Nov-2024","T PRABHAKARAN","Payment Success","400000"
"1412","Tamil Nadu","Purchase of smart boards, visual display units and projectors","WS/MP743/2024-2025/143065","Kancheepuram(DISTRICT COLLECTOR KANCHEEPURAM_IDA)","Ganesan Selvam","KANCHEEPURAM(SC)","29-Nov-2024","T PRABHAKARAN","Payment Success","400000"
"1413","Tamil Nadu","Purchase of smart boards, visual display units and projectors","WS/MP743/2024-2025/143066","Kancheepuram(DISTRICT COLLECTOR KANCHEEPURAM_IDA)","Ganesan Selvam","KANCHEEPURAM(SC)","29-Nov-2024","T PRABHAKARAN","Payment Success","400000"
"1414","Tamil Nadu","Purchase of smart boards, visual display units and projectors","WS/MP743/2024-2025/143067","Kancheepuram(DISTRICT COLLECTOR KANCHEEPURAM_IDA)","Ganesan Selvam","KANCHEEPURAM(SC)","29-Nov-2024","T PRABHAKARAN","Payment Success","400000"
"1415","Tamil Nadu","Purchase of smart boards, visual display units and projectors","WS/MP743/2024-2025/143069","Kancheepuram(DISTRICT COLLECTOR KANCHEEPURAM_IDA)","Ganesan Selvam","KANCHEEPURAM(SC)","03-Dec-2024","T PRABHAKARAN","Payment Success","400000"
"1416","Tamil Nadu","Purchase of smart boards, visual display units and projectors","WS/MP743/2024-2025/143072","Kancheepuram(DISTRICT COLLECTOR KANCHEEPURAM_IDA)","Ganesan Selvam","KANCHEEPURAM(SC)","23-Jan-2025","T PRABHAKARAN","Payment Success","400000"
"1417","Tamil Nadu","Purchase of smart boards, visual display units and projectors","WS/MP743/2024-2025/143074","Kancheepuram(DISTRICT COLLECTOR KANCHEEPURAM_IDA)","Ganesan Selvam","KANCHEEPURAM(SC)","23-Jan-2025","T PRABHAKARAN","Payment Success","400000"
"1418","Tamil Nadu","Purchase of smart boards, visual display units and projectors","WS/MP743/2024-2025/143073","Kancheepuram(DISTRICT COLLECTOR KANCHEEPURAM_IDA)","Ganesan Selvam","KANCHEEPURAM(SC)","23-Jan-2025","T PRABHAKARAN","Payment Success","400000"
"1419","Tamil Nadu","Purchase of smart boards, visual display units and projectors","WS/MP743/2024-2025/143071","Kancheepuram(DISTRICT COLLECTOR KANCHEEPURAM_IDA)","Ganesan Selvam","KANCHEEPURAM(SC)","23-Jan-2025","T PRABHAKARAN","Payment Success","400000"
"1420","Tamil Nadu","Purchase of smart boards, visual display units and projectors","WS/MP743/2024-2025/143070","Kancheepuram(DISTRICT COLLECTOR KANCHEEPURAM_IDA)","Ganesan Selvam","KANCHEEPURAM(SC)","23-Jan-2025","T PRABHAKARAN","Payment Success","400000"
"1421","Tamil Nadu","Purchase of smart boards, visual display units and projectors","WS/MP743/2024-2025/143097","Kancheepuram(DISTRICT COLLECTOR KANCHEEPURAM_IDA)","Ganesan Selvam","KANCHEEPURAM(SC)","23-Jan-2025","T PRABHAKARAN","Payment Success","400000"
"1422","Tamil Nadu","Purchase of smart boards, visual display units and projectors","WS/MP743/2024-2025/143099","Kancheepuram(DISTRICT COLLECTOR KANCHEEPURAM_IDA)","Ganesan Selvam","KANCHEEPURAM(SC)","23-Jan-2025","T PRABHAKARAN","Payment Success","400000"
"1423","Tamil Nadu","Purchase of smart boards, visual display units and projectors","WS/MP743/2024-2025/143098","Kancheepuram(DISTRICT COLLECTOR KANCHEEPURAM_IDA)","Ganesan Selvam","KANCHEEPURAM(SC)","23-Jan-2025","T PRABHAKARAN","Payment Success","400000"
"1424","Tamil Nadu","Construction of buildings for community cultural activities","WS/MP18184/2025-2026/163645","MADURAI(DISTRICT COLLECTOR MADURAI_IDA)","THANGA TAMILSELVAN","THENI","24-Dec-2025","DHIVYA K","Payment Success","996993"
"1425","Tamil Nadu","Construction of bus-sheds or bus-stops","WS/MP18184/2025-2026/161845","MADURAI(DISTRICT COLLECTOR MADURAI_IDA)","THANGA TAMILSELVAN","THENI","21-Jan-2026","H Srihari","Payment Success","999390"
"1426","Tamil Nadu","Construction of rooms and halls in school and colleges","WS/MP18184/2026-2027/161844","MADURAI(DISTRICT COLLECTOR MADURAI_IDA)","THANGA TAMILSELVAN","THENI","06-Jul-2026","PRS BROTHERS","Payment Success","1822694"
"1427","Tamil Nadu","Construction of bus-sheds or bus-stops","WS/MP18184/2025-2026/211730","MADURAI(DISTRICT COLLECTOR MADURAI_IDA)","THANGA TAMILSELVAN","THENI","10-Mar-2026","PRS BROTHERS","Payment Success","798565"
"1428","Tamil Nadu","Construction of common work sheds/ common covered sitting area","WS/MP18184/2025-2026/163646","MADURAI(DISTRICT COLLECTOR MADURAI_IDA)","THANGA TAMILSELVAN","THENI","03-Oct-2025","KAMATCHI KANIYAPPAN","Payment Success","1199626"
"1429","Tamil Nadu","Construction of bus-sheds or bus-stops","WS/MP18184/2025-2026/163648","MADURAI(DISTRICT COLLECTOR MADURAI_IDA)","THANGA TAMILSELVAN","THENI","27-Oct-2025","KARTHIKA M","Payment Success","998525"
"1430","Tamil Nadu","Construction of community centers and community halls","WS/MP18184/2025-2026/161840","MADURAI(DISTRICT COLLECTOR MADURAI_IDA)","THANGA TAMILSELVAN","THENI","13-Oct-2025","suriyakumar S D","Payment Success","391511"
"1431","Tamil Nadu","Construction of community centers and community halls","WS/MP18184/2025-2026/161840","MADURAI(DISTRICT COLLECTOR MADURAI_IDA)","THANGA TAMILSELVAN","THENI","07-Aug-2025","suriyakumar S D","Payment Success","1107988"
"1432","Tamil Nadu","Construction of community centers and community halls","WS/MP18184/2026-2027/212002","MADURAI(DISTRICT COLLECTOR MADURAI_IDA)","THANGA TAMILSELVAN","THENI","22-Jul-2026","PRAKASH P","Payment Success","1198367"
"1433","Tamil Nadu","Construction of community centers and community halls","WS/MP18184/2026-2027/212004","MADURAI(DISTRICT COLLECTOR MADURAI_IDA)","THANGA TAMILSELVAN","THENI","22-Jul-2026","RENGAMALAI PERUMALTHEVAR","Payment Success","1199609"
"1434","Tamil Nadu","Construction of community centers and community halls","WS/MP18184/2026-2027/211996","MADURAI(DISTRICT COLLECTOR MADURAI_IDA)","THANGA TAMILSELVAN","THENI","21-Jul-2026","P RAJAMANI","Payment Success","1199025"
"1435","Tamil Nadu","Construction of bus-sheds or bus-stops","WS/MP18184/2026-2027/210959","MADURAI(DISTRICT COLLECTOR MADURAI_IDA)","THANGA TAMILSELVAN","THENI","21-Jul-2026","PERUMAL P","Payment Success","999494"
"1436","Tamil Nadu","Construction of bus-sheds or bus-stops","WS/MP18184/2025-2026/212000","MADURAI(DISTRICT COLLECTOR MADURAI_IDA)","THANGA TAMILSELVAN","THENI","11-Feb-2026","SUBRAMANI V","Payment Success","799688"
"1437","Tamil Nadu","Construction of community centers and community halls","WS/MP18184/2025-2026/212001","MADURAI(DISTRICT COLLECTOR MADURAI_IDA)","THANGA TAMILSELVAN","THENI","02-Apr-2026","MARIRAJA N","Payment Success","1199097"
"1438","Tamil Nadu","Construction of community centers and community halls","WS/MP18184/2025-2026/210957","MADURAI(DISTRICT COLLECTOR MADURAI_IDA)","THANGA TAMILSELVAN","THENI","10-Apr-2026","JJ LALA PROJECTS PRIVATE LIMITED","Payment Success","398746"
"1439","Tamil Nadu","Construction of community centers and community halls","WS/MP18184/2025-2026/161789","MADURAI(DISTRICT COLLECTOR MADURAI_IDA)","THANGA TAMILSELVAN","THENI","19-Aug-2025","JJ LALA PROJECTS PRIVATE LIMITED","Payment Success","1499726"
"1440","Tamil Nadu","Construction of bus-sheds or bus-stops","WS/MP18184/2025-2026/161788","MADURAI(DISTRICT COLLECTOR MADURAI_IDA)","THANGA TAMILSELVAN","THENI","07-Aug-2025","MANI M","Payment Success","998668"
"1441","Tamil Nadu","Construction of community centers and community halls","WS/MP18184/2025-2026/161790","MADURAI(DISTRICT COLLECTOR MADURAI_IDA)","THANGA TAMILSELVAN","THENI","29-Sep-2025","JJ LALA PROJECTS PRIVATE LIMITED","Payment Success","1199620"
"1442","Tamil Nadu","Installing community drinking water plants","WS/MP747/2025-2026/214893","MADURAI(DISTRICT COLLECTOR MADURAI_IDA)","Manickam Tagore B","VIRUDHUNAGAR","18-Mar-2026","BLUENEST SERVICES","Payment Success","754628"
"1443","Tamil Nadu","Installing tube-wells and borewells","WS/MP747/2025-2026/181392","MADURAI(DISTRICT COLLECTOR MADURAI_IDA)","Manickam Tagore B","VIRUDHUNAGAR","05-Dec-2025","Ajithkumar P","Payment Success","542342"
"1444","Tamil Nadu","Construction of buildings for community cultural activities","WS/MP747/2025-2026/181393","MADURAI(DISTRICT COLLECTOR MADURAI_IDA)","Manickam Tagore B","VIRUDHUNAGAR","24-Feb-2026","KANNUSAMY AND CO","Payment Success","1296034"
"1445","Tamil Nadu","Construction of buildings for community cultural activities","WS/MP747/2025-2026/195858","MADURAI(DISTRICT COLLECTOR MADURAI_IDA)","Manickam Tagore B","VIRUDHUNAGAR","27-Feb-2026","Jeyamani","Payment Success","1297509"
"1446","Tamil Nadu","Lighting of public spaces","WS/MP747/2025-2026/242053","MADURAI(DISTRICT COLLECTOR MADURAI_IDA)","Manickam Tagore B","VIRUDHUNAGAR","14-Mar-2026","SREE THIRUPATHI MARKETING","Payment Success","830882"
"1447","Tamil Nadu","Construction of community centers and community halls","WS/MP747/2026-2027/195862","MADURAI(DISTRICT COLLECTOR MADURAI_IDA)","Manickam Tagore B","VIRUDHUNAGAR","22-Jul-2026","Jeeva S","Payment Success","2497826"
"1448","Tamil Nadu","Construction of bus-sheds or bus-stops","WS/MP747/2026-2027/207544","MADURAI(DISTRICT COLLECTOR MADURAI_IDA)","Manickam Tagore B","VIRUDHUNAGAR","10-Jul-2026","KARUPPAIAH T","Payment Success","699704"
"1449","Tamil Nadu","Construction of buildings for community cultural activities","WS/MP747/2025-2026/205090","MADURAI(DISTRICT COLLECTOR MADURAI_IDA)","Manickam Tagore B","VIRUDHUNAGAR","19-Jan-2026","RAJESHWARI R","Payment Success","998423"
"1450","Tamil Nadu","Construction of buildings for community cultural activities","WS/MP747/2025-2026/195916","MADURAI(DISTRICT COLLECTOR MADURAI_IDA)","Manickam Tagore B","VIRUDHUNAGAR","09-Jan-2026","S VELPANDI","Payment Success","998111"
"1451","Tamil Nadu","Construction of bus-sheds or bus-stops","WS/MP747/2025-2026/181390","MADURAI(DISTRICT COLLECTOR MADURAI_IDA)","Manickam Tagore B","VIRUDHUNAGAR","09-Apr-2026","NAGARANI","Payment Success","748353"
"1452","Tamil Nadu","Construction of bus-sheds or bus-stops","WS/MP747/2025-2026/178088","MADURAI(DISTRICT COLLECTOR MADURAI_IDA)","Manickam Tagore B","VIRUDHUNAGAR","09-Apr-2026","KALIDASAN","Payment Success","748994"
"1453","Tamil Nadu","Construction of buildings for community cultural activities","WS/MP747/2026-2027/181382","MADURAI(DISTRICT COLLECTOR MADURAI_IDA)","Manickam Tagore B","VIRUDHUNAGAR","08-Jul-2026","RAMAMOORTHY K S","Payment Success","1295996"
"1454","Tamil Nadu","Construction of community centers and community halls","WS/MP740/2026-2027/140341","ERODE(DISTRICT_COLLECTORE_ERODE_IDA)","Andimuthu Raja","NILGIRIS(SC)","20-May-2026","C Chithambaram","Payment Success","1400000"
"1455","Tamil Nadu","Construction of community centers and community halls","WS/MP740/2026-2027/203994","ERODE(DISTRICT_COLLECTORE_ERODE_IDA)","Andimuthu Raja","NILGIRIS(SC)","20-May-2026","C Chithambaram","Payment Success","1800000"
"1456","Tamil Nadu","Construction of community centers and community halls","WS/MP740/2026-2027/140334","ERODE(DISTRICT_COLLECTORE_ERODE_IDA)","Andimuthu Raja","NILGIRIS(SC)","12-Jun-2026","JAI CONSTRUCTION","Payment Success","1400000"
"1457","Tamil Nadu","Construction of roads, link roads, pathways or any other road with or without drainage system","WS/MP18182/2025-2026/152307","TENKASI(DISTRICT COLLECTOR TENKASI_IDA)","DR RANI SRI KUMAR","TENKASI(SC)","13-May-2025","PSR Constraction","Payment Success","2000000"
"1458","Tamil Nadu","Street lights","WS/MP18182/2025-2026/161282","TENKASI(DISTRICT COLLECTOR TENKASI_IDA)","DR RANI SRI KUMAR","TENKASI(SC)","07-Jul-2025","SUPER ELECTRICALS","Payment Success","414704"
"1459","Tamil Nadu","Street lights","WS/MP18182/2025-2026/161283","TENKASI(DISTRICT COLLECTOR TENKASI_IDA)","DR RANI SRI KUMAR","TENKASI(SC)","07-Jul-2025","SUPER ELECTRICALS","Payment Success","414704"
"1460","Tamil Nadu","Street lights","WS/MP18182/2025-2026/161284","TENKASI(DISTRICT COLLECTOR TENKASI_IDA)","DR RANI SRI KUMAR","TENKASI(SC)","07-Jul-2025","SUPER ELECTRICALS","Payment Success","414704"
"1461","Tamil Nadu","Construction of bus-sheds or bus-stops","WS/MP18384/2025-2026/204837","THIRUVARUR(DISTRICT COLLECTOR THIRUVARUR_IDA)","SELVARAJ V","NAGAPATTINAM(SC)","11-Jun-2026","DAWOOD ENTERPRISES","Payment Success","2281918"
"1462","Tamil Nadu","Construction of boundary walls of existing public and community buildings","WS/MP18384/2024-2025/177839","THIRUVARUR(DISTRICT COLLECTOR THIRUVARUR_IDA)","SELVARAJ V","NAGAPATTINAM(SC)","29-Jul-2025","B GNANAVEL CONTRACTOR","Payment Success","999900"
"1463","Tamil Nadu","Construction of community centers and community halls","WS/MP18183/2024-2025/140772","THIRUVARUR(DISTRICT COLLECTOR THIRUVARUR_IDA)","MURASOLI S","THANJAVUR","18-Feb-2025","RASU AGENCY","Payment Success","802236"
"1464","Tamil Nadu","Construction of community centers and community halls","WS/MP18183/2024-2025/140772","THIRUVARUR(DISTRICT COLLECTOR THIRUVARUR_IDA)","MURASOLI S","THANJAVUR","25-Apr-2025","RASU AGENCY","Payment Success","383900"
"1465","Tamil Nadu","Construction of footpaths and pedestrian ways","WS/MP18384/2024-2025/177838","THIRUVARUR(DISTRICT COLLECTOR THIRUVARUR_IDA)","SELVARAJ V","NAGAPATTINAM(SC)","17-Jun-2025","VSR CONSTRUCTIONS","Payment Success","1099773"
"1466","Tamil Nadu","Construction of bus-sheds or bus-stops","WS/MP18384/2025-2026/204837","THIRUVARUR(DISTRICT COLLECTOR THIRUVARUR_IDA)","SELVARAJ V","NAGAPATTINAM(SC)","05-Mar-2026","DAWOOD ENTERPRISES","Payment Success","1711065"
"1467","Tamil Nadu","Construction of roads, link roads, pathways or any other road with or without drainage system","WS/MP18384/2026-2027/292762","THIRUVARUR(DISTRICT COLLECTOR THIRUVARUR_IDA)","SELVARAJ V","NAGAPATTINAM(SC)","08-Jul-2026","NANDHINI CONSTRUCTION","Payment Success","577937"
"1468","Tamil Nadu","Construction of bus-sheds or bus-stops","WS/MP18384/2025-2026/204838","THIRUVARUR(DISTRICT COLLECTOR THIRUVARUR_IDA)","SELVARAJ V","NAGAPATTINAM(SC)","13-Jul-2026","KAVITHA","Payment Success","514468"
"1469","Tamil Nadu","Construction of bus-sheds or bus-stops","WS/MP18384/2025-2026/204838","THIRUVARUR(DISTRICT COLLECTOR THIRUVARUR_IDA)","SELVARAJ V","NAGAPATTINAM(SC)","09-Jan-2026","KAVITHA","Payment Success","285532"
"1470","Tamil Nadu","Construction of bus-sheds or bus-stops","WS/MP18384/2025-2026/204840","THIRUVARUR(DISTRICT COLLECTOR THIRUVARUR_IDA)","SELVARAJ V","NAGAPATTINAM(SC)","09-Jan-2026","KAVITHA","Payment Success","285532"
"1471","Tamil Nadu","Construction of bus-sheds or bus-stops","WS/MP18384/2025-2026/204840","THIRUVARUR(DISTRICT COLLECTOR THIRUVARUR_IDA)","SELVARAJ V","NAGAPATTINAM(SC)","13-Jun-2026","KAVITHA","Payment Success","514004"
"1472","Tamil Nadu","Construction of community centers and community halls","WS/MP740/2025-2026/160942","THE NILGIRIS(DISTRICT COLLECTOR NILGIRIS_IDA)","Andimuthu Raja","NILGIRIS(SC)","29-Aug-2025","V Radhakrishnan","Payment Success","1500000"
"1473","Tamil Nadu","Construction of boundary walls of existing public and community buildings","WS/MP740/2025-2026/219239","THE NILGIRIS(DISTRICT COLLECTOR NILGIRIS_IDA)","Andimuthu Raja","NILGIRIS(SC)","25-Sep-2025","V Radhakrishnan","Payment Success","999759"
"1474","Tamil Nadu","Construction of footpaths and pedestrian ways","WS/MP740/2025-2026/204058","THE NILGIRIS(DISTRICT COLLECTOR NILGIRIS_IDA)","Andimuthu Raja","NILGIRIS(SC)","21-Nov-2025","P Annamalai","Payment Success","1499551"
"1475","Tamil Nadu","Construction of bus-sheds or bus-stops","WS/MP740/2025-2026/160938","THE NILGIRIS(DISTRICT COLLECTOR NILGIRIS_IDA)","Andimuthu Raja","NILGIRIS(SC)","16-Oct-2025","Bheeman","Payment Success","499703"
"1476","Tamil Nadu","Construction of boundary walls of existing public and community buildings","WS/MP740/2025-2026/204038","THE NILGIRIS(DISTRICT COLLECTOR NILGIRIS_IDA)","Andimuthu Raja","NILGIRIS(SC)","28-Nov-2025","Bheeman","Payment Success","499706"
"1477","Tamil Nadu","Construction of boundary walls of existing public and community buildings","WS/MP740/2025-2026/160940","THE NILGIRIS(DISTRICT COLLECTOR NILGIRIS_IDA)","Andimuthu Raja","NILGIRIS(SC)","12-Sep-2025","BEEMAN DHARUAINGAN","Payment Success","249870"
"1478","Tamil Nadu","Construction of boundary walls of existing public and community buildings","WS/MP740/2025-2026/160941","THE NILGIRIS(DISTRICT COLLECTOR NILGIRIS_IDA)","Andimuthu Raja","NILGIRIS(SC)","15-Sep-2025","Bheeman","Payment Success","228919"
"1479","Tamil Nadu","Construction of roads, link roads, pathways or any other road with or without drainage system","WS/MP740/2025-2026/181319","THE NILGIRIS(DISTRICT COLLECTOR NILGIRIS_IDA)","Andimuthu Raja","NILGIRIS(SC)","03-Jul-2025","Bheeman","Payment Success","499510"
"1480","Tamil Nadu","Construction of community centers and community halls","WS/MP740/2025-2026/160996","THE NILGIRIS(DISTRICT COLLECTOR NILGIRIS_IDA)","Andimuthu Raja","NILGIRIS(SC)","17-Nov-2025","RPN CONSTRUCTIONS","Payment Success","1600000"
"1481","Tamil Nadu","Construction of bus-sheds or bus-stops","WS/MP740/2025-2026/160945","THE NILGIRIS(DISTRICT COLLECTOR NILGIRIS_IDA)","Andimuthu Raja","NILGIRIS(SC)","19-Aug-2025","SIVAPRAKASAM","Payment Success","499995"
"1482","Tamil Nadu","Construction of boundary walls of existing public and community buildings","WS/MP740/2025-2026/160959","THE NILGIRIS(DISTRICT COLLECTOR NILGIRIS_IDA)","Andimuthu Raja","NILGIRIS(SC)","20-Dec-2025","THILAKAVALLI","Payment Success","299076"
"1483","Tamil Nadu","Installing tube-wells and borewells","WS/MP740/2025-2026/160957","THE NILGIRIS(DISTRICT COLLECTOR NILGIRIS_IDA)","Andimuthu Raja","NILGIRIS(SC)","13-May-2026","ALEX MATHEW","Payment Success","500000"
"1484","Tamil Nadu","Construction of bus-sheds or bus-stops","WS/MP740/2025-2026/204061","THE NILGIRIS(DISTRICT COLLECTOR NILGIRIS_IDA)","Andimuthu Raja","NILGIRIS(SC)","16-Oct-2025","VISHNU H","Payment Success","499372"
"1485","Tamil Nadu","Construction of bus-sheds or bus-stops","WS/MP740/2025-2026/204060","THE NILGIRIS(DISTRICT COLLECTOR NILGIRIS_IDA)","Andimuthu Raja","NILGIRIS(SC)","16-Oct-2025","MANOGARAN P","Payment Success","498895"
"1486","Tamil Nadu","Construction of bus-sheds or bus-stops","WS/MP740/2025-2026/160949","THE NILGIRIS(DISTRICT COLLECTOR NILGIRIS_IDA)","Andimuthu Raja","NILGIRIS(SC)","16-Oct-2025","AKILESH R","Payment Success","499809"
"1487","Tamil Nadu","Construction of bus-sheds or bus-stops","WS/MP740/2025-2026/160955","THE NILGIRIS(DISTRICT COLLECTOR NILGIRIS_IDA)","Andimuthu Raja","NILGIRIS(SC)","14-Oct-2025","DINESH A","Payment Success","499890"
"1488","Tamil Nadu","Construction of roads, link roads, pathways or any other road with or without drainage system","WS/MP740/2025-2026/160951","THE NILGIRIS(DISTRICT COLLECTOR NILGIRIS_IDA)","Andimuthu Raja","NILGIRIS(SC)","14-Oct-2025","Benny VP","Payment Success","499873"
"1489","Tamil Nadu","Construction of footpaths and pedestrian ways","WS/MP740/2025-2026/160953","THE NILGIRIS(DISTRICT COLLECTOR NILGIRIS_IDA)","Andimuthu Raja","NILGIRIS(SC)","14-Mar-2026","ALEX MATHEW","Payment Success","199684"
"1490","Tamil Nadu","Construction of rooms and halls in school and colleges","WS/MP747/2025-2026/223309","VIRUDHUNAGAR(DISTRICT COLLECTOR VIRUDHUNAGAR_IDA)","Manickam Tagore B","VIRUDHUNAGAR","16-Apr-2026","KAMATCHIRAJAN K","Payment Success","1635146"
"1491","Tamil Nadu","Lighting of public spaces","WS/MP747/2025-2026/207543","VIRUDHUNAGAR(DISTRICT COLLECTOR VIRUDHUNAGAR_IDA)","Manickam Tagore B","VIRUDHUNAGAR","06-Oct-2025","VEENA ENTERPRISES","Payment Success","722960"
"1492","Tamil Nadu","Lighting of public spaces","WS/MP747/2025-2026/223312","VIRUDHUNAGAR(DISTRICT COLLECTOR VIRUDHUNAGAR_IDA)","Manickam Tagore B","VIRUDHUNAGAR","12-Dec-2025","VEENA ENTERPRISES","Payment Success","826112"
"1493","Tamil Nadu","Lighting of public spaces","WS/MP747/2025-2026/223311","VIRUDHUNAGAR(DISTRICT COLLECTOR VIRUDHUNAGAR_IDA)","Manickam Tagore B","VIRUDHUNAGAR","12-Dec-2025","VEENA ENTERPRISES","Payment Success","826112"
"1494","Tamil Nadu","Purchase of furniture and fixtures for educational purposes","WS/MP747/2025-2026/231794","VIRUDHUNAGAR(DISTRICT COLLECTOR VIRUDHUNAGAR_IDA)","Manickam Tagore B","VIRUDHUNAGAR","15-Dec-2025","M KASIVISWANATHAN","Payment Success","296140"
"1495","Tamil Nadu","Construction of toilet blocks","WS/MP747/2025-2026/181336","VIRUDHUNAGAR(DISTRICT COLLECTOR VIRUDHUNAGAR_IDA)","Manickam Tagore B","VIRUDHUNAGAR","21-Jan-2026","KAMATCHIRAJAN K","Payment Success","958504"
"1496","Tamil Nadu","Construction of toilet blocks","WS/MP747/2025-2026/181336","VIRUDHUNAGAR(DISTRICT COLLECTOR VIRUDHUNAGAR_IDA)","Manickam Tagore B","VIRUDHUNAGAR","21-Aug-2025","KAMATCHIRAJAN K","Payment Success","1541496"
"1497","Tamil Nadu","Construction of rooms and halls in school and colleges","WS/MP747/2025-2026/223309","VIRUDHUNAGAR(DISTRICT COLLECTOR VIRUDHUNAGAR_IDA)","Manickam Tagore B","VIRUDHUNAGAR","12-Jan-2026","KAMATCHIRAJAN K","Payment Success","864854"
"1498","Tamil Nadu","Lighting of public spaces","WS/MP747/2025-2026/195941","VIRUDHUNAGAR(DISTRICT COLLECTOR VIRUDHUNAGAR_IDA)","Manickam Tagore B","VIRUDHUNAGAR","18-Sep-2025","SREE THIRUPATHI MARKETING","Payment Success","447049"
"1499","Tamil Nadu","Lighting of public spaces","WS/MP747/2025-2026/205135","VIRUDHUNAGAR(DISTRICT COLLECTOR VIRUDHUNAGAR_IDA)","Manickam Tagore B","VIRUDHUNAGAR","18-Sep-2025","SREE THIRUPATHI MARKETING","Payment Success","447049"
"1500","Tamil Nadu","Construction of community centers and community halls","WS/MP747/2024-2025/136681","VIRUDHUNAGAR(DISTRICT COLLECTOR VIRUDHUNAGAR_IDA)","Manickam Tagore B","VIRUDHUNAGAR","04-Apr-2025","V NATHAN","Payment Success","2036727"
"1501","Tamil Nadu","Construction of community centers and community halls","WS/MP747/2024-2025/136681","VIRUDHUNAGAR(DISTRICT COLLECTOR VIRUDHUNAGAR_IDA)","Manickam Tagore B","VIRUDHUNAGAR","08-May-2025","V NATHAN","Payment Success","463273"
"1502","Tamil Nadu","Construction of community centers and community halls","WS/MP758/2025-2026/256943","DINDIGUL(DISTRICT COLLECTOR DINDIGUL_IDA)","Smt S Jothimani","KARUR","27-Jun-2026","SELVARAJ R","Payment Success","1048762"
"1503","Tamil Nadu","Construction of Government office buildings (Post office, Police station, Police chauki, etc.)","WS/MP758/2025-2026/213692","DINDIGUL(DISTRICT COLLECTOR DINDIGUL_IDA)","Smt S Jothimani","KARUR","05-Mar-2026","SELVARAJ R","Payment Success","1342754"
"1504","Tamil Nadu","Purchase of smart boards, visual display units and projectors","WS/MP758/2025-2026/168931","DINDIGUL(DISTRICT COLLECTOR DINDIGUL_IDA)","Smt S Jothimani","KARUR","07-Apr-2025","SEIYYON VENTURES","Payment Success","799600"
"1505","Tamil Nadu","Purchase of sports equipment","WS/MP758/2025-2026/175009","DINDIGUL(DISTRICT COLLECTOR DINDIGUL_IDA)","Smt S Jothimani","KARUR","19-Aug-2025","ASIAN SPORTS","Payment Success","69080"
"1506","Tamil Nadu","Construction of roads, link roads, pathways or any other road with or without drainage system","WS/MP18185/2025-2026/180058","TIRUNELVELI(DISTRICT COLLECTOR TIRUNELVELI_IDA)","ROBERT BRUCE C","TIRUNELVELI","28-Jan-2026","Bathmasingh Selva Meeran","Payment Success","699728"
"1507","Tamil Nadu","Lighting of public spaces","WS/MP751/2025-2026/180896","MADURAI(DISTRICT COLLECTOR MADURAI_IDA)","S Venkatesan","MADURAI","27-May-2026","N NALLATHAMBI","Payment Success","395921"
"1508","Tamil Nadu","Construction of buildings for community cultural activities","WS/MP751/2025-2026/227626","MADURAI(DISTRICT COLLECTOR MADURAI_IDA)","S Venkatesan","MADURAI","26-May-2026","Arunachaleswarar Construction","Payment Success","1196125"
"1509","Tamil Nadu","Construction of community centers and community halls","WS/MP751/2025-2026/180903","MADURAI(DISTRICT COLLECTOR MADURAI_IDA)","S Venkatesan","MADURAI","12-Jun-2026","AM Construction","Payment Success","699778"
"1510","Tamil Nadu","Construction of community centers and community halls","WS/MP751/2025-2026/180907","MADURAI(DISTRICT COLLECTOR MADURAI_IDA)","S Venkatesan","MADURAI","12-Jun-2026","AM Construction","Payment Success","699896"
"1511","Tamil Nadu","Construction of public toilets and bathrooms","WS/MP751/2026-2027/206066","MADURAI(DISTRICT COLLECTOR MADURAI_IDA)","S Venkatesan","MADURAI","12-Jun-2026","Sendhuran","Payment Success","799780"
"1512","Tamil Nadu","Construction of community centers and community halls","WS/MP751/2025-2026/206055","MADURAI(DISTRICT COLLECTOR MADURAI_IDA)","S Venkatesan","MADURAI","25-May-2026","VM TRADERS","Payment Success","699648"
"1513","Tamil Nadu","Installing tube-wells and borewells","WS/MP751/2025-2026/235291","MADURAI(DISTRICT COLLECTOR MADURAI_IDA)","S Venkatesan","MADURAI","20-Jul-2026","PANDIARAJAN G K","Payment Success","499420"
"1514","Tamil Nadu","Lighting of public spaces","WS/MP751/2025-2026/206184","MADURAI(DISTRICT COLLECTOR MADURAI_IDA)","S Venkatesan","MADURAI","24-Dec-2025","N K MARI","Payment Success","389598"
"1515","Tamil Nadu","Installing tube-wells and borewells","WS/MP751/2025-2026/262380","MADURAI(DISTRICT COLLECTOR MADURAI_IDA)","S Venkatesan","MADURAI","16-Mar-2026","AVS and Construction","Payment Success","299700"
"1516","Tamil Nadu","Development of playground","WS/MP751/2025-2026/262389","MADURAI(DISTRICT COLLECTOR MADURAI_IDA)","S Venkatesan","MADURAI","16-Mar-2026","AVS and Construction","Payment Success","547946"
"1517","Tamil Nadu","Construction of bus-sheds or bus-stops","WS/MP18184/2025-2026/211729","MADURAI(DISTRICT COLLECTOR MADURAI_IDA)","THANGA TAMILSELVAN","THENI","12-Aug-2026","N K MARI","Payment Success","798824"
"1518","Tamil Nadu","Setting up of kitchen and pantries","WS/MP751/2025-2026/206147","MADURAI(DISTRICT COLLECTOR MADURAI_IDA)","S Venkatesan","MADURAI","24-Jun-2026","N K MARI","Payment Success","499447"
"1519","Tamil Nadu","Construction of rooms and halls in school and colleges","WS/MP751/2025-2026/236466","MADURAI(DISTRICT COLLECTOR MADURAI_IDA)","S Venkatesan","MADURAI","07-Mar-2026","C SIVAKUMAR","Payment Success","1498968"
"1520","Tamil Nadu","Construction of community centers and community halls","WS/MP747/2026-2027/295239","MADURAI(DISTRICT COLLECTOR MADURAI_IDA)","Manickam Tagore B","VIRUDHUNAGAR","15-Jul-2026","MURUGAN A","Payment Success","499500"
"1521","Tamil Nadu","Construction of bus-sheds or bus-stops","WS/MP751/2025-2026/237068","MADURAI(DISTRICT COLLECTOR MADURAI_IDA)","S Venkatesan","MADURAI","05-May-2026","MANAVALAN S","Payment Success","998783"
"1522","Tamil Nadu","Construction of community centers and community halls","WS/MP747/2024-2025/136647","MADURAI(DISTRICT COLLECTOR MADURAI_IDA)","Manickam Tagore B","VIRUDHUNAGAR","15-Dec-2025","SRI ARUPADAI VELAVAN WATER SUPPLY","Payment Success","1043853"
"1523","Tamil Nadu","Construction of buildings for community cultural activities","WS/MP747/2025-2026/214894","MADURAI(DISTRICT COLLECTOR MADURAI_IDA)","Manickam Tagore B","VIRUDHUNAGAR","09-Apr-2026","MURUGAN A","Payment Success","998921"
"1524","Tamil Nadu","Construction of community centers and community halls","WS/MP747/2025-2026/195936","MADURAI(DISTRICT COLLECTOR MADURAI_IDA)","Manickam Tagore B","VIRUDHUNAGAR","12-Jan-2026","SUNDARAMOORTHY P","Payment Success","610516"
"1525","Tamil Nadu","Construction of community centers and community halls","WS/MP747/2025-2026/195936","MADURAI(DISTRICT COLLECTOR MADURAI_IDA)","Manickam Tagore B","VIRUDHUNAGAR","04-Nov-2025","SUNDARAMOORTHY P","Payment Success","739119"
"1526","Tamil Nadu","Construction of community centers and community halls","WS/MP747/2024-2025/136647","MADURAI(DISTRICT COLLECTOR MADURAI_IDA)","Manickam Tagore B","VIRUDHUNAGAR","08-Jul-2025","SRI ARUPADAI VELAVAN WATER SUPPLY","Payment Success","1326562"
"1527","Tamil Nadu","Construction of community centers and community halls","WS/MP747/2024-2025/135704","MADURAI(DISTRICT COLLECTOR MADURAI_IDA)","Manickam Tagore B","VIRUDHUNAGAR","08-Jul-2025","MURUGAN A","Payment Success","2495751"
"1528","Tamil Nadu","Construction of public toilets and bathrooms","WS/MP747/2025-2026/195994","MADURAI(DISTRICT COLLECTOR MADURAI_IDA)","Manickam Tagore B","VIRUDHUNAGAR","23-Sep-2025","SUNDARAMOORTHY P","Payment Success","698386"
"1529","Tamil Nadu","Construction of community centers and community halls","WS/MP751/2025-2026/206185","MADURAI(DISTRICT COLLECTOR MADURAI_IDA)","S Venkatesan","MADURAI","27-Jan-2026","POOMPANDI P","Payment Success","1271064"
"1530","Tamil Nadu","Installing tube-wells and borewells","WS/MP751/2025-2026/206193","MADURAI(DISTRICT COLLECTOR MADURAI_IDA)","S Venkatesan","MADURAI","16-Dec-2025","V MURUGAN","Payment Success","298111"
"1531","Tamil Nadu","Construction of community centers and community halls","WS/MP751/2026-2027/236468","MADURAI(DISTRICT COLLECTOR MADURAI_IDA)","S Venkatesan","MADURAI","07-Jul-2026","V MURUGAN","Payment Success","998626"
"1532","Tamil Nadu","Construction of bus-sheds or bus-stops","WS/MP751/2025-2026/206195","MADURAI(DISTRICT COLLECTOR MADURAI_IDA)","S Venkatesan","MADURAI","27-Feb-2026","VASANTH ANDISAMY","Payment Success","598810"
"1533","Tamil Nadu","Construction of community centers and community halls","WS/MP751/2025-2026/206185","MADURAI(DISTRICT COLLECTOR MADURAI_IDA)","S Venkatesan","MADURAI","08-Jul-2026","POOMPANDI P","Payment Success","725770"
"1534","Tamil Nadu","Construction of community centers and community halls","WS/MP751/2026-2027/210680","MADURAI(DISTRICT COLLECTOR MADURAI_IDA)","S Venkatesan","MADURAI","01-Jul-2026","PAZHANIVELRAJAN GNANASURIYAN","Payment Success","2265878"
"1535","Tamil Nadu","Construction of community centers and community halls","WS/MP751/2026-2027/236480","MADURAI(DISTRICT COLLECTOR MADURAI_IDA)","S Venkatesan","MADURAI","11-Aug-2026","SUBRAMANIAN","Payment Success","1499401"
"1536","Tamil Nadu","Construction of community centers and community halls","WS/MP751/2026-2027/206202","MADURAI(DISTRICT COLLECTOR MADURAI_IDA)","S Venkatesan","MADURAI","25-Jun-2026","PAZHANIVELRAJAN GNANASURIYAN","Payment Success","999862"
"1537","Tamil Nadu","Construction of bus-sheds or bus-stops","WS/MP751/2024-2025/146656","MADURAI(DISTRICT COLLECTOR MADURAI_IDA)","S Venkatesan","MADURAI","05-Nov-2024","DRDA MADURAI","Payment Success","2500000"
"1538","Tamil Nadu","Construction of roads, link roads, pathways or any other road with or without drainage system","WS/MP746/2025-2026/177671","VIRUDHUNAGAR(DISTRICT COLLECTOR VIRUDHUNAGAR_IDA)","Kani K Navas","RAMANATHAPURAM","12-Aug-2025","Pappathi","Payment Success","1000000"
"1539","Tamil Nadu","Construction of roads, link roads, pathways or any other road with or without drainage system","WS/MP746/2026-2027/232916","VIRUDHUNAGAR(DISTRICT COLLECTOR VIRUDHUNAGAR_IDA)","Kani K Navas","RAMANATHAPURAM","31-Jul-2026","R R Constructions","Payment Success","1000000"
"1540","Tamil Nadu","Construction of buildings for community cultural activities","WS/MP746/2026-2027/177670","VIRUDHUNAGAR(DISTRICT COLLECTOR VIRUDHUNAGAR_IDA)","Kani K Navas","RAMANATHAPURAM","18-Jun-2026","SIVAKUMAR K","Payment Success","1120000"
"1541","Tamil Nadu","Construction of rooms and halls in school and colleges","WS/MP746/2025-2026/177666","VIRUDHUNAGAR(DISTRICT COLLECTOR VIRUDHUNAGAR_IDA)","Kani K Navas","RAMANATHAPURAM","09-Oct-2025","R R Constructions","Payment Success","2250000"
"1542","Tamil Nadu","Lighting of public spaces","WS/MP18182/2025-2026/229293","VIRUDHUNAGAR(DISTRICT COLLECTOR VIRUDHUNAGAR_IDA)","DR RANI SRI KUMAR","TENKASI(SC)","03-Mar-2026","Madasamy A","Payment Success","388212"
"1543","Tamil Nadu","Lighting of public spaces","WS/MP18182/2025-2026/229292","VIRUDHUNAGAR(DISTRICT COLLECTOR VIRUDHUNAGAR_IDA)","DR RANI SRI KUMAR","TENKASI(SC)","03-Mar-2026","Madasamy A","Payment Success","388212"
"1544","Tamil Nadu","Lighting of public spaces","WS/MP18182/2025-2026/229291","VIRUDHUNAGAR(DISTRICT COLLECTOR VIRUDHUNAGAR_IDA)","DR RANI SRI KUMAR","TENKASI(SC)","04-Mar-2026","Madasamy A","Payment Success","388212"
"1545","Tamil Nadu","Lighting of public spaces","WS/MP18182/2025-2026/229290","VIRUDHUNAGAR(DISTRICT COLLECTOR VIRUDHUNAGAR_IDA)","DR RANI SRI KUMAR","TENKASI(SC)","04-Mar-2026","Madasamy A","Payment Success","388212"
"1546","Tamil Nadu","Lighting of public spaces","WS/MP18182/2025-2026/229294","VIRUDHUNAGAR(DISTRICT COLLECTOR VIRUDHUNAGAR_IDA)","DR RANI SRI KUMAR","TENKASI(SC)","04-Mar-2026","Madasamy A","Payment Success","388212"
"1547","Tamil Nadu","Construction of community centers and community halls","WS/MP017/2026-2027/206109","THIRUVALLUR(DISTRICT COLLECTOR TIRUVALLUR_IDA)","S. Jagathrakshakan","ARAKKONAM","14-May-2026","C N ARUMUGAM","Payment Success","614970"
"1548","Tamil Nadu","Construction of bus-sheds or bus-stops","WS/MP017/2025-2026/156775","THIRUVALLUR(DISTRICT COLLECTOR TIRUVALLUR_IDA)","S. Jagathrakshakan","ARAKKONAM","12-Feb-2026","C N ARUMUGAM","Payment Success","2300000"
"1549","Tamil Nadu","Construction of community centers and community halls","WS/MP393/2025-2026/206234","SIVAGANGA(DISTRICT COLLECTOR SIVAGANGA_IDA)","Shri Karti P Chidambaram","SIVAGANGA","26-Aug-2025","Karthick G","Payment Success","652437"
"1550","Tamil Nadu","Construction of public staircase/ stair ghat for public convenience","WS/MP393/2025-2026/186702","SIVAGANGA(DISTRICT COLLECTOR SIVAGANGA_IDA)","Shri Karti P Chidambaram","SIVAGANGA","26-Aug-2025","G VIGNESHKANNA","Payment Success","498279"
"1551","Tamil Nadu","Construction of community centers and community halls","WS/MP393/2025-2026/190427","SIVAGANGA(DISTRICT COLLECTOR SIVAGANGA_IDA)","Shri Karti P Chidambaram","SIVAGANGA","17-Oct-2025","PRADEEPA P","Payment Success","690422"
"1552","Tamil Nadu","Construction of community centers and community halls","WS/MP393/2025-2026/206234","SIVAGANGA(DISTRICT COLLECTOR SIVAGANGA_IDA)","Shri Karti P Chidambaram","SIVAGANGA","07-Oct-2025","Karthick G","Payment Success","295646"
"1553","Tamil Nadu","Construction of community centers and community halls","WS/MP393/2025-2026/206233","SIVAGANGA(DISTRICT COLLECTOR SIVAGANGA_IDA)","Shri Karti P Chidambaram","SIVAGANGA","26-Sep-2025","BANUMATHI RAMANATHAN","Payment Success","306305"
"1554","Tamil Nadu","Construction of community centers and community halls","WS/MP393/2025-2026/206233","SIVAGANGA(DISTRICT COLLECTOR SIVAGANGA_IDA)","Shri Karti P Chidambaram","SIVAGANGA","07-Nov-2025","BANUMATHI RAMANATHAN","Payment Success","397079"
"1555","Tamil Nadu","Construction of community centers and community halls","WS/MP393/2025-2026/190427","SIVAGANGA(DISTRICT COLLECTOR SIVAGANGA_IDA)","Shri Karti P Chidambaram","SIVAGANGA","23-Jan-2026","PRADEEPA P","Payment Success","252443"
"1556","Tamil Nadu","Construction of bus-sheds or bus-stops","WS/MP393/2025-2026/190429","SIVAGANGA(DISTRICT COLLECTOR SIVAGANGA_IDA)","Shri Karti P Chidambaram","SIVAGANGA","11-Feb-2026","KARUPPAIAH K","Payment Success","598675"
"1557","Tamil Nadu","Construction of community centers and community halls","WS/MP393/2025-2026/206235","SIVAGANGA(DISTRICT COLLECTOR SIVAGANGA_IDA)","Shri Karti P Chidambaram","SIVAGANGA","12-Feb-2026","SIVANESH T","Payment Success","947982"
"1558","Tamil Nadu","Construction of community centers and community halls","WS/MP393/2025-2026/206233","SIVAGANGA(DISTRICT COLLECTOR SIVAGANGA_IDA)","Shri Karti P Chidambaram","SIVAGANGA","02-Mar-2026","BANUMATHI RAMANATHAN","Payment Success","244758"
"1559","Tamil Nadu","Lighting of public spaces","WS/MP393/2025-2026/222817","SIVAGANGA(DISTRICT COLLECTOR SIVAGANGA_IDA)","Shri Karti P Chidambaram","SIVAGANGA","13-Mar-2026","SIVAGAMASUNDARI B","Payment Success","498419"
"1560","Tamil Nadu","Lighting of public spaces","WS/MP393/2025-2026/210037","SIVAGANGA(DISTRICT COLLECTOR SIVAGANGA_IDA)","Shri Karti P Chidambaram","SIVAGANGA","26-Dec-2025","S MUNEESWARAN","Payment Success","499852"
"1561","Tamil Nadu","Construction of bus-sheds or bus-stops","WS/MP393/2026-2027/220644","SIVAGANGA(DISTRICT COLLECTOR SIVAGANGA_IDA)","Shri Karti P Chidambaram","SIVAGANGA","19-May-2026","Jeyarani K","Payment Success","599644"
"1562","Tamil Nadu","Construction of buildings for community cultural activities","WS/MP393/2025-2026/167612","SIVAGANGA(DISTRICT COLLECTOR SIVAGANGA_IDA)","Shri Karti P Chidambaram","SIVAGANGA","30-Sep-2025","BALAMURUGAN K","Payment Success","944686"
"1563","Tamil Nadu","Construction of roads, link roads, pathways or any other road with or without drainage system","WS/MP393/2025-2026/167655","SIVAGANGA(DISTRICT COLLECTOR SIVAGANGA_IDA)","Shri Karti P Chidambaram","SIVAGANGA","30-Jul-2025","Balasubramani","Payment Success","699853"
"1564","Tamil Nadu","Lighting of public spaces","WS/MP393/2025-2026/167656","SIVAGANGA(DISTRICT COLLECTOR SIVAGANGA_IDA)","Shri Karti P Chidambaram","SIVAGANGA","30-Jul-2025","Balasubramani","Payment Success","499517"
"1565","Tamil Nadu","Construction of community centers and community halls","WS/MP393/2025-2026/206415","SIVAGANGA(DISTRICT COLLECTOR SIVAGANGA_IDA)","Shri Karti P Chidambaram","SIVAGANGA","06-May-2026","Marimuthu","Payment Success","291103"
"1566","Tamil Nadu","Construction of community centers and community halls","WS/MP393/2025-2026/206415","SIVAGANGA(DISTRICT COLLECTOR SIVAGANGA_IDA)","Shri Karti P Chidambaram","SIVAGANGA","03-Feb-2026","Marimuthu","Payment Success","653793"
"1567","Tamil Nadu","Construction of community centers and community halls","WS/MP393/2025-2026/250039","SIVAGANGA(DISTRICT COLLECTOR SIVAGANGA_IDA)","Shri Karti P Chidambaram","SIVAGANGA","22-Dec-2025","KANNAN","Payment Success","622736"
"1568","Tamil Nadu","Construction of community centers and community halls","WS/MP393/2025-2026/250039","SIVAGANGA(DISTRICT COLLECTOR SIVAGANGA_IDA)","Shri Karti P Chidambaram","SIVAGANGA","27-Feb-2026","KANNAN","Payment Success","322014"
"1569","Tamil Nadu","Construction of stadiums","WS/MP393/2025-2026/206239","SIVAGANGA(DISTRICT COLLECTOR SIVAGANGA_IDA)","Shri Karti P Chidambaram","SIVAGANGA","23-Jan-2026","ALAGU V","Payment Success","799537"
"1570","Tamil Nadu","Construction of community centers and community halls","WS/MP393/2025-2026/206238","SIVAGANGA(DISTRICT COLLECTOR SIVAGANGA_IDA)","Shri Karti P Chidambaram","SIVAGANGA","08-Dec-2025","RENGAMMAL","Payment Success","949258"
"1571","Tamil Nadu","Construction of community centers and community halls","WS/MP393/2025-2026/206240","SIVAGANGA(DISTRICT COLLECTOR SIVAGANGA_IDA)","Shri Karti P Chidambaram","SIVAGANGA","08-Dec-2025","Amalirani Sebasdiyan","Payment Success","944424"
"1572","Tamil Nadu","Construction of community centers and community halls","WS/MP393/2025-2026/206241","SIVAGANGA(DISTRICT COLLECTOR SIVAGANGA_IDA)","Shri Karti P Chidambaram","SIVAGANGA","08-Dec-2025","Amalirani Sebasdiyan","Payment Success","944552"
"1573","Tamil Nadu","Lighting of public spaces","WS/MP393/2025-2026/167611","SIVAGANGA(DISTRICT COLLECTOR SIVAGANGA_IDA)","Shri Karti P Chidambaram","SIVAGANGA","28-Oct-2025","AMN ENTERPRISES","Payment Success","494969"
"1574","Tamil Nadu","Construction of buildings for community cultural activities","WS/MP393/2024-2025/143045","SIVAGANGA(DISTRICT COLLECTOR SIVAGANGA_IDA)","Shri Karti P Chidambaram","SIVAGANGA","25-Jan-2025","ADAIKKAN V","Payment Success","849864"
"1575","Tamil Nadu","Construction of public toilets and bathrooms","WS/MP393/2024-2025/143046","SIVAGANGA(DISTRICT COLLECTOR SIVAGANGA_IDA)","Shri Karti P Chidambaram","SIVAGANGA","16-Oct-2024","SARAVANAN R","Payment Success","149904"
"1576","Tamil Nadu","Construction of roads, link roads, pathways or any other road with or without drainage system","WS/MP393/2024-2025/143044","SIVAGANGA(DISTRICT COLLECTOR SIVAGANGA_IDA)","Shri Karti P Chidambaram","SIVAGANGA","16-Oct-2024","SARAVANAN R","Payment Success","199871"
"1577","Tamil Nadu","Construction of bus-sheds or bus-stops","WS/MP393/2025-2026/167989","SIVAGANGA(DISTRICT COLLECTOR SIVAGANGA_IDA)","Shri Karti P Chidambaram","SIVAGANGA","13-Sep-2025","SAVARIMUTHU THAINESH","Payment Success","599495"
"1578","Tamil Nadu","Construction of bus-sheds or bus-stops","WS/MP393/2025-2026/167657","SIVAGANGA(DISTRICT COLLECTOR SIVAGANGA_IDA)","Shri Karti P Chidambaram","SIVAGANGA","29-Aug-2025","DHARMARAJAN RAMAIAH","Payment Success","599801"
"1579","Tamil Nadu","Construction of bus-sheds or bus-stops","WS/MP393/2025-2026/167658","SIVAGANGA(DISTRICT COLLECTOR SIVAGANGA_IDA)","Shri Karti P Chidambaram","SIVAGANGA","10-Sep-2025","S SUBRAMANIAN","Payment Success","599654"
"1580","Tamil Nadu","Construction of bus-sheds or bus-stops","WS/MP393/2025-2026/206418","SIVAGANGA(DISTRICT COLLECTOR SIVAGANGA_IDA)","Shri Karti P Chidambaram","SIVAGANGA","20-Mar-2026","PARAMESWARI","Payment Success","598242"
"1581","Tamil Nadu","Construction of bus-sheds or bus-stops","WS/MP393/2025-2026/206419","SIVAGANGA(DISTRICT COLLECTOR SIVAGANGA_IDA)","Shri Karti P Chidambaram","SIVAGANGA","20-Mar-2026","PARAMESWARI","Payment Success","589872"
"1582","Tamil Nadu","Lighting of public spaces","WS/MP393/2025-2026/210039","SIVAGANGA(DISTRICT COLLECTOR SIVAGANGA_IDA)","Shri Karti P Chidambaram","SIVAGANGA","19-Sep-2025","PARAMESWARI","Payment Success","499621"
"1583","Tamil Nadu","Lighting of public spaces","WS/MP393/2025-2026/210038","SIVAGANGA(DISTRICT COLLECTOR SIVAGANGA_IDA)","Shri Karti P Chidambaram","SIVAGANGA","20-Sep-2025","PARAMESWARI","Payment Success","499621"
"1584","Tamil Nadu","Lighting of public spaces","WS/MP393/2025-2026/167526","SIVAGANGA(DISTRICT COLLECTOR SIVAGANGA_IDA)","Shri Karti P Chidambaram","SIVAGANGA","08-Jul-2025","PARAMESWARI","Payment Success","499627"
"1585","Tamil Nadu","Installing tube-wells and borewells","WS/MP393/2025-2026/167697","SIVAGANGA(DISTRICT COLLECTOR SIVAGANGA_IDA)","Shri Karti P Chidambaram","SIVAGANGA","08-Jul-2025","PARAMESWARI","Payment Success","548668"
"1586","Tamil Nadu","Construction of community centers and community halls","WS/MP393/2026-2027/206417","SIVAGANGA(DISTRICT COLLECTOR SIVAGANGA_IDA)","Shri Karti P Chidambaram","SIVAGANGA","21-Jul-2026","MUNIYASAMY J","Payment Success","1346004"
"1587","Tamil Nadu","Construction of bus-sheds or bus-stops","WS/MP393/2026-2027/206416","SIVAGANGA(DISTRICT COLLECTOR SIVAGANGA_IDA)","Shri Karti P Chidambaram","SIVAGANGA","21-May-2026","PARAMESWARI","Payment Success","599297"
"1588","Tamil Nadu","Lighting of public spaces","WS/MP393/2025-2026/167609","SIVAGANGA(DISTRICT COLLECTOR SIVAGANGA_IDA)","Shri Karti P Chidambaram","SIVAGANGA","02-Aug-2025","RAMANATHAN","Payment Success","499957"
"1589","Tamil Nadu","Lighting of public spaces","WS/MP393/2025-2026/186701","SIVAGANGA(DISTRICT COLLECTOR SIVAGANGA_IDA)","Shri Karti P Chidambaram","SIVAGANGA","23-Oct-2025","KRS Enterprises","Payment Success","499444"
"1590","Tamil Nadu","Lighting of public spaces","WS/MP393/2025-2026/167607","SIVAGANGA(DISTRICT COLLECTOR SIVAGANGA_IDA)","Shri Karti P Chidambaram","SIVAGANGA","23-Oct-2025","KRS Enterprises","Payment Success","499444"
"1591","Tamil Nadu","Construction of community centers and community halls","WS/MP393/2025-2026/206232","SIVAGANGA(DISTRICT COLLECTOR SIVAGANGA_IDA)","Shri Karti P Chidambaram","SIVAGANGA","13-Nov-2025","SURENDRAN","Payment Success","699753"
"1592","Tamil Nadu","Construction of roads, link roads, pathways or any other road with or without drainage system","WS/MP393/2025-2026/167608","SIVAGANGA(DISTRICT COLLECTOR SIVAGANGA_IDA)","Shri Karti P Chidambaram","SIVAGANGA","09-Oct-2025","SENTHILKUMAR D","Payment Success","349348"
"1593","Tamil Nadu","Installing tube-wells and borewells","WS/MP393/2025-2026/206231","SIVAGANGA(DISTRICT COLLECTOR SIVAGANGA_IDA)","Shri Karti P Chidambaram","SIVAGANGA","29-Sep-2025","V Murali","Payment Success","649581"
"1594","Tamil Nadu","Construction of community centers and community halls","WS/MP393/2025-2026/206229","SIVAGANGA(DISTRICT COLLECTOR SIVAGANGA_IDA)","Shri Karti P Chidambaram","SIVAGANGA","06-May-2026","Manimuthu","Payment Success","949670"
"1595","Tamil Nadu","Construction of community centers and community halls","WS/MP393/2025-2026/206230","SIVAGANGA(DISTRICT COLLECTOR SIVAGANGA_IDA)","Shri Karti P Chidambaram","SIVAGANGA","24-Mar-2026","SURENDRAN","Payment Success","949959"
"1596","Tamil Nadu","Lighting of public spaces","WS/MP393/2026-2027/220638","SIVAGANGA(DISTRICT COLLECTOR SIVAGANGA_IDA)","Shri Karti P Chidambaram","SIVAGANGA","30-Jul-2026","KRS Enterprises","Payment Success","499444"
"1597","Tamil Nadu","Lighting of public spaces","WS/MP393/2026-2027/220637","SIVAGANGA(DISTRICT COLLECTOR SIVAGANGA_IDA)","Shri Karti P Chidambaram","SIVAGANGA","30-Jul-2026","KRS Enterprises","Payment Success","499444"
"1598","Tamil Nadu","Construction of bus-sheds or bus-stops","WS/MP393/2026-2027/167605","SIVAGANGA(DISTRICT COLLECTOR SIVAGANGA_IDA)","Shri Karti P Chidambaram","SIVAGANGA","09-Jul-2026","SUNDARARAJAN KR","Payment Success","674460"
"1599","Tamil Nadu","Construction of community centers and community halls","WS/MP393/2025-2026/206176","SIVAGANGA(DISTRICT COLLECTOR SIVAGANGA_IDA)","Shri Karti P Chidambaram","SIVAGANGA","17-Mar-2026","M P R ASSOCIATES","Payment Success","489890"
"1600","Tamil Nadu","Construction of bus-sheds or bus-stops","WS/MP393/2025-2026/167525","SIVAGANGA(DISTRICT COLLECTOR SIVAGANGA_IDA)","Shri Karti P Chidambaram","SIVAGANGA","26-Feb-2026","Keerthi Builders","Payment Success","590118"
"1601","Tamil Nadu","Construction of bus-sheds or bus-stops","WS/MP18181/2025-2026/211790","TIRUPPUR(DISTRICT COLLECTOR TIRUPPUR_IDA)","ESWARASAMY K","POLLACHI","27-Oct-2025","KRISHNAKUMAR G","Payment Success","1000000"
"1602","Tamil Nadu","Construction of bus-sheds or bus-stops","WS/MP18181/2025-2026/213161","TIRUPPUR(DISTRICT COLLECTOR TIRUPPUR_IDA)","ESWARASAMY K","POLLACHI","07-Apr-2026","KKS CONTRACTOR","Payment Success","998685"
"1603","Tamil Nadu","Construction of bus-sheds or bus-stops","WS/MP747/2025-2026/214888","VIRUDHUNAGAR(DISTRICT COLLECTOR VIRUDHUNAGAR_IDA)","Manickam Tagore B","VIRUDHUNAGAR","12-Jan-2026","DURAI P","Payment Success","309571"
"1604","Tamil Nadu","Construction of bus-sheds or bus-stops","WS/MP747/2025-2026/214858","VIRUDHUNAGAR(DISTRICT COLLECTOR VIRUDHUNAGAR_IDA)","Manickam Tagore B","VIRUDHUNAGAR","12-Jan-2026","DURAI P","Payment Success","317832"
"1605","Tamil Nadu","Construction of buildings for community cultural activities","WS/MP747/2026-2027/214843","VIRUDHUNAGAR(DISTRICT COLLECTOR VIRUDHUNAGAR_IDA)","Manickam Tagore B","VIRUDHUNAGAR","14-May-2026","S IMMANUVEL","Payment Success","999085"
"1606","Tamil Nadu","Construction of bus-sheds or bus-stops","WS/MP747/2025-2026/214858","VIRUDHUNAGAR(DISTRICT COLLECTOR VIRUDHUNAGAR_IDA)","Manickam Tagore B","VIRUDHUNAGAR","06-Apr-2026","DURAI P","Payment Success","481440"
"1607","Tamil Nadu","Construction of bus-sheds or bus-stops","WS/MP747/2025-2026/214888","VIRUDHUNAGAR(DISTRICT COLLECTOR VIRUDHUNAGAR_IDA)","Manickam Tagore B","VIRUDHUNAGAR","06-Apr-2026","DURAI P","Payment Success","488093"
"1608","Tamil Nadu","Construction of buildings for community cultural activities","WS/MP747/2025-2026/214889","VIRUDHUNAGAR(DISTRICT COLLECTOR VIRUDHUNAGAR_IDA)","Manickam Tagore B","VIRUDHUNAGAR","17-Mar-2026","S IMMANUVEL","Payment Success","999358"
"1609","Tamil Nadu","Construction of bus-sheds or bus-stops","WS/MP747/2025-2026/214886","VIRUDHUNAGAR(DISTRICT COLLECTOR VIRUDHUNAGAR_IDA)","Manickam Tagore B","VIRUDHUNAGAR","02-Mar-2026","R Goppammal","Payment Success","799094"
"1610","Tamil Nadu","Construction of bus-sheds or bus-stops","WS/MP747/2025-2026/141756","VIRUDHUNAGAR(DISTRICT COLLECTOR VIRUDHUNAGAR_IDA)","Manickam Tagore B","VIRUDHUNAGAR","12-Jan-2026","GANESAN VICTORIA","Payment Success","749124"
"1611","Tamil Nadu","Construction of bus-sheds or bus-stops","WS/MP747/2025-2026/141758","VIRUDHUNAGAR(DISTRICT COLLECTOR VIRUDHUNAGAR_IDA)","Manickam Tagore B","VIRUDHUNAGAR","08-Aug-2025","GANESAN VICTORIA","Payment Success","748111"
"1612","Tamil Nadu","Construction of bus-sheds or bus-stops","WS/MP747/2025-2026/141757","VIRUDHUNAGAR(DISTRICT COLLECTOR VIRUDHUNAGAR_IDA)","Manickam Tagore B","VIRUDHUNAGAR","08-Aug-2025","GANESAN VICTORIA","Payment Success","732809"
"1613","Tamil Nadu","Construction of bus-sheds or bus-stops","WS/MP747/2025-2026/141755","VIRUDHUNAGAR(DISTRICT COLLECTOR VIRUDHUNAGAR_IDA)","Manickam Tagore B","VIRUDHUNAGAR","08-Aug-2025","GANESAN VICTORIA","Payment Success","748443"
"1614","Tamil Nadu","Construction of bus-sheds or bus-stops","WS/MP747/2025-2026/147476","VIRUDHUNAGAR(DISTRICT COLLECTOR VIRUDHUNAGAR_IDA)","Manickam Tagore B","VIRUDHUNAGAR","17-Jul-2025","ajmconstructions","Payment Success","749622"
"1615","Tamil Nadu","Lighting of public spaces","WS/MP747/2025-2026/141751","VIRUDHUNAGAR(DISTRICT COLLECTOR VIRUDHUNAGAR_IDA)","Manickam Tagore B","VIRUDHUNAGAR","02-Apr-2025","SUDARSANAM CO","Payment Success","800000"
"1616","Tamil Nadu","Lighting of public spaces","WS/MP747/2025-2026/141760","VIRUDHUNAGAR(DISTRICT COLLECTOR VIRUDHUNAGAR_IDA)","Manickam Tagore B","VIRUDHUNAGAR","03-Apr-2025","SUDARSANAM CO","Payment Success","800000"
"1617","Tamil Nadu","Construction of bus-sheds or bus-stops","WS/MP747/2025-2026/141753","VIRUDHUNAGAR(DISTRICT COLLECTOR VIRUDHUNAGAR_IDA)","Manickam Tagore B","VIRUDHUNAGAR","29-Sep-2025","BALAMURUGAN K","Payment Success","748056"
"1618","Tamil Nadu","Construction of buildings for community cultural activities","WS/MP747/2025-2026/141752","VIRUDHUNAGAR(DISTRICT COLLECTOR VIRUDHUNAGAR_IDA)","Manickam Tagore B","VIRUDHUNAGAR","24-Nov-2025","Guruvuthai R","Payment Success","998818"
"1619","Tamil Nadu","Construction of boundary walls of existing public and community buildings","WS/MP747/2025-2026/205072","VIRUDHUNAGAR(DISTRICT COLLECTOR VIRUDHUNAGAR_IDA)","Manickam Tagore B","VIRUDHUNAGAR","03-Oct-2025","RAJAGURU","Payment Success","1194033"
"1620","Tamil Nadu","Construction of additional rooms and halls in the existing public and community building","WS/MP747/2025-2026/178077","VIRUDHUNAGAR(DISTRICT COLLECTOR VIRUDHUNAGAR_IDA)","Manickam Tagore B","VIRUDHUNAGAR","04-Dec-2025","Sathess kumar","Payment Success","999671"
"1621","Tamil Nadu","Construction of additional rooms and halls in the existing public and community building","WS/MP747/2025-2026/178050","VIRUDHUNAGAR(DISTRICT COLLECTOR VIRUDHUNAGAR_IDA)","Manickam Tagore B","VIRUDHUNAGAR","04-Dec-2025","Sathess kumar","Payment Success","999819"
"1622","Tamil Nadu","Construction of public toilets and bathrooms","WS/MP747/2025-2026/231156","VIRUDHUNAGAR(DISTRICT COLLECTOR VIRUDHUNAGAR_IDA)","Manickam Tagore B","VIRUDHUNAGAR","12-Feb-2026","Rajendran","Payment Success","599784"
"1623","Tamil Nadu","Construction of bus-sheds or bus-stops","WS/MP747/2025-2026/181344","VIRUDHUNAGAR(DISTRICT COLLECTOR VIRUDHUNAGAR_IDA)","Manickam Tagore B","VIRUDHUNAGAR","30-Jul-2025","Sathess kumar","Payment Success","749455"
"1624","Tamil Nadu","Construction of bus-sheds or bus-stops","WS/MP747/2025-2026/181341","VIRUDHUNAGAR(DISTRICT COLLECTOR VIRUDHUNAGAR_IDA)","Manickam Tagore B","VIRUDHUNAGAR","07-Jan-2026","Manikandan A","Payment Success","749788"
"1625","Tamil Nadu","Construction of community centers and community halls","WS/MP747/2025-2026/152182","VIRUDHUNAGAR(DISTRICT COLLECTOR VIRUDHUNAGAR_IDA)","Manickam Tagore B","VIRUDHUNAGAR","21-Apr-2025","Sathess kumar","Payment Success","999395"
"1626","Tamil Nadu","Construction of bus-sheds or bus-stops","WS/MP747/2025-2026/205132","VIRUDHUNAGAR(DISTRICT COLLECTOR VIRUDHUNAGAR_IDA)","Manickam Tagore B","VIRUDHUNAGAR","09-Jan-2026","Narayanasamy S","Payment Success","749294"
"1627","Tamil Nadu","Construction of Government office buildings (Post office, Police station, Police chauki, etc.)","WS/MP747/2026-2027/242030","VIRUDHUNAGAR(DISTRICT COLLECTOR VIRUDHUNAGAR_IDA)","Manickam Tagore B","VIRUDHUNAGAR","13-May-2026","Sathess kumar","Payment Success","1399723"
"1628","Tamil Nadu","Construction of Government office buildings (Post office, Police station, Police chauki, etc.)","WS/MP747/2026-2027/242026","VIRUDHUNAGAR(DISTRICT COLLECTOR VIRUDHUNAGAR_IDA)","Manickam Tagore B","VIRUDHUNAGAR","13-May-2026","JAINULABDEEN N","Payment Success","1399651"
"1629","Tamil Nadu","Construction of community centers and community halls","WS/MP747/2026-2027/178049","VIRUDHUNAGAR(DISTRICT COLLECTOR VIRUDHUNAGAR_IDA)","Manickam Tagore B","VIRUDHUNAGAR","14-May-2026","CHENDHUR CONSTRUCTIONS","Payment Success","2999494"
"1630","Tamil Nadu","Construction of bus-sheds or bus-stops","WS/MP747/2026-2027/269387","VIRUDHUNAGAR(DISTRICT COLLECTOR VIRUDHUNAGAR_IDA)","Manickam Tagore B","VIRUDHUNAGAR","09-Jul-2026","Sathess kumar","Payment Success","899030"
"1631","Tamil Nadu","Construction of public toilets and bathrooms","WS/MP747/2026-2027/269417","VIRUDHUNAGAR(DISTRICT COLLECTOR VIRUDHUNAGAR_IDA)","Manickam Tagore B","VIRUDHUNAGAR","09-Jul-2026","Sathess kumar","Payment Success","749431"
"1632","Tamil Nadu","Construction of bus-sheds or bus-stops","WS/MP18181/2025-2026/210288","COIMBATORE(DISTRICT COLLECTOR COIMBATORE_IDA)","ESWARASAMY K","POLLACHI","04-Jul-2025","BALASUBRAMANIAM S","Payment Success","498821"
"1633","Tamil Nadu","Construction of bus-sheds or bus-stops","WS/MP18181/2024-2025/151262","COIMBATORE(DISTRICT COLLECTOR COIMBATORE_IDA)","ESWARASAMY K","POLLACHI","02-Jan-2025","Karuppusamy","Payment Success","231455"
"1634","Tamil Nadu","Construction of bus-sheds or bus-stops","WS/MP18181/2024-2025/151262","COIMBATORE(DISTRICT COLLECTOR COIMBATORE_IDA)","ESWARASAMY K","POLLACHI","25-Feb-2025","Karuppusamy","Payment Success","239040"
"1635","Tamil Nadu","Lighting of public spaces","WS/MP18181/2025-2026/222977","COIMBATORE(DISTRICT COLLECTOR COIMBATORE_IDA)","ESWARASAMY K","POLLACHI","08-Aug-2025","SASTHA ELECTRICAL WORKS","Payment Success","474762"
"1636","Tamil Nadu","Lighting of public spaces","WS/MP18181/2025-2026/222976","COIMBATORE(DISTRICT COLLECTOR COIMBATORE_IDA)","ESWARASAMY K","POLLACHI","08-Aug-2025","SASTHA ELECTRICAL WORKS","Payment Success","474762"
"1637","Tamil Nadu","Construction of bus-sheds or bus-stops","WS/MP18181/2025-2026/210286","COIMBATORE(DISTRICT COLLECTOR COIMBATORE_IDA)","ESWARASAMY K","POLLACHI","23-Jul-2025","BALASUBRAMANIAM S","Payment Success","498927"
"1638","Tamil Nadu","Construction of bus-sheds or bus-stops","WS/MP18181/2025-2026/210287","COIMBATORE(DISTRICT COLLECTOR COIMBATORE_IDA)","ESWARASAMY K","POLLACHI","23-Jul-2025","BALASUBRAMANIAM S","Payment Success","499691"
"1639","Tamil Nadu","Construction of community centers and community halls","WS/MP756/2025-2026/171034","Ariyalur(District Collector Ariyalur_IDA)","Thirumaa Valavan Thol","CHIDAMBARAM(SC)","10-Dec-2025","Raja","Payment Success","1797770"
"1640","Tamil Nadu","Construction of community centers and community halls","WS/MP756/2025-2026/171028","Ariyalur(District Collector Ariyalur_IDA)","Thirumaa Valavan Thol","CHIDAMBARAM(SC)","04-Mar-2026","Raja","Payment Success","825955"
"1641","Tamil Nadu","Construction of community centers and community halls","WS/MP756/2025-2026/171034","Ariyalur(District Collector Ariyalur_IDA)","Thirumaa Valavan Thol","CHIDAMBARAM(SC)","13-Mar-2026","Raja","Payment Success","1494688"
"1642","Tamil Nadu","Providing supply pipelines for drinking water","WS/MP18177/2025-2026/156788","TIRUPPUR(DISTRICT COLLECTOR TIRUPPUR_IDA)","K E PRAKASH","ERODE","08-Sep-2025","SRI VAISHNAVI CONSTRUCTIONS","Payment Success","542407"
"1643","Tamil Nadu","Establishing public ground water recharging facilities","WS/MP18177/2025-2026/156786","TIRUPPUR(DISTRICT COLLECTOR TIRUPPUR_IDA)","K E PRAKASH","ERODE","08-Sep-2025","SRI VAISHNAVI CONSTRUCTIONS","Payment Success","729890"
"1644","Tamil Nadu","Providing supply pipelines for drinking water","WS/MP18177/2025-2026/156785","TIRUPPUR(DISTRICT COLLECTOR TIRUPPUR_IDA)","K E PRAKASH","ERODE","01-Aug-2025","GANESAN VEERANAYAKAR","Payment Success","543613"
"1645","Tamil Nadu","Providing supply pipelines for drinking water","WS/MP18177/2025-2026/156787","TIRUPPUR(DISTRICT COLLECTOR TIRUPPUR_IDA)","K E PRAKASH","ERODE","15-Oct-2025","SRI VAISHNAVI CONSTRUCTIONS","Payment Success","335051"
"1646","Tamil Nadu","Construction of flood control embankments/ protection walls along riverbanks, hilltops, roadsides","WS/MP017/2025-2026/160043","Ranipet(District Collector, Ranipet_2)","S. Jagathrakshakan","ARAKKONAM","16-Jun-2025","CREATIVE BUILDERS AND DECORS","Payment Success","350000"
"1647","Tamil Nadu","Providing CCTV camera system for security of public areas","WS/MP017/2026-2027/238012","Ranipet(District Collector, Ranipet_2)","S. Jagathrakshakan","ARAKKONAM","19-Jun-2026","PRKAY CONSTRUCTION PRIVATE LIMITED","Payment Success","375000"
"1648","Tamil Nadu","Construction of public toilets and bathrooms","WS/MP017/2026-2027/236840","Ranipet(District Collector, Ranipet_2)","S. Jagathrakshakan","ARAKKONAM","30-May-2026","Meghanathan G","Payment Success","500000"
"1649","Tamil Nadu","Construction of public toilets and bathrooms","WS/MP017/2025-2026/160054","Ranipet(District Collector, Ranipet_2)","S. Jagathrakshakan","ARAKKONAM","03-Jul-2025","Dinesh P K","Payment Success","500000"
"1650","Tamil Nadu","Construction of rooms and facilities for hospitals, FWC , PHC Centers and ANM centers","WS/MP394/2025-2026/197307","KANNIYAKUMARI(DISTRICT COLLECTOR KANNIYAKUMARI_IDA)","Shri vijayakumar Vasanth","KANNIYAKUMARI","17-Jan-2026","Alexander C","Payment Success","848331"
"1651","Tamil Nadu","Construction of rooms and facilities for hospitals, FWC , PHC Centers and ANM centers","WS/MP394/2025-2026/197306","KANNIYAKUMARI(DISTRICT COLLECTOR KANNIYAKUMARI_IDA)","Shri vijayakumar Vasanth","KANNIYAKUMARI","19-Jan-2026","A JOHNROBERTSON","Payment Success","997784"
"1652","Tamil Nadu","Construction of common work sheds/ common covered sitting area","WS/MP394/2025-2026/197308","KANNIYAKUMARI(DISTRICT COLLECTOR KANNIYAKUMARI_IDA)","Shri vijayakumar Vasanth","KANNIYAKUMARI","27-Apr-2026","T AZHAGESAN","Payment Success","868984"
"1653","Tamil Nadu","Construction of common work sheds/ common covered sitting area","WS/MP394/2025-2026/197308","KANNIYAKUMARI(DISTRICT COLLECTOR KANNIYAKUMARI_IDA)","Shri vijayakumar Vasanth","KANNIYAKUMARI","27-Apr-2026","T AZHAGESAN","Payment Success","12980"
"1654","Tamil Nadu","Construction of boundary walls of existing public and community buildings","WS/MP394/2025-2026/197309","KANNIYAKUMARI(DISTRICT COLLECTOR KANNIYAKUMARI_IDA)","Shri vijayakumar Vasanth","KANNIYAKUMARI","27-Apr-2026","T AZHAGESAN","Payment Success","12980"
"1655","Tamil Nadu","Construction of boundary walls of existing public and community buildings","WS/MP394/2025-2026/197309","KANNIYAKUMARI(DISTRICT COLLECTOR KANNIYAKUMARI_IDA)","Shri vijayakumar Vasanth","KANNIYAKUMARI","29-Jan-2026","T AZHAGESAN","Payment Success","878831"
"1656","Tamil Nadu","Construction of rooms and facilities for hospitals, FWC , PHC Centers and ANM centers","WS/MP394/2025-2026/197307","KANNIYAKUMARI(DISTRICT COLLECTOR KANNIYAKUMARI_IDA)","Shri vijayakumar Vasanth","KANNIYAKUMARI","29-Jan-2026","Haridas T","Payment Success","149761"
"1657","Tamil Nadu","Construction of rooms and halls in school and colleges","WS/MP394/2025-2026/197305","KANNIYAKUMARI(DISTRICT COLLECTOR KANNIYAKUMARI_IDA)","Shri vijayakumar Vasanth","KANNIYAKUMARI","28-Nov-2025","Jebadhas V","Payment Success","1398314"
"1658","Tamil Nadu","Construction of rooms and halls in school and colleges","WS/MP394/2025-2026/197305","KANNIYAKUMARI(DISTRICT COLLECTOR KANNIYAKUMARI_IDA)","Shri vijayakumar Vasanth","KANNIYAKUMARI","28-Nov-2025","Jebadhas V","Payment Success","29352"
"1659","Tamil Nadu","Construction of rooms and halls in school and colleges","WS/MP394/2025-2026/197304","KANNIYAKUMARI(DISTRICT COLLECTOR KANNIYAKUMARI_IDA)","Shri vijayakumar Vasanth","KANNIYAKUMARI","09-Dec-2025","Christo Construction","Payment Success","1587300"
"1660","Tamil Nadu","Construction of common work sheds/ common covered sitting area","WS/MP394/2025-2026/197308","KANNIYAKUMARI(DISTRICT COLLECTOR KANNIYAKUMARI_IDA)","Shri vijayakumar Vasanth","KANNIYAKUMARI","09-Dec-2025","T AZHAGESAN","Payment Success","1443183"
"1661","Tamil Nadu","Construction of common work sheds/ common covered sitting area","WS/MP394/2025-2026/197308","KANNIYAKUMARI(DISTRICT COLLECTOR KANNIYAKUMARI_IDA)","Shri vijayakumar Vasanth","KANNIYAKUMARI","19-May-2026","Nallathamby I","Payment Success","149171"
"1662","Tamil Nadu","Construction of rooms and halls in school and colleges","WS/MP394/2025-2026/197304","KANNIYAKUMARI(DISTRICT COLLECTOR KANNIYAKUMARI_IDA)","Shri vijayakumar Vasanth","KANNIYAKUMARI","20-Aug-2026","Christo Construction","Payment Success","2756138"
"1663","Tamil Nadu","Construction of rooms and halls in school and colleges","WS/MP394/2025-2026/197304","KANNIYAKUMARI(DISTRICT COLLECTOR KANNIYAKUMARI_IDA)","Shri vijayakumar Vasanth","KANNIYAKUMARI","20-Aug-2026","Jebadhas V","Payment Success","827655"
"1664","Tamil Nadu","Construction of rooms and halls in school and colleges","WS/MP394/2025-2026/197305","KANNIYAKUMARI(DISTRICT COLLECTOR KANNIYAKUMARI_IDA)","Shri vijayakumar Vasanth","KANNIYAKUMARI","20-Aug-2026","Jebadhas V","Payment Success","12980"
"1665","Tamil Nadu","Lighting of public spaces","WS/MP18265/2025-2026/252400","CUDDALORE(DISTRICT COLLECTOR CUDDALORE_IDA)","M.K. VISHNUPRASAD","CUDDALORE","17-Aug-2026","SRI SAI ENTERPRISES","Payment Success","449130"
"1666","Tamil Nadu","Lighting of public spaces","WS/MP18265/2025-2026/223403","CUDDALORE(DISTRICT COLLECTOR CUDDALORE_IDA)","M.K. VISHNUPRASAD","CUDDALORE","17-Aug-2026","SRI SAI ENTERPRISES","Payment Success","449130"
"1667","Tamil Nadu","Crematoriums/energy efficient crematoriums or structures on burial/cremation ground","WS/MP756/2025-2026/170977","CUDDALORE(DISTRICT COLLECTOR CUDDALORE_IDA)","Thirumaa Valavan Thol","CHIDAMBARAM(SC)","22-Oct-2025","KR KUMAR","Payment Success","448350"
"1668","Tamil Nadu","Lighting of public spaces","WS/MP18265/2025-2026/171229","CUDDALORE(DISTRICT COLLECTOR CUDDALORE_IDA)","M.K. VISHNUPRASAD","CUDDALORE","01-Nov-2025","SRI SAI ENTERPRISES","Payment Success","849920"
"1669","Tamil Nadu","Lighting of public spaces","WS/MP18265/2025-2026/203603","CUDDALORE(DISTRICT COLLECTOR CUDDALORE_IDA)","M.K. VISHNUPRASAD","CUDDALORE","27-Feb-2026","SRI SAI ENTERPRISES","Payment Success","449648"
"1670","Tamil Nadu","Lighting of public spaces","WS/MP18265/2025-2026/203613","CUDDALORE(DISTRICT COLLECTOR CUDDALORE_IDA)","M.K. VISHNUPRASAD","CUDDALORE","27-Feb-2026","SRI SAI ENTERPRISES","Payment Success","449648"
"1671","Tamil Nadu","Lighting of public spaces","WS/MP18265/2025-2026/203614","CUDDALORE(DISTRICT COLLECTOR CUDDALORE_IDA)","M.K. VISHNUPRASAD","CUDDALORE","27-Feb-2026","SRI SAI ENTERPRISES","Payment Success","449648"
"1672","Tamil Nadu","Lighting of public spaces","WS/MP18265/2025-2026/234985","CUDDALORE(DISTRICT COLLECTOR CUDDALORE_IDA)","M.K. VISHNUPRASAD","CUDDALORE","27-Feb-2026","SRI SAI ENTERPRISES","Payment Success","449648"
"1673","Tamil Nadu","Construction of buildings for crèches and anganwadies","WS/MP18179/2024-2025/168570","Mayiladuthurai(District Collector Mayiladuthurai_IDA)","SUDHA R","MAYILADUTHURAI","27-Nov-2025","Thiyagarajan S","Payment Success","728471"
"1674","Tamil Nadu","Lighting of public spaces","WS/MP18179/2024-2025/168567","Mayiladuthurai(District Collector Mayiladuthurai_IDA)","SUDHA R","MAYILADUTHURAI","10-May-2025","SRI SAI ENTERPRISES","Payment Success","700000"
"1675","Tamil Nadu","Crematoriums/energy efficient crematoriums or structures on burial/cremation ground","WS/MP18179/2024-2025/168571","Mayiladuthurai(District Collector Mayiladuthurai_IDA)","SUDHA R","MAYILADUTHURAI","08-Sep-2025","AMS Constructions","Payment Success","699641"
"1676","Tamil Nadu","Construction of buildings for crèches and anganwadies","WS/MP18179/2024-2025/168570","Mayiladuthurai(District Collector Mayiladuthurai_IDA)","SUDHA R","MAYILADUTHURAI","16-Apr-2026","Thiyagarajan S","Payment Success","901975"
"1677","Tamil Nadu","Lighting of public spaces","WS/MP18179/2025-2026/168578","Mayiladuthurai(District Collector Mayiladuthurai_IDA)","SUDHA R","MAYILADUTHURAI","25-Jul-2025","SRI SAI ENTERPRISES","Payment Success","700000"
"1678","Tamil Nadu","Lighting of public spaces","WS/MP18179/2024-2025/168586","Mayiladuthurai(District Collector Mayiladuthurai_IDA)","SUDHA R","MAYILADUTHURAI","25-Jul-2025","SRI SAI ENTERPRISES","Payment Success","700000"
"1679","Tamil Nadu","Lighting of public spaces","WS/MP18179/2025-2026/168580","Mayiladuthurai(District Collector Mayiladuthurai_IDA)","SUDHA R","MAYILADUTHURAI","18-Sep-2025","SRI SAI ENTERPRISES","Payment Success","700000"
"1680","Tamil Nadu","Construction of community centers and community halls","WS/MP18179/2026-2027/245289","Mayiladuthurai(District Collector Mayiladuthurai_IDA)","SUDHA R","MAYILADUTHURAI","05-Aug-2026","MAGA BUILDERS","Payment Success","1333598"
"1681","Tamil Nadu","Lighting of public spaces","WS/MP18179/2024-2025/168590","Mayiladuthurai(District Collector Mayiladuthurai_IDA)","SUDHA R","MAYILADUTHURAI","10-May-2025","SRI SAI ENTERPRISES","Payment Success","700000"
"1682","Tamil Nadu","Lighting of public spaces","WS/MP18179/2025-2026/179456","Mayiladuthurai(District Collector Mayiladuthurai_IDA)","SUDHA R","MAYILADUTHURAI","22-Oct-2025","SRI SAI ENTERPRISES","Payment Success","700000"
"1683","Tamil Nadu","Lighting of public spaces","WS/MP18179/2025-2026/179457","Mayiladuthurai(District Collector Mayiladuthurai_IDA)","SUDHA R","MAYILADUTHURAI","22-Oct-2025","SRI SAI ENTERPRISES","Payment Success","700000"
"1684","Tamil Nadu","Construction of common work sheds/ common covered sitting area","WS/MP18179/2024-2025/168587","Mayiladuthurai(District Collector Mayiladuthurai_IDA)","SUDHA R","MAYILADUTHURAI","27-Dec-2025","Arun M","Payment Success","999642"
"1685","Tamil Nadu","Construction of buildings for community cultural activities","WS/MP756/2026-2027/242960","Ariyalur(District Collector Ariyalur_IDA)","Thirumaa Valavan Thol","CHIDAMBARAM(SC)","03-Aug-2026","SUBRAMANIYAN S","Payment Success","898693"
"1686","Tamil Nadu","Construction of community centers and community halls","WS/MP756/2026-2027/242932","Ariyalur(District Collector Ariyalur_IDA)","Thirumaa Valavan Thol","CHIDAMBARAM(SC)","13-Aug-2026","K Gunasekar","Payment Success","675080"
"1687","Tamil Nadu","Construction of buildings for community cultural activities","WS/MP756/2026-2027/242933","Ariyalur(District Collector Ariyalur_IDA)","Thirumaa Valavan Thol","CHIDAMBARAM(SC)","13-Aug-2026","GUNASEKAR K","Payment Success","898835"
"1688","Tamil Nadu","Construction of water tanks","WS/MP756/2025-2026/242939","Ariyalur(District Collector Ariyalur_IDA)","Thirumaa Valavan Thol","CHIDAMBARAM(SC)","16-Mar-2026","K Gunasekar","Payment Success","688387"
"1689","Tamil Nadu","Construction of community centers and community halls","WS/MP756/2026-2027/242932","Ariyalur(District Collector Ariyalur_IDA)","Thirumaa Valavan Thol","CHIDAMBARAM(SC)","21-May-2026","K Gunasekar","Payment Success","715856"
"1690","Tamil Nadu","Construction of water tanks","WS/MP756/2025-2026/242939","Ariyalur(District Collector Ariyalur_IDA)","Thirumaa Valavan Thol","CHIDAMBARAM(SC)","19-Jun-2026","K Gunasekar","Payment Success","1281161"
"1691","Tamil Nadu","Construction of bus-sheds or bus-stops","WS/MP756/2026-2027/179603","Ariyalur(District Collector Ariyalur_IDA)","Thirumaa Valavan Thol","CHIDAMBARAM(SC)","23-Jun-2026","Rasapillai","Payment Success","994942"
"1692","Tamil Nadu","Construction of community centers and community halls","WS/MP756/2026-2027/171070","Ariyalur(District Collector Ariyalur_IDA)","Thirumaa Valavan Thol","CHIDAMBARAM(SC)","19-Aug-2026","Rasapillai","Payment Success","1198118"
"1693","Tamil Nadu","Construction of bus-sheds or bus-stops","WS/MP756/2026-2027/171111","Ariyalur(District Collector Ariyalur_IDA)","Thirumaa Valavan Thol","CHIDAMBARAM(SC)","23-Jun-2026","Rasapillai","Payment Success","597038"
"1694","Tamil Nadu","Crematoriums/energy efficient crematoriums or structures on burial/cremation ground","WS/MP756/2025-2026/171067","Ariyalur(District Collector Ariyalur_IDA)","Thirumaa Valavan Thol","CHIDAMBARAM(SC)","10-Oct-2025","Rasapillai","Payment Success","449022"
"1695","Tamil Nadu","Construction of flood control embankments/ protection walls along riverbanks, hilltops, roadsides","WS/MP18185/2025-2026/176200","TIRUNELVELI(DISTRICT COLLECTOR TIRUNELVELI_IDA)","ROBERT BRUCE C","TIRUNELVELI","04-Jun-2025","Venkat Perumal Subbiah","Payment Success","2499655"
"1696","Tamil Nadu","Construction of flood control embankments/ protection walls along riverbanks, hilltops, roadsides","WS/MP18185/2025-2026/179373","TIRUNELVELI(DISTRICT COLLECTOR TIRUNELVELI_IDA)","ROBERT BRUCE C","TIRUNELVELI","18-Jul-2025","Selvamayandi V","Payment Success","2475019"
"1697","Tamil Nadu","Construction of flood control embankments/ protection walls along riverbanks, hilltops, roadsides","WS/MP18185/2025-2026/179373","TIRUNELVELI(DISTRICT COLLECTOR TIRUNELVELI_IDA)","ROBERT BRUCE C","TIRUNELVELI","18-Jul-2025","TAMILNADU CONSTRUCTION LABOUR WELFARE BOARD","Payment Success","20993"
"1698","Tamil Nadu","Construction of flood control embankments/ protection walls along riverbanks, hilltops, roadsides","WS/MP18185/2025-2026/176110","TIRUNELVELI(DISTRICT COLLECTOR TIRUNELVELI_IDA)","ROBERT BRUCE C","TIRUNELVELI","18-Jul-2025","Susila Muthuraman","Payment Success","985068"
"1699","Tamil Nadu","Construction of flood control embankments/ protection walls along riverbanks, hilltops, roadsides","WS/MP18185/2025-2026/176110","TIRUNELVELI(DISTRICT COLLECTOR TIRUNELVELI_IDA)","ROBERT BRUCE C","TIRUNELVELI","18-Jul-2025","TAMILNADU CONSTRUCTION LABOUR WELFARE BOARD","Payment Success","8393"
"1700","Tamil Nadu","Construction of bus-sheds or bus-stops","WS/MP747/2026-2027/231792","VIRUDHUNAGAR(DISTRICT COLLECTOR VIRUDHUNAGAR_IDA)","Manickam Tagore B","VIRUDHUNAGAR","08-Jul-2026","MURUGAN G","Payment Success","999628"
"1701","Tamil Nadu","Construction of bus-sheds or bus-stops","WS/MP747/2026-2027/288943","VIRUDHUNAGAR(DISTRICT COLLECTOR VIRUDHUNAGAR_IDA)","Manickam Tagore B","VIRUDHUNAGAR","03-Jul-2026","BASKARAN A S","Payment Success","799993"
"1702","Tamil Nadu","Construction of community centers and community halls","WS/MP747/2025-2026/147477","VIRUDHUNAGAR(DISTRICT COLLECTOR VIRUDHUNAGAR_IDA)","Manickam Tagore B","VIRUDHUNAGAR","24-Jul-2025","BASKARAN A S","Payment Success","1620447"
"1703","Tamil Nadu","Construction of community centers and community halls","WS/MP747/2025-2026/147477","VIRUDHUNAGAR(DISTRICT COLLECTOR VIRUDHUNAGAR_IDA)","Manickam Tagore B","VIRUDHUNAGAR","05-Dec-2025","BASKARAN A S","Payment Success","879532"
"1704","Tamil Nadu","Lighting of public spaces","WS/MP747/2025-2026/195980","VIRUDHUNAGAR(DISTRICT COLLECTOR VIRUDHUNAGAR_IDA)","Manickam Tagore B","VIRUDHUNAGAR","04-Nov-2025","SARAVANAKUMAR M","Payment Success","850000"
"1705","Tamil Nadu","Construction of flood control embankments/ protection walls along riverbanks, hilltops, roadsides","WS/MP747/2025-2026/231157","VIRUDHUNAGAR(DISTRICT COLLECTOR VIRUDHUNAGAR_IDA)","Manickam Tagore B","VIRUDHUNAGAR","02-Jan-2026","A SAHULHAMEED","Payment Success","1399260"
"1706","Tamil Nadu","Construction of community centers and community halls","WS/MP747/2025-2026/231762","VIRUDHUNAGAR(DISTRICT COLLECTOR VIRUDHUNAGAR_IDA)","Manickam Tagore B","VIRUDHUNAGAR","12-Feb-2026","M RATHNA DEVI","Payment Success","521594"
"1707","Tamil Nadu","Construction of bus-sheds or bus-stops","WS/MP747/2025-2026/231795","VIRUDHUNAGAR(DISTRICT COLLECTOR VIRUDHUNAGAR_IDA)","Manickam Tagore B","VIRUDHUNAGAR","02-Feb-2026","MALAICHAMY P","Payment Success","632790"
"1708","Tamil Nadu","Lighting of public spaces","WS/MP747/2025-2026/205068","VIRUDHUNAGAR(DISTRICT COLLECTOR VIRUDHUNAGAR_IDA)","Manickam Tagore B","VIRUDHUNAGAR","22-Sep-2025","SARAVANAKUMAR M","Payment Success","850000"
"1709","Tamil Nadu","Construction of public toilets and bathrooms","WS/MP747/2026-2027/231764","VIRUDHUNAGAR(DISTRICT COLLECTOR VIRUDHUNAGAR_IDA)","Manickam Tagore B","VIRUDHUNAGAR","30-Jun-2026","KANNAN G","Payment Success","599264"
"1710","Tamil Nadu","Construction of Government office buildings (Post office, Police station, Police chauki, etc.)","WS/MP747/2026-2027/242035","VIRUDHUNAGAR(DISTRICT COLLECTOR VIRUDHUNAGAR_IDA)","Manickam Tagore B","VIRUDHUNAGAR","31-Jul-2026","RENUKA DEVI R","Payment Success","1099641"
"1711","Tamil Nadu","Construction of bus-sheds or bus-stops","WS/MP747/2025-2026/231795","VIRUDHUNAGAR(DISTRICT COLLECTOR VIRUDHUNAGAR_IDA)","Manickam Tagore B","VIRUDHUNAGAR","05-May-2026","MALAICHAMY P","Payment Success","365975"
"1712","Tamil Nadu","Construction of community centers and community halls","WS/MP747/2025-2026/231762","VIRUDHUNAGAR(DISTRICT COLLECTOR VIRUDHUNAGAR_IDA)","Manickam Tagore B","VIRUDHUNAGAR","07-May-2026","M RATHNA DEVI","Payment Success","577134"
"1713","Tamil Nadu","Construction of roads, link roads, pathways or any other road with or without drainage system","WS/MP746/2025-2026/225787","VIRUDHUNAGAR(DISTRICT COLLECTOR VIRUDHUNAGAR_IDA)","Kani K Navas","RAMANATHAPURAM","25-Mar-2026","N CHANDRA","Payment Success","499422"
"1714","Tamil Nadu","Construction of bus-sheds or bus-stops","WS/MP746/2026-2027/232915","VIRUDHUNAGAR(DISTRICT COLLECTOR VIRUDHUNAGAR_IDA)","Kani K Navas","RAMANATHAPURAM","17-Jun-2026","VIJAYA S","Payment Success","699235"
"1715","Tamil Nadu","Purchase of furniture and fixtures for educational purposes","WS/MP746/2024-2025/177408","VIRUDHUNAGAR(DISTRICT COLLECTOR VIRUDHUNAGAR_IDA)","Kani K Navas","RAMANATHAPURAM","17-Mar-2025","FPLUS ENTERPRISES","Payment Success","999345"
"1716","Tamil Nadu","Construction of roads, link roads, pathways or any other road with or without drainage system","WS/MP746/2025-2026/225786","VIRUDHUNAGAR(DISTRICT COLLECTOR VIRUDHUNAGAR_IDA)","Kani K Navas","RAMANATHAPURAM","31-Dec-2025","VIJAYA S","Payment Success","499065"
"1717","Tamil Nadu","Construction of water tanks","WS/MP746/2025-2026/177667","VIRUDHUNAGAR(DISTRICT COLLECTOR VIRUDHUNAGAR_IDA)","Kani K Navas","RAMANATHAPURAM","24-Jul-2025","SIVAKUMAR K","Payment Success","249785"
"1718","Tamil Nadu","Construction of community centers and community halls","WS/MP746/2026-2027/225785","VIRUDHUNAGAR(DISTRICT COLLECTOR VIRUDHUNAGAR_IDA)","Kani K Navas","RAMANATHAPURAM","20-Jun-2026","MUTHUSELVAM K","Payment Success","2998071"
"1719","Tamil Nadu","Construction of buildings for community cultural activities","WS/MP746/2025-2026/177669","VIRUDHUNAGAR(DISTRICT COLLECTOR VIRUDHUNAGAR_IDA)","Kani K Navas","RAMANATHAPURAM","25-Oct-2025","RAJESH M","Payment Success","749595"
"1720","Tamil Nadu","Lighting of public spaces","WS/MP747/2025-2026/195965","VIRUDHUNAGAR(DISTRICT COLLECTOR VIRUDHUNAGAR_IDA)","Manickam Tagore B","VIRUDHUNAGAR","16-Oct-2025","SREE THIRUPATHI MARKETING","Payment Success","441786"
"1721","Tamil Nadu","Construction of additional rooms and halls in the existing public and community building","WS/MP747/2025-2026/178081","VIRUDHUNAGAR(DISTRICT COLLECTOR VIRUDHUNAGAR_IDA)","Manickam Tagore B","VIRUDHUNAGAR","17-Oct-2025","SELVENDRAN","Payment Success","1000000"
"1722","Tamil Nadu","Construction of water tanks","WS/MP747/2025-2026/195974","VIRUDHUNAGAR(DISTRICT COLLECTOR VIRUDHUNAGAR_IDA)","Manickam Tagore B","VIRUDHUNAGAR","29-Oct-2025","KARTHIKEYAN M","Payment Success","429139"
"1723","Tamil Nadu","Construction of water tanks","WS/MP747/2025-2026/195976","VIRUDHUNAGAR(DISTRICT COLLECTOR VIRUDHUNAGAR_IDA)","Manickam Tagore B","VIRUDHUNAGAR","29-Oct-2025","KARTHIKEYAN M","Payment Success","434945"
"1724","Tamil Nadu","Street lights","WS/MP747/2025-2026/195949","VIRUDHUNAGAR(DISTRICT COLLECTOR VIRUDHUNAGAR_IDA)","Manickam Tagore B","VIRUDHUNAGAR","17-Dec-2025","SREE THIRUPATHI MARKETING","Payment Success","150000"
"1725","Tamil Nadu","Construction of community centers and community halls","WS/MP747/2026-2027/178082","VIRUDHUNAGAR(DISTRICT COLLECTOR VIRUDHUNAGAR_IDA)","Manickam Tagore B","VIRUDHUNAGAR","14-May-2026","KARTHIKEYAN M","Payment Success","901736"
"1726","Tamil Nadu","Lighting of public spaces","WS/MP747/2026-2027/269416","VIRUDHUNAGAR(DISTRICT COLLECTOR VIRUDHUNAGAR_IDA)","Manickam Tagore B","VIRUDHUNAGAR","27-Jul-2026","THIRUPATHYRAJ R","Payment Success","120000"
"1727","Tamil Nadu","Construction of rooms and halls in school and colleges","WS/MP747/2025-2026/214835","VIRUDHUNAGAR(DISTRICT COLLECTOR VIRUDHUNAGAR_IDA)","Manickam Tagore B","VIRUDHUNAGAR","01-Jul-2026","Kanagaraj P","Payment Success","3161122"
"1728","Tamil Nadu","Construction of rooms and halls in school and colleges","WS/MP747/2025-2026/214835","VIRUDHUNAGAR(DISTRICT COLLECTOR VIRUDHUNAGAR_IDA)","Manickam Tagore B","VIRUDHUNAGAR","24-Feb-2026","Kanagaraj P","Payment Success","1680546"
"1729","Tamil Nadu","Lighting of public spaces","WS/MP18182/2025-2026/184739","VIRUDHUNAGAR(DISTRICT COLLECTOR VIRUDHUNAGAR_IDA)","DR RANI SRI KUMAR","TENKASI(SC)","12-Sep-2025","SUNDAR T","Payment Success","429703"
"1730","Tamil Nadu","Lighting of public spaces","WS/MP18182/2025-2026/184744","VIRUDHUNAGAR(DISTRICT COLLECTOR VIRUDHUNAGAR_IDA)","DR RANI SRI KUMAR","TENKASI(SC)","12-Sep-2025","SUNDAR T","Payment Success","876210"
"1731","Tamil Nadu","Lighting of public spaces","WS/MP18182/2025-2026/184741","VIRUDHUNAGAR(DISTRICT COLLECTOR VIRUDHUNAGAR_IDA)","DR RANI SRI KUMAR","TENKASI(SC)","12-Sep-2025","SUNDAR T","Payment Success","429703"
"1732","Tamil Nadu","Lighting of public spaces","WS/MP18182/2025-2026/184696","VIRUDHUNAGAR(DISTRICT COLLECTOR VIRUDHUNAGAR_IDA)","DR RANI SRI KUMAR","TENKASI(SC)","12-Sep-2025","SUNDAR T","Payment Success","429703"
"1733","Tamil Nadu","Lighting of public spaces","WS/MP18182/2025-2026/184695","VIRUDHUNAGAR(DISTRICT COLLECTOR VIRUDHUNAGAR_IDA)","DR RANI SRI KUMAR","TENKASI(SC)","12-Sep-2025","SUNDAR T","Payment Success","429703"
"1734","Tamil Nadu","Lighting of public spaces","WS/MP18182/2025-2026/184694","VIRUDHUNAGAR(DISTRICT COLLECTOR VIRUDHUNAGAR_IDA)","DR RANI SRI KUMAR","TENKASI(SC)","23-Sep-2025","SUNDAR T","Payment Success","429703"
"1735","Tamil Nadu","Lighting of public spaces","WS/MP18182/2025-2026/184693","VIRUDHUNAGAR(DISTRICT COLLECTOR VIRUDHUNAGAR_IDA)","DR RANI SRI KUMAR","TENKASI(SC)","23-Sep-2025","SUNDAR T","Payment Success","429703"
"1736","Tamil Nadu","Lighting of public spaces","WS/MP18182/2025-2026/184691","VIRUDHUNAGAR(DISTRICT COLLECTOR VIRUDHUNAGAR_IDA)","DR RANI SRI KUMAR","TENKASI(SC)","23-Sep-2025","SUNDAR T","Payment Success","429703"
"1737","Tamil Nadu","Lighting of public spaces","WS/MP18182/2025-2026/184692","VIRUDHUNAGAR(DISTRICT COLLECTOR VIRUDHUNAGAR_IDA)","DR RANI SRI KUMAR","TENKASI(SC)","23-Sep-2025","SUNDAR T","Payment Success","429703"
"1738","Tamil Nadu","Lighting of public spaces","WS/MP18182/2025-2026/229289","VIRUDHUNAGAR(DISTRICT COLLECTOR VIRUDHUNAGAR_IDA)","DR RANI SRI KUMAR","TENKASI(SC)","31-Mar-2026","Madasamy A","Payment Success","418590"
"1739","Tamil Nadu","Lighting of public spaces","WS/MP18182/2025-2026/185122","VIRUDHUNAGAR(DISTRICT COLLECTOR VIRUDHUNAGAR_IDA)","DR RANI SRI KUMAR","TENKASI(SC)","03-Dec-2025","SUNDAR T","Payment Success","430000"
"1740","Tamil Nadu","Lighting of public spaces","WS/MP18182/2025-2026/185125","VIRUDHUNAGAR(DISTRICT COLLECTOR VIRUDHUNAGAR_IDA)","DR RANI SRI KUMAR","TENKASI(SC)","09-Dec-2025","SUNDAR T","Payment Success","430000"
"1741","Tamil Nadu","Lighting of public spaces","WS/MP18182/2025-2026/185100","VIRUDHUNAGAR(DISTRICT COLLECTOR VIRUDHUNAGAR_IDA)","DR RANI SRI KUMAR","TENKASI(SC)","09-Dec-2025","SUNDAR T","Payment Success","430000"
"1742","Tamil Nadu","Lighting of public spaces","WS/MP18182/2025-2026/185124","VIRUDHUNAGAR(DISTRICT COLLECTOR VIRUDHUNAGAR_IDA)","DR RANI SRI KUMAR","TENKASI(SC)","09-Dec-2025","SUNDAR T","Payment Success","430000"
"1743","Tamil Nadu","Lighting of public spaces","WS/MP18182/2025-2026/185123","VIRUDHUNAGAR(DISTRICT COLLECTOR VIRUDHUNAGAR_IDA)","DR RANI SRI KUMAR","TENKASI(SC)","09-Dec-2025","SUNDAR T","Payment Success","1290000"
"1744","Tamil Nadu","Lighting of public spaces","WS/MP18182/2025-2026/185128","VIRUDHUNAGAR(DISTRICT COLLECTOR VIRUDHUNAGAR_IDA)","DR RANI SRI KUMAR","TENKASI(SC)","09-Dec-2025","SUNDAR T","Payment Success","738147"
"1745","Tamil Nadu","Lighting of public spaces","WS/MP18182/2025-2026/185127","VIRUDHUNAGAR(DISTRICT COLLECTOR VIRUDHUNAGAR_IDA)","DR RANI SRI KUMAR","TENKASI(SC)","09-Dec-2025","SUNDAR T","Payment Success","430000"
"1746","Tamil Nadu","Lighting of public spaces","WS/MP18182/2025-2026/185126","VIRUDHUNAGAR(DISTRICT COLLECTOR VIRUDHUNAGAR_IDA)","DR RANI SRI KUMAR","TENKASI(SC)","09-Dec-2025","SUNDAR T","Payment Success","430000"
"1747","Tamil Nadu","Construction of roads, link roads, pathways or any other road with or without drainage system","WS/MP756/2025-2026/170250","CUDDALORE(DISTRICT COLLECTOR CUDDALORE_IDA)","Thirumaa Valavan Thol","CHIDAMBARAM(SC)","03-Sep-2025","IYAPPAN A G","Payment Success","1000000"
"1748","Tamil Nadu","Construction of roads, link roads, pathways or any other road with or without drainage system","WS/MP18265/2025-2026/154778","CUDDALORE(DISTRICT COLLECTOR CUDDALORE_IDA)","M.K. VISHNUPRASAD","CUDDALORE","11-Aug-2025","KANNAN","Payment Success","500000"
"1749","Tamil Nadu","Construction of community centers and community halls","WS/MP756/2025-2026/170954","CUDDALORE(DISTRICT COLLECTOR CUDDALORE_IDA)","Thirumaa Valavan Thol","CHIDAMBARAM(SC)","07-Nov-2025","Arikrishnan k","Payment Success","2050139"
"1750","Tamil Nadu","Construction of community centers and community halls","WS/MP756/2025-2026/170954","CUDDALORE(DISTRICT COLLECTOR CUDDALORE_IDA)","Thirumaa Valavan Thol","CHIDAMBARAM(SC)","04-Feb-2026","Arikrishnan k","Payment Success","1683188"
"1751","Tamil Nadu","Construction of community centers and community halls","WS/MP756/2025-2026/170954","CUDDALORE(DISTRICT COLLECTOR CUDDALORE_IDA)","Thirumaa Valavan Thol","CHIDAMBARAM(SC)","13-Jun-2026","Arikrishnan k","Payment Success","1266673"
"1752","Tamil Nadu","Crematoriums/energy efficient crematoriums or structures on burial/cremation ground","WS/MP756/2025-2026/171112","Ariyalur(District Collector Ariyalur_IDA)","Thirumaa Valavan Thol","CHIDAMBARAM(SC)","27-Nov-2025","Rasapillai","Payment Success","449315"
"1753","Tamil Nadu","Providing drains and gutters for public drainage","WS/MP756/2025-2026/179604","Ariyalur(District Collector Ariyalur_IDA)","Thirumaa Valavan Thol","CHIDAMBARAM(SC)","31-Dec-2025","Rasapillai","Payment Success","999025"
"1754","Tamil Nadu","Lighting of public spaces","WS/MP18265/2026-2027/222626","CUDDALORE(DISTRICT COLLECTOR CUDDALORE_IDA)","M.K. VISHNUPRASAD","CUDDALORE","22-Jun-2026","SRI SAI ENTERPRISES","Payment Success","450000"
"1755","Tamil Nadu","Providing drains and gutters for public drainage","WS/MP18265/2025-2026/154782","CUDDALORE(DISTRICT COLLECTOR CUDDALORE_IDA)","M.K. VISHNUPRASAD","CUDDALORE","13-Aug-2025","P Manogaran","Payment Success","500000"
"1756","Tamil Nadu","Construction of boundary walls of existing public and community buildings","WS/MP18265/2025-2026/154835","CUDDALORE(DISTRICT COLLECTOR CUDDALORE_IDA)","M.K. VISHNUPRASAD","CUDDALORE","30-Jul-2025","Chakkaparani P","Payment Success","500000"
"1757","Tamil Nadu","Construction of roads, link roads, pathways or any other road with or without drainage system","WS/MP18265/2025-2026/154834","CUDDALORE(DISTRICT COLLECTOR CUDDALORE_IDA)","M.K. VISHNUPRASAD","CUDDALORE","05-Aug-2025","OM MURUGA CONSTRUCTIONS","Payment Success","500000"
"1758","Tamil Nadu","Lighting of public spaces","WS/MP18182/2025-2026/184689","VIRUDHUNAGAR(DISTRICT COLLECTOR VIRUDHUNAGAR_IDA)","DR RANI SRI KUMAR","TENKASI(SC)","25-Aug-2025","SUNDAR T","Payment Success","430000"
"1759","Tamil Nadu","Lighting of public spaces","WS/MP18182/2025-2026/184690","VIRUDHUNAGAR(DISTRICT COLLECTOR VIRUDHUNAGAR_IDA)","DR RANI SRI KUMAR","TENKASI(SC)","25-Aug-2025","SUNDAR T","Payment Success","430000"
"1760","Tamil Nadu","Construction of bus-sheds or bus-stops","WS/MP18185/2025-2026/216866","TIRUNELVELI(DISTRICT COLLECTOR TIRUNELVELI_IDA)","ROBERT BRUCE C","TIRUNELVELI","13-Mar-2026","USHA K","Payment Success","799714"
"1761","Tamil Nadu","Construction of roads, link roads, pathways or any other road with or without drainage system","WS/MP18185/2026-2027/228424","TIRUNELVELI(DISTRICT COLLECTOR TIRUNELVELI_IDA)","ROBERT BRUCE C","TIRUNELVELI","27-May-2026","SAV Construction Kumaresan Manilal","Payment Success","1499484"
"1762","Tamil Nadu","Construction of roads, link roads, pathways or any other road with or without drainage system","WS/MP18185/2026-2027/228425","TIRUNELVELI(DISTRICT COLLECTOR TIRUNELVELI_IDA)","ROBERT BRUCE C","TIRUNELVELI","27-May-2026","SAV Construction Kumaresan Manilal","Payment Success","1226411"
"1763","Tamil Nadu","Construction of road under bridge","WS/MP18185/2026-2027/246646","TIRUNELVELI(DISTRICT COLLECTOR TIRUNELVELI_IDA)","ROBERT BRUCE C","TIRUNELVELI","14-Aug-2026","RICHARD HARDSON K","Payment Success","1499336"
"1764","Tamil Nadu","Construction of roads, link roads, pathways or any other road with or without drainage system","WS/MP18185/2025-2026/179805","TIRUNELVELI(DISTRICT COLLECTOR TIRUNELVELI_IDA)","ROBERT BRUCE C","TIRUNELVELI","25-Oct-2025","SAV Construction Kumaresan Manilal","Payment Success","983686"
"1765","Tamil Nadu","Construction of boundary walls of existing public and community buildings","WS/MP18181/2025-2026/179573","COIMBATORE(DISTRICT COLLECTOR COIMBATORE_IDA)","ESWARASAMY K","POLLACHI","30-May-2025","E NATARAJ","Payment Success","240140"
"1766","Tamil Nadu","Installing tube-wells and borewells","WS/MP18180/2025-2026/231234","PERAMBALUR(DISTRICT COLLECTOR PERAMBALUR_IDA)","ARUN NEHRU","PERAMBALUR","04-Feb-2026","M Rajkumar","Payment Success","299939"
"1767","Tamil Nadu","Construction of public irrigation facilities","WS/MP18180/2025-2026/231232","PERAMBALUR(DISTRICT COLLECTOR PERAMBALUR_IDA)","ARUN NEHRU","PERAMBALUR","04-Feb-2026","M Rajkumar","Payment Success","249880"
"1768","Tamil Nadu","Construction of public irrigation facilities","WS/MP18180/2025-2026/231233","PERAMBALUR(DISTRICT COLLECTOR PERAMBALUR_IDA)","ARUN NEHRU","PERAMBALUR","04-Feb-2026","M Rajkumar","Payment Success","349913"
"1769","Tamil Nadu","Installing tube-wells and borewells","WS/MP18180/2025-2026/231231","PERAMBALUR(DISTRICT COLLECTOR PERAMBALUR_IDA)","ARUN NEHRU","PERAMBALUR","19-Jan-2026","M Rajkumar","Payment Success","299911"
"1770","Tamil Nadu","Construction of roads, link roads, pathways or any other road with or without drainage system","WS/MP18180/2025-2026/231224","PERAMBALUR(DISTRICT COLLECTOR PERAMBALUR_IDA)","ARUN NEHRU","PERAMBALUR","13-Jan-2026","NALLATHAMBI S","Payment Success","299540"
"1771","Tamil Nadu","Construction of footpaths and pedestrian ways","WS/MP18180/2025-2026/231221","PERAMBALUR(DISTRICT COLLECTOR PERAMBALUR_IDA)","ARUN NEHRU","PERAMBALUR","25-Mar-2026","Indhira construction","Payment Success","496071"
"1772","Tamil Nadu","Construction of boundary walls of existing public and community buildings","WS/MP18180/2025-2026/231222","PERAMBALUR(DISTRICT COLLECTOR PERAMBALUR_IDA)","ARUN NEHRU","PERAMBALUR","06-May-2026","SriRaj Construction","Payment Success","498957"
"1773","Tamil Nadu","Construction of roads, link roads, pathways or any other road with or without drainage system","WS/MP18180/2025-2026/231225","PERAMBALUR(DISTRICT COLLECTOR PERAMBALUR_IDA)","ARUN NEHRU","PERAMBALUR","30-Apr-2026","NALLATHAMBI S","Payment Success","299278"
"1774","Tamil Nadu","Construction of footpaths and pedestrian ways","WS/MP18180/2025-2026/231227","PERAMBALUR(DISTRICT COLLECTOR PERAMBALUR_IDA)","ARUN NEHRU","PERAMBALUR","30-Apr-2026","NALLATHAMBI S","Payment Success","297213"
"1775","Tamil Nadu","Construction of rooms and halls in school and colleges","WS/MP18180/2025-2026/162520","PERAMBALUR(DISTRICT COLLECTOR PERAMBALUR_IDA)","ARUN NEHRU","PERAMBALUR","06-May-2026","Thamilarasan","Payment Success","2051227"
"1776","Tamil Nadu","Construction of roads, link roads, pathways or any other road with or without drainage system","WS/MP18180/2025-2026/231226","PERAMBALUR(DISTRICT COLLECTOR PERAMBALUR_IDA)","ARUN NEHRU","PERAMBALUR","04-Feb-2026","NALLATHAMBI S","Payment Success","299687"
"1777","Tamil Nadu","Construction of rooms and halls in school and colleges","WS/MP18180/2025-2026/162520","PERAMBALUR(DISTRICT COLLECTOR PERAMBALUR_IDA)","ARUN NEHRU","PERAMBALUR","15-Nov-2025","E SOLUTIONS","Payment Success","1460059"
"1778","Tamil Nadu","Construction of roads, link roads, pathways or any other road with or without drainage system","WS/MP18180/2025-2026/231223","PERAMBALUR(DISTRICT COLLECTOR PERAMBALUR_IDA)","ARUN NEHRU","PERAMBALUR","22-Jan-2026","NALLATHAMBI S","Payment Success","299337"
"1779","Tamil Nadu","Construction of footpaths and pedestrian ways","WS/MP18180/2025-2026/231220","PERAMBALUR(DISTRICT COLLECTOR PERAMBALUR_IDA)","ARUN NEHRU","PERAMBALUR","22-Jan-2026","Indhira construction","Payment Success","499413"
"1780","Tamil Nadu","Construction of rooms and halls in school and colleges","WS/MP18180/2025-2026/162520","PERAMBALUR(DISTRICT COLLECTOR PERAMBALUR_IDA)","ARUN NEHRU","PERAMBALUR","15-May-2025","E SOLUTIONS","Payment Success","838516"
"1781","Tamil Nadu","Construction of roads, link roads, pathways or any other road with or without drainage system","WS/MP756/2025-2026/171142","PERAMBALUR(DISTRICT COLLECTOR PERAMBALUR_IDA)","Thirumaa Valavan Thol","CHIDAMBARAM(SC)","02-Sep-2025","Pandan","Payment Success","2195668"
"1782","Tamil Nadu","Construction of roads, link roads, pathways or any other road with or without drainage system","WS/MP756/2025-2026/171134","PERAMBALUR(DISTRICT COLLECTOR PERAMBALUR_IDA)","Thirumaa Valavan Thol","CHIDAMBARAM(SC)","17-Nov-2025","P S Rajendran Puduvettagudi","Payment Success","1099846"
"1783","Tamil Nadu","Construction of rooms and halls in school and colleges","WS/MP756/2025-2026/242927","PERAMBALUR(DISTRICT COLLECTOR PERAMBALUR_IDA)","Thirumaa Valavan Thol","CHIDAMBARAM(SC)","15-Aug-2026","P S Rajendran Puduvettagudi","Payment Success","1458652"
"1784","Tamil Nadu","Construction of community centers and community halls","WS/MP756/2025-2026/171145","PERAMBALUR(DISTRICT COLLECTOR PERAMBALUR_IDA)","Thirumaa Valavan Thol","CHIDAMBARAM(SC)","06-Dec-2025","MANIMARAN PERALI","Payment Success","1174038"
"1785","Tamil Nadu","Construction of roads, link roads, pathways or any other road with or without drainage system","WS/MP756/2025-2026/242956","PERAMBALUR(DISTRICT COLLECTOR PERAMBALUR_IDA)","Thirumaa Valavan Thol","CHIDAMBARAM(SC)","02-Apr-2026","P S Rajendran Puduvettagudi","Payment Success","1492881"
"1786","Tamil Nadu","Lighting of public spaces","WS/MP751/2025-2026/180884","MADURAI(DISTRICT COLLECTOR MADURAI_IDA)","S Venkatesan","MADURAI","21-Nov-2025","N S CHELLAPANDIAN","Payment Success","499892"
"1787","Tamil Nadu","Lighting of public spaces","WS/MP751/2025-2026/180629","MADURAI(DISTRICT COLLECTOR MADURAI_IDA)","S Venkatesan","MADURAI","20-Nov-2025","N K MARI","Payment Success","299770"
"1788","Tamil Nadu","Lighting of public spaces","WS/MP751/2025-2026/180909","MADURAI(DISTRICT COLLECTOR MADURAI_IDA)","S Venkatesan","MADURAI","12-Nov-2025","N S CHELLAPANDIAN","Payment Success","399890"
"1789","Tamil Nadu","Construction of community centers and community halls","WS/MP751/2025-2026/180632","MADURAI(DISTRICT COLLECTOR MADURAI_IDA)","S Venkatesan","MADURAI","25-Nov-2025","M THILLAI NATARAJAN","Payment Success","699660"
"1790","Tamil Nadu","Construction of community centers and community halls","WS/MP747/2024-2025/136648","MADURAI(DISTRICT COLLECTOR MADURAI_IDA)","Manickam Tagore B","VIRUDHUNAGAR","10-Oct-2025","N S CHELLAPANDIAN","Payment Success","2494342"
"1791","Tamil Nadu","Lighting of public spaces","WS/MP751/2025-2026/206112","MADURAI(DISTRICT COLLECTOR MADURAI_IDA)","S Venkatesan","MADURAI","23-Jan-2026","N K MARI","Payment Success","359999"
"1792","Tamil Nadu","Lighting of public spaces","WS/MP751/2025-2026/195863","MADURAI(DISTRICT COLLECTOR MADURAI_IDA)","S Venkatesan","MADURAI","03-Feb-2026","GR Enterprises","Payment Success","392077"
"1793","Tamil Nadu","Installing tube-wells and borewells","WS/MP751/2025-2026/180630","MADURAI(DISTRICT COLLECTOR MADURAI_IDA)","S Venkatesan","MADURAI","27-Oct-2025","Sheela M","Payment Success","499892"
"1794","Tamil Nadu","Installing tube-wells and borewells","WS/MP751/2025-2026/206069","MADURAI(DISTRICT COLLECTOR MADURAI_IDA)","S Venkatesan","MADURAI","16-Feb-2026","SASI BUILDERS","Payment Success","549952"
"1795","Tamil Nadu","Construction of bus-sheds or bus-stops","WS/MP751/2025-2026/206135","MADURAI(DISTRICT COLLECTOR MADURAI_IDA)","S Venkatesan","MADURAI","16-Feb-2026","JS AND CO","Payment Success","597120"
"1796","Tamil Nadu","Lighting of public spaces","WS/MP751/2025-2026/206093","MADURAI(DISTRICT COLLECTOR MADURAI_IDA)","S Venkatesan","MADURAI","13-Mar-2026","N S CHELLAPANDIAN","Payment Success","349830"
"1797","Tamil Nadu","Lighting of public spaces","WS/MP751/2025-2026/206083","MADURAI(DISTRICT COLLECTOR MADURAI_IDA)","S Venkatesan","MADURAI","13-Mar-2026","N S CHELLAPANDIAN","Payment Success","249946"
"1798","Tamil Nadu","Lighting of public spaces","WS/MP751/2025-2026/206092","MADURAI(DISTRICT COLLECTOR MADURAI_IDA)","S Venkatesan","MADURAI","13-Mar-2026","N S CHELLAPANDIAN","Payment Success","349830"
"1799","Tamil Nadu","Lighting of public spaces","WS/MP751/2025-2026/206088","MADURAI(DISTRICT COLLECTOR MADURAI_IDA)","S Venkatesan","MADURAI","13-Mar-2026","N S CHELLAPANDIAN","Payment Success","349830"
"1800","Tamil Nadu","Construction of bus-sheds or bus-stops","WS/MP751/2025-2026/235284","MADURAI(DISTRICT COLLECTOR MADURAI_IDA)","S Venkatesan","MADURAI","07-Jul-2026","A N KANNAN","Payment Success","582382"
"1801","Tamil Nadu","Construction of public toilets and bathrooms","WS/MP751/2025-2026/246672","MADURAI(DISTRICT COLLECTOR MADURAI_IDA)","S Venkatesan","MADURAI","14-Aug-2026","JS AND CO","Payment Success","199549"
"1802","Tamil Nadu","Construction of community centers and community halls","WS/MP751/2025-2026/206081","MADURAI(DISTRICT COLLECTOR MADURAI_IDA)","S Venkatesan","MADURAI","13-Aug-2026","N S CHELLAPANDIAN","Payment Success","992155"
"1803","Tamil Nadu","Lighting of public spaces","WS/MP751/2025-2026/180893","MADURAI(DISTRICT COLLECTOR MADURAI_IDA)","S Venkatesan","MADURAI","13-Aug-2026","N S CHELLAPANDIAN","Payment Success","399890"
"1804","Tamil Nadu","Installing community drinking water plants","WS/MP751/2025-2026/232092","MADURAI(DISTRICT COLLECTOR MADURAI_IDA)","S Venkatesan","MADURAI","04-May-2026","Sendhuran","Payment Success","261754"
"1805","Tamil Nadu","Lighting of public spaces","WS/MP751/2025-2026/210022","MADURAI(DISTRICT COLLECTOR MADURAI_IDA)","S Venkatesan","MADURAI","13-Feb-2026","N K MARI","Payment Success","359999"
"1806","Tamil Nadu","Setting up of kitchen and pantries","WS/MP751/2025-2026/206071","MADURAI(DISTRICT COLLECTOR MADURAI_IDA)","S Venkatesan","MADURAI","10-Apr-2026","SUBBIAH S","Payment Success","799780"
"1807","Tamil Nadu","Construction of public toilets and bathrooms","WS/MP751/2025-2026/164566","MADURAI(DISTRICT COLLECTOR MADURAI_IDA)","S Venkatesan","MADURAI","10-Apr-2026","JS AND CO","Payment Success","999784"
"1808","Tamil Nadu","Construction of public libraries and reading rooms","WS/MP751/2025-2026/227625","MADURAI(DISTRICT COLLECTOR MADURAI_IDA)","S Venkatesan","MADURAI","10-Apr-2026","K MURUGANANTHAM","Payment Success","2499460"
"1809","Tamil Nadu","Lighting of public spaces","WS/MP751/2025-2026/206094","MADURAI(DISTRICT COLLECTOR MADURAI_IDA)","S Venkatesan","MADURAI","26-Mar-2026","N S CHELLAPANDIAN","Payment Success","349830"
"1810","Tamil Nadu","Construction of additional rooms and halls in the existing public and community building","WS/MP751/2025-2026/176690","MADURAI(DISTRICT COLLECTOR MADURAI_IDA)","S Venkatesan","MADURAI","26-Mar-2026","Bavithira Builders","Payment Success","999902"
"1811","Tamil Nadu","Lighting of public spaces","WS/MP751/2025-2026/206075","MADURAI(DISTRICT COLLECTOR MADURAI_IDA)","S Venkatesan","MADURAI","26-Mar-2026","N K MARI","Payment Success","473797"
"1812","Tamil Nadu","Lighting of public spaces","WS/MP751/2025-2026/206079","MADURAI(DISTRICT COLLECTOR MADURAI_IDA)","S Venkatesan","MADURAI","26-Mar-2026","N K MARI","Payment Success","499571"
"1813","Tamil Nadu","Installing tube-wells and borewells","WS/MP751/2025-2026/206086","MADURAI(DISTRICT COLLECTOR MADURAI_IDA)","S Venkatesan","MADURAI","26-Mar-2026","SASI BUILDERS","Payment Success","499892"
"1814","Tamil Nadu","Lighting of public spaces","WS/MP751/2025-2026/180698","MADURAI(DISTRICT COLLECTOR MADURAI_IDA)","S Venkatesan","MADURAI","29-Dec-2025","N K MARI","Payment Success","248611"
"1815","Tamil Nadu","Lighting of public spaces","WS/MP751/2025-2026/180628","MADURAI(DISTRICT COLLECTOR MADURAI_IDA)","S Venkatesan","MADURAI","05-Jan-2026","N K MARI","Payment Success","398040"
"1816","Tamil Nadu","Lighting of public spaces","WS/MP751/2025-2026/180878","MADURAI(DISTRICT COLLECTOR MADURAI_IDA)","S Venkatesan","MADURAI","29-Dec-2025","N K MARI","Payment Success","248611"
"1817","Tamil Nadu","Installing tube-wells and borewells","WS/MP751/2025-2026/180889","MADURAI(DISTRICT COLLECTOR MADURAI_IDA)","S Venkatesan","MADURAI","26-Dec-2025","T Raja","Payment Success","499892"
"1818","Tamil Nadu","Lighting of public spaces","WS/MP751/2025-2026/195869","MADURAI(DISTRICT COLLECTOR MADURAI_IDA)","S Venkatesan","MADURAI","19-Jan-2026","N S CHELLAPANDIAN","Payment Success","299770"
"1819","Tamil Nadu","Lighting of public spaces","WS/MP751/2025-2026/206072","MADURAI(DISTRICT COLLECTOR MADURAI_IDA)","S Venkatesan","MADURAI","19-Jan-2026","N S CHELLAPANDIAN","Payment Success","299180"
"1820","Tamil Nadu","Lighting of public spaces","WS/MP751/2025-2026/206128","MADURAI(DISTRICT COLLECTOR MADURAI_IDA)","S Venkatesan","MADURAI","23-Jan-2026","N K MARI","Payment Success","359999"
"1821","Tamil Nadu","Lighting of public spaces","WS/MP751/2025-2026/206130","MADURAI(DISTRICT COLLECTOR MADURAI_IDA)","S Venkatesan","MADURAI","23-Jan-2026","N K MARI","Payment Success","359999"
"1822","Tamil Nadu","Lighting of public spaces","WS/MP747/2025-2026/195939","MADURAI(DISTRICT COLLECTOR MADURAI_IDA)","Manickam Tagore B","VIRUDHUNAGAR","23-Jan-2026","SREE THIRUPATHI MARKETING","Payment Success","818706"
"1823","Tamil Nadu","Construction of rainwater harvesting structures","WS/MP18177/2025-2026/216577","ERODE(DISTRICT_COLLECTORE_ERODE_IDA)","K E PRAKASH","ERODE","05-Dec-2025","SRI PONKAALIAMMAN INFRA PROJECTS","Payment Success","1198753"
"1824","Tamil Nadu","Construction of bus-sheds or bus-stops","WS/MP18186/2026-2027/212304","THIRUVALLUR(DISTRICT COLLECTOR TIRUVALLUR_IDA)","Sasikanth Senthil","TIRUVALLUR(SC)","19-May-2026","VSS Enterprises","Payment Success","999159"
"1825","Tamil Nadu","Lighting of public spaces","WS/MP18186/2025-2026/212289","THIRUVALLUR(DISTRICT COLLECTOR TIRUVALLUR_IDA)","Sasikanth Senthil","TIRUVALLUR(SC)","25-Feb-2026","L G Arasu","Payment Success","434216"
"1826","Tamil Nadu","Crematoriums/energy efficient crematoriums or structures on burial/cremation ground","WS/MP18186/2025-2026/222919","THIRUVALLUR(DISTRICT COLLECTOR TIRUVALLUR_IDA)","Sasikanth Senthil","TIRUVALLUR(SC)","25-Feb-2026","L G Arasu","Payment Success","999604"
"1827","Tamil Nadu","Lighting of public spaces","WS/MP18186/2025-2026/167635","THIRUVALLUR(DISTRICT COLLECTOR TIRUVALLUR_IDA)","Sasikanth Senthil","TIRUVALLUR(SC)","10-Feb-2026","S A MANIRAJ","Payment Success","434255"
"1828","Tamil Nadu","Construction of roads, link roads, pathways or any other road with or without drainage system","WS/MP18186/2026-2027/258452","THIRUVALLUR(DISTRICT COLLECTOR TIRUVALLUR_IDA)","Sasikanth Senthil","TIRUVALLUR(SC)","17-Jun-2026","M SRINIVASAN","Payment Success","977593"
"1829","Tamil Nadu","Construction of roads, link roads, pathways or any other road with or without drainage system","WS/MP18186/2025-2026/167637","THIRUVALLUR(DISTRICT COLLECTOR TIRUVALLUR_IDA)","Sasikanth Senthil","TIRUVALLUR(SC)","18-Sep-2025","Mohan","Payment Success","998694"
"1830","Tamil Nadu","Construction of roads, link roads, pathways or any other road with or without drainage system","WS/MP18186/2025-2026/181214","THIRUVALLUR(DISTRICT COLLECTOR TIRUVALLUR_IDA)","Sasikanth Senthil","TIRUVALLUR(SC)","04-Aug-2025","VSS Enterprises","Payment Success","999513"
"1831","Tamil Nadu","Construction of roads, link roads, pathways or any other road with or without drainage system","WS/MP18186/2025-2026/167634","THIRUVALLUR(DISTRICT COLLECTOR TIRUVALLUR_IDA)","Sasikanth Senthil","TIRUVALLUR(SC)","19-Aug-2025","EDAYAMOORTHY","Payment Success","564545"
"1832","Tamil Nadu","Construction of roads, link roads, pathways or any other road with or without drainage system","WS/MP18186/2025-2026/167714","THIRUVALLUR(DISTRICT COLLECTOR TIRUVALLUR_IDA)","Sasikanth Senthil","TIRUVALLUR(SC)","06-Jun-2025","TEJA TREADER","Payment Success","500000"
"1833","Tamil Nadu","Construction of Government office buildings (Post office, Police station, Police chauki, etc.)","WS/MP18186/2026-2027/197023","THIRUVALLUR(DISTRICT COLLECTOR TIRUVALLUR_IDA)","Sasikanth Senthil","TIRUVALLUR(SC)","22-May-2026","V Lakshmipathi","Payment Success","1800000"
"1834","Tamil Nadu","Installing tube-wells and borewells","WS/MP18177/2025-2026/156819","TIRUPPUR(DISTRICT COLLECTOR TIRUPPUR_IDA)","K E PRAKASH","ERODE","01-Aug-2025","ADITYA CONSTRUCTIONS","Payment Success","197499"
"1835","Tamil Nadu","Construction of water tanks","WS/MP18177/2025-2026/156821","TIRUPPUR(DISTRICT COLLECTOR TIRUPPUR_IDA)","K E PRAKASH","ERODE","13-Aug-2025","NATPAVI ASSOCIATESS","Payment Success","599961"
"1836","Tamil Nadu","Construction of public irrigation facilities","WS/MP18177/2025-2026/215138","TIRUPPUR(DISTRICT COLLECTOR TIRUPPUR_IDA)","K E PRAKASH","ERODE","08-Dec-2025","MANIVEL AND CO","Payment Success","1950000"
"1837","Tamil Nadu","Construction of public libraries and reading rooms","WS/MP18177/2026-2027/216739","TIRUPPUR(DISTRICT COLLECTOR TIRUPPUR_IDA)","K E PRAKASH","ERODE","19-Jun-2026","S G CONSTRUCTIONS","Payment Success","640000"
"1838","Tamil Nadu","Construction of footpaths and pedestrian ways","WS/MP017/2026-2027/235384","Ranipet(District Collector, Ranipet_2)","S. Jagathrakshakan","ARAKKONAM","24-Jun-2026","SLB CONTRACTOR","Payment Success","700000"
"1839","Tamil Nadu","Construction of public toilets and bathrooms","WS/MP017/2025-2026/160053","Ranipet(District Collector, Ranipet_2)","S. Jagathrakshakan","ARAKKONAM","18-Mar-2026","New Srinivasa Contruction","Payment Success","500000"
"1840","Tamil Nadu","Lighting of public spaces","WS/MP18186/2025-2026/167707","THIRUVALLUR(DISTRICT COLLECTOR TIRUVALLUR_IDA)","Sasikanth Senthil","TIRUVALLUR(SC)","18-Aug-2025","A S BHUVANESHKUMAR","Payment Success","435000"
"1841","Tamil Nadu","Lighting of public spaces","WS/MP18186/2026-2027/222943","THIRUVALLUR(DISTRICT COLLECTOR TIRUVALLUR_IDA)","Sasikanth Senthil","TIRUVALLUR(SC)","27-May-2026","L G Arasu","Payment Success","435000"
"1842","Tamil Nadu","Lighting of public spaces","WS/MP18186/2026-2027/222941","THIRUVALLUR(DISTRICT COLLECTOR TIRUVALLUR_IDA)","Sasikanth Senthil","TIRUVALLUR(SC)","28-Jul-2026","LG ARASU","Payment Success","435000"
"1843","Tamil Nadu","Security gates in streets/public place for safety purpose","WS/MP18186/2025-2026/197025","THIRUVALLUR(DISTRICT COLLECTOR TIRUVALLUR_IDA)","Sasikanth Senthil","TIRUVALLUR(SC)","14-Aug-2025","S Prabakar","Payment Success","550000"
"1844","Tamil Nadu","Lighting of public spaces","WS/MP18186/2025-2026/167642","THIRUVALLUR(DISTRICT COLLECTOR TIRUVALLUR_IDA)","Sasikanth Senthil","TIRUVALLUR(SC)","14-Aug-2025","A S BHUVANESHKUMAR","Payment Success","435000"
"1845","Tamil Nadu","Construction of community centers and community halls","WS/MP017/2025-2026/255563","THIRUVALLUR(DISTRICT COLLECTOR TIRUVALLUR_IDA)","S. Jagathrakshakan","ARAKKONAM","31-Jan-2026","RAMESH TK","Payment Success","1500000"
"1846","Tamil Nadu","Lighting of public spaces","WS/MP18186/2025-2026/173219","THIRUVALLUR(DISTRICT COLLECTOR TIRUVALLUR_IDA)","Sasikanth Senthil","TIRUVALLUR(SC)","29-Aug-2025","Sri Srinivasa Electricals","Payment Success","435000"
"1847","Tamil Nadu","Construction of community centers and community halls","WS/MP745/2025-2026/138569","TIRUPPUR(DISTRICT COLLECTOR TIRUPPUR_IDA)","K Subbarayan","TIRUPPUR","07-Oct-2025","BS BUILDERS","Payment Success","1350000"
"1848","Tamil Nadu","Construction of community centers and community halls","WS/MP745/2025-2026/138566","TIRUPPUR(DISTRICT COLLECTOR TIRUPPUR_IDA)","K Subbarayan","TIRUPPUR","26-Sep-2025","K RAJENDRAN","Payment Success","1345965"
"1849","Tamil Nadu","Construction of culverts and bridges","WS/MP745/2025-2026/189088","TIRUPPUR(DISTRICT COLLECTOR TIRUPPUR_IDA)","K Subbarayan","TIRUPPUR","06-Nov-2025","RAJA CONSTRUCTION","Payment Success","1165142"
"1850","Tamil Nadu","Construction of rooms and halls in school and colleges","WS/MP745/2025-2026/138568","TIRUPPUR(DISTRICT COLLECTOR TIRUPPUR_IDA)","K Subbarayan","TIRUPPUR","06-Nov-2025","V P AZHAGAIYAN","Payment Success","3245416"
"1851","Tamil Nadu","Lighting of public spaces","WS/MP745/2025-2026/181807","TIRUPPUR(DISTRICT COLLECTOR TIRUPPUR_IDA)","K Subbarayan","TIRUPPUR","16-Oct-2025","V GOMATHI CIVIL CONTRACTOR","Payment Success","487117"
"1852","Tamil Nadu","Security gates in streets/public place for safety purpose","WS/MP745/2025-2026/181824","TIRUPPUR(DISTRICT COLLECTOR TIRUPPUR_IDA)","K Subbarayan","TIRUPPUR","05-Aug-2025","R MUTHUSAMY","Payment Success","150000"
"1853","Tamil Nadu","Construction of community centers and community halls","WS/MP745/2025-2026/141296","TIRUPPUR(DISTRICT COLLECTOR TIRUPPUR_IDA)","K Subbarayan","TIRUPPUR","05-Aug-2025","RAJA CONSTRUCTION","Payment Success","1350000"
"1854","Tamil Nadu","Installing tube-wells and borewells","WS/MP745/2025-2026/189092","TIRUPPUR(DISTRICT COLLECTOR TIRUPPUR_IDA)","K Subbarayan","TIRUPPUR","05-Aug-2025","GOLDEN ENGINEERING CORPORATION","Payment Success","1000000"
"1855","Tamil Nadu","Construction of rooms and halls in school and colleges","WS/MP745/2025-2026/141239","TIRUPPUR(DISTRICT COLLECTOR TIRUPPUR_IDA)","K Subbarayan","TIRUPPUR","05-Aug-2025","SHREE SHAYEE ASSOCIATES","Payment Success","1649648"
"1856","Tamil Nadu","Construction of public toilets and bathrooms","WS/MP745/2025-2026/141299","TIRUPPUR(DISTRICT COLLECTOR TIRUPPUR_IDA)","K Subbarayan","TIRUPPUR","25-Jul-2025","R MUTHUSAMY","Payment Success","500000"
"1857","Tamil Nadu","Construction of road under bridge","WS/MP745/2025-2026/141247","TIRUPPUR(DISTRICT COLLECTOR TIRUPPUR_IDA)","K Subbarayan","TIRUPPUR","25-Jul-2025","K RAJENDRAN","Payment Success","550000"
"1858","Tamil Nadu","Lighting of public spaces","WS/MP745/2024-2025/138564","TIRUPPUR(DISTRICT COLLECTOR TIRUPPUR_IDA)","K Subbarayan","TIRUPPUR","23-Apr-2025","GOLDEN ENGINEERING CORPORATION","Payment Success","539160"
"1859","Tamil Nadu","Lighting of public spaces","WS/MP745/2024-2025/141245","TIRUPPUR(DISTRICT COLLECTOR TIRUPPUR_IDA)","K Subbarayan","TIRUPPUR","23-Apr-2025","GOLDEN ENGINEERING CORPORATION","Payment Success","535059"
"1860","Tamil Nadu","Construction of roads, link roads, pathways or any other road with or without drainage system","WS/MP745/2024-2025/141240","TIRUPPUR(DISTRICT COLLECTOR TIRUPPUR_IDA)","K Subbarayan","TIRUPPUR","10-Feb-2025","VR MURUGAN","Payment Success","750000"
"1861","Tamil Nadu","Lighting of public spaces","WS/MP745/2025-2026/189024","TIRUPPUR(DISTRICT COLLECTOR TIRUPPUR_IDA)","K Subbarayan","TIRUPPUR","10-Feb-2026","RAMACHANDRA ELECTRICALS AND ENGINEERING STORES","Payment Success","470670"
"1862","Tamil Nadu","Lighting of public spaces","WS/MP745/2025-2026/189025","TIRUPPUR(DISTRICT COLLECTOR TIRUPPUR_IDA)","K Subbarayan","TIRUPPUR","10-Feb-2026","RAMACHANDRA ELECTRICALS AND ENGINEERING STORES","Payment Success","470670"
"1863","Tamil Nadu","Lighting of public spaces","WS/MP745/2025-2026/141243","TIRUPPUR(DISTRICT COLLECTOR TIRUPPUR_IDA)","K Subbarayan","TIRUPPUR","08-Jul-2025","GOLDEN ENGINEERING CORPORATION","Payment Success","532984"
"1864","Tamil Nadu","Lighting of public spaces","WS/MP745/2025-2026/138565","TIRUPPUR(DISTRICT COLLECTOR TIRUPPUR_IDA)","K Subbarayan","TIRUPPUR","08-Jul-2025","GOLDEN ENGINEERING CORPORATION","Payment Success","509737"
"1865","Tamil Nadu","Lighting of public spaces","WS/MP745/2025-2026/138591","TIRUPPUR(DISTRICT COLLECTOR TIRUPPUR_IDA)","K Subbarayan","TIRUPPUR","08-Jul-2025","GOLDEN ENGINEERING CORPORATION","Payment Success","535393"
"1866","Tamil Nadu","Lighting of public spaces","WS/MP745/2025-2026/138563","TIRUPPUR(DISTRICT COLLECTOR TIRUPPUR_IDA)","K Subbarayan","TIRUPPUR","08-Jul-2025","GOLDEN ENGINEERING CORPORATION","Payment Success","511070"
"1867","Tamil Nadu","Lighting of public spaces","WS/MP745/2025-2026/141246","TIRUPPUR(DISTRICT COLLECTOR TIRUPPUR_IDA)","K Subbarayan","TIRUPPUR","08-Jul-2025","GOLDEN ENGINEERING CORPORATION","Payment Success","526591"
"1868","Tamil Nadu","Lighting of public spaces","WS/MP745/2025-2026/141300","TIRUPPUR(DISTRICT COLLECTOR TIRUPPUR_IDA)","K Subbarayan","TIRUPPUR","04-Jul-2025","RAMACHANDRA ELECTRICALS AND ENGINEERING STORES","Payment Success","527747"
"1869","Tamil Nadu","Lighting of public spaces","WS/MP745/2024-2025/141294","TIRUPPUR(DISTRICT COLLECTOR TIRUPPUR_IDA)","K Subbarayan","TIRUPPUR","09-May-2025","RAMACHANDRA ELECTRICALS AND ENGINEERING STORES","Payment Success","530014"
"1870","Tamil Nadu","Lighting of public spaces","WS/MP745/2024-2025/141295","TIRUPPUR(DISTRICT COLLECTOR TIRUPPUR_IDA)","K Subbarayan","TIRUPPUR","09-May-2025","RAMACHANDRA ELECTRICALS AND ENGINEERING STORES","Payment Success","534121"
"1871","Tamil Nadu","Construction of roads, link roads, pathways or any other road with or without drainage system","WS/MP745/2026-2027/202593","TIRUPPUR(DISTRICT COLLECTOR TIRUPPUR_IDA)","K Subbarayan","TIRUPPUR","18-Jun-2026","A ARUCHAMY","Payment Success","300000"
"1872","Tamil Nadu","Construction of Government office buildings (Post office, Police station, Police chauki, etc.)","WS/MP745/2026-2027/189091","TIRUPPUR(DISTRICT COLLECTOR TIRUPPUR_IDA)","K Subbarayan","TIRUPPUR","23-Jun-2026","S SELVI","Payment Success","1489479"
"1873","Tamil Nadu","Installing tube-wells and borewells","WS/MP745/2026-2027/138567","TIRUPPUR(DISTRICT COLLECTOR TIRUPPUR_IDA)","K Subbarayan","TIRUPPUR","24-Jun-2026","A ARUCHAMY","Payment Success","1000000"
"1874","Tamil Nadu","Construction of footpaths and pedestrian ways","WS/MP745/2026-2027/263326","TIRUPPUR(DISTRICT COLLECTOR TIRUPPUR_IDA)","K Subbarayan","TIRUPPUR","24-Jun-2026","SRV AND CO","Payment Success","600000"
"1875","Tamil Nadu","Installing tube-wells and borewells","WS/MP745/2026-2027/263328","TIRUPPUR(DISTRICT COLLECTOR TIRUPPUR_IDA)","K Subbarayan","TIRUPPUR","11-Aug-2026","A ARUCHAMY","Payment Success","200000"
"1876","Tamil Nadu","Installing tube-wells and borewells","WS/MP745/2026-2027/263324","TIRUPPUR(DISTRICT COLLECTOR TIRUPPUR_IDA)","K Subbarayan","TIRUPPUR","11-Aug-2026","A ARUCHAMY","Payment Success","550000"
"1877","Tamil Nadu","Lighting of public spaces","WS/MP745/2025-2026/189019","TIRUPPUR(DISTRICT COLLECTOR TIRUPPUR_IDA)","K Subbarayan","TIRUPPUR","10-Feb-2026","RAMACHANDRA ELECTRICALS AND ENGINEERING STORES","Payment Success","464058"
"1878","Tamil Nadu","Lighting of public spaces","WS/MP745/2025-2026/189020","TIRUPPUR(DISTRICT COLLECTOR TIRUPPUR_IDA)","K Subbarayan","TIRUPPUR","10-Feb-2026","RAMACHANDRA ELECTRICALS AND ENGINEERING STORES","Payment Success","465051"
"1879","Tamil Nadu","Lighting of public spaces","WS/MP745/2025-2026/189021","TIRUPPUR(DISTRICT COLLECTOR TIRUPPUR_IDA)","K Subbarayan","TIRUPPUR","10-Feb-2026","RAMACHANDRA ELECTRICALS AND ENGINEERING STORES","Payment Success","464504"
"1880","Tamil Nadu","Lighting of public spaces","WS/MP745/2025-2026/189018","TIRUPPUR(DISTRICT COLLECTOR TIRUPPUR_IDA)","K Subbarayan","TIRUPPUR","10-Feb-2026","RAMACHANDRA ELECTRICALS AND ENGINEERING STORES","Payment Success","463445"
"1881","Tamil Nadu","Lighting of public spaces","WS/MP745/2025-2026/188980","TIRUPPUR(DISTRICT COLLECTOR TIRUPPUR_IDA)","K Subbarayan","TIRUPPUR","10-Feb-2026","RAMACHANDRA ELECTRICALS AND ENGINEERING STORES","Payment Success","474001"
"1882","Tamil Nadu","Lighting of public spaces","WS/MP745/2025-2026/189022","TIRUPPUR(DISTRICT COLLECTOR TIRUPPUR_IDA)","K Subbarayan","TIRUPPUR","10-Feb-2026","RAMACHANDRA ELECTRICALS AND ENGINEERING STORES","Payment Success","463453"
"1883","Tamil Nadu","Lighting of public spaces","WS/MP745/2025-2026/189023","TIRUPPUR(DISTRICT COLLECTOR TIRUPPUR_IDA)","K Subbarayan","TIRUPPUR","10-Feb-2026","RAMACHANDRA ELECTRICALS AND ENGINEERING STORES","Payment Success","463453"
"1884","Tamil Nadu","Construction of Government office buildings (Post office, Police station, Police chauki, etc.)","WS/MP18181/2025-2026/266346","COIMBATORE(DISTRICT COLLECTOR COIMBATORE_IDA)","ESWARASAMY K","POLLACHI","16-Feb-2026","dhandapani and co","Payment Success","2581399"
"1885","Tamil Nadu","Construction of bus-sheds or bus-stops","WS/MP740/2026-2027/197213","TIRUPPUR(DISTRICT COLLECTOR TIRUPPUR_IDA)","Andimuthu Raja","NILGIRIS(SC)","25-May-2026","MRS THANGAMANI K","Payment Success","699724"
"1886","Tamil Nadu","Construction of bus-sheds or bus-stops","WS/MP740/2026-2027/197214","TIRUPPUR(DISTRICT COLLECTOR TIRUPPUR_IDA)","Andimuthu Raja","NILGIRIS(SC)","07-Aug-2026","RR ENGINEERING CONSTRUCTION","Payment Success","1398388"
"1887","Tamil Nadu","Construction of water tanks","WS/MP740/2025-2026/160932","TIRUPPUR(DISTRICT COLLECTOR TIRUPPUR_IDA)","Andimuthu Raja","NILGIRIS(SC)","10-Oct-2025","MRS THANGAMANI K","Payment Success","894991"
"1888","Tamil Nadu","Construction of water tanks","WS/MP740/2025-2026/140343","TIRUPPUR(DISTRICT COLLECTOR TIRUPPUR_IDA)","Andimuthu Raja","NILGIRIS(SC)","10-Oct-2025","SUNDARRAJ","Payment Success","899731"
"1889","Tamil Nadu","Construction of footpaths and pedestrian ways","WS/MP18184/2025-2026/207031","THENI(District Collector Theni_5)","THANGA TAMILSELVAN","THENI","26-Feb-2026","G Ilangumaran","Payment Success","998891"
"1890","Tamil Nadu","Construction of footpaths and pedestrian ways","WS/MP18184/2025-2026/207033","THENI(District Collector Theni_5)","THANGA TAMILSELVAN","THENI","12-Dec-2025","G Ilangumaran","Payment Success","998891"
"1891","Tamil Nadu","Construction of footpaths and pedestrian ways","WS/MP18184/2025-2026/207032","THENI(District Collector Theni_5)","THANGA TAMILSELVAN","THENI","12-Dec-2025","G Ilangumaran","Payment Success","998944"
"1892","Tamil Nadu","Construction of water tanks","WS/MP18177/2026-2027/216721","TIRUPPUR(DISTRICT COLLECTOR TIRUPPUR_IDA)","K E PRAKASH","ERODE","30-Jul-2026","SRI PONKAALIAMMAN INFRA PROJECTS","Payment Success","1799956"
"1893","Tamil Nadu","Construction of bus-sheds or bus-stops","WS/MP18174/2026-2027/221516","TIRUPPUR(DISTRICT COLLECTOR TIRUPPUR_IDA)","GANAPATHY RAJKUMAR P","COIMBATORE","22-Jul-2026","K R CONSTRUCTIONS","Payment Success","787001"
"1894","Tamil Nadu","Providing CCTV camera system for security of public areas","WS/MP18174/2026-2027/224347","TIRUPPUR(DISTRICT COLLECTOR TIRUPPUR_IDA)","GANAPATHY RAJKUMAR P","COIMBATORE","21-May-2026","HARIDEV ENTERPRISES","Payment Success","998645"
"1895","Tamil Nadu","Construction of water tanks","WS/MP18174/2025-2026/184728","TIRUPPUR(DISTRICT COLLECTOR TIRUPPUR_IDA)","GANAPATHY RAJKUMAR P","COIMBATORE","05-Nov-2025","K Selvaraj","Payment Success","1299965"
"1896","Tamil Nadu","Construction of public toilets and bathrooms","WS/MP745/2025-2026/141431","TIRUPPUR(DISTRICT COLLECTOR TIRUPPUR_IDA)","K Subbarayan","TIRUPPUR","16-Oct-2025","SAKADEVAN C","Payment Success","999902"
"1897","Tamil Nadu","Construction of roads, link roads, pathways or any other road with or without drainage system","WS/MP745/2025-2026/144828","TIRUPPUR(DISTRICT COLLECTOR TIRUPPUR_IDA)","K Subbarayan","TIRUPPUR","01-Aug-2025","SAKADEVAN C","Payment Success","1499453"
"1898","Tamil Nadu","Construction of water tanks","WS/MP745/2025-2026/141432","TIRUPPUR(DISTRICT COLLECTOR TIRUPPUR_IDA)","K Subbarayan","TIRUPPUR","27-Sep-2025","EAGGLE EYE INFRASTRUCTURES","Payment Success","1524749"
"1899","Tamil Nadu","Construction of community centers and community halls","WS/MP745/2025-2026/144827","TIRUPPUR(DISTRICT COLLECTOR TIRUPPUR_IDA)","K Subbarayan","TIRUPPUR","20-Feb-2026","EAGGLE EYE INFRASTRUCTURES","Payment Success","5260434"
"1900","Tamil Nadu","Lighting of public spaces","WS/MP745/2025-2026/181810","TIRUPPUR(DISTRICT COLLECTOR TIRUPPUR_IDA)","K Subbarayan","TIRUPPUR","18-Jul-2025","Shree Gukan Construction","Payment Success","549054"
"1901","Tamil Nadu","Construction of bus-sheds or bus-stops","WS/MP18184/2025-2026/171659","THENI(District Collector Theni_5)","THANGA TAMILSELVAN","THENI","27-Jan-2026","K VANARAJ","Payment Success","504753"
"1902","Tamil Nadu","Construction of bus-sheds or bus-stops","WS/MP18184/2025-2026/171659","THENI(District Collector Theni_5)","THANGA TAMILSELVAN","THENI","24-Nov-2025","K VANARAJ","Payment Success","495237"
"1903","Tamil Nadu","Construction of Government office buildings (Post office, Police station, Police chauki, etc.)","WS/MP18184/2026-2027/213142","THENI(District Collector Theni_5)","THANGA TAMILSELVAN","THENI","30-Jun-2026","THANGACHAMY","Payment Success","3000000"
"1904","Tamil Nadu","Construction of bus-sheds or bus-stops","WS/MP18181/2025-2026/213171","TIRUPPUR(DISTRICT COLLECTOR TIRUPPUR_IDA)","ESWARASAMY K","POLLACHI","02-Mar-2026","KRISHNAKUMAR G","Payment Success","996349"
"1905","Tamil Nadu","Lighting of public spaces","WS/MP18181/2025-2026/211784","TIRUPPUR(DISTRICT COLLECTOR TIRUPPUR_IDA)","ESWARASAMY K","POLLACHI","08-Sep-2025","Sharp Systems","Payment Success","700000"
"1906","Tamil Nadu","Lighting of public spaces","WS/MP18181/2025-2026/213170","TIRUPPUR(DISTRICT COLLECTOR TIRUPPUR_IDA)","ESWARASAMY K","POLLACHI","03-Dec-2025","HARIDEV ENTERPRISES","Payment Success","700000"
"1907","Tamil Nadu","Lighting of public spaces","WS/MP18181/2025-2026/213168","TIRUPPUR(DISTRICT COLLECTOR TIRUPPUR_IDA)","ESWARASAMY K","POLLACHI","03-Dec-2025","HARIDEV ENTERPRISES","Payment Success","700000"
"1908","Tamil Nadu","Construction of bus-sheds or bus-stops","WS/MP18181/2025-2026/211786","TIRUPPUR(DISTRICT COLLECTOR TIRUPPUR_IDA)","ESWARASAMY K","POLLACHI","20-Nov-2025","KRISHNAKUMAR G","Payment Success","999573"
"1909","Tamil Nadu","Lighting of public spaces","WS/MP18181/2025-2026/234979","TIRUPPUR(DISTRICT COLLECTOR TIRUPPUR_IDA)","ESWARASAMY K","POLLACHI","26-Sep-2025","HARIDEV ENTERPRISES","Payment Success","700000"
"1910","Tamil Nadu","Construction of bus-sheds or bus-stops","WS/MP18181/2025-2026/213166","TIRUPPUR(DISTRICT COLLECTOR TIRUPPUR_IDA)","ESWARASAMY K","POLLACHI","22-May-2026","ANDAVAR BUILDERS","Payment Success","999974"
"1911","Tamil Nadu","Construction of bus-sheds or bus-stops","WS/MP18181/2025-2026/213167","TIRUPPUR(DISTRICT COLLECTOR TIRUPPUR_IDA)","ESWARASAMY K","POLLACHI","13-Aug-2026","ANDAVAR BUILDERS","Payment Success","787477"
"1912","Tamil Nadu","Construction of community centers and community halls","WS/MP18181/2025-2026/211785","TIRUPPUR(DISTRICT COLLECTOR TIRUPPUR_IDA)","ESWARASAMY K","POLLACHI","18-Mar-2026","MARUTHI AND CO","Payment Success","999912"
"1913","Tamil Nadu","Construction of water tanks","WS/MP745/2024-2025/138572","TIRUPPUR(DISTRICT COLLECTOR TIRUPPUR_IDA)","K Subbarayan","TIRUPPUR","01-Apr-2025","SRI MAHALAKSHMI BLUE METALS AND CONSTRUC TIONS","Payment Success","998871"
"1914","Tamil Nadu","Construction of roads, link roads, pathways or any other road with or without drainage system","WS/MP745/2025-2026/138574","TIRUPPUR(DISTRICT COLLECTOR TIRUPPUR_IDA)","K Subbarayan","TIRUPPUR","03-Jul-2025","THANGAMANI S","Payment Success","1501451"
"1915","Tamil Nadu","Construction of bus-sheds or bus-stops","WS/MP18180/2026-2027/204510","TIRUCHIRAPPALLI(DISTRICT COLLECTOR TIRUCHIRAPPALLI_IDA)","ARUN NEHRU","PERAMBALUR","10-Aug-2026","VEERAMANI S","Payment Success","999011"
"1916","Tamil Nadu","Construction of roads, link roads, pathways or any other road with or without drainage system","WS/MP18180/2025-2026/184780","TIRUCHIRAPPALLI(DISTRICT COLLECTOR TIRUCHIRAPPALLI_IDA)","ARUN NEHRU","PERAMBALUR","28-Jul-2025","SRI BALAJI AND COMPANY","Payment Success","2499863"
"1917","Tamil Nadu","Purchase of smart boards, visual display units and projectors","WS/MP758/2025-2026/201624","TIRUCHIRAPPALLI(DISTRICT COLLECTOR TIRUCHIRAPPALLI_IDA)","Smt S Jothimani","KARUR","30-Sep-2025","SEIYYON VENTURES","Payment Success","199900"
"1918","Tamil Nadu","Purchase of smart boards, visual display units and projectors","WS/MP758/2025-2026/201724","TIRUCHIRAPPALLI(DISTRICT COLLECTOR TIRUCHIRAPPALLI_IDA)","Smt S Jothimani","KARUR","30-Sep-2025","SEIYYON VENTURES","Payment Success","199900"
"1919","Tamil Nadu","Purchase of IT systems, including hardware and software for educational purposes","WS/MP758/2025-2026/242880","TIRUCHIRAPPALLI(DISTRICT COLLECTOR TIRUCHIRAPPALLI_IDA)","Smt S Jothimani","KARUR","16-Feb-2026","SEIYYON VENTURES","Payment Success","199900"
"1920","Tamil Nadu","Construction of bus-sheds or bus-stops","WS/MP758/2025-2026/201243","TIRUCHIRAPPALLI(DISTRICT COLLECTOR TIRUCHIRAPPALLI_IDA)","Smt S Jothimani","KARUR","11-Mar-2026","THIRUPPATHI CONSTRUCTION","Payment Success","799123"
"1921","Tamil Nadu","Construction of Government office buildings (Post office, Police station, Police chauki, etc.)","WS/MP017/2025-2026/169198","Ranipet(District Collector, Ranipet_2)","S. Jagathrakshakan","ARAKKONAM","14-Oct-2025","T C Iyyappan","Payment Success","1950000"
"1922","Tamil Nadu","Construction of Government office buildings (Post office, Police station, Police chauki, etc.)","WS/MP017/2026-2027/188574","Ranipet(District Collector, Ranipet_2)","S. Jagathrakshakan","ARAKKONAM","29-Jul-2026","VIGNESHWARAN","Payment Success","1900000"
"1923","Tamil Nadu","Construction of culverts and bridges","WS/MP017/2026-2027/234413","Ranipet(District Collector, Ranipet_2)","S. Jagathrakshakan","ARAKKONAM","29-Jun-2026","NAGARAJAN S","Payment Success","1500000"
"1924","Tamil Nadu","Renovation of ponds and lakes","WS/MP017/2024-2025/143500","THIRUVALLUR(DISTRICT COLLECTOR TIRUVALLUR_IDA)","S. Jagathrakshakan","ARAKKONAM","26-Oct-2024","RAMASAMUDRAM MADIRASU VENKATA GIRI","Payment Success","999654"
"1925","Tamil Nadu","Construction of bus-sheds or bus-stops","WS/MP017/2026-2027/240783","THIRUVALLUR(DISTRICT COLLECTOR TIRUVALLUR_IDA)","S. Jagathrakshakan","ARAKKONAM","27-Jun-2026","K NIRMALA","Payment Success","486945"
"1926","Tamil Nadu","Construction of bus-sheds or bus-stops","WS/MP017/2026-2027/240784","THIRUVALLUR(DISTRICT COLLECTOR TIRUVALLUR_IDA)","S. Jagathrakshakan","ARAKKONAM","27-Jun-2026","K NIRMALA","Payment Success","480456"
"1927","Tamil Nadu","Construction of roads, link roads, pathways or any other road with or without drainage system","WS/MP18182/2025-2026/142751","TENKASI(DISTRICT COLLECTOR TENKASI_IDA)","DR RANI SRI KUMAR","TENKASI(SC)","22-Apr-2025","S RAVEEN","Payment Success","3100000"
"1928","Tamil Nadu","Construction of roads, link roads, pathways or any other road with or without drainage system","WS/MP18182/2025-2026/142750","TENKASI(DISTRICT COLLECTOR TENKASI_IDA)","DR RANI SRI KUMAR","TENKASI(SC)","22-Apr-2025","S RAVEEN","Payment Success","1900000"
"1929","Tamil Nadu","Lighting of public spaces","WS/MP18182/2025-2026/214694","TENKASI(DISTRICT COLLECTOR TENKASI_IDA)","DR RANI SRI KUMAR","TENKASI(SC)","14-Jan-2026","Madasamy A","Payment Success","429141"
"1930","Tamil Nadu","Lighting of public spaces","WS/MP18182/2025-2026/214693","TENKASI(DISTRICT COLLECTOR TENKASI_IDA)","DR RANI SRI KUMAR","TENKASI(SC)","14-Jan-2026","Madasamy A","Payment Success","429141"
"1931","Tamil Nadu","Lighting of public spaces","WS/MP18182/2025-2026/214692","TENKASI(DISTRICT COLLECTOR TENKASI_IDA)","DR RANI SRI KUMAR","TENKASI(SC)","14-Jan-2026","Madasamy A","Payment Success","429141"
"1932","Tamil Nadu","Lighting of public spaces","WS/MP18182/2025-2026/214691","TENKASI(DISTRICT COLLECTOR TENKASI_IDA)","DR RANI SRI KUMAR","TENKASI(SC)","14-Jan-2026","Madasamy A","Payment Success","899941"
"1933","Tamil Nadu","Lighting of public spaces","WS/MP18186/2026-2027/222908","THIRUVALLUR(DISTRICT COLLECTOR TIRUVALLUR_IDA)","Sasikanth Senthil","TIRUVALLUR(SC)","18-Jun-2026","SELCO SOLAR LIGHT PRIVATE LTD","Payment Success","299666"
"1934","Tamil Nadu","Street lights","WS/MP18186/2026-2027/212296","THIRUVALLUR(DISTRICT COLLECTOR TIRUVALLUR_IDA)","Sasikanth Senthil","TIRUVALLUR(SC)","17-Jun-2026","SELCO SOLAR LIGHT PRIVATE LTD","Payment Success","299666"
"1935","Tamil Nadu","Street lights","WS/MP18186/2026-2027/212310","THIRUVALLUR(DISTRICT COLLECTOR TIRUVALLUR_IDA)","Sasikanth Senthil","TIRUVALLUR(SC)","17-Jun-2026","SELCO SOLAR LIGHT PRIVATE LTD","Payment Success","299666"
"1936","Tamil Nadu","Construction of roads, link roads, pathways or any other road with or without drainage system","WS/MP18186/2025-2026/170897","THIRUVALLUR(DISTRICT COLLECTOR TIRUVALLUR_IDA)","Sasikanth Senthil","TIRUVALLUR(SC)","04-Jul-2025","R Vasantha","Payment Success","997894"
"1937","Tamil Nadu","Construction of roads, link roads, pathways or any other road with or without drainage system","WS/MP18186/2025-2026/222920","THIRUVALLUR(DISTRICT COLLECTOR TIRUVALLUR_IDA)","Sasikanth Senthil","TIRUVALLUR(SC)","06-Dec-2025","R Vasantha","Payment Success","999952"
"1938","Tamil Nadu","Lighting of public spaces","WS/MP18186/2025-2026/197022","THIRUVALLUR(DISTRICT COLLECTOR TIRUVALLUR_IDA)","Sasikanth Senthil","TIRUVALLUR(SC)","06-Dec-2025","L G Arasu","Payment Success","434215"
"1939","Tamil Nadu","Construction of roads, link roads, pathways or any other road with or without drainage system","WS/MP18186/2025-2026/253585","THIRUVALLUR(DISTRICT COLLECTOR TIRUVALLUR_IDA)","Sasikanth Senthil","TIRUVALLUR(SC)","17-Dec-2025","R Vasantha","Payment Success","999846"
"1940","Tamil Nadu","Lighting of public spaces","WS/MP18186/2025-2026/170894","THIRUVALLUR(DISTRICT COLLECTOR TIRUVALLUR_IDA)","Sasikanth Senthil","TIRUVALLUR(SC)","21-Nov-2025","LG ARASU","Payment Success","434215"
"1941","Tamil Nadu","Lighting of public spaces","WS/MP18186/2025-2026/141740","THIRUVALLUR(DISTRICT COLLECTOR TIRUVALLUR_IDA)","Sasikanth Senthil","TIRUVALLUR(SC)","27-Oct-2025","L G Arasu","Payment Success","434216"
"1942","Tamil Nadu","Lighting of public spaces","WS/MP18186/2025-2026/170895","THIRUVALLUR(DISTRICT COLLECTOR TIRUVALLUR_IDA)","Sasikanth Senthil","TIRUVALLUR(SC)","27-Oct-2025","L G Arasu","Payment Success","434216"
"1943","Tamil Nadu","Construction of roads, link roads, pathways or any other road with or without drainage system","WS/MP18186/2025-2026/253586","THIRUVALLUR(DISTRICT COLLECTOR TIRUVALLUR_IDA)","Sasikanth Senthil","TIRUVALLUR(SC)","22-Dec-2025","RAMESH B","Payment Success","799705"
"1944","Tamil Nadu","Construction of roads, link roads, pathways or any other road with or without drainage system","WS/MP18186/2026-2027/270261","THIRUVALLUR(DISTRICT COLLECTOR TIRUVALLUR_IDA)","Sasikanth Senthil","TIRUVALLUR(SC)","20-May-2026","RAMESH B","Payment Success","499907"
"1945","Tamil Nadu","Construction of roads, link roads, pathways or any other road with or without drainage system","WS/MP18186/2026-2027/270262","THIRUVALLUR(DISTRICT COLLECTOR TIRUVALLUR_IDA)","Sasikanth Senthil","TIRUVALLUR(SC)","22-Jun-2026","D S PRABHU","Payment Success","499484"
"1946","Tamil Nadu","Construction of roads, link roads, pathways or any other road with or without drainage system","WS/MP18186/2026-2027/270260","THIRUVALLUR(DISTRICT COLLECTOR TIRUVALLUR_IDA)","Sasikanth Senthil","TIRUVALLUR(SC)","22-Jun-2026","D S PRABHU","Payment Success","499816"
"1947","Tamil Nadu","Street lights","WS/MP18186/2026-2027/212287","THIRUVALLUR(DISTRICT COLLECTOR TIRUVALLUR_IDA)","Sasikanth Senthil","TIRUVALLUR(SC)","09-Jul-2026","SELCO SOLAR LIGHT PRIVATE LTD","Payment Success","299642"
"1948","Tamil Nadu","Construction of Government office buildings (Post office, Police station, Police chauki, etc.)","WS/MP18186/2026-2027/239097","THIRUVALLUR(DISTRICT COLLECTOR TIRUVALLUR_IDA)","Sasikanth Senthil","TIRUVALLUR(SC)","07-Jul-2026","RAMESH B","Payment Success","1499353"
"1949","Tamil Nadu","Setting up of community effluent treatment plants","WS/MP18186/2026-2027/222917","THIRUVALLUR(DISTRICT COLLECTOR TIRUVALLUR_IDA)","Sasikanth Senthil","TIRUVALLUR(SC)","25-Aug-2026","L G Arasu","Payment Success","99900"
"1950","Tamil Nadu","Lighting of public spaces","WS/MP18186/2026-2027/222909","THIRUVALLUR(DISTRICT COLLECTOR TIRUVALLUR_IDA)","Sasikanth Senthil","TIRUVALLUR(SC)","17-Aug-2026","SELCO SOLAR LIGHT PRIVATE LTD","Payment Success","299642"
"1951","Tamil Nadu","Street lights","WS/MP18186/2026-2027/212298","THIRUVALLUR(DISTRICT COLLECTOR TIRUVALLUR_IDA)","Sasikanth Senthil","TIRUVALLUR(SC)","17-Aug-2026","SELCO SOLAR LIGHT PRIVATE LTD","Payment Success","299642"
"1952","Tamil Nadu","Street lights","WS/MP18186/2026-2027/212290","THIRUVALLUR(DISTRICT COLLECTOR TIRUVALLUR_IDA)","Sasikanth Senthil","TIRUVALLUR(SC)","14-May-2026","SELCO SOLAR LIGHT PRIVATE LTD","Payment Success","299642"
"1953","Tamil Nadu","Construction of roads, link roads, pathways or any other road with or without drainage system","WS/MP18186/2025-2026/258447","THIRUVALLUR(DISTRICT COLLECTOR TIRUVALLUR_IDA)","Sasikanth Senthil","TIRUVALLUR(SC)","18-Mar-2026","RAMESH B","Payment Success","1499125"
"1954","Tamil Nadu","Lighting of public spaces","WS/MP18186/2025-2026/222931","THIRUVALLUR(DISTRICT COLLECTOR TIRUVALLUR_IDA)","Sasikanth Senthil","TIRUVALLUR(SC)","25-Feb-2026","L G Arasu","Payment Success","434215"
"1955","Tamil Nadu","Construction of bus-sheds or bus-stops","WS/MP18186/2025-2026/222923","THIRUVALLUR(DISTRICT COLLECTOR TIRUVALLUR_IDA)","Sasikanth Senthil","TIRUVALLUR(SC)","09-Mar-2026","RAMESH B","Payment Success","1499592"
"1956","Tamil Nadu","Lighting of public spaces","WS/MP18186/2026-2027/222913","THIRUVALLUR(DISTRICT COLLECTOR TIRUVALLUR_IDA)","Sasikanth Senthil","TIRUVALLUR(SC)","15-May-2026","SELCO SOLAR LIGHT PRIVATE LTD","Payment Success","299642"
"1957","Tamil Nadu","Setting up of kitchen and pantries","WS/MP18186/2025-2026/167711","THIRUVALLUR(DISTRICT COLLECTOR TIRUVALLUR_IDA)","Sasikanth Senthil","TIRUVALLUR(SC)","03-Jul-2025","SREE INFRA","Payment Success","424644"
"1958","Tamil Nadu","Setting up of kitchen and pantries","WS/MP18186/2025-2026/167711","THIRUVALLUR(DISTRICT COLLECTOR TIRUVALLUR_IDA)","Sasikanth Senthil","TIRUVALLUR(SC)","22-Jun-2026","SREE INFRA","Payment Success","175001"
"1959","Tamil Nadu","Construction of roads, link roads, pathways or any other road with or without drainage system","WS/MP18186/2025-2026/222922","THIRUVALLUR(DISTRICT COLLECTOR TIRUVALLUR_IDA)","Sasikanth Senthil","TIRUVALLUR(SC)","02-Feb-2026","SHAKTHI CONSTRUCTION","Payment Success","1799284"
"1960","Tamil Nadu","Installing community drinking water plants","WS/MP18186/2025-2026/212308","THIRUVALLUR(DISTRICT COLLECTOR TIRUVALLUR_IDA)","Sasikanth Senthil","TIRUVALLUR(SC)","22-Jan-2026","L G Arasu","Payment Success","999101"
"1961","Tamil Nadu","Lighting of public spaces","WS/MP18186/2025-2026/173220","THIRUVALLUR(DISTRICT COLLECTOR TIRUVALLUR_IDA)","Sasikanth Senthil","TIRUVALLUR(SC)","13-Oct-2025","OS AND CO","Payment Success","434498"
"1962","Tamil Nadu","Lighting of public spaces","WS/MP18186/2025-2026/222944","THIRUVALLUR(DISTRICT COLLECTOR TIRUVALLUR_IDA)","Sasikanth Senthil","TIRUVALLUR(SC)","11-Nov-2025","L G Arasu","Payment Success","434215"
"1963","Tamil Nadu","Lighting of public spaces","WS/MP18186/2025-2026/212309","THIRUVALLUR(DISTRICT COLLECTOR TIRUVALLUR_IDA)","Sasikanth Senthil","TIRUVALLUR(SC)","11-Nov-2025","L G Arasu","Payment Success","434215"
"1964","Tamil Nadu","Lighting of public spaces","WS/MP18186/2025-2026/222945","THIRUVALLUR(DISTRICT COLLECTOR TIRUVALLUR_IDA)","Sasikanth Senthil","TIRUVALLUR(SC)","11-Nov-2025","L G Arasu","Payment Success","434216"
"1965","Tamil Nadu","Setting up of kitchen and pantries","WS/MP18186/2025-2026/167710","THIRUVALLUR(DISTRICT COLLECTOR TIRUVALLUR_IDA)","Sasikanth Senthil","TIRUVALLUR(SC)","21-Apr-2025","D BABU","Payment Success","500078"
"1966","Tamil Nadu","Lighting of public spaces","WS/MP18186/2025-2026/227021","THIRUVALLUR(DISTRICT COLLECTOR TIRUVALLUR_IDA)","Sasikanth Senthil","TIRUVALLUR(SC)","04-Sep-2025","S A MANIRAJ","Payment Success","434498"
"1967","Tamil Nadu","Lighting of public spaces","WS/MP18186/2025-2026/167709","THIRUVALLUR(DISTRICT COLLECTOR TIRUVALLUR_IDA)","Sasikanth Senthil","TIRUVALLUR(SC)","11-Aug-2025","S A MANIRAJ","Payment Success","434498"
"1968","Tamil Nadu","Setting up of kitchen and pantries","WS/MP18186/2025-2026/167710","THIRUVALLUR(DISTRICT COLLECTOR TIRUVALLUR_IDA)","Sasikanth Senthil","TIRUVALLUR(SC)","11-Aug-2025","D BABU","Payment Success","199083"
"1969","Tamil Nadu","Lighting of public spaces","WS/MP18186/2025-2026/170902","THIRUVALLUR(DISTRICT COLLECTOR TIRUVALLUR_IDA)","Sasikanth Senthil","TIRUVALLUR(SC)","24-Jul-2025","LG ARASU","Payment Success","434216"
"1970","Tamil Nadu","Construction of roads, link roads, pathways or any other road with or without drainage system","WS/MP18186/2025-2026/180029","THIRUVALLUR(DISTRICT COLLECTOR TIRUVALLUR_IDA)","Sasikanth Senthil","TIRUVALLUR(SC)","24-Jul-2025","LG ARASU","Payment Success","1361746"
"1971","Tamil Nadu","Lighting of public spaces","WS/MP18186/2025-2026/167718","THIRUVALLUR(DISTRICT COLLECTOR TIRUVALLUR_IDA)","Sasikanth Senthil","TIRUVALLUR(SC)","08-Aug-2025","S A MANIRAJ","Payment Success","434530"
"1972","Tamil Nadu","Lighting of public spaces","WS/MP18186/2025-2026/167705","THIRUVALLUR(DISTRICT COLLECTOR TIRUVALLUR_IDA)","Sasikanth Senthil","TIRUVALLUR(SC)","08-Aug-2025","S A MANIRAJ","Payment Success","434516"
"1973","Tamil Nadu","Lighting of public spaces","WS/MP18186/2025-2026/212311","THIRUVALLUR(DISTRICT COLLECTOR TIRUVALLUR_IDA)","Sasikanth Senthil","TIRUVALLUR(SC)","08-Sep-2025","L G Arasu","Payment Success","434216"
"1974","Tamil Nadu","Lighting of public spaces","WS/MP18186/2025-2026/197024","THIRUVALLUR(DISTRICT COLLECTOR TIRUVALLUR_IDA)","Sasikanth Senthil","TIRUVALLUR(SC)","08-Sep-2025","L G Arasu","Payment Success","434216"
"1975","Tamil Nadu","Lighting of public spaces","WS/MP18186/2025-2026/212293","THIRUVALLUR(DISTRICT COLLECTOR TIRUVALLUR_IDA)","Sasikanth Senthil","TIRUVALLUR(SC)","08-Sep-2025","L G Arasu","Payment Success","434216"
"1976","Tamil Nadu","Lighting of public spaces","WS/MP18186/2025-2026/212301","THIRUVALLUR(DISTRICT COLLECTOR TIRUVALLUR_IDA)","Sasikanth Senthil","TIRUVALLUR(SC)","08-Sep-2025","L G Arasu","Payment Success","434216"
"1977","Tamil Nadu","Lighting of public spaces","WS/MP18186/2025-2026/254360","THIRUVALLUR(DISTRICT COLLECTOR TIRUVALLUR_IDA)","Sasikanth Senthil","TIRUVALLUR(SC)","03-Feb-2026","SELCO SOLAR LIGHT PRIVATE LTD","Payment Success","299767"
"1978","Tamil Nadu","Street lights","WS/MP18186/2025-2026/212283","THIRUVALLUR(DISTRICT COLLECTOR TIRUVALLUR_IDA)","Sasikanth Senthil","TIRUVALLUR(SC)","03-Feb-2026","SELCO SOLAR LIGHT PRIVATE LTD","Payment Success","299767"
"1979","Tamil Nadu","Street lights","WS/MP18186/2025-2026/212291","THIRUVALLUR(DISTRICT COLLECTOR TIRUVALLUR_IDA)","Sasikanth Senthil","TIRUVALLUR(SC)","03-Feb-2026","SELCO SOLAR LIGHT PRIVATE LTD","Payment Success","299767"
"1980","Tamil Nadu","Construction of roads, link roads, pathways or any other road with or without drainage system","WS/MP18186/2025-2026/239099","THIRUVALLUR(DISTRICT COLLECTOR TIRUVALLUR_IDA)","Sasikanth Senthil","TIRUVALLUR(SC)","06-Feb-2026","PS ENTERPRISES","Payment Success","1799897"
"1981","Tamil Nadu","Construction of roads, link roads, pathways or any other road with or without drainage system","WS/MP18186/2025-2026/167706","THIRUVALLUR(DISTRICT COLLECTOR TIRUVALLUR_IDA)","Sasikanth Senthil","TIRUVALLUR(SC)","19-Aug-2025","J K ENTERPRISES","Payment Success","499949"
"1982","Tamil Nadu","Providing sports equipment, except consumable items","WS/MP18186/2025-2026/180030","THIRUVALLUR(DISTRICT COLLECTOR TIRUVALLUR_IDA)","Sasikanth Senthil","TIRUVALLUR(SC)","24-Jul-2025","THE PANILION","Payment Success","45000"
"1983","Tamil Nadu","Construction of road under bridge","WS/MP18185/2026-2027/247576","TENKASI(DISTRICT COLLECTOR TENKASI_IDA)","ROBERT BRUCE C","TIRUNELVELI","12-Aug-2026","Seetha","Payment Success","479711"
"1984","Tamil Nadu","Construction of flood control embankments/ protection walls along riverbanks, hilltops, roadsides","WS/MP017/2025-2026/161188","THIRUVALLUR(DISTRICT COLLECTOR TIRUVALLUR_IDA)","S. Jagathrakshakan","ARAKKONAM","10-Jun-2025","G SIVAPRASATH","Payment Success","999907"
"1985","Tamil Nadu","Providing drains and gutters for public drainage","WS/MP017/2025-2026/208477","THIRUVALLUR(DISTRICT COLLECTOR TIRUVALLUR_IDA)","S. Jagathrakshakan","ARAKKONAM","08-Dec-2025","D V VINOTH DAMU","Payment Success","999738"
"1986","Tamil Nadu","Construction of bus-sheds or bus-stops","WS/MP017/2025-2026/160057","THIRUVALLUR(DISTRICT COLLECTOR TIRUVALLUR_IDA)","S. Jagathrakshakan","ARAKKONAM","03-Jul-2025","Venu A","Payment Success","647735"
"1987","Tamil Nadu","Construction of boundary walls of existing public and community buildings","WS/MP017/2025-2026/160058","THIRUVALLUR(DISTRICT COLLECTOR TIRUVALLUR_IDA)","S. Jagathrakshakan","ARAKKONAM","08-Oct-2025","PONNIAMMAN ENTERPRISES","Payment Success","649986"
"1988","Tamil Nadu","Lighting of public spaces","WS/MP18186/2025-2026/173217","THIRUVALLUR(DISTRICT COLLECTOR TIRUVALLUR_IDA)","Sasikanth Senthil","TIRUVALLUR(SC)","13-Sep-2025","JSK ENTERPRISES","Payment Success","434858"
"1989","Tamil Nadu","Lighting of public spaces","WS/MP18186/2025-2026/253590","THIRUVALLUR(DISTRICT COLLECTOR TIRUVALLUR_IDA)","Sasikanth Senthil","TIRUVALLUR(SC)","18-Dec-2025","L G Arasu","Payment Success","434360"
"1990","Tamil Nadu","Lighting of public spaces","WS/MP18186/2025-2026/222946","THIRUVALLUR(DISTRICT COLLECTOR TIRUVALLUR_IDA)","Sasikanth Senthil","TIRUVALLUR(SC)","22-Nov-2025","L G Arasu","Payment Success","434360"
"1991","Tamil Nadu","Lighting of public spaces","WS/MP18186/2025-2026/222933","THIRUVALLUR(DISTRICT COLLECTOR TIRUVALLUR_IDA)","Sasikanth Senthil","TIRUVALLUR(SC)","22-Nov-2025","L G Arasu","Payment Success","434360"
"1992","Tamil Nadu","Providing supply pipelines for drinking water","WS/MP18265/2025-2026/155174","CUDDALORE(DISTRICT COLLECTOR CUDDALORE_IDA)","M.K. VISHNUPRASAD","CUDDALORE","07-Jan-2026","AATHVIK CONSTRUCTION","Payment Success","1000000"
"1993","Tamil Nadu","Construction of community centers and community halls","WS/MP756/2026-2027/242952","CUDDALORE(DISTRICT COLLECTOR CUDDALORE_IDA)","Thirumaa Valavan Thol","CHIDAMBARAM(SC)","20-Jun-2026","CHANDIRA RAMESH","Payment Success","1200000"
"1994","Tamil Nadu","Providing drains and gutters for public drainage","WS/MP18265/2024-2025/154820","CUDDALORE(DISTRICT COLLECTOR CUDDALORE_IDA)","M.K. VISHNUPRASAD","CUDDALORE","03-Jul-2025","DHANALAKSHMI S","Payment Success","1000000"
"1995","Tamil Nadu","Construction of roads, link roads, pathways or any other road with or without drainage system","WS/MP18265/2025-2026/160988","CUDDALORE(DISTRICT COLLECTOR CUDDALORE_IDA)","M.K. VISHNUPRASAD","CUDDALORE","25-Apr-2025","BHUVANESWARI","Payment Success","1250000"
"1996","Tamil Nadu","Crematoriums/energy efficient crematoriums or structures on burial/cremation ground","WS/MP18384/2024-2025/177835","THIRUVARUR(DISTRICT COLLECTOR THIRUVARUR_IDA)","SELVARAJ V","NAGAPATTINAM(SC)","29-Sep-2025","Senthil C","Payment Success","399824"
"1997","Tamil Nadu","Construction of bus-sheds or bus-stops","WS/MP18384/2024-2025/177834","THIRUVARUR(DISTRICT COLLECTOR THIRUVARUR_IDA)","SELVARAJ V","NAGAPATTINAM(SC)","29-Sep-2025","Varatharajan Ramasamy","Payment Success","499773"
"1998","Tamil Nadu","Construction of culverts and bridges","WS/MP18384/2025-2026/177814","THIRUVARUR(DISTRICT COLLECTOR THIRUVARUR_IDA)","SELVARAJ V","NAGAPATTINAM(SC)","10-Sep-2025","KKV Construction","Payment Success","1349680"
"1999","Tamil Nadu","Crematoriums/energy efficient crematoriums or structures on burial/cremation ground","WS/MP18384/2024-2025/177836","THIRUVARUR(DISTRICT COLLECTOR THIRUVARUR_IDA)","SELVARAJ V","NAGAPATTINAM(SC)","27-Jan-2026","Senthil C","Payment Success","399869"
"2000","Tamil Nadu","Street lights","WS/MP18265/2025-2026/171398","CUDDALORE(DISTRICT COLLECTOR CUDDALORE_IDA)","M.K. VISHNUPRASAD","CUDDALORE","01-Sep-2025","SRI VENKATESHWARA CONSTRUCTIONS","Payment Success","3136643"
"2001","Tamil Nadu","Construction of bus-sheds or bus-stops","WS/MP18265/2025-2026/155943","CUDDALORE(DISTRICT COLLECTOR CUDDALORE_IDA)","M.K. VISHNUPRASAD","CUDDALORE","04-Feb-2026","ARUNA","Payment Success","1000000"
"2002","Tamil Nadu","Construction of rooms and facilities for hospitals, FWC , PHC Centers and ANM centers","WS/MP017/2025-2026/160031","Ranipet(District Collector, Ranipet_2)","S. Jagathrakshakan","ARAKKONAM","26-Jun-2025","K RAJARAM AND CO","Payment Success","1598588"
"2003","Tamil Nadu","Construction of rooms and halls in school and colleges","WS/MP017/2025-2026/160041","Ranipet(District Collector, Ranipet_2)","S. Jagathrakshakan","ARAKKONAM","13-Oct-2025","SRI KAMATCHI CONSTRUCTION","Payment Success","1297974"
"2004","Tamil Nadu","Construction of roads, link roads, pathways or any other road with or without drainage system","WS/MP756/2026-2027/242938","PERAMBALUR(DISTRICT COLLECTOR PERAMBALUR_IDA)","Thirumaa Valavan Thol","CHIDAMBARAM(SC)","18-Aug-2026","SUNDARASU","Payment Success","382845"
"2005","Tamil Nadu","Construction of roads, link roads, pathways or any other road with or without drainage system","WS/MP756/2026-2027/256380","PERAMBALUR(DISTRICT COLLECTOR PERAMBALUR_IDA)","Thirumaa Valavan Thol","CHIDAMBARAM(SC)","19-Jun-2026","R Prabhu","Payment Success","770866"
"2006","Tamil Nadu","Construction of public irrigation facilities","WS/MP18180/2025-2026/231229","PERAMBALUR(DISTRICT COLLECTOR PERAMBALUR_IDA)","ARUN NEHRU","PERAMBALUR","03-Feb-2026","Nallusamy","Payment Success","59333"
"2007","Tamil Nadu","Construction of roads, link roads, pathways or any other road with or without drainage system","WS/MP18180/2025-2026/232778","PERAMBALUR(DISTRICT COLLECTOR PERAMBALUR_IDA)","ARUN NEHRU","PERAMBALUR","03-Feb-2026","Nallusamy","Payment Success","496500"
"2008","Tamil Nadu","Providing drains and gutters for public drainage","WS/MP18180/2025-2026/231230","PERAMBALUR(DISTRICT COLLECTOR PERAMBALUR_IDA)","ARUN NEHRU","PERAMBALUR","03-Feb-2026","Nallusamy","Payment Success","437066"
"2009","Tamil Nadu","Construction of roads, link roads, pathways or any other road with or without drainage system","WS/MP18180/2025-2026/222973","PERAMBALUR(DISTRICT COLLECTOR PERAMBALUR_IDA)","ARUN NEHRU","PERAMBALUR","05-Dec-2025","Nallusamy","Payment Success","375121"
"2010","Tamil Nadu","Construction of roads, link roads, pathways or any other road with or without drainage system","WS/MP18180/2025-2026/222972","PERAMBALUR(DISTRICT COLLECTOR PERAMBALUR_IDA)","ARUN NEHRU","PERAMBALUR","11-Mar-2026","Nallusamy","Payment Success","616756"
"2011","Tamil Nadu","Providing drains and gutters for public drainage","WS/MP18180/2025-2026/231228","PERAMBALUR(DISTRICT COLLECTOR PERAMBALUR_IDA)","ARUN NEHRU","PERAMBALUR","26-Feb-2026","Nallusamy","Payment Success","494849"
"2012","Tamil Nadu","Construction of roads, link roads, pathways or any other road with or without drainage system","WS/MP756/2026-2027/256383","PERAMBALUR(DISTRICT COLLECTOR PERAMBALUR_IDA)","Thirumaa Valavan Thol","CHIDAMBARAM(SC)","14-Jul-2026","R Prabhu","Payment Success","728221"
"2013","Tamil Nadu","Construction of roads, link roads, pathways or any other road with or without drainage system","WS/MP18180/2025-2026/232777","PERAMBALUR(DISTRICT COLLECTOR PERAMBALUR_IDA)","ARUN NEHRU","PERAMBALUR","07-Jan-2026","Nallusamy","Payment Success","496453"
"2014","Tamil Nadu","Construction of roads, link roads, pathways or any other road with or without drainage system","WS/MP756/2025-2026/171128","PERAMBALUR(DISTRICT COLLECTOR PERAMBALUR_IDA)","Thirumaa Valavan Thol","CHIDAMBARAM(SC)","27-Nov-2025","LAKSHMI B","Payment Success","1891649"
"2015","Tamil Nadu","Lighting of public spaces","WS/MP18265/2025-2026/223048","CUDDALORE(DISTRICT COLLECTOR CUDDALORE_IDA)","M.K. VISHNUPRASAD","CUDDALORE","27-Feb-2026","SRI SAI ENTERPRISES","Payment Success","849368"
"2016","Tamil Nadu","Lighting of public spaces","WS/MP18265/2025-2026/223053","CUDDALORE(DISTRICT COLLECTOR CUDDALORE_IDA)","M.K. VISHNUPRASAD","CUDDALORE","27-Feb-2026","SRI SAI ENTERPRISES","Payment Success","449175"
"2017","Tamil Nadu","Lighting of public spaces","WS/MP18265/2025-2026/151884","CUDDALORE(DISTRICT COLLECTOR CUDDALORE_IDA)","M.K. VISHNUPRASAD","CUDDALORE","26-Jul-2025","VDH ENTERPRISES","Payment Success","450000"
"2018","Tamil Nadu","Lighting of public spaces","WS/MP18265/2025-2026/151887","CUDDALORE(DISTRICT COLLECTOR CUDDALORE_IDA)","M.K. VISHNUPRASAD","CUDDALORE","26-Jul-2025","VDH ENTERPRISES","Payment Success","450000"
"2019","Tamil Nadu","Lighting of public spaces","WS/MP18265/2025-2026/151889","CUDDALORE(DISTRICT COLLECTOR CUDDALORE_IDA)","M.K. VISHNUPRASAD","CUDDALORE","26-Jul-2025","VDH ENTERPRISES","Payment Success","450000"
"2020","Tamil Nadu","Lighting of public spaces","WS/MP18265/2025-2026/151882","CUDDALORE(DISTRICT COLLECTOR CUDDALORE_IDA)","M.K. VISHNUPRASAD","CUDDALORE","21-Jul-2025","VDH ENTERPRISES","Payment Success","450000"
"2021","Tamil Nadu","Construction of Government office buildings (Post office, Police station, Police chauki, etc.)","WS/MP017/2026-2027/160027","Ranipet(District Collector, Ranipet_2)","S. Jagathrakshakan","ARAKKONAM","01-Jul-2026","JNS Enterprises","Payment Success","1650000"
"2022","Tamil Nadu","Construction of roads, link roads, pathways or any other road with or without drainage system","WS/MP017/2025-2026/202449","Ranipet(District Collector, Ranipet_2)","S. Jagathrakshakan","ARAKKONAM","23-Mar-2026","Narasimman S","Payment Success","2500000"
"2023","Tamil Nadu","Construction of bus-sheds or bus-stops","WS/MP017/2025-2026/160037","Ranipet(District Collector, Ranipet_2)","S. Jagathrakshakan","ARAKKONAM","24-Nov-2025","JPM ENTERPRISES","Payment Success","800000"
"2024","Tamil Nadu","Installing tube-wells and borewells","WS/MP017/2025-2026/169195","Ranipet(District Collector, Ranipet_2)","S. Jagathrakshakan","ARAKKONAM","18-Sep-2025","MUNUSAMY","Payment Success","210000"
"2025","Tamil Nadu","Providing supply pipelines for drinking water","WS/MP017/2025-2026/169191","Ranipet(District Collector, Ranipet_2)","S. Jagathrakshakan","ARAKKONAM","15-Jul-2025","P R V ENTERPRISES","Payment Success","200000"
"2026","Tamil Nadu","Providing supply pipelines for drinking water","WS/MP017/2025-2026/169194","Ranipet(District Collector, Ranipet_2)","S. Jagathrakshakan","ARAKKONAM","15-Jul-2025","P R V ENTERPRISES","Payment Success","200000"
"2027","Tamil Nadu","Installing tube-wells and borewells","WS/MP017/2025-2026/169193","Ranipet(District Collector, Ranipet_2)","S. Jagathrakshakan","ARAKKONAM","15-Jul-2025","P R V ENTERPRISES","Payment Success","210000"
"2028","Tamil Nadu","Installing tube-wells and borewells","WS/MP017/2025-2026/169192","Ranipet(District Collector, Ranipet_2)","S. Jagathrakshakan","ARAKKONAM","15-Jul-2025","P R V ENTERPRISES","Payment Success","210000"
"2029","Tamil Nadu","Construction of community centers and community halls","WS/MP18265/2025-2026/152626","CUDDALORE(DISTRICT COLLECTOR CUDDALORE_IDA)","M.K. VISHNUPRASAD","CUDDALORE","04-Sep-2025","R RAVICHANDIRAN","Payment Success","838090"
"2030","Tamil Nadu","Construction of community centers and community halls","WS/MP18265/2026-2027/222988","CUDDALORE(DISTRICT COLLECTOR CUDDALORE_IDA)","M.K. VISHNUPRASAD","CUDDALORE","10-Aug-2026","SARAVANAN S","Payment Success","2887769"
"2031","Tamil Nadu","Lighting of public spaces","WS/MP18265/2025-2026/203615","CUDDALORE(DISTRICT COLLECTOR CUDDALORE_IDA)","M.K. VISHNUPRASAD","CUDDALORE","05-Feb-2026","VDH ENTERPRISES","Payment Success","446213"
"2032","Tamil Nadu","Lighting of public spaces","WS/MP746/2025-2026/225772","RAMANATHAPURAM(DISTRICT COLLECTOR RAMANATHAPURAM_IDA)","Kani K Navas","RAMANATHAPURAM","14-Nov-2025","MURUGAN TRADERS","Payment Success","426595"
"2033","Tamil Nadu","Lighting of public spaces","WS/MP746/2025-2026/225777","RAMANATHAPURAM(DISTRICT COLLECTOR RAMANATHAPURAM_IDA)","Kani K Navas","RAMANATHAPURAM","14-Nov-2025","MURUGAN TRADERS","Payment Success","426595"
"2034","Tamil Nadu","Lighting of public spaces","WS/MP746/2025-2026/225771","RAMANATHAPURAM(DISTRICT COLLECTOR RAMANATHAPURAM_IDA)","Kani K Navas","RAMANATHAPURAM","10-Nov-2025","MURUGAN TRADERS","Payment Success","426596"
"2035","Tamil Nadu","Lighting of public spaces","WS/MP746/2025-2026/225770","RAMANATHAPURAM(DISTRICT COLLECTOR RAMANATHAPURAM_IDA)","Kani K Navas","RAMANATHAPURAM","10-Nov-2025","MURUGAN TRADERS","Payment Success","426595"
"2036","Tamil Nadu","Lighting of public spaces","WS/MP508/2025-2026/201463","TIRUVANNAMALAI(DISTRICT COLLECTOR TIRUVANNAMALAI_IDA)","CN Annadurai","TIRUVANNAMALAI","26-Aug-2025","T PRABHAKARAN","Payment Success","435000"
"2037","Tamil Nadu","Construction of roads, link roads, pathways or any other road with or without drainage system","WS/MP508/2024-2025/164191","TIRUVANNAMALAI(DISTRICT COLLECTOR TIRUVANNAMALAI_IDA)","CN Annadurai","TIRUVANNAMALAI","29-Apr-2025","VALARMATHI","Payment Success","199920"
"2038","Tamil Nadu","Construction of roads, link roads, pathways or any other road with or without drainage system","WS/MP508/2024-2025/164193","TIRUVANNAMALAI(DISTRICT COLLECTOR TIRUVANNAMALAI_IDA)","CN Annadurai","TIRUVANNAMALAI","05-Jul-2025","MM CONSTRUCTIONS","Payment Success","199900"
"2039","Tamil Nadu","Construction of roads, link roads, pathways or any other road with or without drainage system","WS/MP508/2024-2025/164192","TIRUVANNAMALAI(DISTRICT COLLECTOR TIRUVANNAMALAI_IDA)","CN Annadurai","TIRUVANNAMALAI","05-Jul-2025","MM CONSTRUCTIONS","Payment Success","199880"
"2040","Tamil Nadu","Lighting of public spaces","WS/MP508/2025-2026/229812","TIRUVANNAMALAI(DISTRICT COLLECTOR TIRUVANNAMALAI_IDA)","CN Annadurai","TIRUVANNAMALAI","07-Jan-2026","T PRABHAKARAN","Payment Success","435000"
"2041","Tamil Nadu","Lighting of public spaces","WS/MP508/2025-2026/229811","TIRUVANNAMALAI(DISTRICT COLLECTOR TIRUVANNAMALAI_IDA)","CN Annadurai","TIRUVANNAMALAI","07-Jan-2026","T PRABHAKARAN","Payment Success","435000"
"2042","Tamil Nadu","Lighting of public spaces","WS/MP508/2025-2026/229813","TIRUVANNAMALAI(DISTRICT COLLECTOR TIRUVANNAMALAI_IDA)","CN Annadurai","TIRUVANNAMALAI","07-Jan-2026","T PRABHAKARAN","Payment Success","435000"
"2043","Tamil Nadu","Lighting of public spaces","WS/MP508/2025-2026/250985","TIRUVANNAMALAI(DISTRICT COLLECTOR TIRUVANNAMALAI_IDA)","CN Annadurai","TIRUVANNAMALAI","10-Feb-2026","T PRABHAKARAN","Payment Success","435000"
"2044","Tamil Nadu","Construction of additional rooms and halls in the existing public and community building","WS/MP18185/2025-2026/195493","TENKASI(DISTRICT COLLECTOR TENKASI_IDA)","ROBERT BRUCE C","TIRUNELVELI","07-Oct-2025","MARIDURAI AND CO","Payment Success","1148264"
"2045","Tamil Nadu","Construction of community centers and community halls","WS/MP745/2025-2026/141315","ERODE(DISTRICT_COLLECTORE_ERODE_IDA)","K Subbarayan","TIRUPPUR","15-Oct-2025","SELVANAYAKIAMMAN BUILDERS","Payment Success","6000000"
"2046","Tamil Nadu","Construction of community centers and community halls","WS/MP745/2025-2026/141314","ERODE(DISTRICT_COLLECTORE_ERODE_IDA)","K Subbarayan","TIRUPPUR","28-Aug-2025","CHANDRAN V C","Payment Success","1034903"
"2047","Tamil Nadu","Construction of community centers and community halls","WS/MP745/2026-2027/202605","ERODE(DISTRICT_COLLECTORE_ERODE_IDA)","K Subbarayan","TIRUPPUR","21-May-2026","SRI VAARI INFRAS","Payment Success","5998083"
"2048","Tamil Nadu","Construction of roads, link roads, pathways or any other road with or without drainage system","WS/MP745/2026-2027/263272","ERODE(DISTRICT_COLLECTORE_ERODE_IDA)","K Subbarayan","TIRUPPUR","15-May-2026","G V CONSTRUCTIONS","Payment Success","1499459"
"2049","Tamil Nadu","Construction of public irrigation facilities","WS/MP745/2025-2026/241597","ERODE(DISTRICT_COLLECTORE_ERODE_IDA)","K Subbarayan","TIRUPPUR","16-Apr-2026","S S and CO","Payment Success","709850"
"2050","Tamil Nadu","Construction of roads, link roads, pathways or any other road with or without drainage system","WS/MP745/2025-2026/241598","ERODE(DISTRICT_COLLECTORE_ERODE_IDA)","K Subbarayan","TIRUPPUR","02-Feb-2026","PONNAR SANKAR CONSTRUCTIONS","Payment Success","789935"
"2051","Tamil Nadu","Construction of roads, link roads, pathways or any other road with or without drainage system","WS/MP745/2025-2026/141430","ERODE(DISTRICT_COLLECTORE_ERODE_IDA)","K Subbarayan","TIRUPPUR","10-Jul-2025","BDO AMMAPETTAI MPLADP","Payment Success","1807337"
"2052","Tamil Nadu","Construction of roads, link roads, pathways or any other road with or without drainage system","WS/MP745/2024-2025/181802","ERODE(DISTRICT_COLLECTORE_ERODE_IDA)","K Subbarayan","TIRUPPUR","18-Mar-2025","G V CONSTRUCTIONS","Payment Success","2499742"
"2053","Tamil Nadu","Construction of roads, link roads, pathways or any other road with or without drainage system","WS/MP745/2024-2025/181799","ERODE(DISTRICT_COLLECTORE_ERODE_IDA)","K Subbarayan","TIRUPPUR","14-Mar-2025","MOHANRAJ AND CO","Payment Success","2014990"
"2054","Tamil Nadu","Construction of community centers and community halls","WS/MP745/2025-2026/202602","ERODE(DISTRICT_COLLECTORE_ERODE_IDA)","K Subbarayan","TIRUPPUR","24-Feb-2026","C P Muralidharan","Payment Success","1229874"
"2055","Tamil Nadu","Lighting of public spaces","WS/MP745/2025-2026/189026","ERODE(DISTRICT_COLLECTORE_ERODE_IDA)","K Subbarayan","TIRUPPUR","24-Feb-2026","G S Associates","Payment Success","549928"
"2056","Tamil Nadu","Construction of bus-sheds or bus-stops","WS/MP740/2026-2027/270857","ERODE(DISTRICT_COLLECTORE_ERODE_IDA)","Andimuthu Raja","NILGIRIS(SC)","21-May-2026","NAGESH J","Payment Success","548392"
"2057","Tamil Nadu","Construction of community centers and community halls","WS/MP740/2026-2027/203999","ERODE(DISTRICT_COLLECTORE_ERODE_IDA)","Andimuthu Raja","NILGIRIS(SC)","21-May-2026","NAGESH J","Payment Success","1513781"
"2058","Tamil Nadu","Construction of bus-sheds or bus-stops","WS/MP740/2026-2027/160533","ERODE(DISTRICT_COLLECTORE_ERODE_IDA)","Andimuthu Raja","NILGIRIS(SC)","21-May-2026","AKMAL KHAN","Payment Success","581919"
"2059","Tamil Nadu","Street lights","WS/MP740/2025-2026/204006","ERODE(DISTRICT_COLLECTORE_ERODE_IDA)","Andimuthu Raja","NILGIRIS(SC)","17-Sep-2025","Guru Constructions","Payment Success","181957"
"2060","Tamil Nadu","Street lights","WS/MP740/2025-2026/204001","ERODE(DISTRICT_COLLECTORE_ERODE_IDA)","Andimuthu Raja","NILGIRIS(SC)","17-Sep-2025","Guru Constructions","Payment Success","181957"
"2061","Tamil Nadu","Street lights","WS/MP740/2025-2026/204007","ERODE(DISTRICT_COLLECTORE_ERODE_IDA)","Andimuthu Raja","NILGIRIS(SC)","17-Sep-2025","Guru Constructions","Payment Success","181957"
"2062","Tamil Nadu","Construction of bus-sheds or bus-stops","WS/MP740/2025-2026/160534","ERODE(DISTRICT_COLLECTORE_ERODE_IDA)","Andimuthu Raja","NILGIRIS(SC)","17-Sep-2025","ABDUL SALAM","Payment Success","496530"
"2063","Tamil Nadu","Street lights","WS/MP740/2025-2026/204002","ERODE(DISTRICT_COLLECTORE_ERODE_IDA)","Andimuthu Raja","NILGIRIS(SC)","02-Sep-2025","Guru Constructions","Payment Success","181957"
"2064","Tamil Nadu","Street lights","WS/MP740/2025-2026/204003","ERODE(DISTRICT_COLLECTORE_ERODE_IDA)","Andimuthu Raja","NILGIRIS(SC)","02-Sep-2025","Guru Constructions","Payment Success","181957"
"2065","Tamil Nadu","Construction of community centers and community halls","WS/MP740/2025-2026/160532","ERODE(DISTRICT_COLLECTORE_ERODE_IDA)","Andimuthu Raja","NILGIRIS(SC)","11-Nov-2025","C P Gopalakrishnan","Payment Success","1149993"
"2066","Tamil Nadu","Providing supply pipelines for drinking water","WS/MP745/2025-2026/202578","ERODE(DISTRICT_COLLECTORE_ERODE_IDA)","K Subbarayan","TIRUPPUR","21-Nov-2025","K Vadivel","Payment Success","1064636"
"2067","Tamil Nadu","Construction of community centers and community halls","WS/MP740/2025-2026/203996","ERODE(DISTRICT_COLLECTORE_ERODE_IDA)","Andimuthu Raja","NILGIRIS(SC)","19-Jan-2026","SHREE ENGINEERING CO","Payment Success","1279968"
"2068","Tamil Nadu","Construction of bus-sheds or bus-stops","WS/MP745/2025-2026/241599","ERODE(DISTRICT_COLLECTORE_ERODE_IDA)","K Subbarayan","TIRUPPUR","09-May-2026","K Vadivel","Payment Success","500000"
"2069","Tamil Nadu","Construction of water tanks","WS/MP745/2025-2026/202577","ERODE(DISTRICT_COLLECTORE_ERODE_IDA)","K Subbarayan","TIRUPPUR","13-May-2026","K Vadivel","Payment Success","2134898"
"2070","Tamil Nadu","Construction of community centers and community halls","WS/MP740/2025-2026/254408","ERODE(DISTRICT_COLLECTORE_ERODE_IDA)","Andimuthu Raja","NILGIRIS(SC)","20-Feb-2026","C Chithambaram","Payment Success","1299955"
"2071","Tamil Nadu","Construction of bus-sheds or bus-stops","WS/MP740/2025-2026/160528","ERODE(DISTRICT_COLLECTORE_ERODE_IDA)","Andimuthu Raja","NILGIRIS(SC)","01-Nov-2025","C Chithambaram","Payment Success","499998"
"2072","Tamil Nadu","Construction of bus-sheds or bus-stops","WS/MP740/2025-2026/160527","ERODE(DISTRICT_COLLECTORE_ERODE_IDA)","Andimuthu Raja","NILGIRIS(SC)","01-Nov-2025","C Chithambaram","Payment Success","499989"
"2073","Tamil Nadu","Construction of bus-sheds or bus-stops","WS/MP740/2025-2026/204012","ERODE(DISTRICT_COLLECTORE_ERODE_IDA)","Andimuthu Raja","NILGIRIS(SC)","08-Jan-2026","UBUN2","Payment Success","499820"
"2074","Tamil Nadu","Construction of buildings for crèches and anganwadies","WS/MP740/2025-2026/160530","ERODE(DISTRICT_COLLECTORE_ERODE_IDA)","Andimuthu Raja","NILGIRIS(SC)","29-Apr-2026","DHANDAPANI A","Payment Success","1399935"
"2075","Tamil Nadu","Construction of community centers and community halls","WS/MP740/2025-2026/160531","ERODE(DISTRICT_COLLECTORE_ERODE_IDA)","Andimuthu Raja","NILGIRIS(SC)","29-Dec-2025","M MADANKUMAR","Payment Success","1183152"
"2076","Tamil Nadu","Construction of bus-sheds or bus-stops","WS/MP740/2026-2027/204011","ERODE(DISTRICT_COLLECTORE_ERODE_IDA)","Andimuthu Raja","NILGIRIS(SC)","21-May-2026","NESHAM THANGAM BUILDERS","Payment Success","599750"
"2077","Tamil Nadu","Construction of additional rooms and halls in the existing public and community building","WS/MP18177/2025-2026/168389","ERODE(DISTRICT_COLLECTORE_ERODE_IDA)","K E PRAKASH","ERODE","11-Jul-2025","ARUNACHALA CONSTRUCTION","Payment Success","1499919"
"2078","Tamil Nadu","Construction of roads, link roads, pathways or any other road with or without drainage system","WS/MP18185/2025-2026/228433","TIRUNELVELI(DISTRICT COLLECTOR TIRUNELVELI_IDA)","ROBERT BRUCE C","TIRUNELVELI","31-Oct-2025","SHUNMUGAVEL","Payment Success","2685106"
"2079","Tamil Nadu","Construction of roads, link roads, pathways or any other road with or without drainage system","WS/MP18185/2025-2026/179804","TIRUNELVELI(DISTRICT COLLECTOR TIRUNELVELI_IDA)","ROBERT BRUCE C","TIRUNELVELI","01-Nov-2025","SAV Construction Kumaresan Manilal","Payment Success","553896"
"2080","Tamil Nadu","Construction of roads, link roads, pathways or any other road with or without drainage system","WS/MP18185/2025-2026/179803","TIRUNELVELI(DISTRICT COLLECTOR TIRUNELVELI_IDA)","ROBERT BRUCE C","TIRUNELVELI","01-Nov-2025","SAV Construction Kumaresan Manilal","Payment Success","634803"
"2081","Tamil Nadu","Crematoriums/energy efficient crematoriums or structures on burial/cremation ground","WS/MP740/2025-2026/219244","THE NILGIRIS(DISTRICT COLLECTOR NILGIRIS_IDA)","Andimuthu Raja","NILGIRIS(SC)","25-Sep-2025","NARAYANAN J","Payment Success","499924"
"2082","Tamil Nadu","Construction of common work sheds/ common covered sitting area","WS/MP740/2025-2026/160960","THE NILGIRIS(DISTRICT COLLECTOR NILGIRIS_IDA)","Andimuthu Raja","NILGIRIS(SC)","19-Aug-2025","N SARAVANAN","Payment Success","499911"
"2083","Tamil Nadu","Construction of community centers and community halls","WS/MP740/2026-2027/219241","THE NILGIRIS(DISTRICT COLLECTOR NILGIRIS_IDA)","Andimuthu Raja","NILGIRIS(SC)","27-May-2026","ARAVINTHAN G","Payment Success","1499757"
"2084","Tamil Nadu","Construction of common work sheds/ common covered sitting area","WS/MP740/2026-2027/223215","THE NILGIRIS(DISTRICT COLLECTOR NILGIRIS_IDA)","Andimuthu Raja","NILGIRIS(SC)","01-Jul-2026","T Krishnamoorthi Emerald","Payment Success","699519"
"2085","Tamil Nadu","Construction of common work sheds/ common covered sitting area","WS/MP740/2025-2026/160995","THE NILGIRIS(DISTRICT COLLECTOR NILGIRIS_IDA)","Andimuthu Raja","NILGIRIS(SC)","11-Mar-2026","B SAMINATHAN Masinagudi","Payment Success","599966"
"2086","Tamil Nadu","Construction of bus-sheds or bus-stops","WS/MP740/2025-2026/219242","THE NILGIRIS(DISTRICT COLLECTOR NILGIRIS_IDA)","Andimuthu Raja","NILGIRIS(SC)","20-Mar-2026","N SARAVANAN","Payment Success","499700"
"2087","Tamil Nadu","Construction of common work sheds/ common covered sitting area","WS/MP740/2025-2026/160962","THE NILGIRIS(DISTRICT COLLECTOR NILGIRIS_IDA)","Andimuthu Raja","NILGIRIS(SC)","14-Oct-2025","DEVAGI","Payment Success","599911"
"2088","Tamil Nadu","Construction of common work sheds/ common covered sitting area","WS/MP740/2025-2026/219243","THE NILGIRIS(DISTRICT COLLECTOR NILGIRIS_IDA)","Andimuthu Raja","NILGIRIS(SC)","10-Oct-2025","K DORAIRAJ","Payment Success","499888"
"2089","Tamil Nadu","Construction of roads, link roads, pathways or any other road with or without drainage system","WS/MP18186/2026-2027/240295","THIRUVALLUR(DISTRICT COLLECTOR TIRUVALLUR_IDA)","Sasikanth Senthil","TIRUVALLUR(SC)","11-Jun-2026","M Rajendran","Payment Success","1998601"
"2090","Tamil Nadu","Lighting of public spaces","WS/MP18186/2025-2026/173305","THIRUVALLUR(DISTRICT COLLECTOR TIRUVALLUR_IDA)","Sasikanth Senthil","TIRUVALLUR(SC)","22-Jul-2026","SARO OVERSEAS PRIVATE LIMITED","Payment Success","263585"
"2091","Tamil Nadu","Lighting of public spaces","WS/MP18186/2025-2026/173300","THIRUVALLUR(DISTRICT COLLECTOR TIRUVALLUR_IDA)","Sasikanth Senthil","TIRUVALLUR(SC)","22-Jul-2026","SARO OVERSEAS PRIVATE LIMITED","Payment Success","233240"
"2092","Tamil Nadu","Lighting of public spaces","WS/MP18186/2025-2026/173301","THIRUVALLUR(DISTRICT COLLECTOR TIRUVALLUR_IDA)","Sasikanth Senthil","TIRUVALLUR(SC)","22-Jul-2026","SARO OVERSEAS PRIVATE LIMITED","Payment Success","263585"
"2093","Tamil Nadu","Lighting of public spaces","WS/MP18186/2025-2026/173296","THIRUVALLUR(DISTRICT COLLECTOR TIRUVALLUR_IDA)","Sasikanth Senthil","TIRUVALLUR(SC)","22-Jul-2026","SARO OVERSEAS PRIVATE LIMITED","Payment Success","167790"
"2094","Tamil Nadu","Lighting of public spaces","WS/MP18186/2025-2026/173303","THIRUVALLUR(DISTRICT COLLECTOR TIRUVALLUR_IDA)","Sasikanth Senthil","TIRUVALLUR(SC)","22-Jul-2026","SARO OVERSEAS PRIVATE LIMITED","Payment Success","296310"
"2095","Tamil Nadu","Lighting of public spaces","WS/MP18186/2025-2026/173297","THIRUVALLUR(DISTRICT COLLECTOR TIRUVALLUR_IDA)","Sasikanth Senthil","TIRUVALLUR(SC)","22-Jul-2026","SARO OVERSEAS PRIVATE LIMITED","Payment Success","167790"
"2096","Tamil Nadu","Lighting of public spaces","WS/MP18186/2025-2026/173302","THIRUVALLUR(DISTRICT COLLECTOR TIRUVALLUR_IDA)","Sasikanth Senthil","TIRUVALLUR(SC)","22-Jul-2026","SARO OVERSEAS PRIVATE LIMITED","Payment Success","165410"
"2097","Tamil Nadu","Street lights","WS/MP18182/2025-2026/161279","TENKASI(DISTRICT COLLECTOR TENKASI_IDA)","DR RANI SRI KUMAR","TENKASI(SC)","24-Jun-2025","SUPER ELECTRICALS","Payment Success","413882"
"2098","Tamil Nadu","Street lights","WS/MP18182/2025-2026/161278","TENKASI(DISTRICT COLLECTOR TENKASI_IDA)","DR RANI SRI KUMAR","TENKASI(SC)","24-Jun-2025","SUPER ELECTRICALS","Payment Success","413882"
"2099","Tamil Nadu","Lighting of public spaces","WS/MP18186/2025-2026/212292","THIRUVALLUR(DISTRICT COLLECTOR TIRUVALLUR_IDA)","Sasikanth Senthil","TIRUVALLUR(SC)","16-Mar-2026","L G Arasu","Payment Success","434216"
"2100","Tamil Nadu","Lighting of public spaces","WS/MP18186/2025-2026/212297","THIRUVALLUR(DISTRICT COLLECTOR TIRUVALLUR_IDA)","Sasikanth Senthil","TIRUVALLUR(SC)","16-Mar-2026","L G Arasu","Payment Success","434216"
"2101","Tamil Nadu","Construction of community centers and community halls","WS/MP18186/2026-2027/299515","THIRUVALLUR(DISTRICT COLLECTOR TIRUVALLUR_IDA)","Sasikanth Senthil","TIRUVALLUR(SC)","07-Aug-2026","L G Arasu","Payment Success","507476"
"2102","Tamil Nadu","Lighting of public spaces","WS/MP18186/2025-2026/173221","THIRUVALLUR(DISTRICT COLLECTOR TIRUVALLUR_IDA)","Sasikanth Senthil","TIRUVALLUR(SC)","04-Jul-2025","SRI RAJALAKSHMI ENTERPRISES","Payment Success","432917"
"2103","Tamil Nadu","Construction of roads, link roads, pathways or any other road with or without drainage system","WS/MP18186/2025-2026/141738","THIRUVALLUR(DISTRICT COLLECTOR TIRUVALLUR_IDA)","Sasikanth Senthil","TIRUVALLUR(SC)","25-Jun-2025","ABL CONSTRUCTIONS","Payment Success","1996468"
"2104","Tamil Nadu","Construction of rooms and halls in school and colleges","WS/MP18186/2026-2027/222921","THIRUVALLUR(DISTRICT COLLECTOR TIRUVALLUR_IDA)","Sasikanth Senthil","TIRUVALLUR(SC)","25-Aug-2026","L G Arasu","Payment Success","3383371"
"2105","Tamil Nadu","Construction of community centers and community halls","WS/MP18183/2025-2026/204998","THANJAVUR(DISTRICT COLLECTOR THANJAVUR_IDA)","MURASOLI S","THANJAVUR","28-Apr-2026","RAJA V","Payment Success","641443"
"2106","Tamil Nadu","Construction of buildings for community cultural activities","WS/MP18183/2024-2025/143544","THANJAVUR(DISTRICT COLLECTOR THANJAVUR_IDA)","MURASOLI S","THANJAVUR","30-Jul-2025","GNANAPANDITHAN","Payment Success","1191491"
"2107","Tamil Nadu","Construction of community centers and community halls","WS/MP18183/2025-2026/204998","THANJAVUR(DISTRICT COLLECTOR THANJAVUR_IDA)","MURASOLI S","THANJAVUR","11-Nov-2025","RAJA V","Payment Success","1079827"
"2108","Tamil Nadu","Construction of community centers and community halls","WS/MP18183/2024-2025/140767","THANJAVUR(DISTRICT COLLECTOR THANJAVUR_IDA)","MURASOLI S","THANJAVUR","13-Jan-2026","NEELA CONSTRUCTION","Payment Success","1349388"
"2109","Tamil Nadu","Construction of community centers and community halls","WS/MP18183/2024-2025/140765","THANJAVUR(DISTRICT COLLECTOR THANJAVUR_IDA)","MURASOLI S","THANJAVUR","31-Jul-2025","Appadurai saminathan","Payment Success","1349747"
"2110","Tamil Nadu","Construction of community centers and community halls","WS/MP18183/2024-2025/140768","THANJAVUR(DISTRICT COLLECTOR THANJAVUR_IDA)","MURASOLI S","THANJAVUR","30-Sep-2025","NEELA CONSTRUCTION","Payment Success","1349703"
"2111","Tamil Nadu","Construction of community centers and community halls","WS/MP18183/2024-2025/140766","THANJAVUR(DISTRICT COLLECTOR THANJAVUR_IDA)","MURASOLI S","THANJAVUR","13-Apr-2026","Rajasekar Mathivanan","Payment Success","1348358"
"2112","Tamil Nadu","Construction of common work sheds/ common covered sitting area","WS/MP18183/2025-2026/245259","THANJAVUR(DISTRICT COLLECTOR THANJAVUR_IDA)","MURASOLI S","THANJAVUR","29-Apr-2026","SRI JEGATHI CONSTRUCTION","Payment Success","523367"
"2113","Tamil Nadu","Construction of common work sheds/ common covered sitting area","WS/MP18183/2025-2026/204987","THANJAVUR(DISTRICT COLLECTOR THANJAVUR_IDA)","MURASOLI S","THANJAVUR","30-Apr-2026","SRI JEGATHI CONSTRUCTION","Payment Success","2499777"
"2114","Tamil Nadu","Lighting of public spaces","WS/MP18183/2025-2026/202351","THANJAVUR(DISTRICT COLLECTOR THANJAVUR_IDA)","MURASOLI S","THANJAVUR","10-Feb-2026","SUN ENGINEERING ENERGIES","Payment Success","700000"
"2115","Tamil Nadu","Construction of community centers and community halls","WS/MP18183/2025-2026/222753","THANJAVUR(DISTRICT COLLECTOR THANJAVUR_IDA)","MURASOLI S","THANJAVUR","06-Apr-2026","Krishnaveni Loganathan","Payment Success","373998"
"2116","Tamil Nadu","Construction of community centers and community halls","WS/MP18183/2025-2026/202355","THANJAVUR(DISTRICT COLLECTOR THANJAVUR_IDA)","MURASOLI S","THANJAVUR","16-Jun-2026","SRI JEGATHI CONSTRUCTION","Payment Success","4221324"
"2117","Tamil Nadu","Construction of community centers and community halls","WS/MP18183/2025-2026/225298","THANJAVUR(DISTRICT COLLECTOR THANJAVUR_IDA)","MURASOLI S","THANJAVUR","20-Apr-2026","TK CONSTRUCTION","Payment Success","730422"
"2118","Tamil Nadu","Construction of community centers and community halls","WS/MP18183/2024-2025/175707","THANJAVUR(DISTRICT COLLECTOR THANJAVUR_IDA)","MURASOLI S","THANJAVUR","10-Sep-2025","RAJENDRAN A","Payment Success","645783"
"2119","Tamil Nadu","Construction of community centers and community halls","WS/MP18183/2024-2025/175707","THANJAVUR(DISTRICT COLLECTOR THANJAVUR_IDA)","MURASOLI S","THANJAVUR","30-Jan-2026","RAJENDRAN A","Payment Success","703625"
"2120","Tamil Nadu","Construction of bus-sheds or bus-stops","WS/MP18183/2024-2025/142746","THANJAVUR(DISTRICT COLLECTOR THANJAVUR_IDA)","MURASOLI S","THANJAVUR","19-Jul-2025","Veeramuthu K","Payment Success","580078"
"2121","Tamil Nadu","Construction of bus-sheds or bus-stops","WS/MP18183/2024-2025/142746","THANJAVUR(DISTRICT COLLECTOR THANJAVUR_IDA)","MURASOLI S","THANJAVUR","17-Feb-2025","Veeramuthu K","Payment Success","769669"
"2122","Tamil Nadu","Construction of Government office buildings (Post office, Police station, Police chauki, etc.)","WS/MP755/2024-2025/163142","Kancheepuram(DISTRICT COLLECTOR KANCHEEPURAM_IDA)","Thalikkottai Rajuthevar Baalu","SRIPERUMBUDUR","06-Aug-2025","T DEENARANGAN","Payment Success","1700000"
"2123","Tamil Nadu","Construction of buildings for crèches and anganwadies","WS/MP755/2024-2025/163248","Kancheepuram(DISTRICT COLLECTOR KANCHEEPURAM_IDA)","Thalikkottai Rajuthevar Baalu","SRIPERUMBUDUR","29-Jan-2026","KGR GROUPS","Payment Success","1700000"
"2124","Tamil Nadu","Construction of community centers and community halls","WS/MP18183/2025-2026/222752","THANJAVUR(DISTRICT COLLECTOR THANJAVUR_IDA)","MURASOLI S","THANJAVUR","16-Feb-2026","K BANUDOSS","Payment Success","1299068"
"2125","Tamil Nadu","Construction of additional rooms and halls in the existing public and community building","WS/MP18183/2025-2026/253528","THANJAVUR(DISTRICT COLLECTOR THANJAVUR_IDA)","MURASOLI S","THANJAVUR","29-Apr-2026","SRI JEGATHI CONSTRUCTION","Payment Success","1296759"
"2126","Tamil Nadu","Construction of bus-sheds or bus-stops","WS/MP18183/2025-2026/225302","THANJAVUR(DISTRICT COLLECTOR THANJAVUR_IDA)","MURASOLI S","THANJAVUR","08-Apr-2026","R Chinnadurai","Payment Success","763916"
"2127","Tamil Nadu","Construction of Government office buildings (Post office, Police station, Police chauki, etc.)","WS/MP18183/2025-2026/203526","THANJAVUR(DISTRICT COLLECTOR THANJAVUR_IDA)","MURASOLI S","THANJAVUR","19-Jan-2026","PULIKESI M","Payment Success","884918"
"2128","Tamil Nadu","Construction of bus-sheds or bus-stops","WS/MP18183/2024-2025/140607","THANJAVUR(DISTRICT COLLECTOR THANJAVUR_IDA)","MURASOLI S","THANJAVUR","30-Jul-2025","PUNNIYAMOORTHY D","Payment Success","1499638"
"2129","Tamil Nadu","Construction of community centers and community halls","WS/MP18183/2024-2025/140692","THANJAVUR(DISTRICT COLLECTOR THANJAVUR_IDA)","MURASOLI S","THANJAVUR","10-Mar-2025","PULIKESI M","Payment Success","1349637"
"2130","Tamil Nadu","Lighting of public spaces","WS/MP18179/2025-2026/179464","THANJAVUR(DISTRICT COLLECTOR THANJAVUR_IDA)","SUDHA R","MAYILADUTHURAI","30-Sep-2025","SRI SAI ENTERPRISES","Payment Success","700000"
"2131","Tamil Nadu","Lighting of public spaces","WS/MP18179/2025-2026/245344","THANJAVUR(DISTRICT COLLECTOR THANJAVUR_IDA)","SUDHA R","MAYILADUTHURAI","06-Aug-2026","SRI SAI ENTERPRISES","Payment Success","900000"
"2132","Tamil Nadu","Lighting of public spaces","WS/MP18179/2025-2026/245326","THANJAVUR(DISTRICT COLLECTOR THANJAVUR_IDA)","SUDHA R","MAYILADUTHURAI","06-Aug-2026","SRI SAI ENTERPRISES","Payment Success","900000"
"2133","Tamil Nadu","Construction of buildings for community cultural activities","WS/MP18312/2026-2027/211720","TIRUCHIRAPPALLI(DISTRICT COLLECTOR TIRUCHIRAPPALLI_IDA)","DURAI VAIKO","TIRUCHIRAPPALLI","07-Aug-2026","MS APT CONSTRUCTIONS","Payment Success","1573823"
"2134","Tamil Nadu","Construction of buildings for community cultural activities","WS/MP18312/2026-2027/181190","TIRUCHIRAPPALLI(DISTRICT COLLECTOR TIRUCHIRAPPALLI_IDA)","DURAI VAIKO","TIRUCHIRAPPALLI","07-Aug-2026","R SIVAKUMAR","Payment Success","1671465"
"2135","Tamil Nadu","Construction of buildings for community cultural activities","WS/MP18312/2025-2026/212623","TIRUCHIRAPPALLI(DISTRICT COLLECTOR TIRUCHIRAPPALLI_IDA)","DURAI VAIKO","TIRUCHIRAPPALLI","17-Mar-2026","MS NACHIYAR CONSTRUCTION","Payment Success","1669485"
"2136","Tamil Nadu","Construction of additional rooms and halls in the existing public and community building","WS/MP18312/2025-2026/154885","TIRUCHIRAPPALLI(DISTRICT COLLECTOR TIRUCHIRAPPALLI_IDA)","DURAI VAIKO","TIRUCHIRAPPALLI","17-Mar-2026","MS GKK INFRA AND  ASSOCIATES","Payment Success","1566133"
"2137","Tamil Nadu","Construction of public toilets and bathrooms","WS/MP18312/2025-2026/165066","TIRUCHIRAPPALLI(DISTRICT COLLECTOR TIRUCHIRAPPALLI_IDA)","DURAI VAIKO","TIRUCHIRAPPALLI","17-Feb-2026","B RAVI","Payment Success","996127"
"2138","Tamil Nadu","Construction of rooms and halls in school and colleges","WS/MP18312/2026-2027/211704","TIRUCHIRAPPALLI(DISTRICT COLLECTOR TIRUCHIRAPPALLI_IDA)","DURAI VAIKO","TIRUCHIRAPPALLI","31-Jul-2026","N RAMALINGAM","Payment Success","1799018"
"2139","Tamil Nadu","Construction of buildings for community cultural activities","WS/MP18312/2026-2027/237024","TIRUCHIRAPPALLI(DISTRICT COLLECTOR TIRUCHIRAPPALLI_IDA)","DURAI VAIKO","TIRUCHIRAPPALLI","31-Jul-2026","VEERAKUMAR k","Payment Success","1779834"
"2140","Tamil Nadu","Construction of community centers and community halls","WS/MP18312/2026-2027/157891","TIRUCHIRAPPALLI(DISTRICT COLLECTOR TIRUCHIRAPPALLI_IDA)","DURAI VAIKO","TIRUCHIRAPPALLI","20-May-2026","C S R CONSTRUCTION","Payment Success","4799465"
"2141","Tamil Nadu","Construction of buildings for community cultural activities","WS/MP18312/2025-2026/154883","TIRUCHIRAPPALLI(DISTRICT COLLECTOR TIRUCHIRAPPALLI_IDA)","DURAI VAIKO","TIRUCHIRAPPALLI","23-Dec-2025","C S R CONSTRUCTION","Payment Success","899306"
"2142","Tamil Nadu","Construction of buildings for community cultural activities","WS/MP18312/2025-2026/183162","TIRUCHIRAPPALLI(DISTRICT COLLECTOR TIRUCHIRAPPALLI_IDA)","DURAI VAIKO","TIRUCHIRAPPALLI","02-Jan-2026","RICHARD A","Payment Success","998784"
"2143","Tamil Nadu","Construction of toilet blocks","WS/MP18312/2025-2026/211645","TIRUCHIRAPPALLI(DISTRICT COLLECTOR TIRUCHIRAPPALLI_IDA)","DURAI VAIKO","TIRUCHIRAPPALLI","20-Feb-2026","CSUBRAMANIAN","Payment Success","249559"
"2144","Tamil Nadu","Construction of bus-sheds or bus-stops","WS/MP18312/2025-2026/183161","TIRUCHIRAPPALLI(DISTRICT COLLECTOR TIRUCHIRAPPALLI_IDA)","DURAI VAIKO","TIRUCHIRAPPALLI","24-Feb-2026","DIVINE BULDERS","Payment Success","698521"
"2145","Tamil Nadu","Construction of water tanks","WS/MP18312/2026-2027/227535","TIRUCHIRAPPALLI(DISTRICT COLLECTOR TIRUCHIRAPPALLI_IDA)","DURAI VAIKO","TIRUCHIRAPPALLI","26-May-2026","N RAMALINGAM","Payment Success","2899507"
"2146","Tamil Nadu","Construction of community centers and community halls","WS/MP747/2026-2027/242062","VIRUDHUNAGAR(DISTRICT COLLECTOR VIRUDHUNAGAR_IDA)","Manickam Tagore B","VIRUDHUNAGAR","24-Jun-2026","CHENDHUR CONSTRUCTIONS","Payment Success","3000000"
"2147","Tamil Nadu","Crematoriums/energy efficient crematoriums or structures on burial/cremation ground","WS/MP747/2026-2027/260750","VIRUDHUNAGAR(DISTRICT COLLECTOR VIRUDHUNAGAR_IDA)","Manickam Tagore B","VIRUDHUNAGAR","04-Aug-2026","THANGARAJA S","Payment Success","999593"
"2148","Tamil Nadu","Construction of community centers and community halls","WS/MP747/2025-2026/140329","VIRUDHUNAGAR(DISTRICT COLLECTOR VIRUDHUNAGAR_IDA)","Manickam Tagore B","VIRUDHUNAGAR","23-Jan-2026","Sureshkumar V","Payment Success","927358"
"2149","Tamil Nadu","Construction of community centers and community halls","WS/MP747/2025-2026/140329","VIRUDHUNAGAR(DISTRICT COLLECTOR VIRUDHUNAGAR_IDA)","Manickam Tagore B","VIRUDHUNAGAR","01-Jul-2025","Sureshkumar V","Payment Success","1571791"
"2150","Tamil Nadu","Installing community drinking water plants","WS/MP747/2025-2026/136699","VIRUDHUNAGAR(DISTRICT COLLECTOR VIRUDHUNAGAR_IDA)","Manickam Tagore B","VIRUDHUNAGAR","01-Jul-2025","SIVAKUMAR K","Payment Success","600000"
"2151","Tamil Nadu","Installing community drinking water plants","WS/MP747/2025-2026/136700","VIRUDHUNAGAR(DISTRICT COLLECTOR VIRUDHUNAGAR_IDA)","Manickam Tagore B","VIRUDHUNAGAR","01-Jul-2025","SIVAKUMAR K","Payment Success","600000"
"2152","Tamil Nadu","Construction of community centers and community halls","WS/MP18183/2025-2026/222756","THANJAVUR(DISTRICT COLLECTOR THANJAVUR_IDA)","MURASOLI S","THANJAVUR","11-Jun-2026","S KANNAN","Payment Success","408379"
"2153","Tamil Nadu","Construction of community centers and community halls","WS/MP18183/2025-2026/222756","THANJAVUR(DISTRICT COLLECTOR THANJAVUR_IDA)","MURASOLI S","THANJAVUR","06-Jan-2026","S KANNAN","Payment Success","691575"
"2154","Tamil Nadu","Construction of Government office buildings (Post office, Police station, Police chauki, etc.)","WS/MP18183/2025-2026/203525","THANJAVUR(DISTRICT COLLECTOR THANJAVUR_IDA)","MURASOLI S","THANJAVUR","10-Mar-2026","RAMASAMY BALASUBRAMANIAN","Payment Success","856162"
"2155","Tamil Nadu","Construction of community centers and community halls","WS/MP18183/2024-2025/175718","THANJAVUR(DISTRICT COLLECTOR THANJAVUR_IDA)","MURASOLI S","THANJAVUR","01-Sep-2025","SATHIYAMURTHY P","Payment Success","314168"
"2156","Tamil Nadu","Construction of community centers and community halls","WS/MP18183/2024-2025/140722","THANJAVUR(DISTRICT COLLECTOR THANJAVUR_IDA)","MURASOLI S","THANJAVUR","23-Oct-2025","NADIMUTHU K","Payment Success","1325463"
"2157","Tamil Nadu","Construction of community centers and community halls","WS/MP18183/2024-2025/175718","THANJAVUR(DISTRICT COLLECTOR THANJAVUR_IDA)","MURASOLI S","THANJAVUR","04-Jul-2025","SATHIYAMURTHY P","Payment Success","741592"
"2158","Tamil Nadu","Lighting of public spaces","WS/MP18179/2025-2026/179459","THANJAVUR(DISTRICT COLLECTOR THANJAVUR_IDA)","SUDHA R","MAYILADUTHURAI","09-Dec-2025","SRI SAI ENTERPRISES","Payment Success","700000"
"2159","Tamil Nadu","Lighting of public spaces","WS/MP18179/2025-2026/179458","THANJAVUR(DISTRICT COLLECTOR THANJAVUR_IDA)","SUDHA R","MAYILADUTHURAI","09-Mar-2026","SRI SAI ENTERPRISES","Payment Success","700000"
"2160","Tamil Nadu","Lighting of public spaces","WS/MP18179/2025-2026/179460","THANJAVUR(DISTRICT COLLECTOR THANJAVUR_IDA)","SUDHA R","MAYILADUTHURAI","08-Oct-2025","SRI VENKATESHWARA CONSTRUCTIONS","Payment Success","699000"
"2161","Tamil Nadu","Lighting of public spaces","WS/MP18179/2025-2026/179462","THANJAVUR(DISTRICT COLLECTOR THANJAVUR_IDA)","SUDHA R","MAYILADUTHURAI","08-Oct-2025","SRI SAI ENTERPRISES","Payment Success","700000"
"2162","Tamil Nadu","Lighting of public spaces","WS/MP18179/2025-2026/179461","THANJAVUR(DISTRICT COLLECTOR THANJAVUR_IDA)","SUDHA R","MAYILADUTHURAI","08-Oct-2025","SRI VENKATESHWARA CONSTRUCTIONS","Payment Success","699000"
"2163","Tamil Nadu","Lighting of public spaces","WS/MP18179/2025-2026/179463","THANJAVUR(DISTRICT COLLECTOR THANJAVUR_IDA)","SUDHA R","MAYILADUTHURAI","08-Oct-2025","SRI SAI ENTERPRISES","Payment Success","700000"
"2164","Tamil Nadu","Construction of community centers and community halls","WS/MP18183/2024-2025/140747","THANJAVUR(DISTRICT COLLECTOR THANJAVUR_IDA)","MURASOLI S","THANJAVUR","05-Aug-2025","Sanackiyaraman Ganesan","Payment Success","498081"
"2165","Tamil Nadu","Lighting of public spaces","WS/MP18183/2025-2026/225301","THANJAVUR(DISTRICT COLLECTOR THANJAVUR_IDA)","MURASOLI S","THANJAVUR","03-Mar-2026","SUN ENGINEERING ENERGIES","Payment Success","700000"
"2166","Tamil Nadu","Construction of community centers and community halls","WS/MP18183/2024-2025/140747","THANJAVUR(DISTRICT COLLECTOR THANJAVUR_IDA)","MURASOLI S","THANJAVUR","08-May-2025","Sanackiyaraman Ganesan","Payment Success","810943"
"2167","Tamil Nadu","Construction of community centers and community halls","WS/MP18183/2024-2025/140748","THANJAVUR(DISTRICT COLLECTOR THANJAVUR_IDA)","MURASOLI S","THANJAVUR","14-Jul-2025","Mohan Periyasamy","Payment Success","501461"
"2168","Tamil Nadu","Construction of community centers and community halls","WS/MP18183/2024-2025/140748","THANJAVUR(DISTRICT COLLECTOR THANJAVUR_IDA)","MURASOLI S","THANJAVUR","26-May-2025","Mohan Periyasamy","Payment Success","801730"
"2169","Tamil Nadu","Construction of bus-sheds or bus-stops","WS/MP18183/2025-2026/222810","THANJAVUR(DISTRICT COLLECTOR THANJAVUR_IDA)","MURASOLI S","THANJAVUR","03-Aug-2026","Durairaj jayakumar Co","Payment Success","799695"
"2170","Tamil Nadu","Installing tube-wells and borewells","WS/MP18312/2026-2027/251277","TIRUCHIRAPPALLI(DISTRICT COLLECTOR TIRUCHIRAPPALLI_IDA)","DURAI VAIKO","TIRUCHIRAPPALLI","19-May-2026","Vijayaragavan J","Payment Success","224779"
"2171","Tamil Nadu","Construction of water tanks","WS/MP18181/2025-2026/222360","COIMBATORE(DISTRICT COLLECTOR COIMBATORE_IDA)","ESWARASAMY K","POLLACHI","30-Jan-2026","RADHAKRISHNAN B","Payment Success","879671"
"2172","Tamil Nadu","Construction of community centers and community halls","WS/MP18181/2025-2026/222361","COIMBATORE(DISTRICT COLLECTOR COIMBATORE_IDA)","ESWARASAMY K","POLLACHI","29-Jan-2026","N ANANDHAKUMAR","Payment Success","869618"
"2173","Tamil Nadu","Construction of public toilets and bathrooms","WS/MP18269/2026-2027/246439","SALEM(DISTRICT COLLECTOR SALEM_IDA)","SELVAGANAPATHI T M","SALEM","13-Aug-2026","K S Construction","Payment Success","1967994"
"2174","Tamil Nadu","Construction of rooms and halls in school and colleges","WS/MP18269/2026-2027/246434","SALEM(DISTRICT COLLECTOR SALEM_IDA)","SELVAGANAPATHI T M","SALEM","24-Aug-2026","Sre MCM and Co","Payment Success","2276220"
"2175","Tamil Nadu","Construction of buildings for community cultural activities","WS/MP457/2024-2025/142109","Viluppuram(DISTRICT COLLECTOR VILLUPURAM_IDA)","D Ravikumar","VILUPPURAM(SC)","08-Jan-2026","RAJA","Payment Success","800000"
"2176","Tamil Nadu","Crematoriums/energy efficient crematoriums or structures on burial/cremation ground","WS/MP457/2024-2025/149289","Viluppuram(DISTRICT COLLECTOR VILLUPURAM_IDA)","D Ravikumar","VILUPPURAM(SC)","24-Sep-2025","RAJA","Payment Success","774326"
"2177","Tamil Nadu","Crematoriums/energy efficient crematoriums or structures on burial/cremation ground","WS/MP457/2024-2025/149290","Viluppuram(DISTRICT COLLECTOR VILLUPURAM_IDA)","D Ravikumar","VILUPPURAM(SC)","23-Sep-2025","RAJA","Payment Success","800000"
"2178","Tamil Nadu","Crematoriums/energy efficient crematoriums or structures on burial/cremation ground","WS/MP457/2024-2025/149288","Viluppuram(DISTRICT COLLECTOR VILLUPURAM_IDA)","D Ravikumar","VILUPPURAM(SC)","27-Feb-2026","RAJA CONSTRUCTION","Payment Success","1199449"
"2179","Tamil Nadu","Construction of Government office buildings (Post office, Police station, Police chauki, etc.)","WS/MP457/2025-2026/196626","Viluppuram(DISTRICT COLLECTOR VILLUPURAM_IDA)","D Ravikumar","VILUPPURAM(SC)","11-May-2026","DIVAGAR CONSTRUCTION","Payment Success","1549312"
"2180","Tamil Nadu","Construction of Government office buildings (Post office, Police station, Police chauki, etc.)","WS/MP457/2025-2026/195872","Viluppuram(DISTRICT COLLECTOR VILLUPURAM_IDA)","D Ravikumar","VILUPPURAM(SC)","10-Jun-2026","DIVAGAR CONSTRUCTION","Payment Success","5426798"
"2181","Tamil Nadu","Construction of buildings for community cultural activities","WS/MP18176/2025-2026/206508","DINDIGUL(DISTRICT COLLECTOR DINDIGUL_IDA)","SACHITHANANTHAM R","DINDIGUL","11-Jun-2026","P KUMAR","Payment Success","1000000"
"2182","Tamil Nadu","Construction of Government office buildings (Post office, Police station, Police chauki, etc.)","WS/MP18176/2025-2026/206517","DINDIGUL(DISTRICT COLLECTOR DINDIGUL_IDA)","SACHITHANANTHAM R","DINDIGUL","19-Jun-2026","P Selvam","Payment Success","2098694"
"2183","Tamil Nadu","Construction of buildings for community cultural activities","WS/MP18176/2025-2026/206482","DINDIGUL(DISTRICT COLLECTOR DINDIGUL_IDA)","SACHITHANANTHAM R","DINDIGUL","18-Jun-2026","P KUMAR","Payment Success","1000000"
"2184","Tamil Nadu","Construction of boundary walls of existing public and community buildings","WS/MP18176/2025-2026/206519","DINDIGUL(DISTRICT COLLECTOR DINDIGUL_IDA)","SACHITHANANTHAM R","DINDIGUL","20-Feb-2026","P Selvam","Payment Success","1000000"
"2185","Tamil Nadu","Construction of bus-sheds or bus-stops","WS/MP18176/2025-2026/206504","DINDIGUL(DISTRICT COLLECTOR DINDIGUL_IDA)","SACHITHANANTHAM R","DINDIGUL","06-Apr-2026","R PALANISAMY","Payment Success","900000"
"2186","Tamil Nadu","Construction of bus-sheds or bus-stops","WS/MP18176/2025-2026/206510","DINDIGUL(DISTRICT COLLECTOR DINDIGUL_IDA)","SACHITHANANTHAM R","DINDIGUL","29-Dec-2025","P Selvam","Payment Success","1000000"
"2187","Tamil Nadu","Construction of buildings for community cultural activities","WS/MP18176/2024-2025/142552","DINDIGUL(DISTRICT COLLECTOR DINDIGUL_IDA)","SACHITHANANTHAM R","DINDIGUL","31-Jul-2025","P KANDASAMY ODC","Payment Success","1000000"
"2188","Tamil Nadu","Construction of buildings for community cultural activities","WS/MP18176/2024-2025/142550","DINDIGUL(DISTRICT COLLECTOR DINDIGUL_IDA)","SACHITHANANTHAM R","DINDIGUL","11-Jul-2025","P VELUCHAMY","Payment Success","1000000"
"2189","Tamil Nadu","Lighting of public spaces","WS/MP18176/2025-2026/199022","DINDIGUL(DISTRICT COLLECTOR DINDIGUL_IDA)","SACHITHANANTHAM R","DINDIGUL","17-Dec-2025","Sri Ganapathi Constructions","Payment Success","1000000"
"2190","Tamil Nadu","Construction of additional rooms and halls in the existing public and community building","WS/MP18176/2025-2026/199094","DINDIGUL(DISTRICT COLLECTOR DINDIGUL_IDA)","SACHITHANANTHAM R","DINDIGUL","24-Dec-2025","KRISHNAN GOPINATH","Payment Success","1300000"
"2191","Tamil Nadu","Construction of public toilets and bathrooms","WS/MP18176/2024-2025/139959","DINDIGUL(DISTRICT COLLECTOR DINDIGUL_IDA)","SACHITHANANTHAM R","DINDIGUL","22-Jan-2026","SHANDUKHAN","Payment Success","1000000"
"2192","Tamil Nadu","Lighting of public spaces","WS/MP18176/2024-2025/140269","DINDIGUL(DISTRICT COLLECTOR DINDIGUL_IDA)","SACHITHANANTHAM R","DINDIGUL","07-Mar-2025","SHANDUKHAN","Payment Success","1000000"
"2193","Tamil Nadu","Construction of buildings for community cultural activities","WS/MP746/2026-2027/295173","RAMANATHAPURAM(DISTRICT COLLECTOR RAMANATHAPURAM_IDA)","Kani K Navas","RAMANATHAPURAM","22-Jul-2026","V DEVARAJ","Payment Success","897223"
"2194","Tamil Nadu","Construction of bus-sheds or bus-stops","WS/MP746/2025-2026/233204","RAMANATHAPURAM(DISTRICT COLLECTOR RAMANATHAPURAM_IDA)","Kani K Navas","RAMANATHAPURAM","06-Mar-2026","M APPADURAI","Payment Success","644921"
"2195","Tamil Nadu","Construction of community centers and community halls","WS/MP746/2025-2026/233207","RAMANATHAPURAM(DISTRICT COLLECTOR RAMANATHAPURAM_IDA)","Kani K Navas","RAMANATHAPURAM","14-Jan-2026","M APPADURAI","Payment Success","796749"
"2196","Tamil Nadu","Lighting of public spaces","WS/MP746/2026-2027/233213","RAMANATHAPURAM(DISTRICT COLLECTOR RAMANATHAPURAM_IDA)","Kani K Navas","RAMANATHAPURAM","08-Jul-2026","FPLUS ENTERPRISES","Payment Success","430000"
"2197","Tamil Nadu","Construction of roads, link roads, pathways or any other road with or without drainage system","WS/MP746/2026-2027/295172","RAMANATHAPURAM(DISTRICT COLLECTOR RAMANATHAPURAM_IDA)","Kani K Navas","RAMANATHAPURAM","29-Jul-2026","ARUNKUMAR R","Payment Success","897485"
"2198","Tamil Nadu","Construction of rooms and halls in school and colleges","WS/MP746/2025-2026/233205","RAMANATHAPURAM(DISTRICT COLLECTOR RAMANATHAPURAM_IDA)","Kani K Navas","RAMANATHAPURAM","28-Oct-2025","SKV CONTRACTOR","Payment Success","799304"
"2199","Tamil Nadu","Construction of roads, link roads, pathways or any other road with or without drainage system","WS/MP746/2026-2027/298424","RAMANATHAPURAM(DISTRICT COLLECTOR RAMANATHAPURAM_IDA)","Kani K Navas","RAMANATHAPURAM","30-Jul-2026","R MUTHUKUMAR","Payment Success","1294675"
"2200","Tamil Nadu","Construction of bus-sheds or bus-stops","WS/MP746/2026-2027/298423","RAMANATHAPURAM(DISTRICT COLLECTOR RAMANATHAPURAM_IDA)","Kani K Navas","RAMANATHAPURAM","01-Aug-2026","Lakshmi L","Payment Success","898813"
"2201","Tamil Nadu","Construction of buildings for community cultural activities","WS/MP746/2026-2027/287433","RAMANATHAPURAM(DISTRICT COLLECTOR RAMANATHAPURAM_IDA)","Kani K Navas","RAMANATHAPURAM","22-Jun-2026","NOORDEEN","Payment Success","898544"
"2202","Tamil Nadu","Construction of roads, link roads, pathways or any other road with or without drainage system","WS/MP746/2025-2026/269929","RAMANATHAPURAM(DISTRICT COLLECTOR RAMANATHAPURAM_IDA)","Kani K Navas","RAMANATHAPURAM","23-Feb-2026","Thachinamoorthy","Payment Success","999052"
"2203","Tamil Nadu","Construction of roads, link roads, pathways or any other road with or without drainage system","WS/MP746/2025-2026/177659","RAMANATHAPURAM(DISTRICT COLLECTOR RAMANATHAPURAM_IDA)","Kani K Navas","RAMANATHAPURAM","02-May-2025","SARAVANAMURUGAN M","Payment Success","699477"
"2204","Tamil Nadu","Lighting of public spaces","WS/MP746/2024-2025/177407","RAMANATHAPURAM(DISTRICT COLLECTOR RAMANATHAPURAM_IDA)","Kani K Navas","RAMANATHAPURAM","06-Mar-2025","FPLUS ENTERPRISES","Payment Success","900000"
"2205","Tamil Nadu","Construction of rainwater harvesting structures","WS/MP746/2026-2027/232970","RAMANATHAPURAM(DISTRICT COLLECTOR RAMANATHAPURAM_IDA)","Kani K Navas","RAMANATHAPURAM","18-May-2026","SEENIMOHAMED M","Payment Success","1109072"
"2206","Tamil Nadu","Construction of buildings for community cultural activities","WS/MP746/2026-2027/289728","RAMANATHAPURAM(DISTRICT COLLECTOR RAMANATHAPURAM_IDA)","Kani K Navas","RAMANATHAPURAM","01-Jul-2026","SAKTHI T","Payment Success","330780"
"2207","Tamil Nadu","Construction of bus-sheds or bus-stops","WS/MP746/2026-2027/298422","RAMANATHAPURAM(DISTRICT COLLECTOR RAMANATHAPURAM_IDA)","Kani K Navas","RAMANATHAPURAM","27-Jul-2026","POOGNANASIGNPRABU","Payment Success","699777"
"2208","Tamil Nadu","Construction of bus-sheds or bus-stops","WS/MP746/2026-2027/232969","RAMANATHAPURAM(DISTRICT COLLECTOR RAMANATHAPURAM_IDA)","Kani K Navas","RAMANATHAPURAM","29-Jun-2026","POOGNANASIGNPRABU","Payment Success","699219"
"2209","Tamil Nadu","Construction of buildings for community cultural activities","WS/MP746/2026-2027/232972","RAMANATHAPURAM(DISTRICT COLLECTOR RAMANATHAPURAM_IDA)","Kani K Navas","RAMANATHAPURAM","16-Jun-2026","M SURESHKUMAR","Payment Success","899406"
"2210","Tamil Nadu","Providing drains and gutters for public drainage","WS/MP746/2025-2026/225776","RAMANATHAPURAM(DISTRICT COLLECTOR RAMANATHAPURAM_IDA)","Kani K Navas","RAMANATHAPURAM","28-Nov-2025","SATHIYANATHAN","Payment Success","694892"
"2211","Tamil Nadu","Lighting of public spaces","WS/MP746/2025-2026/225710","RAMANATHAPURAM(DISTRICT COLLECTOR RAMANATHAPURAM_IDA)","Kani K Navas","RAMANATHAPURAM","31-Oct-2025","JVS  CONSTRUCTIONS","Payment Success","421405"
"2212","Tamil Nadu","Lighting of public spaces","WS/MP746/2025-2026/225711","RAMANATHAPURAM(DISTRICT COLLECTOR RAMANATHAPURAM_IDA)","Kani K Navas","RAMANATHAPURAM","31-Oct-2025","JVS  CONSTRUCTIONS","Payment Success","421405"
"2213","Tamil Nadu","Lighting of public spaces","WS/MP746/2025-2026/225713","RAMANATHAPURAM(DISTRICT COLLECTOR RAMANATHAPURAM_IDA)","Kani K Navas","RAMANATHAPURAM","31-Oct-2025","JVS  CONSTRUCTIONS","Payment Success","421405"
"2214","Tamil Nadu","Lighting of public spaces","WS/MP746/2025-2026/225759","RAMANATHAPURAM(DISTRICT COLLECTOR RAMANATHAPURAM_IDA)","Kani K Navas","RAMANATHAPURAM","31-Oct-2025","JVS  CONSTRUCTIONS","Payment Success","421405"
"2215","Tamil Nadu","Lighting of public spaces","WS/MP746/2025-2026/225714","RAMANATHAPURAM(DISTRICT COLLECTOR RAMANATHAPURAM_IDA)","Kani K Navas","RAMANATHAPURAM","31-Oct-2025","JVS  CONSTRUCTIONS","Payment Success","421405"
"2216","Tamil Nadu","Lighting of public spaces","WS/MP746/2025-2026/225760","RAMANATHAPURAM(DISTRICT COLLECTOR RAMANATHAPURAM_IDA)","Kani K Navas","RAMANATHAPURAM","31-Oct-2025","JVS  CONSTRUCTIONS","Payment Success","421405"
"2217","Tamil Nadu","Lighting of public spaces","WS/MP746/2025-2026/225762","RAMANATHAPURAM(DISTRICT COLLECTOR RAMANATHAPURAM_IDA)","Kani K Navas","RAMANATHAPURAM","31-Oct-2025","JVS  CONSTRUCTIONS","Payment Success","421405"
"2218","Tamil Nadu","Lighting of public spaces","WS/MP746/2025-2026/225761","RAMANATHAPURAM(DISTRICT COLLECTOR RAMANATHAPURAM_IDA)","Kani K Navas","RAMANATHAPURAM","31-Oct-2025","JVS  CONSTRUCTIONS","Payment Success","421405"
"2219","Tamil Nadu","Lighting of public spaces","WS/MP746/2025-2026/225763","RAMANATHAPURAM(DISTRICT COLLECTOR RAMANATHAPURAM_IDA)","Kani K Navas","RAMANATHAPURAM","31-Oct-2025","JVS  CONSTRUCTIONS","Payment Success","421405"
"2220","Tamil Nadu","Lighting of public spaces","WS/MP746/2025-2026/225712","RAMANATHAPURAM(DISTRICT COLLECTOR RAMANATHAPURAM_IDA)","Kani K Navas","RAMANATHAPURAM","31-Oct-2025","JVS  CONSTRUCTIONS","Payment Success","421405"
"2221","Tamil Nadu","Lighting of public spaces","WS/MP746/2025-2026/225766","RAMANATHAPURAM(DISTRICT COLLECTOR RAMANATHAPURAM_IDA)","Kani K Navas","RAMANATHAPURAM","03-Nov-2025","MURUGAN TRADERS","Payment Success","421523"
"2222","Tamil Nadu","Lighting of public spaces","WS/MP746/2025-2026/225768","RAMANATHAPURAM(DISTRICT COLLECTOR RAMANATHAPURAM_IDA)","Kani K Navas","RAMANATHAPURAM","03-Nov-2025","MURUGAN TRADERS","Payment Success","421523"
"2223","Tamil Nadu","Lighting of public spaces","WS/MP746/2025-2026/225769","RAMANATHAPURAM(DISTRICT COLLECTOR RAMANATHAPURAM_IDA)","Kani K Navas","RAMANATHAPURAM","03-Nov-2025","MURUGAN TRADERS","Payment Success","421523"
"2224","Tamil Nadu","Lighting of public spaces","WS/MP746/2025-2026/225765","RAMANATHAPURAM(DISTRICT COLLECTOR RAMANATHAPURAM_IDA)","Kani K Navas","RAMANATHAPURAM","03-Nov-2025","MURUGAN TRADERS","Payment Success","421523"
"2225","Tamil Nadu","Lighting of public spaces","WS/MP746/2025-2026/225764","RAMANATHAPURAM(DISTRICT COLLECTOR RAMANATHAPURAM_IDA)","Kani K Navas","RAMANATHAPURAM","31-Oct-2025","MURUGAN TRADERS","Payment Success","421523"
"2226","Tamil Nadu","Lighting of public spaces","WS/MP746/2025-2026/255086","RAMANATHAPURAM(DISTRICT COLLECTOR RAMANATHAPURAM_IDA)","Kani K Navas","RAMANATHAPURAM","09-Jan-2026","MURUGAN TRADERS","Payment Success","421523"
"2227","Tamil Nadu","Lighting of public spaces","WS/MP746/2025-2026/225773","RAMANATHAPURAM(DISTRICT COLLECTOR RAMANATHAPURAM_IDA)","Kani K Navas","RAMANATHAPURAM","16-Oct-2025","MURUGAN TRADERS","Payment Success","421582"
"2228","Tamil Nadu","Lighting of public spaces","WS/MP746/2025-2026/225774","RAMANATHAPURAM(DISTRICT COLLECTOR RAMANATHAPURAM_IDA)","Kani K Navas","RAMANATHAPURAM","16-Oct-2025","MURUGAN TRADERS","Payment Success","421582"
"2229","Tamil Nadu","Lighting of public spaces","WS/MP746/2025-2026/225775","RAMANATHAPURAM(DISTRICT COLLECTOR RAMANATHAPURAM_IDA)","Kani K Navas","RAMANATHAPURAM","16-Oct-2025","MURUGAN TRADERS","Payment Success","421582"
"2230","Tamil Nadu","Street lights","WS/MP18175/2025-2026/221160","DHARMAPURI(DISTRICT COLLECTOR DHARMAPURI_IDA)","MANI. A.","DHARAMAPURI","27-Mar-2026","QUALITTY ENTERPRISES","Payment Success","600000"
"2231","Tamil Nadu","Street lights","WS/MP18175/2025-2026/221163","DHARMAPURI(DISTRICT COLLECTOR DHARMAPURI_IDA)","MANI. A.","DHARAMAPURI","27-Mar-2026","QUALITTY ENTERPRISES","Payment Success","600000"
"2232","Tamil Nadu","Street lights","WS/MP18175/2025-2026/221161","DHARMAPURI(DISTRICT COLLECTOR DHARMAPURI_IDA)","MANI. A.","DHARAMAPURI","27-Mar-2026","QUALITTY ENTERPRISES","Payment Success","600000"
"2233","Tamil Nadu","Street lights","WS/MP18175/2025-2026/221162","DHARMAPURI(DISTRICT COLLECTOR DHARMAPURI_IDA)","MANI. A.","DHARAMAPURI","27-Mar-2026","QUALITTY ENTERPRISES","Payment Success","600000"
"2234","Tamil Nadu","Construction of buildings for crèches and anganwadies","WS/MP18175/2024-2025/149219","DHARMAPURI(DISTRICT COLLECTOR DHARMAPURI_IDA)","MANI. A.","DHARAMAPURI","29-Jan-2026","DSA CONSTRUCTION","Payment Success","1655000"
"2235","Tamil Nadu","Street lights","WS/MP18175/2025-2026/266703","DHARMAPURI(DISTRICT COLLECTOR DHARMAPURI_IDA)","MANI. A.","DHARAMAPURI","19-Jun-2026","SANJAI TRADERS","Payment Success","566070"
"2236","Tamil Nadu","Street lights","WS/MP18175/2025-2026/266702","DHARMAPURI(DISTRICT COLLECTOR DHARMAPURI_IDA)","MANI. A.","DHARAMAPURI","19-Jun-2026","SANJAI TRADERS","Payment Success","566070"
"2237","Tamil Nadu","Street lights","WS/MP18175/2025-2026/221224","DHARMAPURI(DISTRICT COLLECTOR DHARMAPURI_IDA)","MANI. A.","DHARAMAPURI","06-Mar-2026","QUALITTY ENTERPRISES","Payment Success","600000"
"2238","Tamil Nadu","Street lights","WS/MP18175/2025-2026/221223","DHARMAPURI(DISTRICT COLLECTOR DHARMAPURI_IDA)","MANI. A.","DHARAMAPURI","06-Mar-2026","QUALITTY ENTERPRISES","Payment Success","600000"
"2239","Tamil Nadu","Street lights","WS/MP18175/2025-2026/221158","DHARMAPURI(DISTRICT COLLECTOR DHARMAPURI_IDA)","MANI. A.","DHARAMAPURI","05-May-2026","QUALITTY ENTERPRISES","Payment Success","600000"
"2240","Tamil Nadu","Street lights","WS/MP18175/2025-2026/221159","DHARMAPURI(DISTRICT COLLECTOR DHARMAPURI_IDA)","MANI. A.","DHARAMAPURI","05-May-2026","QUALITTY ENTERPRISES","Payment Success","600000"
"2241","Tamil Nadu","Construction of buildings for crèches and anganwadies","WS/MP18175/2024-2025/149209","DHARMAPURI(DISTRICT COLLECTOR DHARMAPURI_IDA)","MANI. A.","DHARAMAPURI","05-Feb-2026","DSA CONSTRUCTION","Payment Success","1655000"
"2242","Tamil Nadu","Construction of community centers and community halls","WS/MP017/2026-2027/235386","Ranipet(District Collector, Ranipet_2)","S. Jagathrakshakan","ARAKKONAM","01-Jul-2026","JAYAKUMAR E","Payment Success","799000"
"2243","Tamil Nadu","Construction of roads, link roads, pathways or any other road with or without drainage system","WS/MP017/2025-2026/170398","Ranipet(District Collector, Ranipet_2)","S. Jagathrakshakan","ARAKKONAM","09-Oct-2025","NAGARAJAVARMA R","Payment Success","499000"
"2244","Tamil Nadu","Construction of roads, link roads, pathways or any other road with or without drainage system","WS/MP017/2024-2025/160039","Ranipet(District Collector, Ranipet_2)","S. Jagathrakshakan","ARAKKONAM","19-Mar-2025","MP AND CO","Payment Success","1498638"
"2245","Tamil Nadu","Construction of Government office buildings (Post office, Police station, Police chauki, etc.)","WS/MP017/2024-2025/160038","Ranipet(District Collector, Ranipet_2)","S. Jagathrakshakan","ARAKKONAM","16-Oct-2025","ANBUMANI KESAVAN","Payment Success","1199784"
"2246","Tamil Nadu","Construction of roads, link roads, pathways or any other road with or without drainage system","WS/MP017/2026-2027/238007","Ranipet(District Collector, Ranipet_2)","S. Jagathrakshakan","ARAKKONAM","30-Jun-2026","ANBUMANI KESAVAN","Payment Success","1299809"
"2247","Tamil Nadu","Setting up crops conservation facilities","WS/MP017/2026-2027/238009","Ranipet(District Collector, Ranipet_2)","S. Jagathrakshakan","ARAKKONAM","24-Jun-2026","suresh Enginering works","Payment Success","999929"
"2248","Tamil Nadu","Construction of roads, link roads, pathways or any other road with or without drainage system","WS/MP017/2025-2026/238010","Ranipet(District Collector, Ranipet_2)","S. Jagathrakshakan","ARAKKONAM","28-Apr-2026","PERUMAL SGC","Payment Success","499699"
"2249","Tamil Nadu","Construction of roads, link roads, pathways or any other road with or without drainage system","WS/MP017/2025-2026/238011","Ranipet(District Collector, Ranipet_2)","S. Jagathrakshakan","ARAKKONAM","28-Apr-2026","PERUMAL SGC","Payment Success","399936"
"2250","Tamil Nadu","Construction of bus-sheds or bus-stops","WS/MP017/2026-2027/235388","Ranipet(District Collector, Ranipet_2)","S. Jagathrakshakan","ARAKKONAM","30-Jun-2026","RAVENDRAN R P","Payment Success","844725"
"2251","Tamil Nadu","Construction of roads, link roads, pathways or any other road with or without drainage system","WS/MP017/2026-2027/235387","Ranipet(District Collector, Ranipet_2)","S. Jagathrakshakan","ARAKKONAM","30-Jun-2026","PERUMAL SGC","Payment Success","399580"
"2252","Tamil Nadu","Construction of roads, link roads, pathways or any other road with or without drainage system","WS/MP017/2025-2026/160042","Ranipet(District Collector, Ranipet_2)","S. Jagathrakshakan","ARAKKONAM","18-Jun-2025","PERUMAL SGC","Payment Success","599919"
"2253","Tamil Nadu","Construction of roads, link roads, pathways or any other road with or without drainage system","WS/MP017/2025-2026/160025","Ranipet(District Collector, Ranipet_2)","S. Jagathrakshakan","ARAKKONAM","18-Jun-2025","RAVENDRAN R P","Payment Success","749826"
"2254","Tamil Nadu","Construction of common work sheds/ common covered sitting area","WS/MP017/2025-2026/160048","Ranipet(District Collector, Ranipet_2)","S. Jagathrakshakan","ARAKKONAM","23-Oct-2025","Mani V","Payment Success","799382"
"2255","Tamil Nadu","Construction of toilet blocks","WS/MP017/2025-2026/160052","Ranipet(District Collector, Ranipet_2)","S. Jagathrakshakan","ARAKKONAM","18-Feb-2026","SPR TRADERS","Payment Success","599528"
"2256","Tamil Nadu","Construction of community centers and community halls","WS/MP18265/2025-2026/223046","CUDDALORE(DISTRICT COLLECTOR CUDDALORE_IDA)","M.K. VISHNUPRASAD","CUDDALORE","13-Aug-2026","Suruthi Contractor","Payment Success","1474985"
"2257","Tamil Nadu","Construction of water tanks","WS/MP18265/2025-2026/222901","CUDDALORE(DISTRICT COLLECTOR CUDDALORE_IDA)","M.K. VISHNUPRASAD","CUDDALORE","28-Jul-2026","TS SEKAR","Payment Success","1899126"
"2258","Tamil Nadu","Crematoriums/energy efficient crematoriums or structures on burial/cremation ground","WS/MP18265/2025-2026/223033","CUDDALORE(DISTRICT COLLECTOR CUDDALORE_IDA)","M.K. VISHNUPRASAD","CUDDALORE","29-Jun-2026","SATHIYA AND CO","Payment Success","799833"
"2259","Tamil Nadu","Construction of roads, link roads, pathways or any other road with or without drainage system","WS/MP18265/2025-2026/223404","CUDDALORE(DISTRICT COLLECTOR CUDDALORE_IDA)","M.K. VISHNUPRASAD","CUDDALORE","02-Mar-2026","Kasinathan","Payment Success","1199378"
"2260","Tamil Nadu","Construction of roads, link roads, pathways or any other road with or without drainage system","WS/MP18265/2025-2026/223234","CUDDALORE(DISTRICT COLLECTOR CUDDALORE_IDA)","M.K. VISHNUPRASAD","CUDDALORE","02-Mar-2026","Kasinathan","Payment Success","1798876"
"2261","Tamil Nadu","Construction of community centers and community halls","WS/MP18265/2025-2026/152005","CUDDALORE(DISTRICT COLLECTOR CUDDALORE_IDA)","M.K. VISHNUPRASAD","CUDDALORE","04-Mar-2026","VIJAYABALAN","Payment Success","1349643"
"2262","Tamil Nadu","Construction of roads, link roads, pathways or any other road with or without drainage system","WS/MP18265/2025-2026/240807","CUDDALORE(DISTRICT COLLECTOR CUDDALORE_IDA)","M.K. VISHNUPRASAD","CUDDALORE","24-Feb-2026","SAJITHABANU","Payment Success","499323"
"2263","Tamil Nadu","Construction of community centers and community halls","WS/MP18265/2025-2026/152008","CUDDALORE(DISTRICT COLLECTOR CUDDALORE_IDA)","M.K. VISHNUPRASAD","CUDDALORE","16-Feb-2026","NVM CONSTRUCTION","Payment Success","1346657"
"2264","Tamil Nadu","Construction of community centers and community halls","WS/MP18265/2025-2026/152004","CUDDALORE(DISTRICT COLLECTOR CUDDALORE_IDA)","M.K. VISHNUPRASAD","CUDDALORE","18-Dec-2025","Arulselvi","Payment Success","1319009"
"2265","Tamil Nadu","Lighting of public spaces","WS/MP18265/2025-2026/203616","CUDDALORE(DISTRICT COLLECTOR CUDDALORE_IDA)","M.K. VISHNUPRASAD","CUDDALORE","16-Dec-2025","VDH ENGINEERING SERVICES","Payment Success","449871"
"2266","Tamil Nadu","Construction of community centers and community halls","WS/MP18265/2025-2026/223046","CUDDALORE(DISTRICT COLLECTOR CUDDALORE_IDA)","M.K. VISHNUPRASAD","CUDDALORE","22-Jan-2026","Suruthi Contractor","Payment Success","1237722"
"2267","Tamil Nadu","Construction of flood control embankments/ protection walls along riverbanks, hilltops, roadsides","WS/MP18265/2024-2025/160989","CUDDALORE(DISTRICT COLLECTOR CUDDALORE_IDA)","M.K. VISHNUPRASAD","CUDDALORE","22-Apr-2025","RATHIKA B","Payment Success","1250000"
"2268","Tamil Nadu","Construction of community centers and community halls","WS/MP18265/2025-2026/155930","CUDDALORE(DISTRICT COLLECTOR CUDDALORE_IDA)","M.K. VISHNUPRASAD","CUDDALORE","26-Jul-2025","ANANDHI RAJASEKARAN","Payment Success","545249"
"2269","Tamil Nadu","Construction of community centers and community halls","WS/MP18265/2025-2026/155930","CUDDALORE(DISTRICT COLLECTOR CUDDALORE_IDA)","M.K. VISHNUPRASAD","CUDDALORE","30-Sep-2025","ANANDHI RAJASEKARAN","Payment Success","354301"
"2270","Tamil Nadu","Construction of community centers and community halls","WS/MP18265/2025-2026/155932","CUDDALORE(DISTRICT COLLECTOR CUDDALORE_IDA)","M.K. VISHNUPRASAD","CUDDALORE","25-Aug-2025","THIRUMURUGAN R","Payment Success","899348"
"2271","Tamil Nadu","Construction of community centers and community halls","WS/MP18265/2025-2026/157239","CUDDALORE(DISTRICT COLLECTOR CUDDALORE_IDA)","M.K. VISHNUPRASAD","CUDDALORE","19-Aug-2025","J K R CONSTRUCTION","Payment Success","898954"
"2272","Tamil Nadu","Construction of roads, link roads, pathways or any other road with or without drainage system","WS/MP18265/2025-2026/154780","CUDDALORE(DISTRICT COLLECTOR CUDDALORE_IDA)","M.K. VISHNUPRASAD","CUDDALORE","05-Aug-2025","SORNAGANDHI","Payment Success","999526"
"2273","Tamil Nadu","Construction of boundary walls of existing public and community buildings","WS/MP18265/2025-2026/154781","CUDDALORE(DISTRICT COLLECTOR CUDDALORE_IDA)","M.K. VISHNUPRASAD","CUDDALORE","15-Dec-2025","SORNAGANDHI","Payment Success","963358"
"2274","Tamil Nadu","Security gates in streets/public place for safety purpose","WS/MP756/2025-2026/170994","CUDDALORE(DISTRICT COLLECTOR CUDDALORE_IDA)","Thirumaa Valavan Thol","CHIDAMBARAM(SC)","01-Jul-2026","RAMKUMAR M","Payment Success","600549"
"2275","Tamil Nadu","Security gates in streets/public place for safety purpose","WS/MP756/2025-2026/170994","CUDDALORE(DISTRICT COLLECTOR CUDDALORE_IDA)","Thirumaa Valavan Thol","CHIDAMBARAM(SC)","07-Aug-2025","RAMKUMAR M","Payment Success","397899"
"2276","Tamil Nadu","Construction of roads, link roads, pathways or any other road with or without drainage system","WS/MP756/2025-2026/170981","CUDDALORE(DISTRICT COLLECTOR CUDDALORE_IDA)","Thirumaa Valavan Thol","CHIDAMBARAM(SC)","24-Jul-2025","DEEBA CONTRACTOR","Payment Success","799222"
"2277","Tamil Nadu","Construction of community centers and community halls","WS/MP18265/2025-2026/155926","CUDDALORE(DISTRICT COLLECTOR CUDDALORE_IDA)","M.K. VISHNUPRASAD","CUDDALORE","26-Sep-2025","MGNRGS Convergence Account","Payment Success","300000"
"2278","Tamil Nadu","Construction of community centers and community halls","WS/MP18265/2025-2026/155928","CUDDALORE(DISTRICT COLLECTOR CUDDALORE_IDA)","M.K. VISHNUPRASAD","CUDDALORE","17-Nov-2025","MGNRGS Convergence Account","Payment Success","298738"
"2279","Tamil Nadu","Construction of community centers and community halls","WS/MP18265/2025-2026/155927","CUDDALORE(DISTRICT COLLECTOR CUDDALORE_IDA)","M.K. VISHNUPRASAD","CUDDALORE","04-Aug-2025","MGNRGS Convergence Account","Payment Success","296647"
"2280","Tamil Nadu","Providing drains and gutters for public drainage","WS/MP18265/2025-2026/154777","CUDDALORE(DISTRICT COLLECTOR CUDDALORE_IDA)","M.K. VISHNUPRASAD","CUDDALORE","04-Aug-2025","Ganesan K","Payment Success","997604"
"2281","Tamil Nadu","Construction of roads, link roads, pathways or any other road with or without drainage system","WS/MP18265/2025-2026/163881","CUDDALORE(DISTRICT COLLECTOR CUDDALORE_IDA)","M.K. VISHNUPRASAD","CUDDALORE","18-Jul-2025","Ganesan K","Payment Success","1797253"
"2282","Tamil Nadu","Construction of buildings for crèches and anganwadies","WS/MP18265/2025-2026/222899","CUDDALORE(DISTRICT COLLECTOR CUDDALORE_IDA)","M.K. VISHNUPRASAD","CUDDALORE","09-Mar-2026","MEENASEKARI N","Payment Success","1648838"
"2283","Tamil Nadu","Lighting of public spaces","WS/MP18265/2025-2026/155033","CUDDALORE(DISTRICT COLLECTOR CUDDALORE_IDA)","M.K. VISHNUPRASAD","CUDDALORE","02-Jul-2025","SADHANA INFRA CONSTRUCTION","Payment Success","449582"
"2284","Tamil Nadu","Construction of roads, link roads, pathways or any other road with or without drainage system","WS/MP18265/2025-2026/154905","CUDDALORE(DISTRICT COLLECTOR CUDDALORE_IDA)","M.K. VISHNUPRASAD","CUDDALORE","05-Aug-2025","MPLADS RS BDO BP","Payment Success","999979"
"2285","Tamil Nadu","Lighting of public spaces","WS/MP18265/2025-2026/222612","CUDDALORE(DISTRICT COLLECTOR CUDDALORE_IDA)","M.K. VISHNUPRASAD","CUDDALORE","04-Nov-2025","VDH ENGINEERING SERVICES","Payment Success","449225"
"2286","Tamil Nadu","Lighting of public spaces","WS/MP18265/2025-2026/222619","CUDDALORE(DISTRICT COLLECTOR CUDDALORE_IDA)","M.K. VISHNUPRASAD","CUDDALORE","04-Nov-2025","VDH ENGINEERING SERVICES","Payment Success","449225"
"2287","Tamil Nadu","Lighting of public spaces","WS/MP18265/2025-2026/222618","CUDDALORE(DISTRICT COLLECTOR CUDDALORE_IDA)","M.K. VISHNUPRASAD","CUDDALORE","04-Nov-2025","VDH ENGINEERING SERVICES","Payment Success","449225"
"2288","Tamil Nadu","Lighting of public spaces","WS/MP18265/2025-2026/222617","CUDDALORE(DISTRICT COLLECTOR CUDDALORE_IDA)","M.K. VISHNUPRASAD","CUDDALORE","04-Nov-2025","VDH ENGINEERING SERVICES","Payment Success","449225"
"2289","Tamil Nadu","Lighting of public spaces","WS/MP18265/2025-2026/222615","CUDDALORE(DISTRICT COLLECTOR CUDDALORE_IDA)","M.K. VISHNUPRASAD","CUDDALORE","04-Nov-2025","VDH ENGINEERING SERVICES","Payment Success","449225"
"2290","Tamil Nadu","Lighting of public spaces","WS/MP18265/2025-2026/222613","CUDDALORE(DISTRICT COLLECTOR CUDDALORE_IDA)","M.K. VISHNUPRASAD","CUDDALORE","04-Nov-2025","VDH ENGINEERING SERVICES","Payment Success","449225"
"2291","Tamil Nadu","Lighting of public spaces","WS/MP18265/2025-2026/222620","CUDDALORE(DISTRICT COLLECTOR CUDDALORE_IDA)","M.K. VISHNUPRASAD","CUDDALORE","04-Nov-2025","VDH ENGINEERING SERVICES","Payment Success","449225"
"2292","Tamil Nadu","Lighting of public spaces","WS/MP18265/2025-2026/223235","CUDDALORE(DISTRICT COLLECTOR CUDDALORE_IDA)","M.K. VISHNUPRASAD","CUDDALORE","04-Nov-2025","VDH ENGINEERING SERVICES","Payment Success","449225"
"2293","Tamil Nadu","Construction of common work sheds/ common covered sitting area","WS/MP756/2025-2026/170956","CUDDALORE(DISTRICT COLLECTOR CUDDALORE_IDA)","Thirumaa Valavan Thol","CHIDAMBARAM(SC)","29-May-2026","CHENNAI HORTICULTURE SERVICE SOCIETY","Payment Success","597851"
"2294","Tamil Nadu","Lighting of public spaces","WS/MP18265/2025-2026/241765","CUDDALORE(DISTRICT COLLECTOR CUDDALORE_IDA)","M.K. VISHNUPRASAD","CUDDALORE","27-May-2026","JSS CONSTRUCTIONS","Payment Success","449000"
"2295","Tamil Nadu","Lighting of public spaces","WS/MP18265/2025-2026/241768","CUDDALORE(DISTRICT COLLECTOR CUDDALORE_IDA)","M.K. VISHNUPRASAD","CUDDALORE","27-May-2026","JSS CONSTRUCTIONS","Payment Success","449005"
"2296","Tamil Nadu","Construction of roads, link roads, pathways or any other road with or without drainage system","WS/MP18265/2025-2026/241766","CUDDALORE(DISTRICT COLLECTOR CUDDALORE_IDA)","M.K. VISHNUPRASAD","CUDDALORE","26-Feb-2026","GOMATHI CONSTRUCTIONS","Payment Success","999741"
"2297","Tamil Nadu","Construction of public irrigation facilities","WS/MP18265/2025-2026/240814","CUDDALORE(DISTRICT COLLECTOR CUDDALORE_IDA)","M.K. VISHNUPRASAD","CUDDALORE","15-May-2026","BASKARAN S","Payment Success","498844"
"2298","Tamil Nadu","Construction of buildings for community cultural activities","WS/MP18265/2025-2026/154924","CUDDALORE(DISTRICT COLLECTOR CUDDALORE_IDA)","M.K. VISHNUPRASAD","CUDDALORE","20-Sep-2025","SELVAKUMAR","Payment Success","799864"
"2299","Tamil Nadu","Construction of roads, link roads, pathways or any other road with or without drainage system","WS/MP18265/2024-2025/166490","CUDDALORE(DISTRICT COLLECTOR CUDDALORE_IDA)","M.K. VISHNUPRASAD","CUDDALORE","29-Mar-2025","KALAIMAMANI","Payment Success","999780"
"2300","Tamil Nadu","Construction of roads, link roads, pathways or any other road with or without drainage system","WS/MP18265/2025-2026/154833","CUDDALORE(DISTRICT COLLECTOR CUDDALORE_IDA)","M.K. VISHNUPRASAD","CUDDALORE","04-Apr-2025","GOMATHI CONSTRUCTIONS","Payment Success","982702"
"2301","Tamil Nadu","Construction of roads, link roads, pathways or any other road with or without drainage system","WS/MP18265/2024-2025/154819","CUDDALORE(DISTRICT COLLECTOR CUDDALORE_IDA)","M.K. VISHNUPRASAD","CUDDALORE","18-Mar-2025","PARAMADEVAN","Payment Success","996496"
"2302","Tamil Nadu","Construction of roads, link roads, pathways or any other road with or without drainage system","WS/MP18265/2024-2025/154817","CUDDALORE(DISTRICT COLLECTOR CUDDALORE_IDA)","M.K. VISHNUPRASAD","CUDDALORE","03-Mar-2025","R Venkatesan","Payment Success","1099464"
"2303","Tamil Nadu","Construction of community centers and community halls","WS/MP18265/2025-2026/151996","CUDDALORE(DISTRICT COLLECTOR CUDDALORE_IDA)","M.K. VISHNUPRASAD","CUDDALORE","01-Jul-2025","D Kamalakannan","Payment Success","426238"
"2304","Tamil Nadu","Lighting of public spaces","WS/MP18265/2025-2026/151951","CUDDALORE(DISTRICT COLLECTOR CUDDALORE_IDA)","M.K. VISHNUPRASAD","CUDDALORE","23-Apr-2025","VDH ENTERPRISES","Payment Success","449714"
"2305","Tamil Nadu","Lighting of public spaces","WS/MP18265/2025-2026/152002","CUDDALORE(DISTRICT COLLECTOR CUDDALORE_IDA)","M.K. VISHNUPRASAD","CUDDALORE","25-Apr-2025","VDH ENTERPRISES","Payment Success","449714"
"2306","Tamil Nadu","Lighting of public spaces","WS/MP18265/2025-2026/151999","CUDDALORE(DISTRICT COLLECTOR CUDDALORE_IDA)","M.K. VISHNUPRASAD","CUDDALORE","25-Apr-2025","VDH ENTERPRISES","Payment Success","449714"
"2307","Tamil Nadu","Lighting of public spaces","WS/MP18265/2025-2026/151989","CUDDALORE(DISTRICT COLLECTOR CUDDALORE_IDA)","M.K. VISHNUPRASAD","CUDDALORE","25-Apr-2025","VDH ENTERPRISES","Payment Success","449714"
"2308","Tamil Nadu","Lighting of public spaces","WS/MP18265/2025-2026/151949","CUDDALORE(DISTRICT COLLECTOR CUDDALORE_IDA)","M.K. VISHNUPRASAD","CUDDALORE","24-Apr-2025","VDH ENTERPRISES","Payment Success","449714"
"2309","Tamil Nadu","Construction of roads, link roads, pathways or any other road with or without drainage system","WS/MP18265/2025-2026/154818","CUDDALORE(DISTRICT COLLECTOR CUDDALORE_IDA)","M.K. VISHNUPRASAD","CUDDALORE","23-Sep-2025","R2V Constructions","Payment Success","549154"
"2310","Tamil Nadu","Construction of roads, link roads, pathways or any other road with or without drainage system","WS/MP18265/2025-2026/154785","CUDDALORE(DISTRICT COLLECTOR CUDDALORE_IDA)","M.K. VISHNUPRASAD","CUDDALORE","19-Aug-2025","SURIYA CONSTRUCTION","Payment Success","998956"
"2311","Tamil Nadu","Construction of buildings for community cultural activities","WS/MP18265/2025-2026/151991","CUDDALORE(DISTRICT COLLECTOR CUDDALORE_IDA)","M.K. VISHNUPRASAD","CUDDALORE","15-Oct-2025","GR DEEPTHI GOKULAKRISHNAN CONSTRUCTION","Payment Success","998271"
"2312","Tamil Nadu","Crematoriums/energy efficient crematoriums or structures on burial/cremation ground","WS/MP18265/2025-2026/223037","CUDDALORE(DISTRICT COLLECTOR CUDDALORE_IDA)","M.K. VISHNUPRASAD","CUDDALORE","11-Feb-2026","JV Engineers","Payment Success","327421"
"2313","Tamil Nadu","Construction of common work sheds/ common covered sitting area","WS/MP18265/2025-2026/151993","CUDDALORE(DISTRICT COLLECTOR CUDDALORE_IDA)","M.K. VISHNUPRASAD","CUDDALORE","16-Dec-2025","SUBRAMANIYAN G","Payment Success","998986"
"2314","Tamil Nadu","Construction of community centers and community halls","WS/MP18265/2025-2026/154783","CUDDALORE(DISTRICT COLLECTOR CUDDALORE_IDA)","M.K. VISHNUPRASAD","CUDDALORE","14-Jan-2026","R Venkatesan","Payment Success","334955"
"2315","Tamil Nadu","Crematoriums/energy efficient crematoriums or structures on burial/cremation ground","WS/MP18265/2025-2026/223226","CUDDALORE(DISTRICT COLLECTOR CUDDALORE_IDA)","M.K. VISHNUPRASAD","CUDDALORE","17-Aug-2026","GR DEEPTHI GOKULAKRISHNAN CONSTRUCTION","Payment Success","798836"
"2316","Tamil Nadu","Construction of roads, link roads, pathways or any other road with or without drainage system","WS/MP18265/2025-2026/240809","CUDDALORE(DISTRICT COLLECTOR CUDDALORE_IDA)","M.K. VISHNUPRASAD","CUDDALORE","02-Mar-2026","SAJITHABANU","Payment Success","499115"
"2317","Tamil Nadu","Construction of community centers and community halls","WS/MP18265/2025-2026/151996","CUDDALORE(DISTRICT COLLECTOR CUDDALORE_IDA)","M.K. VISHNUPRASAD","CUDDALORE","02-Mar-2026","D Kamalakannan","Payment Success","475488"
"2318","Tamil Nadu","Lighting of public spaces","WS/MP18265/2025-2026/222627","CUDDALORE(DISTRICT COLLECTOR CUDDALORE_IDA)","M.K. VISHNUPRASAD","CUDDALORE","08-Aug-2026","SRI SAI ENTERPRISES","Payment Success","499936"
"2319","Tamil Nadu","Construction of community centers and community halls","WS/MP18265/2025-2026/154783","CUDDALORE(DISTRICT COLLECTOR CUDDALORE_IDA)","M.K. VISHNUPRASAD","CUDDALORE","28-Jun-2025","R Venkatesan","Payment Success","548565"
"2320","Tamil Nadu","Construction of roads, link roads, pathways or any other road with or without drainage system","WS/MP756/2025-2026/176317","CUDDALORE(DISTRICT COLLECTOR CUDDALORE_IDA)","Thirumaa Valavan Thol","CHIDAMBARAM(SC)","25-Jun-2025","BABASH A","Payment Success","999472"
"2321","Tamil Nadu","Crematoriums/energy efficient crematoriums or structures on burial/cremation ground","WS/MP756/2025-2026/170950","CUDDALORE(DISTRICT COLLECTOR CUDDALORE_IDA)","Thirumaa Valavan Thol","CHIDAMBARAM(SC)","28-Jan-2026","SELVAKUMAR  R","Payment Success","449645"
"2322","Tamil Nadu","Construction of roads, link roads, pathways or any other road with or without drainage system","WS/MP756/2025-2026/175358","CUDDALORE(DISTRICT COLLECTOR CUDDALORE_IDA)","Thirumaa Valavan Thol","CHIDAMBARAM(SC)","04-Sep-2025","SELVAKUMAR  R","Payment Success","999403"
"2323","Tamil Nadu","Construction of roads, link roads, pathways or any other road with or without drainage system","WS/MP756/2025-2026/170385","CUDDALORE(DISTRICT COLLECTOR CUDDALORE_IDA)","Thirumaa Valavan Thol","CHIDAMBARAM(SC)","13-Aug-2025","GOVINDARAJU M","Payment Success","999677"
"2324","Tamil Nadu","Construction of water tanks","WS/MP756/2025-2026/176387","CUDDALORE(DISTRICT COLLECTOR CUDDALORE_IDA)","Thirumaa Valavan Thol","CHIDAMBARAM(SC)","09-Oct-2025","Mohamed Ayub B","Payment Success","237947"
"2325","Tamil Nadu","Construction of water tanks","WS/MP756/2025-2026/170885","CUDDALORE(DISTRICT COLLECTOR CUDDALORE_IDA)","Thirumaa Valavan Thol","CHIDAMBARAM(SC)","09-Oct-2025","Mohamed Ayub B","Payment Success","332983"
"2326","Tamil Nadu","Construction of water tanks","WS/MP756/2025-2026/170885","CUDDALORE(DISTRICT COLLECTOR CUDDALORE_IDA)","Thirumaa Valavan Thol","CHIDAMBARAM(SC)","29-Jul-2025","Mohamed Ayub B","Payment Success","1508451"
"2327","Tamil Nadu","Crematoriums/energy efficient crematoriums or structures on burial/cremation ground","WS/MP756/2025-2026/170887","CUDDALORE(DISTRICT COLLECTOR CUDDALORE_IDA)","Thirumaa Valavan Thol","CHIDAMBARAM(SC)","15-Dec-2025","S MAGENDREN","Payment Success","464927"
"2328","Tamil Nadu","Construction of buildings for community cultural activities","WS/MP756/2025-2026/242931","CUDDALORE(DISTRICT COLLECTOR CUDDALORE_IDA)","Thirumaa Valavan Thol","CHIDAMBARAM(SC)","19-May-2026","Mohamed Ayub B","Payment Success","424711"
"2329","Tamil Nadu","Crematoriums/energy efficient crematoriums or structures on burial/cremation ground","WS/MP756/2025-2026/242925","CUDDALORE(DISTRICT COLLECTOR CUDDALORE_IDA)","Thirumaa Valavan Thol","CHIDAMBARAM(SC)","07-Mar-2026","Mohamed Ayub B","Payment Success","599407"
"2330","Tamil Nadu","Construction of water tanks","WS/MP756/2025-2026/176387","CUDDALORE(DISTRICT COLLECTOR CUDDALORE_IDA)","Thirumaa Valavan Thol","CHIDAMBARAM(SC)","25-Jun-2025","Mohamed Ayub B","Payment Success","1611037"
"2331","Tamil Nadu","Crematoriums/energy efficient crematoriums or structures on burial/cremation ground","WS/MP756/2025-2026/170387","CUDDALORE(DISTRICT COLLECTOR CUDDALORE_IDA)","Thirumaa Valavan Thol","CHIDAMBARAM(SC)","19-May-2026","Vijayaseelan","Payment Success","321379"
"2332","Tamil Nadu","Construction of bus-sheds or bus-stops","WS/MP756/2025-2026/170971","CUDDALORE(DISTRICT COLLECTOR CUDDALORE_IDA)","Thirumaa Valavan Thol","CHIDAMBARAM(SC)","19-May-2026","Pushpa M","Payment Success","313576"
"2333","Tamil Nadu","Crematoriums/energy efficient crematoriums or structures on burial/cremation ground","WS/MP756/2025-2026/170387","CUDDALORE(DISTRICT COLLECTOR CUDDALORE_IDA)","Thirumaa Valavan Thol","CHIDAMBARAM(SC)","26-Dec-2025","Vijayaseelan","Payment Success","275785"
"2334","Tamil Nadu","Construction of bus-sheds or bus-stops","WS/MP756/2025-2026/170971","CUDDALORE(DISTRICT COLLECTOR CUDDALORE_IDA)","Thirumaa Valavan Thol","CHIDAMBARAM(SC)","09-Oct-2025","Pushpa M","Payment Success","286419"
"2335","Tamil Nadu","Construction of roads, link roads, pathways or any other road with or without drainage system","WS/MP18265/2024-2025/162106","CUDDALORE(DISTRICT COLLECTOR CUDDALORE_IDA)","M.K. VISHNUPRASAD","CUDDALORE","29-Mar-2025","KALAIYARASAN","Payment Success","998267"
"2336","Tamil Nadu","Construction of roads, link roads, pathways or any other road with or without drainage system","WS/MP18265/2025-2026/154779","CUDDALORE(DISTRICT COLLECTOR CUDDALORE_IDA)","M.K. VISHNUPRASAD","CUDDALORE","06-May-2025","Ponnusamy","Payment Success","998177"
"2337","Tamil Nadu","Construction of roads, link roads, pathways or any other road with or without drainage system","WS/MP18265/2024-2025/166491","CUDDALORE(DISTRICT COLLECTOR CUDDALORE_IDA)","M.K. VISHNUPRASAD","CUDDALORE","19-Mar-2025","PALANIVEL","Payment Success","999008"
"2338","Tamil Nadu","Construction of roads, link roads, pathways or any other road with or without drainage system","WS/MP18265/2025-2026/241764","CUDDALORE(DISTRICT COLLECTOR CUDDALORE_IDA)","M.K. VISHNUPRASAD","CUDDALORE","27-Nov-2025","PALANIVEL","Payment Success","999087"
"2339","Tamil Nadu","Lighting of public spaces","WS/MP743/2026-2027/230543","CHENGALPATTU(District Collector Chengalpattu_IDA)","Ganesan Selvam","KANCHEEPURAM(SC)","23-Jun-2026","T S SOLAR POWER SYSTEM","Payment Success","749894"
"2340","Tamil Nadu","Installing community drinking water plants","WS/MP743/2026-2027/230540","CHENGALPATTU(District Collector Chengalpattu_IDA)","Ganesan Selvam","KANCHEEPURAM(SC)","23-Jun-2026","T S SOLAR POWER SYSTEM","Payment Success","1495280"
"2341","Tamil Nadu","Installing community drinking water plants","WS/MP743/2025-2026/142807","CHENGALPATTU(District Collector Chengalpattu_IDA)","Ganesan Selvam","KANCHEEPURAM(SC)","11-Feb-2026","SATHEESH CONSTRUCTION","Payment Success","749986"
"2342","Tamil Nadu","Construction of community centers and community halls","WS/MP743/2026-2027/190869","CHENGALPATTU(District Collector Chengalpattu_IDA)","Ganesan Selvam","KANCHEEPURAM(SC)","29-May-2026","Thanmaya Constructions","Payment Success","998628"
"2343","Tamil Nadu","Construction of buildings for community cultural activities","WS/MP743/2025-2026/142806","CHENGALPATTU(District Collector Chengalpattu_IDA)","Ganesan Selvam","KANCHEEPURAM(SC)","25-Sep-2025","V Krishnamoorthi","Payment Success","899711"
"2344","Tamil Nadu","Lighting of public spaces","WS/MP743/2025-2026/190868","CHENGALPATTU(District Collector Chengalpattu_IDA)","Ganesan Selvam","KANCHEEPURAM(SC)","04-Dec-2025","T S SOLAR POWER SYSTEM","Payment Success","741507"
"2345","Tamil Nadu","Construction of community centers and community halls","WS/MP743/2025-2026/142804","CHENGALPATTU(District Collector Chengalpattu_IDA)","Ganesan Selvam","KANCHEEPURAM(SC)","02-Jan-2026","Krishnamoorthy","Payment Success","799676"
"2346","Tamil Nadu","Construction of bus-sheds or bus-stops","WS/MP743/2025-2026/230544","CHENGALPATTU(District Collector Chengalpattu_IDA)","Ganesan Selvam","KANCHEEPURAM(SC)","02-Jan-2026","C Dinesh","Payment Success","498842"
"2347","Tamil Nadu","Lighting of public spaces","WS/MP743/2025-2026/220667","CHENGALPATTU(District Collector Chengalpattu_IDA)","Ganesan Selvam","KANCHEEPURAM(SC)","06-Mar-2026","T S SOLAR POWER SYSTEM","Payment Success","749325"
"2348","Tamil Nadu","Lighting of public spaces","WS/MP743/2025-2026/220668","CHENGALPATTU(District Collector Chengalpattu_IDA)","Ganesan Selvam","KANCHEEPURAM(SC)","06-Mar-2026","T S SOLAR POWER SYSTEM","Payment Success","749325"
"2349","Tamil Nadu","Construction of community centers and community halls","WS/MP743/2025-2026/142801","CHENGALPATTU(District Collector Chengalpattu_IDA)","Ganesan Selvam","KANCHEEPURAM(SC)","29-Nov-2025","ELLAPPAN","Payment Success","596837"
"2350","Tamil Nadu","Construction of bus-sheds or bus-stops","WS/MP743/2025-2026/190873","CHENGALPATTU(District Collector Chengalpattu_IDA)","Ganesan Selvam","KANCHEEPURAM(SC)","21-Jan-2026","KENNZ TECHNOLOGIES LLP","Payment Success","992927"
"2351","Tamil Nadu","Construction of Government office buildings (Post office, Police station, Police chauki, etc.)","WS/MP743/2026-2027/170872","CHENGALPATTU(District Collector Chengalpattu_IDA)","Ganesan Selvam","KANCHEEPURAM(SC)","30-May-2026","Mani S","Payment Success","999869"
"2352","Tamil Nadu","Construction of community centers and community halls","WS/MP743/2025-2026/142801","CHENGALPATTU(District Collector Chengalpattu_IDA)","Ganesan Selvam","KANCHEEPURAM(SC)","03-Aug-2026","ELLAPPAN","Payment Success","413867"
"2353","Tamil Nadu","Lighting of public spaces","WS/MP743/2025-2026/190872","CHENGALPATTU(District Collector Chengalpattu_IDA)","Ganesan Selvam","KANCHEEPURAM(SC)","18-Nov-2025","T S SOLAR POWER SYSTEM","Payment Success","749817"
"2354","Tamil Nadu","Lighting of public spaces","WS/MP743/2025-2026/190871","CHENGALPATTU(District Collector Chengalpattu_IDA)","Ganesan Selvam","KANCHEEPURAM(SC)","18-Nov-2025","T S SOLAR POWER SYSTEM","Payment Success","749817"
"2355","Tamil Nadu","Lighting of public spaces","WS/MP743/2025-2026/190870","CHENGALPATTU(District Collector Chengalpattu_IDA)","Ganesan Selvam","KANCHEEPURAM(SC)","18-Nov-2025","T S SOLAR POWER SYSTEM","Payment Success","749817"
"2356","Tamil Nadu","Street lights","WS/MP755/2025-2026/189474","CHENGALPATTU(District Collector Chengalpattu_IDA)","Thalikkottai Rajuthevar Baalu","SRIPERUMBUDUR","26-Nov-2025","ARVINDRAJ CONTRACTORS","Payment Success","399150"
"2357","Tamil Nadu","Construction of community centers and community halls","WS/MP755/2026-2027/179976","CHENGALPATTU(District Collector Chengalpattu_IDA)","Thalikkottai Rajuthevar Baalu","SRIPERUMBUDUR","10-Jul-2026","M S Sri L C R AND SONS","Payment Success","4997593"
"2358","Tamil Nadu","Lighting of public spaces","WS/MP743/2025-2026/220670","CHENGALPATTU(District Collector Chengalpattu_IDA)","Ganesan Selvam","KANCHEEPURAM(SC)","04-Mar-2026","T PRABHAKARAN","Payment Success","749072"
"2359","Tamil Nadu","Construction of bus-sheds or bus-stops","WS/MP743/2025-2026/170878","CHENGALPATTU(District Collector Chengalpattu_IDA)","Ganesan Selvam","KANCHEEPURAM(SC)","23-Sep-2025","ALAMELU ENTERPRISES","Payment Success","499312"
"2360","Tamil Nadu","Construction of bus-sheds or bus-stops","WS/MP743/2025-2026/170876","CHENGALPATTU(District Collector Chengalpattu_IDA)","Ganesan Selvam","KANCHEEPURAM(SC)","09-Feb-2026","S R Arumugam","Payment Success","499402"
"2361","Tamil Nadu","Construction of bus-sheds or bus-stops","WS/MP743/2025-2026/170875","CHENGALPATTU(District Collector Chengalpattu_IDA)","Ganesan Selvam","KANCHEEPURAM(SC)","09-Feb-2026","S R Arumugam","Payment Success","499496"
"2362","Tamil Nadu","Construction of bus-sheds or bus-stops","WS/MP743/2025-2026/170877","CHENGALPATTU(District Collector Chengalpattu_IDA)","Ganesan Selvam","KANCHEEPURAM(SC)","09-Feb-2026","S R Arumugam","Payment Success","498141"
"2363","Tamil Nadu","Construction of bus-sheds or bus-stops","WS/MP743/2026-2027/224683","CHENGALPATTU(District Collector Chengalpattu_IDA)","Ganesan Selvam","KANCHEEPURAM(SC)","24-Jun-2026","Vinayaga Constructions and Earth Movers","Payment Success","1998477"
"2364","Tamil Nadu","Construction of community centers and community halls","WS/MP743/2025-2026/190876","CHENGALPATTU(District Collector Chengalpattu_IDA)","Ganesan Selvam","KANCHEEPURAM(SC)","27-Feb-2026","Shanmuhanantham M","Payment Success","376253"
"2365","Tamil Nadu","Construction of roads, link roads, pathways or any other road with or without drainage system","WS/MP743/2025-2026/190874","CHENGALPATTU(District Collector Chengalpattu_IDA)","Ganesan Selvam","KANCHEEPURAM(SC)","17-Nov-2025","SAKTHIVEL E","Payment Success","999474"
"2366","Tamil Nadu","Construction of community centers and community halls","WS/MP743/2025-2026/142808","CHENGALPATTU(District Collector Chengalpattu_IDA)","Ganesan Selvam","KANCHEEPURAM(SC)","02-May-2025","NaveenKumar Venkatesan","Payment Success","1010707"
"2367","Tamil Nadu","Construction of water tanks","WS/MP743/2025-2026/142809","CHENGALPATTU(District Collector Chengalpattu_IDA)","Ganesan Selvam","KANCHEEPURAM(SC)","22-Jul-2025","SHOBANA S","Payment Success","1499661"
"2368","Tamil Nadu","Construction of bus-sheds or bus-stops","WS/MP743/2025-2026/170874","CHENGALPATTU(District Collector Chengalpattu_IDA)","Ganesan Selvam","KANCHEEPURAM(SC)","19-Nov-2025","NaveenKumar Venkatesan","Payment Success","499771"
"2369","Tamil Nadu","Construction of bus-sheds or bus-stops","WS/MP743/2025-2026/190875","CHENGALPATTU(District Collector Chengalpattu_IDA)","Ganesan Selvam","KANCHEEPURAM(SC)","14-Jan-2026","NaveenKumar Venkatesan","Payment Success","649422"
"2370","Tamil Nadu","Construction of community centers and community halls","WS/MP743/2025-2026/190876","CHENGALPATTU(District Collector Chengalpattu_IDA)","Ganesan Selvam","KANCHEEPURAM(SC)","19-Jan-2026","Shanmuhanantham M","Payment Success","969733"
"2371","Tamil Nadu","Construction of community centers and community halls","WS/MP743/2025-2026/190599","Kancheepuram(DISTRICT COLLECTOR KANCHEEPURAM_IDA)","Ganesan Selvam","KANCHEEPURAM(SC)","18-May-2026","SARALADEVI WORK CONTRACTS","Payment Success","273623"
"2372","Tamil Nadu","Construction of community centers and community halls","WS/MP743/2025-2026/190599","Kancheepuram(DISTRICT COLLECTOR KANCHEEPURAM_IDA)","Ganesan Selvam","KANCHEEPURAM(SC)","25-Feb-2026","SARALADEVI WORK CONTRACTS","Payment Success","723646"
"2373","Tamil Nadu","Construction of bus-sheds or bus-stops","WS/MP743/2024-2025/142090","Kancheepuram(DISTRICT COLLECTOR KANCHEEPURAM_IDA)","Ganesan Selvam","KANCHEEPURAM(SC)","25-Feb-2026","R BASKAR","Payment Success","498490"
"2374","Tamil Nadu","Construction of buildings for crèches and anganwadies","WS/MP743/2024-2025/142091","Kancheepuram(DISTRICT COLLECTOR KANCHEEPURAM_IDA)","Ganesan Selvam","KANCHEEPURAM(SC)","13-Mar-2026","E RAJESH","Payment Success","671358"
"2375","Tamil Nadu","Construction of community centers and community halls","WS/MP743/2025-2026/142092","Kancheepuram(DISTRICT COLLECTOR KANCHEEPURAM_IDA)","Ganesan Selvam","KANCHEEPURAM(SC)","17-Oct-2025","C Nithyananthan","Payment Success","2495159"
"2376","Tamil Nadu","Construction of community centers and community halls","WS/MP743/2025-2026/142092","Kancheepuram(DISTRICT COLLECTOR KANCHEEPURAM_IDA)","Ganesan Selvam","KANCHEEPURAM(SC)","18-May-2026","C Nithyananthan","Payment Success","1497981"
"2377","Tamil Nadu","Construction of buildings for crèches and anganwadies","WS/MP743/2024-2025/142091","Kancheepuram(DISTRICT COLLECTOR KANCHEEPURAM_IDA)","Ganesan Selvam","KANCHEEPURAM(SC)","01-Sep-2025","E RAJESH","Payment Success","827230"
"2378","Tamil Nadu","Construction of buildings for community cultural activities","WS/MP743/2024-2025/152618","Kancheepuram(DISTRICT COLLECTOR KANCHEEPURAM_IDA)","Ganesan Selvam","KANCHEEPURAM(SC)","10-Sep-2025","Selvam","Payment Success","999058"
"2379","Tamil Nadu","Construction of bus-sheds or bus-stops","WS/MP743/2025-2026/241636","Kancheepuram(DISTRICT COLLECTOR KANCHEEPURAM_IDA)","Ganesan Selvam","KANCHEEPURAM(SC)","18-Jun-2026","Selvam","Payment Success","699783"
"2380","Tamil Nadu","Construction of community centers and community halls","WS/MP743/2025-2026/190603","Kancheepuram(DISTRICT COLLECTOR KANCHEEPURAM_IDA)","Ganesan Selvam","KANCHEEPURAM(SC)","29-Jun-2026","RISHIKESAVAN K","Payment Success","2346427"
"2381","Tamil Nadu","Construction of rooms and halls in school and colleges","WS/MP743/2025-2026/190791","Kancheepuram(DISTRICT COLLECTOR KANCHEEPURAM_IDA)","Ganesan Selvam","KANCHEEPURAM(SC)","22-Jul-2026","RISHIKESAVAN K","Payment Success","999104"
"2382","Tamil Nadu","Construction of buildings for multi-gym","WS/MP755/2025-2026/246208","Kancheepuram(DISTRICT COLLECTOR KANCHEEPURAM_IDA)","Thalikkottai Rajuthevar Baalu","SRIPERUMBUDUR","17-Jul-2026","SATHYA ENTERPRISES","Payment Success","344239"
"2383","Tamil Nadu","Construction of bus-sheds or bus-stops","WS/MP755/2025-2026/261328","Kancheepuram(DISTRICT COLLECTOR KANCHEEPURAM_IDA)","Thalikkottai Rajuthevar Baalu","SRIPERUMBUDUR","27-Jun-2026","M MURTHY","Payment Success","861325"
"2384","Tamil Nadu","Street lights","WS/MP755/2025-2026/253234","Kancheepuram(DISTRICT COLLECTOR KANCHEEPURAM_IDA)","Thalikkottai Rajuthevar Baalu","SRIPERUMBUDUR","26-Feb-2026","EVEREST ENTERPRISES","Payment Success","424635"
"2385","Tamil Nadu","Street lights","WS/MP755/2025-2026/256784","Kancheepuram(DISTRICT COLLECTOR KANCHEEPURAM_IDA)","Thalikkottai Rajuthevar Baalu","SRIPERUMBUDUR","26-Feb-2026","EVEREST ENTERPRISES","Payment Success","424635"
"2386","Tamil Nadu","Street lights","WS/MP755/2025-2026/256785","Kancheepuram(DISTRICT COLLECTOR KANCHEEPURAM_IDA)","Thalikkottai Rajuthevar Baalu","SRIPERUMBUDUR","26-Feb-2026","EVEREST ENTERPRISES","Payment Success","424635"
"2387","Tamil Nadu","Street lights","WS/MP755/2025-2026/253236","Kancheepuram(DISTRICT COLLECTOR KANCHEEPURAM_IDA)","Thalikkottai Rajuthevar Baalu","SRIPERUMBUDUR","26-Feb-2026","EVEREST ENTERPRISES","Payment Success","424635"
"2388","Tamil Nadu","Street lights","WS/MP755/2025-2026/253237","Kancheepuram(DISTRICT COLLECTOR KANCHEEPURAM_IDA)","Thalikkottai Rajuthevar Baalu","SRIPERUMBUDUR","26-Feb-2026","EVEREST ENTERPRISES","Payment Success","424635"
"2389","Tamil Nadu","Street lights","WS/MP755/2025-2026/256786","Kancheepuram(DISTRICT COLLECTOR KANCHEEPURAM_IDA)","Thalikkottai Rajuthevar Baalu","SRIPERUMBUDUR","29-Jun-2026","BR CONTRACTING COMPANY","Payment Success","424115"
"2390","Tamil Nadu","Street lights","WS/MP755/2025-2026/256787","Kancheepuram(DISTRICT COLLECTOR KANCHEEPURAM_IDA)","Thalikkottai Rajuthevar Baalu","SRIPERUMBUDUR","29-Jun-2026","BR CONTRACTING COMPANY","Payment Success","424115"
"2391","Tamil Nadu","Street lights","WS/MP755/2025-2026/246197","Kancheepuram(DISTRICT COLLECTOR KANCHEEPURAM_IDA)","Thalikkottai Rajuthevar Baalu","SRIPERUMBUDUR","20-May-2026","SATHYA ENTERPRISES","Payment Success","424635"
"2392","Tamil Nadu","Street lights","WS/MP755/2025-2026/246205","Kancheepuram(DISTRICT COLLECTOR KANCHEEPURAM_IDA)","Thalikkottai Rajuthevar Baalu","SRIPERUMBUDUR","20-May-2026","SATHYA ENTERPRISES","Payment Success","424635"
"2393","Tamil Nadu","Street lights","WS/MP755/2025-2026/246204","Kancheepuram(DISTRICT COLLECTOR KANCHEEPURAM_IDA)","Thalikkottai Rajuthevar Baalu","SRIPERUMBUDUR","20-May-2026","SATHYA ENTERPRISES","Payment Success","424635"
"2394","Tamil Nadu","Street lights","WS/MP755/2025-2026/246202","Kancheepuram(DISTRICT COLLECTOR KANCHEEPURAM_IDA)","Thalikkottai Rajuthevar Baalu","SRIPERUMBUDUR","20-May-2026","SATHYA ENTERPRISES","Payment Success","424635"
"2395","Tamil Nadu","Street lights","WS/MP755/2025-2026/246198","Kancheepuram(DISTRICT COLLECTOR KANCHEEPURAM_IDA)","Thalikkottai Rajuthevar Baalu","SRIPERUMBUDUR","20-May-2026","SATHYA ENTERPRISES","Payment Success","615677"
"2396","Tamil Nadu","Street lights","WS/MP755/2025-2026/246201","Kancheepuram(DISTRICT COLLECTOR KANCHEEPURAM_IDA)","Thalikkottai Rajuthevar Baalu","SRIPERUMBUDUR","20-May-2026","SATHYA ENTERPRISES","Payment Success","424635"
"2397","Tamil Nadu","Construction of buildings for crèches and anganwadies","WS/MP755/2025-2026/246207","Kancheepuram(DISTRICT COLLECTOR KANCHEEPURAM_IDA)","Thalikkottai Rajuthevar Baalu","SRIPERUMBUDUR","16-Jun-2026","PAVITHRASREE ENTERPRISES","Payment Success","1008088"
"2398","Tamil Nadu","Street lights","WS/MP755/2025-2026/196023","Kancheepuram(DISTRICT COLLECTOR KANCHEEPURAM_IDA)","Thalikkottai Rajuthevar Baalu","SRIPERUMBUDUR","31-Dec-2025","EVEREST ENTERPRISES","Payment Success","424635"
"2399","Tamil Nadu","Street lights","WS/MP755/2025-2026/196024","Kancheepuram(DISTRICT COLLECTOR KANCHEEPURAM_IDA)","Thalikkottai Rajuthevar Baalu","SRIPERUMBUDUR","31-Dec-2025","EVEREST ENTERPRISES","Payment Success","424635"
"2400","Tamil Nadu","Street lights","WS/MP755/2025-2026/196022","Kancheepuram(DISTRICT COLLECTOR KANCHEEPURAM_IDA)","Thalikkottai Rajuthevar Baalu","SRIPERUMBUDUR","31-Dec-2025","EVEREST ENTERPRISES","Payment Success","424635"
"2401","Tamil Nadu","Street lights","WS/MP755/2025-2026/196025","Kancheepuram(DISTRICT COLLECTOR KANCHEEPURAM_IDA)","Thalikkottai Rajuthevar Baalu","SRIPERUMBUDUR","31-Dec-2025","EVEREST ENTERPRISES","Payment Success","424635"
"2402","Tamil Nadu","Street lights","WS/MP755/2025-2026/196026","Kancheepuram(DISTRICT COLLECTOR KANCHEEPURAM_IDA)","Thalikkottai Rajuthevar Baalu","SRIPERUMBUDUR","31-Dec-2025","EVEREST ENTERPRISES","Payment Success","424635"
"2403","Tamil Nadu","Street lights","WS/MP755/2025-2026/196027","Kancheepuram(DISTRICT COLLECTOR KANCHEEPURAM_IDA)","Thalikkottai Rajuthevar Baalu","SRIPERUMBUDUR","31-Dec-2025","EVEREST ENTERPRISES","Payment Success","424635"
"2404","Tamil Nadu","Street lights","WS/MP755/2025-2026/196028","Kancheepuram(DISTRICT COLLECTOR KANCHEEPURAM_IDA)","Thalikkottai Rajuthevar Baalu","SRIPERUMBUDUR","31-Dec-2025","EVEREST ENTERPRISES","Payment Success","424635"
"2405","Tamil Nadu","Street lights","WS/MP755/2025-2026/196030","Kancheepuram(DISTRICT COLLECTOR KANCHEEPURAM_IDA)","Thalikkottai Rajuthevar Baalu","SRIPERUMBUDUR","31-Dec-2025","EVEREST ENTERPRISES","Payment Success","424635"
"2406","Tamil Nadu","Street lights","WS/MP755/2025-2026/246892","Kancheepuram(DISTRICT COLLECTOR KANCHEEPURAM_IDA)","Thalikkottai Rajuthevar Baalu","SRIPERUMBUDUR","31-Dec-2025","EVEREST ENTERPRISES","Payment Success","424635"
"2407","Tamil Nadu","Street lights","WS/MP755/2025-2026/246894","Kancheepuram(DISTRICT COLLECTOR KANCHEEPURAM_IDA)","Thalikkottai Rajuthevar Baalu","SRIPERUMBUDUR","31-Dec-2025","EVEREST ENTERPRISES","Payment Success","424635"
"2408","Tamil Nadu","Street lights","WS/MP755/2025-2026/196029","Kancheepuram(DISTRICT COLLECTOR KANCHEEPURAM_IDA)","Thalikkottai Rajuthevar Baalu","SRIPERUMBUDUR","31-Dec-2025","EVEREST ENTERPRISES","Payment Success","424635"
"2409","Tamil Nadu","Street lights","WS/MP755/2025-2026/246893","Kancheepuram(DISTRICT COLLECTOR KANCHEEPURAM_IDA)","Thalikkottai Rajuthevar Baalu","SRIPERUMBUDUR","31-Dec-2025","EVEREST ENTERPRISES","Payment Success","424635"
"2410","Tamil Nadu","Construction of community centers and community halls","WS/MP755/2024-2025/163620","Kancheepuram(DISTRICT COLLECTOR KANCHEEPURAM_IDA)","Thalikkottai Rajuthevar Baalu","SRIPERUMBUDUR","18-May-2026","VASANTHAM ENTERPRISES","Payment Success","1906712"
"2411","Tamil Nadu","Street lights","WS/MP755/2025-2026/246199","Kancheepuram(DISTRICT COLLECTOR KANCHEEPURAM_IDA)","Thalikkottai Rajuthevar Baalu","SRIPERUMBUDUR","18-May-2026","SATHYA ENTERPRISES","Payment Success","424635"
"2412","Tamil Nadu","Street lights","WS/MP755/2025-2026/246200","Kancheepuram(DISTRICT COLLECTOR KANCHEEPURAM_IDA)","Thalikkottai Rajuthevar Baalu","SRIPERUMBUDUR","18-May-2026","SATHYA ENTERPRISES","Payment Success","424635"
"2413","Tamil Nadu","Construction of bus-sheds or bus-stops","WS/MP755/2025-2026/261328","Kancheepuram(DISTRICT COLLECTOR KANCHEEPURAM_IDA)","Thalikkottai Rajuthevar Baalu","SRIPERUMBUDUR","18-May-2026","M MURTHY","Payment Success","3972031"
"2414","Tamil Nadu","Construction of rooms and halls in school and colleges","WS/MP743/2025-2026/190792","Kancheepuram(DISTRICT COLLECTOR KANCHEEPURAM_IDA)","Ganesan Selvam","KANCHEEPURAM(SC)","13-Jan-2026","Gopinathan","Payment Success","997478"
"2415","Tamil Nadu","Construction of bus-sheds or bus-stops","WS/MP743/2025-2026/254182","Kancheepuram(DISTRICT COLLECTOR KANCHEEPURAM_IDA)","Ganesan Selvam","KANCHEEPURAM(SC)","01-Jul-2026","HARIHARASUDHAN V","Payment Success","517852"
"2416","Tamil Nadu","Construction of bus-sheds or bus-stops","WS/MP743/2025-2026/254183","Kancheepuram(DISTRICT COLLECTOR KANCHEEPURAM_IDA)","Ganesan Selvam","KANCHEEPURAM(SC)","13-Aug-2026","Gopinathan","Payment Success","450178"
"2417","Tamil Nadu","Construction of buildings for community cultural activities","WS/MP743/2025-2026/142104","Kancheepuram(DISTRICT COLLECTOR KANCHEEPURAM_IDA)","Ganesan Selvam","KANCHEEPURAM(SC)","03-Apr-2025","K YUVARAJ","Payment Success","999900"
"2418","Tamil Nadu","Street lights","WS/MP743/2025-2026/152622","Kancheepuram(DISTRICT COLLECTOR KANCHEEPURAM_IDA)","Ganesan Selvam","KANCHEEPURAM(SC)","11-Jul-2025","T PRABHAKARAN","Payment Success","412621"
"2419","Tamil Nadu","Construction of bus-sheds or bus-stops","WS/MP743/2025-2026/142100","Kancheepuram(DISTRICT COLLECTOR KANCHEEPURAM_IDA)","Ganesan Selvam","KANCHEEPURAM(SC)","15-May-2025","ABDO UTHIRAMERUR","Payment Success","631745"
"2420","Tamil Nadu","Construction of bus-sheds or bus-stops","WS/MP743/2025-2026/170867","Kancheepuram(DISTRICT COLLECTOR KANCHEEPURAM_IDA)","Ganesan Selvam","KANCHEEPURAM(SC)","19-Jun-2026","V PUGALENDHI","Payment Success","650000"
"2421","Tamil Nadu","Installing community drinking water plants","WS/MP743/2025-2026/230532","Kancheepuram(DISTRICT COLLECTOR KANCHEEPURAM_IDA)","Ganesan Selvam","KANCHEEPURAM(SC)","24-Mar-2026","T S SOLAR POWER SYSTEM","Payment Success","1484419"
"2422","Tamil Nadu","Installing community drinking water plants","WS/MP743/2025-2026/230531","Kancheepuram(DISTRICT COLLECTOR KANCHEEPURAM_IDA)","Ganesan Selvam","KANCHEEPURAM(SC)","24-Mar-2026","T S SOLAR POWER SYSTEM","Payment Success","1480236"
"2423","Tamil Nadu","Installing community drinking water plants","WS/MP743/2025-2026/230533","Kancheepuram(DISTRICT COLLECTOR KANCHEEPURAM_IDA)","Ganesan Selvam","KANCHEEPURAM(SC)","24-Mar-2026","T S SOLAR POWER SYSTEM","Payment Success","1500000"
"2424","Tamil Nadu","Lighting of public spaces","WS/MP743/2025-2026/170870","Kancheepuram(DISTRICT COLLECTOR KANCHEEPURAM_IDA)","Ganesan Selvam","KANCHEEPURAM(SC)","11-Sep-2025","T S SOLAR POWER SYSTEM","Payment Success","730787"
"2425","Tamil Nadu","Lighting of public spaces","WS/MP743/2025-2026/170871","Kancheepuram(DISTRICT COLLECTOR KANCHEEPURAM_IDA)","Ganesan Selvam","KANCHEEPURAM(SC)","15-Sep-2025","T S SOLAR POWER SYSTEM","Payment Success","734313"
"2426","Tamil Nadu","Lighting of public spaces","WS/MP743/2025-2026/182127","Kancheepuram(DISTRICT COLLECTOR KANCHEEPURAM_IDA)","Ganesan Selvam","KANCHEEPURAM(SC)","15-Sep-2025","T S SOLAR POWER SYSTEM","Payment Success","724989"
"2427","Tamil Nadu","Lighting of public spaces","WS/MP743/2025-2026/170869","Kancheepuram(DISTRICT COLLECTOR KANCHEEPURAM_IDA)","Ganesan Selvam","KANCHEEPURAM(SC)","15-Sep-2025","T S SOLAR POWER SYSTEM","Payment Success","735974"
"2428","Tamil Nadu","Construction of community centers and community halls","WS/MP18183/2024-2025/143305","THANJAVUR(DISTRICT COLLECTOR THANJAVUR_IDA)","MURASOLI S","THANJAVUR","29-Apr-2025","YOHAN ENTERPRISES","Payment Success","748356"
"2429","Tamil Nadu","Construction of community centers and community halls","WS/MP18183/2024-2025/143304","THANJAVUR(DISTRICT COLLECTOR THANJAVUR_IDA)","MURASOLI S","THANJAVUR","14-May-2025","SANMUGAM M K","Payment Success","750859"
"2430","Tamil Nadu","Construction of community centers and community halls","WS/MP18183/2024-2025/143304","THANJAVUR(DISTRICT COLLECTOR THANJAVUR_IDA)","MURASOLI S","THANJAVUR","24-Sep-2025","SANMUGAM M K","Payment Success","518028"
"2431","Tamil Nadu","Construction of community centers and community halls","WS/MP18183/2024-2025/143305","THANJAVUR(DISTRICT COLLECTOR THANJAVUR_IDA)","MURASOLI S","THANJAVUR","12-Dec-2025","YOHAN ENTERPRISES","Payment Success","585633"
"2432","Tamil Nadu","Construction of community centers and community halls","WS/MP18183/2024-2025/143403","THANJAVUR(DISTRICT COLLECTOR THANJAVUR_IDA)","MURASOLI S","THANJAVUR","28-Jan-2026","RENGARAJU NATESAN","Payment Success","1319168"
"2433","Tamil Nadu","Construction of community centers and community halls","WS/MP18183/2024-2025/140770","THANJAVUR(DISTRICT COLLECTOR THANJAVUR_IDA)","MURASOLI S","THANJAVUR","24-Sep-2025","CHITHRA KARTHIKEYAN","Payment Success","1349348"
"2434","Tamil Nadu","Construction of community centers and community halls","WS/MP18183/2024-2025/143791","THANJAVUR(DISTRICT COLLECTOR THANJAVUR_IDA)","MURASOLI S","THANJAVUR","22-Sep-2025","RAJKUMAR BALASUBRAMANIYAN","Payment Success","1348469"
"2435","Tamil Nadu","Construction of bus-sheds or bus-stops","WS/MP18183/2025-2026/203532","THANJAVUR(DISTRICT COLLECTOR THANJAVUR_IDA)","MURASOLI S","THANJAVUR","24-Dec-2025","DHANDAYUTHAPANI K","Payment Success","499105"
"2436","Tamil Nadu","Construction of community centers and community halls","WS/MP18173/2025-2026/164088","TIRUVANNAMALAI(DISTRICT COLLECTOR TIRUVANNAMALAI_IDA)","THARANIVENTHAN M S","ARANI","15-Oct-2025","SRI VARI CONSTRUCTION MELSATHAMANGALAM","Payment Success","499524"
"2437","Tamil Nadu","Lighting of public spaces","WS/MP18173/2025-2026/151516","TIRUVANNAMALAI(DISTRICT COLLECTOR TIRUVANNAMALAI_IDA)","THARANIVENTHAN M S","ARANI","14-May-2025","Royal Furniture Electricals","Payment Success","300000"
"2438","Tamil Nadu","Lighting of public spaces","WS/MP18173/2025-2026/164135","TIRUVANNAMALAI(DISTRICT COLLECTOR TIRUVANNAMALAI_IDA)","THARANIVENTHAN M S","ARANI","14-May-2025","Royal Furniture Electricals","Payment Success","300000"
"2439","Tamil Nadu","Construction of roads, link roads, pathways or any other road with or without drainage system","WS/MP18173/2025-2026/137474","TIRUVANNAMALAI(DISTRICT COLLECTOR TIRUVANNAMALAI_IDA)","THARANIVENTHAN M S","ARANI","19-May-2025","BDO MPLAD PERNAMALLUR","Payment Success","499302"
"2440","Tamil Nadu","Construction of roads, link roads, pathways or any other road with or without drainage system","WS/MP18173/2025-2026/209146","TIRUVANNAMALAI(DISTRICT COLLECTOR TIRUVANNAMALAI_IDA)","THARANIVENTHAN M S","ARANI","06-Feb-2026","PARABAKARAN","Payment Success","498424"
"2441","Tamil Nadu","Construction of community centers and community halls","WS/MP18173/2026-2027/209142","TIRUVANNAMALAI(DISTRICT COLLECTOR TIRUVANNAMALAI_IDA)","THARANIVENTHAN M S","ARANI","22-Jun-2026","SELVAM","Payment Success","1997509"
"2442","Tamil Nadu","Lighting of public spaces","WS/MP18173/2025-2026/196666","TIRUVANNAMALAI(DISTRICT COLLECTOR TIRUVANNAMALAI_IDA)","THARANIVENTHAN M S","ARANI","06-Mar-2026","R A KARMIKA KOLAPAKKAM BOB","Payment Success","550000"
"2443","Tamil Nadu","Construction of bus-sheds or bus-stops","WS/MP18173/2025-2026/211105","TIRUVANNAMALAI(DISTRICT COLLECTOR TIRUVANNAMALAI_IDA)","THARANIVENTHAN M S","ARANI","14-May-2026","Mageshwari","Payment Success","224037"
"2444","Tamil Nadu","Construction of community centers and community halls","WS/MP18173/2024-2025/137915","TIRUVANNAMALAI(DISTRICT COLLECTOR TIRUVANNAMALAI_IDA)","THARANIVENTHAN M S","ARANI","11-May-2026","BALAJI P","Payment Success","999700"
"2445","Tamil Nadu","Construction of roads, link roads, pathways or any other road with or without drainage system","WS/MP18173/2025-2026/209147","TIRUVANNAMALAI(DISTRICT COLLECTOR TIRUVANNAMALAI_IDA)","THARANIVENTHAN M S","ARANI","20-Jan-2026","Sri Sakthi Enterprises","Payment Success","299880"
"2446","Tamil Nadu","Construction of bus-sheds or bus-stops","WS/MP18173/2025-2026/211105","TIRUVANNAMALAI(DISTRICT COLLECTOR TIRUVANNAMALAI_IDA)","THARANIVENTHAN M S","ARANI","29-Dec-2025","Mageshwari","Payment Success","475753"
"2447","Tamil Nadu","Lighting of public spaces","WS/MP18173/2025-2026/232608","TIRUVANNAMALAI(DISTRICT COLLECTOR TIRUVANNAMALAI_IDA)","THARANIVENTHAN M S","ARANI","29-Dec-2025","R A KARMIKA KOLAPAKKAM BOB","Payment Success","550000"
"2448","Tamil Nadu","Lighting of public spaces","WS/MP18173/2025-2026/232609","TIRUVANNAMALAI(DISTRICT COLLECTOR TIRUVANNAMALAI_IDA)","THARANIVENTHAN M S","ARANI","29-Dec-2025","R A KARMIKA KOLAPAKKAM BOB","Payment Success","550000"
"2449","Tamil Nadu","Lighting of public spaces","WS/MP18173/2025-2026/196664","TIRUVANNAMALAI(DISTRICT COLLECTOR TIRUVANNAMALAI_IDA)","THARANIVENTHAN M S","ARANI","17-Nov-2025","SUHAVI ENTERPRISES","Payment Success","300000"
"2450","Tamil Nadu","Lighting of public spaces","WS/MP18173/2025-2026/200741","TIRUVANNAMALAI(DISTRICT COLLECTOR TIRUVANNAMALAI_IDA)","THARANIVENTHAN M S","ARANI","17-Nov-2025","SUHAVI ENTERPRISES","Payment Success","300000"
"2451","Tamil Nadu","Lighting of public spaces","WS/MP18173/2025-2026/196665","TIRUVANNAMALAI(DISTRICT COLLECTOR TIRUVANNAMALAI_IDA)","THARANIVENTHAN M S","ARANI","17-Nov-2025","RAK INDUSTRIES","Payment Success","550000"
"2452","Tamil Nadu","Lighting of public spaces","WS/MP18173/2025-2026/152439","TIRUVANNAMALAI(DISTRICT COLLECTOR TIRUVANNAMALAI_IDA)","THARANIVENTHAN M S","ARANI","21-May-2025","Royal Furniture Electricals","Payment Success","300000"
"2453","Tamil Nadu","Construction of roads, link roads, pathways or any other road with or without drainage system","WS/MP18173/2024-2025/137916","TIRUVANNAMALAI(DISTRICT COLLECTOR TIRUVANNAMALAI_IDA)","THARANIVENTHAN M S","ARANI","28-Mar-2025","BALAJI P","Payment Success","349860"
"2454","Tamil Nadu","Construction of roads, link roads, pathways or any other road with or without drainage system","WS/MP18173/2025-2026/211101","TIRUVANNAMALAI(DISTRICT COLLECTOR TIRUVANNAMALAI_IDA)","THARANIVENTHAN M S","ARANI","22-Oct-2025","Sri Sakthi Enterprises","Payment Success","249925"
"2455","Tamil Nadu","Providing drains and gutters for public drainage","WS/MP18173/2025-2026/209145","TIRUVANNAMALAI(DISTRICT COLLECTOR TIRUVANNAMALAI_IDA)","THARANIVENTHAN M S","ARANI","16-Oct-2025","AKA CONSTRUCTION","Payment Success","499850"
"2456","Tamil Nadu","Construction of bus-sheds or bus-stops","WS/MP18173/2024-2025/137922","TIRUVANNAMALAI(DISTRICT COLLECTOR TIRUVANNAMALAI_IDA)","THARANIVENTHAN M S","ARANI","25-May-2026","K ELUMALAI","Payment Success","1499550"
"2457","Tamil Nadu","Construction of bus-sheds or bus-stops","WS/MP18173/2026-2027/211103","TIRUVANNAMALAI(DISTRICT COLLECTOR TIRUVANNAMALAI_IDA)","THARANIVENTHAN M S","ARANI","26-May-2026","AKA CONSTRUCTION","Payment Success","699626"
"2458","Tamil Nadu","Construction of buildings for crèches and anganwadies","WS/MP18176/2024-2025/139946","DINDIGUL(DISTRICT COLLECTOR DINDIGUL_IDA)","SACHITHANANTHAM R","DINDIGUL","04-Feb-2025","Selvakumar K","Payment Success","868592"
"2459","Tamil Nadu","Construction of buildings for crèches and anganwadies","WS/MP18176/2024-2025/139946","DINDIGUL(DISTRICT COLLECTOR DINDIGUL_IDA)","SACHITHANANTHAM R","DINDIGUL","23-Apr-2025","Selvakumar K","Payment Success","783601"
"2460","Tamil Nadu","Construction of buildings for crèches and anganwadies","WS/MP18176/2025-2026/193005","DINDIGUL(DISTRICT COLLECTOR DINDIGUL_IDA)","SACHITHANANTHAM R","DINDIGUL","25-Sep-2025","KAVINKUMAR R","Payment Success","937345"
"2461","Tamil Nadu","Construction of buildings for crèches and anganwadies","WS/MP18176/2024-2025/139742","DINDIGUL(DISTRICT COLLECTOR DINDIGUL_IDA)","SACHITHANANTHAM R","DINDIGUL","14-Nov-2025","JAYAPRAKASH R","Payment Success","757764"
"2462","Tamil Nadu","Construction of buildings for crèches and anganwadies","WS/MP18176/2024-2025/139742","DINDIGUL(DISTRICT COLLECTOR DINDIGUL_IDA)","SACHITHANANTHAM R","DINDIGUL","28-Jul-2025","JAYAPRAKASH R","Payment Success","891162"
"2463","Tamil Nadu","Construction of water tanks","WS/MP18176/2024-2025/139947","DINDIGUL(DISTRICT COLLECTOR DINDIGUL_IDA)","SACHITHANANTHAM R","DINDIGUL","14-Jan-2026","RAJU MARIYAPPAN","Payment Success","1652052"
"2464","Tamil Nadu","Construction of buildings for crèches and anganwadies","WS/MP18176/2025-2026/193005","DINDIGUL(DISTRICT COLLECTOR DINDIGUL_IDA)","SACHITHANANTHAM R","DINDIGUL","18-Dec-2025","KAVINKUMAR R","Payment Success","761822"
"2465","Tamil Nadu","Crematoriums/energy efficient crematoriums or structures on burial/cremation ground","WS/MP18179/2026-2027/245282","Mayiladuthurai(District Collector Mayiladuthurai_IDA)","SUDHA R","MAYILADUTHURAI","18-Jun-2026","Jothiprakash V","Payment Success","399052"
"2466","Tamil Nadu","Crematoriums/energy efficient crematoriums or structures on burial/cremation ground","WS/MP18179/2024-2025/168583","Mayiladuthurai(District Collector Mayiladuthurai_IDA)","SUDHA R","MAYILADUTHURAI","17-Nov-2025","Jothiprakash V","Payment Success","599987"
"2467","Tamil Nadu","Construction of common work sheds/ common covered sitting area","WS/MP18179/2024-2025/168566","Mayiladuthurai(District Collector Mayiladuthurai_IDA)","SUDHA R","MAYILADUTHURAI","13-Nov-2025","R PADMAVATHY","Payment Success","699517"
"2468","Tamil Nadu","Construction of water tanks","WS/MP18179/2024-2025/168581","Mayiladuthurai(District Collector Mayiladuthurai_IDA)","SUDHA R","MAYILADUTHURAI","06-Oct-2025","GAYATHRI R","Payment Success","1674505"
"2469","Tamil Nadu","Construction of common work sheds/ common covered sitting area","WS/MP18179/2024-2025/168584","Mayiladuthurai(District Collector Mayiladuthurai_IDA)","SUDHA R","MAYILADUTHURAI","20-Dec-2025","GOMATHY","Payment Success","599482"
"2470","Tamil Nadu","Crematoriums/energy efficient crematoriums or structures on burial/cremation ground","WS/MP18179/2024-2025/168582","Mayiladuthurai(District Collector Mayiladuthurai_IDA)","SUDHA R","MAYILADUTHURAI","20-Dec-2025","GOMATHY","Payment Success","599827"
"2471","Tamil Nadu","Crematoriums/energy efficient crematoriums or structures on burial/cremation ground","WS/MP18179/2025-2026/261586","Mayiladuthurai(District Collector Mayiladuthurai_IDA)","SUDHA R","MAYILADUTHURAI","06-Mar-2026","Jothiprakash V","Payment Success","399491"
"2472","Tamil Nadu","Setting up of kitchen and pantries","WS/MP751/2025-2026/210018","MADURAI(DISTRICT COLLECTOR MADURAI_IDA)","S Venkatesan","MADURAI","07-Apr-2026","MK AND CO","Payment Success","1464476"
"2473","Tamil Nadu","Street lights","WS/MP18182/2025-2026/161280","TENKASI(DISTRICT COLLECTOR TENKASI_IDA)","DR RANI SRI KUMAR","TENKASI(SC)","24-Jun-2025","SUPER ELECTRICALS","Payment Success","413882"
"2474","Tamil Nadu","Street lights","WS/MP18182/2025-2026/161281","TENKASI(DISTRICT COLLECTOR TENKASI_IDA)","DR RANI SRI KUMAR","TENKASI(SC)","24-Jun-2025","SUPER ELECTRICALS","Payment Success","413882"
"2475","Tamil Nadu","Construction of boundary walls of existing public and community buildings","WS/MP18182/2025-2026/168957","TENKASI(DISTRICT COLLECTOR TENKASI_IDA)","DR RANI SRI KUMAR","TENKASI(SC)","27-Jun-2025","RAVICHANDRAN","Payment Success","1999989"
"2476","Tamil Nadu","Construction of boundary walls of existing public and community buildings","WS/MP18182/2025-2026/168959","TENKASI(DISTRICT COLLECTOR TENKASI_IDA)","DR RANI SRI KUMAR","TENKASI(SC)","27-Jun-2025","RAVICHANDRAN","Payment Success","1998051"
"2477","Tamil Nadu","Construction of boundary walls of existing public and community buildings","WS/MP18182/2025-2026/168956","TENKASI(DISTRICT COLLECTOR TENKASI_IDA)","DR RANI SRI KUMAR","TENKASI(SC)","12-Aug-2025","RAVICHANDRAN","Payment Success","1998510"
"2478","Tamil Nadu","Construction of roads, link roads, pathways or any other road with or without drainage system","WS/MP18182/2025-2026/202649","TENKASI(DISTRICT COLLECTOR TENKASI_IDA)","DR RANI SRI KUMAR","TENKASI(SC)","05-Nov-2025","PANDIARAJAN","Payment Success","999621"
"2479","Tamil Nadu","Construction of boundary walls of existing public and community buildings","WS/MP18182/2025-2026/168955","TENKASI(DISTRICT COLLECTOR TENKASI_IDA)","DR RANI SRI KUMAR","TENKASI(SC)","27-Sep-2025","RAVICHANDRAN","Payment Success","1999329"
"2480","Tamil Nadu","Construction of boundary walls of existing public and community buildings","WS/MP18182/2025-2026/168958","TENKASI(DISTRICT COLLECTOR TENKASI_IDA)","DR RANI SRI KUMAR","TENKASI(SC)","27-Sep-2025","RAVICHANDRAN","Payment Success","1998995"
"2481","Tamil Nadu","Construction of roads, link roads, pathways or any other road with or without drainage system","WS/MP18182/2025-2026/202650","TENKASI(DISTRICT COLLECTOR TENKASI_IDA)","DR RANI SRI KUMAR","TENKASI(SC)","30-Sep-2025","KIRUBAI CONSTRUCTION","Payment Success","999697"
"2482","Tamil Nadu","Construction of bus-sheds or bus-stops","WS/MP18182/2026-2027/195625","TENKASI(DISTRICT COLLECTOR TENKASI_IDA)","DR RANI SRI KUMAR","TENKASI(SC)","27-May-2026","RAVICHANDRAN","Payment Success","791621"
"2483","Tamil Nadu","Lighting of public spaces","WS/MP18182/2025-2026/214690","TENKASI(DISTRICT COLLECTOR TENKASI_IDA)","DR RANI SRI KUMAR","TENKASI(SC)","12-Feb-2026","Madasamy A","Payment Success","900000"
"2484","Tamil Nadu","Street lights","WS/MP18182/2025-2026/161263","TENKASI(DISTRICT COLLECTOR TENKASI_IDA)","DR RANI SRI KUMAR","TENKASI(SC)","27-Jun-2025","SUPER ELECTRICALS","Payment Success","897634"
"2485","Tamil Nadu","Lighting of public spaces","WS/MP18182/2025-2026/214695","TENKASI(DISTRICT COLLECTOR TENKASI_IDA)","DR RANI SRI KUMAR","TENKASI(SC)","10-Jan-2026","Madasamy A","Payment Success","379319"
"2486","Tamil Nadu","Lighting of public spaces","WS/MP18182/2025-2026/214696","TENKASI(DISTRICT COLLECTOR TENKASI_IDA)","DR RANI SRI KUMAR","TENKASI(SC)","10-Jan-2026","Madasamy A","Payment Success","379319"
"2487","Tamil Nadu","Lighting of public spaces","WS/MP18182/2025-2026/214698","TENKASI(DISTRICT COLLECTOR TENKASI_IDA)","DR RANI SRI KUMAR","TENKASI(SC)","10-Jan-2026","Madasamy A","Payment Success","379319"
"2488","Tamil Nadu","Construction of roads, link roads, pathways or any other road with or without drainage system","WS/MP18182/2025-2026/231057","TENKASI(DISTRICT COLLECTOR TENKASI_IDA)","DR RANI SRI KUMAR","TENKASI(SC)","08-Jan-2026","Madasamy A","Payment Success","498247"
"2489","Tamil Nadu","Construction of rooms and halls in school and colleges","WS/MP18182/2026-2027/231056","TENKASI(DISTRICT COLLECTOR TENKASI_IDA)","DR RANI SRI KUMAR","TENKASI(SC)","02-Jul-2026","Madasamy A","Payment Success","400000"
"2490","Tamil Nadu","Construction of bus-sheds or bus-stops","WS/MP18182/2026-2027/195617","TENKASI(DISTRICT COLLECTOR TENKASI_IDA)","DR RANI SRI KUMAR","TENKASI(SC)","26-Jun-2026","Madasamy A","Payment Success","799847"
"2491","Tamil Nadu","Construction of water tanks","WS/MP18182/2025-2026/214809","TENKASI(DISTRICT COLLECTOR TENKASI_IDA)","DR RANI SRI KUMAR","TENKASI(SC)","15-Nov-2025","Madasamy A","Payment Success","459282"
"2492","Tamil Nadu","Construction of roads, link roads, pathways or any other road with or without drainage system","WS/MP18182/2025-2026/202652","TENKASI(DISTRICT COLLECTOR TENKASI_IDA)","DR RANI SRI KUMAR","TENKASI(SC)","22-Sep-2025","Madasamy A","Payment Success","999441"
"2493","Tamil Nadu","Construction of roads, link roads, pathways or any other road with or without drainage system","WS/MP18182/2025-2026/202651","TENKASI(DISTRICT COLLECTOR TENKASI_IDA)","DR RANI SRI KUMAR","TENKASI(SC)","22-Sep-2025","Madasamy A","Payment Success","599558"
"2494","Tamil Nadu","Providing drains and gutters for public drainage","WS/MP18182/2024-2025/168993","TENKASI(DISTRICT COLLECTOR TENKASI_IDA)","DR RANI SRI KUMAR","TENKASI(SC)","06-Mar-2025","Madasamy A","Payment Success","399688"
"2495","Tamil Nadu","Providing drains and gutters for public drainage","WS/MP18182/2024-2025/168992","TENKASI(DISTRICT COLLECTOR TENKASI_IDA)","DR RANI SRI KUMAR","TENKASI(SC)","06-Mar-2025","Madasamy A","Payment Success","1195834"
"2496","Tamil Nadu","Lighting of public spaces","WS/MP18182/2025-2026/231059","TENKASI(DISTRICT COLLECTOR TENKASI_IDA)","DR RANI SRI KUMAR","TENKASI(SC)","12-Mar-2026","Madasamy A","Payment Success","423479"
"2497","Tamil Nadu","Lighting of public spaces","WS/MP18182/2025-2026/231058","TENKASI(DISTRICT COLLECTOR TENKASI_IDA)","DR RANI SRI KUMAR","TENKASI(SC)","12-Mar-2026","Madasamy A","Payment Success","423715"
"2498","Tamil Nadu","Lighting of public spaces","WS/MP18182/2025-2026/214661","TENKASI(DISTRICT COLLECTOR TENKASI_IDA)","DR RANI SRI KUMAR","TENKASI(SC)","03-Feb-2026","Madasamy A","Payment Success","418362"
"2499","Tamil Nadu","Lighting of public spaces","WS/MP18182/2025-2026/214660","TENKASI(DISTRICT COLLECTOR TENKASI_IDA)","DR RANI SRI KUMAR","TENKASI(SC)","03-Feb-2026","Madasamy A","Payment Success","418362"
"2500","Tamil Nadu","Street lights","WS/MP18182/2025-2026/161254","TENKASI(DISTRICT COLLECTOR TENKASI_IDA)","DR RANI SRI KUMAR","TENKASI(SC)","29-Aug-2025","SUPER ELECTRICALS","Payment Success","849506"
"2501","Tamil Nadu","Construction of flood control embankments/ protection walls along riverbanks, hilltops, roadsides","WS/MP18182/2025-2026/214805","TENKASI(DISTRICT COLLECTOR TENKASI_IDA)","DR RANI SRI KUMAR","TENKASI(SC)","08-Dec-2025","NAVASKHAN","Payment Success","1482283"
"2502","Tamil Nadu","Construction of flood control embankments/ protection walls along riverbanks, hilltops, roadsides","WS/MP18182/2025-2026/214808","TENKASI(DISTRICT COLLECTOR TENKASI_IDA)","DR RANI SRI KUMAR","TENKASI(SC)","08-Dec-2025","NAVASKHAN","Payment Success","1487439"
"2503","Tamil Nadu","Construction of flood control embankments/ protection walls along riverbanks, hilltops, roadsides","WS/MP18182/2025-2026/214807","TENKASI(DISTRICT COLLECTOR TENKASI_IDA)","DR RANI SRI KUMAR","TENKASI(SC)","08-Dec-2025","NAVASKHAN","Payment Success","1486433"
"2504","Tamil Nadu","Construction of flood control embankments/ protection walls along riverbanks, hilltops, roadsides","WS/MP18182/2025-2026/214806","TENKASI(DISTRICT COLLECTOR TENKASI_IDA)","DR RANI SRI KUMAR","TENKASI(SC)","08-Dec-2025","NAVASKHAN","Payment Success","1487405"
"2505","Tamil Nadu","Construction of Government office buildings (Post office, Police station, Police chauki, etc.)","WS/MP18175/2025-2026/206825","DHARMAPURI(DISTRICT COLLECTOR DHARMAPURI_IDA)","MANI. A.","DHARAMAPURI","08-Jul-2026","DSA CONSTRUCTION","Payment Success","1562897"
"2506","Tamil Nadu","Purchase of smart boards, visual display units and projectors","WS/MP743/2025-2026/190845","CHENGALPATTU(District Collector Chengalpattu_IDA)","Ganesan Selvam","KANCHEEPURAM(SC)","04-Sep-2025","T S SOLAR POWER SYSTEM","Payment Success","400000"
"2507","Tamil Nadu","Purchase of smart boards, visual display units and projectors","WS/MP743/2025-2026/190828","CHENGALPATTU(District Collector Chengalpattu_IDA)","Ganesan Selvam","KANCHEEPURAM(SC)","04-Sep-2025","T S SOLAR POWER SYSTEM","Payment Success","400000"
"2508","Tamil Nadu","Purchase of smart boards, visual display units and projectors","WS/MP743/2025-2026/190830","CHENGALPATTU(District Collector Chengalpattu_IDA)","Ganesan Selvam","KANCHEEPURAM(SC)","04-Sep-2025","T S SOLAR POWER SYSTEM","Payment Success","400000"
"2509","Tamil Nadu","Purchase of smart boards, visual display units and projectors","WS/MP743/2025-2026/190834","CHENGALPATTU(District Collector Chengalpattu_IDA)","Ganesan Selvam","KANCHEEPURAM(SC)","04-Sep-2025","T S SOLAR POWER SYSTEM","Payment Success","400000"
"2510","Tamil Nadu","Purchase of smart boards, visual display units and projectors","WS/MP743/2025-2026/190831","CHENGALPATTU(District Collector Chengalpattu_IDA)","Ganesan Selvam","KANCHEEPURAM(SC)","04-Sep-2025","T S SOLAR POWER SYSTEM","Payment Success","400000"
"2511","Tamil Nadu","Purchase of smart boards, visual display units and projectors","WS/MP743/2025-2026/190829","CHENGALPATTU(District Collector Chengalpattu_IDA)","Ganesan Selvam","KANCHEEPURAM(SC)","04-Sep-2025","T S SOLAR POWER SYSTEM","Payment Success","400000"
"2512","Tamil Nadu","Purchase of smart boards, visual display units and projectors","WS/MP743/2025-2026/190837","CHENGALPATTU(District Collector Chengalpattu_IDA)","Ganesan Selvam","KANCHEEPURAM(SC)","04-Sep-2025","T S SOLAR POWER SYSTEM","Payment Success","400000"
"2513","Tamil Nadu","Purchase of smart boards, visual display units and projectors","WS/MP743/2025-2026/190839","CHENGALPATTU(District Collector Chengalpattu_IDA)","Ganesan Selvam","KANCHEEPURAM(SC)","04-Sep-2025","T S SOLAR POWER SYSTEM","Payment Success","400000"
"2514","Tamil Nadu","Purchase of smart boards, visual display units and projectors","WS/MP743/2025-2026/190838","CHENGALPATTU(District Collector Chengalpattu_IDA)","Ganesan Selvam","KANCHEEPURAM(SC)","04-Sep-2025","T S SOLAR POWER SYSTEM","Payment Success","400000"
"2515","Tamil Nadu","Purchase of smart boards, visual display units and projectors","WS/MP743/2025-2026/190835","CHENGALPATTU(District Collector Chengalpattu_IDA)","Ganesan Selvam","KANCHEEPURAM(SC)","04-Sep-2025","T S SOLAR POWER SYSTEM","Payment Success","400000"
"2516","Tamil Nadu","Purchase of smart boards, visual display units and projectors","WS/MP743/2025-2026/190833","CHENGALPATTU(District Collector Chengalpattu_IDA)","Ganesan Selvam","KANCHEEPURAM(SC)","04-Sep-2025","T S SOLAR POWER SYSTEM","Payment Success","400000"
"2517","Tamil Nadu","Purchase of smart boards, visual display units and projectors","WS/MP743/2025-2026/190843","CHENGALPATTU(District Collector Chengalpattu_IDA)","Ganesan Selvam","KANCHEEPURAM(SC)","04-Sep-2025","T S SOLAR POWER SYSTEM","Payment Success","400000"
"2518","Tamil Nadu","Purchase of smart boards, visual display units and projectors","WS/MP743/2025-2026/190844","CHENGALPATTU(District Collector Chengalpattu_IDA)","Ganesan Selvam","KANCHEEPURAM(SC)","04-Sep-2025","T S SOLAR POWER SYSTEM","Payment Success","400000"
"2519","Tamil Nadu","Purchase of smart boards, visual display units and projectors","WS/MP743/2025-2026/190841","CHENGALPATTU(District Collector Chengalpattu_IDA)","Ganesan Selvam","KANCHEEPURAM(SC)","04-Sep-2025","T S SOLAR POWER SYSTEM","Payment Success","400000"
"2520","Tamil Nadu","Purchase of smart boards, visual display units and projectors","WS/MP743/2025-2026/190849","CHENGALPATTU(District Collector Chengalpattu_IDA)","Ganesan Selvam","KANCHEEPURAM(SC)","04-Sep-2025","T S SOLAR POWER SYSTEM","Payment Success","400000"
"2521","Tamil Nadu","Purchase of smart boards, visual display units and projectors","WS/MP743/2025-2026/190846","CHENGALPATTU(District Collector Chengalpattu_IDA)","Ganesan Selvam","KANCHEEPURAM(SC)","04-Sep-2025","T S SOLAR POWER SYSTEM","Payment Success","400000"
"2522","Tamil Nadu","Purchase of smart boards, visual display units and projectors","WS/MP743/2025-2026/190850","CHENGALPATTU(District Collector Chengalpattu_IDA)","Ganesan Selvam","KANCHEEPURAM(SC)","04-Sep-2025","T S SOLAR POWER SYSTEM","Payment Success","400000"
"2523","Tamil Nadu","Purchase of sports equipment","WS/MP743/2025-2026/161763","CHENGALPATTU(District Collector Chengalpattu_IDA)","Ganesan Selvam","KANCHEEPURAM(SC)","11-Aug-2025","S K FURNITURE","Payment Success","250000"
"2524","Tamil Nadu","Purchase of sports equipment","WS/MP743/2025-2026/161760","CHENGALPATTU(District Collector Chengalpattu_IDA)","Ganesan Selvam","KANCHEEPURAM(SC)","13-Aug-2025","S K FURNITURE","Payment Success","250000"
"2525","Tamil Nadu","Purchase of sports equipment","WS/MP743/2025-2026/161758","CHENGALPATTU(District Collector Chengalpattu_IDA)","Ganesan Selvam","KANCHEEPURAM(SC)","13-Aug-2025","S K FURNITURE","Payment Success","250000"
"2526","Tamil Nadu","Purchase of sports equipment","WS/MP743/2025-2026/161757","CHENGALPATTU(District Collector Chengalpattu_IDA)","Ganesan Selvam","KANCHEEPURAM(SC)","13-Aug-2025","S K FURNITURE","Payment Success","250000"
"2527","Tamil Nadu","Purchase of sports equipment","WS/MP743/2025-2026/161756","CHENGALPATTU(District Collector Chengalpattu_IDA)","Ganesan Selvam","KANCHEEPURAM(SC)","13-Aug-2025","S K FURNITURE","Payment Success","250000"
"2528","Tamil Nadu","Purchase of sports equipment","WS/MP743/2025-2026/161744","CHENGALPATTU(District Collector Chengalpattu_IDA)","Ganesan Selvam","KANCHEEPURAM(SC)","13-Aug-2025","S K FURNITURE","Payment Success","250000"
"2529","Tamil Nadu","Purchase of sports equipment","WS/MP743/2025-2026/161743","CHENGALPATTU(District Collector Chengalpattu_IDA)","Ganesan Selvam","KANCHEEPURAM(SC)","13-Aug-2025","S K FURNITURE","Payment Success","250000"
"2530","Tamil Nadu","Purchase of sports equipment","WS/MP743/2025-2026/161742","CHENGALPATTU(District Collector Chengalpattu_IDA)","Ganesan Selvam","KANCHEEPURAM(SC)","13-Aug-2025","S K FURNITURE","Payment Success","250000"
"2531","Tamil Nadu","Purchase of sports equipment","WS/MP743/2025-2026/161741","CHENGALPATTU(District Collector Chengalpattu_IDA)","Ganesan Selvam","KANCHEEPURAM(SC)","13-Aug-2025","S K FURNITURE","Payment Success","250000"
"2532","Tamil Nadu","Purchase of sports equipment","WS/MP743/2025-2026/161740","CHENGALPATTU(District Collector Chengalpattu_IDA)","Ganesan Selvam","KANCHEEPURAM(SC)","13-Aug-2025","S K FURNITURE","Payment Success","250000"
"2533","Tamil Nadu","Purchase of sports equipment","WS/MP743/2025-2026/161101","CHENGALPATTU(District Collector Chengalpattu_IDA)","Ganesan Selvam","KANCHEEPURAM(SC)","13-Aug-2025","S K FURNITURE","Payment Success","250000"
"2534","Tamil Nadu","Purchase of sports equipment","WS/MP743/2025-2026/161099","CHENGALPATTU(District Collector Chengalpattu_IDA)","Ganesan Selvam","KANCHEEPURAM(SC)","13-Aug-2025","S K FURNITURE","Payment Success","250000"
"2535","Tamil Nadu","Purchase of sports equipment","WS/MP743/2025-2026/161096","CHENGALPATTU(District Collector Chengalpattu_IDA)","Ganesan Selvam","KANCHEEPURAM(SC)","13-Aug-2025","S K FURNITURE","Payment Success","250000"
"2536","Tamil Nadu","Purchase of sports equipment","WS/MP743/2025-2026/161765","CHENGALPATTU(District Collector Chengalpattu_IDA)","Ganesan Selvam","KANCHEEPURAM(SC)","13-Aug-2025","S K FURNITURE","Payment Success","250000"
"2537","Tamil Nadu","Purchase of sports equipment","WS/MP743/2025-2026/161764","CHENGALPATTU(District Collector Chengalpattu_IDA)","Ganesan Selvam","KANCHEEPURAM(SC)","13-Aug-2025","S K FURNITURE","Payment Success","250000"
"2538","Tamil Nadu","Purchase of sports equipment","WS/MP743/2025-2026/162119","CHENGALPATTU(District Collector Chengalpattu_IDA)","Ganesan Selvam","KANCHEEPURAM(SC)","13-Aug-2025","S K FURNITURE","Payment Success","250000"
"2539","Tamil Nadu","Purchase of sports equipment","WS/MP743/2025-2026/169820","CHENGALPATTU(District Collector Chengalpattu_IDA)","Ganesan Selvam","KANCHEEPURAM(SC)","13-Aug-2025","S K FURNITURE","Payment Success","250000"
"2540","Tamil Nadu","Purchase of sports equipment","WS/MP743/2025-2026/161759","CHENGALPATTU(District Collector Chengalpattu_IDA)","Ganesan Selvam","KANCHEEPURAM(SC)","13-Aug-2025","S K FURNITURE","Payment Success","250000"
"2541","Tamil Nadu","Purchase of sports equipment","WS/MP743/2025-2026/161098","CHENGALPATTU(District Collector Chengalpattu_IDA)","Ganesan Selvam","KANCHEEPURAM(SC)","13-Aug-2025","S K FURNITURE","Payment Success","250000"
"2542","Tamil Nadu","Purchase of sports equipment","WS/MP743/2025-2026/161762","CHENGALPATTU(District Collector Chengalpattu_IDA)","Ganesan Selvam","KANCHEEPURAM(SC)","13-Aug-2025","S K FURNITURE","Payment Success","250000"
"2543","Tamil Nadu","Purchase of books and periodicals for libraries/digitization of library books","WS/MP743/2025-2026/193351","CHENGALPATTU(District Collector Chengalpattu_IDA)","Ganesan Selvam","KANCHEEPURAM(SC)","08-Jan-2026","Unicare Academy","Payment Success","25000"
"2544","Tamil Nadu","Purchase of books and periodicals for libraries/digitization of library books","WS/MP743/2025-2026/191321","CHENGALPATTU(District Collector Chengalpattu_IDA)","Ganesan Selvam","KANCHEEPURAM(SC)","27-Sep-2025","G DURAIRAJ","Payment Success","10000"
"2545","Tamil Nadu","Purchase of books and periodicals for libraries/digitization of library books","WS/MP743/2025-2026/191320","CHENGALPATTU(District Collector Chengalpattu_IDA)","Ganesan Selvam","KANCHEEPURAM(SC)","27-Sep-2025","G DURAIRAJ","Payment Success","10000"
"2546","Tamil Nadu","Purchase of books and periodicals for libraries/digitization of library books","WS/MP743/2025-2026/191319","CHENGALPATTU(District Collector Chengalpattu_IDA)","Ganesan Selvam","KANCHEEPURAM(SC)","27-Sep-2025","G DURAIRAJ","Payment Success","10000"
"2547","Tamil Nadu","Purchase of books and periodicals for libraries/digitization of library books","WS/MP743/2025-2026/191324","CHENGALPATTU(District Collector Chengalpattu_IDA)","Ganesan Selvam","KANCHEEPURAM(SC)","27-Sep-2025","G DURAIRAJ","Payment Success","10000"
"2548","Tamil Nadu","Purchase of books and periodicals for libraries/digitization of library books","WS/MP743/2025-2026/191323","CHENGALPATTU(District Collector Chengalpattu_IDA)","Ganesan Selvam","KANCHEEPURAM(SC)","27-Sep-2025","G DURAIRAJ","Payment Success","10000"
"2549","Tamil Nadu","Purchase of books and periodicals for libraries/digitization of library books","WS/MP743/2025-2026/191322","CHENGALPATTU(District Collector Chengalpattu_IDA)","Ganesan Selvam","KANCHEEPURAM(SC)","27-Sep-2025","G DURAIRAJ","Payment Success","10000"
"2550","Tamil Nadu","Purchase of books and periodicals for libraries/digitization of library books","WS/MP743/2025-2026/191325","CHENGALPATTU(District Collector Chengalpattu_IDA)","Ganesan Selvam","KANCHEEPURAM(SC)","27-Sep-2025","G DURAIRAJ","Payment Success","10000"
"2551","Tamil Nadu","Purchase of books and periodicals for libraries/digitization of library books","WS/MP743/2025-2026/191326","CHENGALPATTU(District Collector Chengalpattu_IDA)","Ganesan Selvam","KANCHEEPURAM(SC)","27-Sep-2025","G DURAIRAJ","Payment Success","10000"
"2552","Tamil Nadu","Purchase of books and periodicals for libraries/digitization of library books","WS/MP743/2025-2026/191327","CHENGALPATTU(District Collector Chengalpattu_IDA)","Ganesan Selvam","KANCHEEPURAM(SC)","27-Sep-2025","G DURAIRAJ","Payment Success","10000"
"2553","Tamil Nadu","Purchase of books and periodicals for libraries/digitization of library books","WS/MP743/2025-2026/191328","CHENGALPATTU(District Collector Chengalpattu_IDA)","Ganesan Selvam","KANCHEEPURAM(SC)","27-Sep-2025","G DURAIRAJ","Payment Success","10000"
"2554","Tamil Nadu","Purchase of books and periodicals for libraries/digitization of library books","WS/MP743/2025-2026/191329","CHENGALPATTU(District Collector Chengalpattu_IDA)","Ganesan Selvam","KANCHEEPURAM(SC)","27-Sep-2025","G DURAIRAJ","Payment Success","10000"
"2555","Tamil Nadu","Purchase of books and periodicals for libraries/digitization of library books","WS/MP743/2025-2026/191334","CHENGALPATTU(District Collector Chengalpattu_IDA)","Ganesan Selvam","KANCHEEPURAM(SC)","27-Sep-2025","G DURAIRAJ","Payment Success","10000"
"2556","Tamil Nadu","Purchase of books and periodicals for libraries/digitization of library books","WS/MP743/2025-2026/191336","CHENGALPATTU(District Collector Chengalpattu_IDA)","Ganesan Selvam","KANCHEEPURAM(SC)","27-Sep-2025","G DURAIRAJ","Payment Success","10000"
"2557","Tamil Nadu","Purchase of books and periodicals for libraries/digitization of library books","WS/MP743/2025-2026/191337","CHENGALPATTU(District Collector Chengalpattu_IDA)","Ganesan Selvam","KANCHEEPURAM(SC)","27-Sep-2025","G DURAIRAJ","Payment Success","10000"
"2558","Tamil Nadu","Purchase of books and periodicals for libraries/digitization of library books","WS/MP743/2025-2026/191339","CHENGALPATTU(District Collector Chengalpattu_IDA)","Ganesan Selvam","KANCHEEPURAM(SC)","27-Sep-2025","G DURAIRAJ","Payment Success","10000"
"2559","Tamil Nadu","Purchase of books and periodicals for libraries/digitization of library books","WS/MP743/2025-2026/191341","CHENGALPATTU(District Collector Chengalpattu_IDA)","Ganesan Selvam","KANCHEEPURAM(SC)","27-Sep-2025","G DURAIRAJ","Payment Success","10000"
"2560","Tamil Nadu","Purchase of books and periodicals for libraries/digitization of library books","WS/MP743/2025-2026/191345","CHENGALPATTU(District Collector Chengalpattu_IDA)","Ganesan Selvam","KANCHEEPURAM(SC)","27-Sep-2025","G DURAIRAJ","Payment Success","10000"
"2561","Tamil Nadu","Purchase of books and periodicals for libraries/digitization of library books","WS/MP743/2025-2026/191347","CHENGALPATTU(District Collector Chengalpattu_IDA)","Ganesan Selvam","KANCHEEPURAM(SC)","27-Sep-2025","G DURAIRAJ","Payment Success","10000"
"2562","Tamil Nadu","Purchase of books and periodicals for libraries/digitization of library books","WS/MP743/2025-2026/191348","CHENGALPATTU(District Collector Chengalpattu_IDA)","Ganesan Selvam","KANCHEEPURAM(SC)","27-Sep-2025","G DURAIRAJ","Payment Success","10000"
"2563","Tamil Nadu","Purchase of books and periodicals for libraries/digitization of library books","WS/MP743/2025-2026/191351","CHENGALPATTU(District Collector Chengalpattu_IDA)","Ganesan Selvam","KANCHEEPURAM(SC)","27-Sep-2025","G DURAIRAJ","Payment Success","10000"
"2564","Tamil Nadu","Purchase of books and periodicals for libraries/digitization of library books","WS/MP743/2025-2026/191354","CHENGALPATTU(District Collector Chengalpattu_IDA)","Ganesan Selvam","KANCHEEPURAM(SC)","27-Sep-2025","G DURAIRAJ","Payment Success","10000"
"2565","Tamil Nadu","Purchase of books and periodicals for libraries/digitization of library books","WS/MP743/2025-2026/191355","CHENGALPATTU(District Collector Chengalpattu_IDA)","Ganesan Selvam","KANCHEEPURAM(SC)","27-Sep-2025","G DURAIRAJ","Payment Success","10000"
"2566","Tamil Nadu","Purchase of books and periodicals for libraries/digitization of library books","WS/MP743/2025-2026/191356","CHENGALPATTU(District Collector Chengalpattu_IDA)","Ganesan Selvam","KANCHEEPURAM(SC)","27-Sep-2025","G DURAIRAJ","Payment Success","10000"
"2567","Tamil Nadu","Purchase of books and periodicals for libraries/digitization of library books","WS/MP743/2025-2026/191357","CHENGALPATTU(District Collector Chengalpattu_IDA)","Ganesan Selvam","KANCHEEPURAM(SC)","27-Sep-2025","G DURAIRAJ","Payment Success","10000"
"2568","Tamil Nadu","Purchase of books and periodicals for libraries/digitization of library books","WS/MP743/2025-2026/191358","CHENGALPATTU(District Collector Chengalpattu_IDA)","Ganesan Selvam","KANCHEEPURAM(SC)","27-Sep-2025","G DURAIRAJ","Payment Success","10000"
"2569","Tamil Nadu","Purchase of books and periodicals for libraries/digitization of library books","WS/MP743/2025-2026/191360","CHENGALPATTU(District Collector Chengalpattu_IDA)","Ganesan Selvam","KANCHEEPURAM(SC)","27-Sep-2025","G DURAIRAJ","Payment Success","10000"
"2570","Tamil Nadu","Purchase of books and periodicals for libraries/digitization of library books","WS/MP743/2025-2026/191362","CHENGALPATTU(District Collector Chengalpattu_IDA)","Ganesan Selvam","KANCHEEPURAM(SC)","27-Sep-2025","G DURAIRAJ","Payment Success","10000"
"2571","Tamil Nadu","Purchase of books and periodicals for libraries/digitization of library books","WS/MP743/2025-2026/191363","CHENGALPATTU(District Collector Chengalpattu_IDA)","Ganesan Selvam","KANCHEEPURAM(SC)","27-Sep-2025","G DURAIRAJ","Payment Success","10000"
"2572","Tamil Nadu","Purchase of books and periodicals for libraries/digitization of library books","WS/MP743/2025-2026/191364","CHENGALPATTU(District Collector Chengalpattu_IDA)","Ganesan Selvam","KANCHEEPURAM(SC)","27-Sep-2025","G DURAIRAJ","Payment Success","10000"
"2573","Tamil Nadu","Purchase of books and periodicals for libraries/digitization of library books","WS/MP743/2025-2026/191365","CHENGALPATTU(District Collector Chengalpattu_IDA)","Ganesan Selvam","KANCHEEPURAM(SC)","27-Sep-2025","G DURAIRAJ","Payment Success","10000"
"2574","Tamil Nadu","Purchase of books and periodicals for libraries/digitization of library books","WS/MP743/2025-2026/191366","CHENGALPATTU(District Collector Chengalpattu_IDA)","Ganesan Selvam","KANCHEEPURAM(SC)","27-Sep-2025","G DURAIRAJ","Payment Success","10000"
"2575","Tamil Nadu","Purchase of books and periodicals for libraries/digitization of library books","WS/MP743/2025-2026/191367","CHENGALPATTU(District Collector Chengalpattu_IDA)","Ganesan Selvam","KANCHEEPURAM(SC)","27-Sep-2025","G DURAIRAJ","Payment Success","10000"
"2576","Tamil Nadu","Purchase of books and periodicals for libraries/digitization of library books","WS/MP743/2025-2026/191368","CHENGALPATTU(District Collector Chengalpattu_IDA)","Ganesan Selvam","KANCHEEPURAM(SC)","27-Sep-2025","G DURAIRAJ","Payment Success","10000"
"2577","Tamil Nadu","Purchase of books and periodicals for libraries/digitization of library books","WS/MP743/2025-2026/191369","CHENGALPATTU(District Collector Chengalpattu_IDA)","Ganesan Selvam","KANCHEEPURAM(SC)","27-Sep-2025","G DURAIRAJ","Payment Success","10000"
"2578","Tamil Nadu","Purchase of books and periodicals for libraries/digitization of library books","WS/MP743/2025-2026/191370","CHENGALPATTU(District Collector Chengalpattu_IDA)","Ganesan Selvam","KANCHEEPURAM(SC)","27-Sep-2025","G DURAIRAJ","Payment Success","10000"
"2579","Tamil Nadu","Purchase of books and periodicals for libraries/digitization of library books","WS/MP743/2025-2026/191372","CHENGALPATTU(District Collector Chengalpattu_IDA)","Ganesan Selvam","KANCHEEPURAM(SC)","27-Sep-2025","G DURAIRAJ","Payment Success","10000"
"2580","Tamil Nadu","Purchase of books and periodicals for libraries/digitization of library books","WS/MP743/2025-2026/191374","CHENGALPATTU(District Collector Chengalpattu_IDA)","Ganesan Selvam","KANCHEEPURAM(SC)","27-Sep-2025","G DURAIRAJ","Payment Success","10000"
"2581","Tamil Nadu","Purchase of books and periodicals for libraries/digitization of library books","WS/MP743/2025-2026/191375","CHENGALPATTU(District Collector Chengalpattu_IDA)","Ganesan Selvam","KANCHEEPURAM(SC)","27-Sep-2025","G DURAIRAJ","Payment Success","10000"
"2582","Tamil Nadu","Purchase of books and periodicals for libraries/digitization of library books","WS/MP743/2025-2026/191377","CHENGALPATTU(District Collector Chengalpattu_IDA)","Ganesan Selvam","KANCHEEPURAM(SC)","27-Sep-2025","G DURAIRAJ","Payment Success","10000"
"2583","Tamil Nadu","Purchase of books and periodicals for libraries/digitization of library books","WS/MP743/2025-2026/191378","CHENGALPATTU(District Collector Chengalpattu_IDA)","Ganesan Selvam","KANCHEEPURAM(SC)","27-Sep-2025","G DURAIRAJ","Payment Success","10000"
"2584","Tamil Nadu","Purchase of books and periodicals for libraries/digitization of library books","WS/MP743/2025-2026/191791","CHENGALPATTU(District Collector Chengalpattu_IDA)","Ganesan Selvam","KANCHEEPURAM(SC)","27-Sep-2025","G DURAIRAJ","Payment Success","10000"
"2585","Tamil Nadu","Purchase of books and periodicals for libraries/digitization of library books","WS/MP743/2025-2026/191793","CHENGALPATTU(District Collector Chengalpattu_IDA)","Ganesan Selvam","KANCHEEPURAM(SC)","27-Sep-2025","G DURAIRAJ","Payment Success","10000"
"2586","Tamil Nadu","Purchase of books and periodicals for libraries/digitization of library books","WS/MP743/2025-2026/191794","CHENGALPATTU(District Collector Chengalpattu_IDA)","Ganesan Selvam","KANCHEEPURAM(SC)","27-Sep-2025","G DURAIRAJ","Payment Success","10000"
"2587","Tamil Nadu","Purchase of books and periodicals for libraries/digitization of library books","WS/MP743/2025-2026/191795","CHENGALPATTU(District Collector Chengalpattu_IDA)","Ganesan Selvam","KANCHEEPURAM(SC)","27-Sep-2025","G DURAIRAJ","Payment Success","10000"
"2588","Tamil Nadu","Purchase of books and periodicals for libraries/digitization of library books","WS/MP743/2025-2026/191797","CHENGALPATTU(District Collector Chengalpattu_IDA)","Ganesan Selvam","KANCHEEPURAM(SC)","27-Sep-2025","G DURAIRAJ","Payment Success","10000"
"2589","Tamil Nadu","Purchase of books and periodicals for libraries/digitization of library books","WS/MP743/2025-2026/191798","CHENGALPATTU(District Collector Chengalpattu_IDA)","Ganesan Selvam","KANCHEEPURAM(SC)","27-Sep-2025","G DURAIRAJ","Payment Success","10000"
"2590","Tamil Nadu","Purchase of books and periodicals for libraries/digitization of library books","WS/MP743/2025-2026/191799","CHENGALPATTU(District Collector Chengalpattu_IDA)","Ganesan Selvam","KANCHEEPURAM(SC)","27-Sep-2025","G DURAIRAJ","Payment Success","10000"
"2591","Tamil Nadu","Purchase of books and periodicals for libraries/digitization of library books","WS/MP743/2025-2026/191800","CHENGALPATTU(District Collector Chengalpattu_IDA)","Ganesan Selvam","KANCHEEPURAM(SC)","27-Sep-2025","G DURAIRAJ","Payment Success","10000"
"2592","Tamil Nadu","Purchase of books and periodicals for libraries/digitization of library books","WS/MP743/2025-2026/191920","CHENGALPATTU(District Collector Chengalpattu_IDA)","Ganesan Selvam","KANCHEEPURAM(SC)","27-Sep-2025","G DURAIRAJ","Payment Success","10000"
"2593","Tamil Nadu","Purchase of books and periodicals for libraries/digitization of library books","WS/MP743/2025-2026/191921","CHENGALPATTU(District Collector Chengalpattu_IDA)","Ganesan Selvam","KANCHEEPURAM(SC)","27-Sep-2025","G DURAIRAJ","Payment Success","10000"
"2594","Tamil Nadu","Purchase of books and periodicals for libraries/digitization of library books","WS/MP743/2025-2026/191922","CHENGALPATTU(District Collector Chengalpattu_IDA)","Ganesan Selvam","KANCHEEPURAM(SC)","27-Sep-2025","G DURAIRAJ","Payment Success","10000"
"2595","Tamil Nadu","Purchase of books and periodicals for libraries/digitization of library books","WS/MP743/2025-2026/191923","CHENGALPATTU(District Collector Chengalpattu_IDA)","Ganesan Selvam","KANCHEEPURAM(SC)","27-Sep-2025","G DURAIRAJ","Payment Success","10000"
"2596","Tamil Nadu","Purchase of books and periodicals for libraries/digitization of library books","WS/MP743/2025-2026/191924","CHENGALPATTU(District Collector Chengalpattu_IDA)","Ganesan Selvam","KANCHEEPURAM(SC)","27-Sep-2025","G DURAIRAJ","Payment Success","10000"
"2597","Tamil Nadu","Purchase of books and periodicals for libraries/digitization of library books","WS/MP743/2025-2026/191925","CHENGALPATTU(District Collector Chengalpattu_IDA)","Ganesan Selvam","KANCHEEPURAM(SC)","27-Sep-2025","G DURAIRAJ","Payment Success","10000"
"2598","Tamil Nadu","Purchase of books and periodicals for libraries/digitization of library books","WS/MP743/2025-2026/191926","CHENGALPATTU(District Collector Chengalpattu_IDA)","Ganesan Selvam","KANCHEEPURAM(SC)","27-Sep-2025","G DURAIRAJ","Payment Success","10000"
"2599","Tamil Nadu","Purchase of books and periodicals for libraries/digitization of library books","WS/MP743/2025-2026/191927","CHENGALPATTU(District Collector Chengalpattu_IDA)","Ganesan Selvam","KANCHEEPURAM(SC)","27-Sep-2025","G DURAIRAJ","Payment Success","10000"
"2600","Tamil Nadu","Purchase of books and periodicals for libraries/digitization of library books","WS/MP743/2025-2026/191929","CHENGALPATTU(District Collector Chengalpattu_IDA)","Ganesan Selvam","KANCHEEPURAM(SC)","27-Sep-2025","G DURAIRAJ","Payment Success","10000"
"2601","Tamil Nadu","Purchase of books and periodicals for libraries/digitization of library books","WS/MP743/2025-2026/191930","CHENGALPATTU(District Collector Chengalpattu_IDA)","Ganesan Selvam","KANCHEEPURAM(SC)","27-Sep-2025","G DURAIRAJ","Payment Success","10000"
"2602","Tamil Nadu","Purchase of books and periodicals for libraries/digitization of library books","WS/MP743/2025-2026/191931","CHENGALPATTU(District Collector Chengalpattu_IDA)","Ganesan Selvam","KANCHEEPURAM(SC)","27-Sep-2025","G DURAIRAJ","Payment Success","10000"
"2603","Tamil Nadu","Purchase of books and periodicals for libraries/digitization of library books","WS/MP743/2025-2026/191373","CHENGALPATTU(District Collector Chengalpattu_IDA)","Ganesan Selvam","KANCHEEPURAM(SC)","27-Sep-2025","G DURAIRAJ","Payment Success","10000"
"2604","Tamil Nadu","Lighting of public spaces","WS/MP457/2025-2026/258847","Viluppuram(DISTRICT COLLECTOR VILLUPURAM_IDA)","D Ravikumar","VILUPPURAM(SC)","25-Aug-2026","VDH ENGINEERING SERVICES","Payment Success","245509"
"2605","Tamil Nadu","Lighting of public spaces","WS/MP457/2025-2026/258858","Viluppuram(DISTRICT COLLECTOR VILLUPURAM_IDA)","D Ravikumar","VILUPPURAM(SC)","25-Aug-2026","VDH ENGINEERING SERVICES","Payment Success","245509"
"2606","Tamil Nadu","Lighting of public spaces","WS/MP457/2025-2026/258846","Viluppuram(DISTRICT COLLECTOR VILLUPURAM_IDA)","D Ravikumar","VILUPPURAM(SC)","25-Aug-2026","VDH ENGINEERING SERVICES","Payment Success","245509"
"2607","Tamil Nadu","Lighting of public spaces","WS/MP457/2025-2026/258845","Viluppuram(DISTRICT COLLECTOR VILLUPURAM_IDA)","D Ravikumar","VILUPPURAM(SC)","25-Aug-2026","VDH ENGINEERING SERVICES","Payment Success","245509"
"2608","Tamil Nadu","Construction of community centers and community halls","WS/MP457/2025-2026/191880","Viluppuram(DISTRICT COLLECTOR VILLUPURAM_IDA)","D Ravikumar","VILUPPURAM(SC)","04-May-2026","G Ravichandran","Payment Success","979584"
"2609","Tamil Nadu","Construction of community centers and community halls","WS/MP457/2025-2026/191883","Viluppuram(DISTRICT COLLECTOR VILLUPURAM_IDA)","D Ravikumar","VILUPPURAM(SC)","04-May-2026","G Ravichandran","Payment Success","979157"
"2610","Tamil Nadu","Street lights","WS/MP457/2024-2025/176126","Viluppuram(DISTRICT COLLECTOR VILLUPURAM_IDA)","D Ravikumar","VILUPPURAM(SC)","17-Sep-2025","A2S PROJECTS INDIA PVT LTD","Payment Success","250000"
"2611","Tamil Nadu","Street lights","WS/MP457/2024-2025/176128","Viluppuram(DISTRICT COLLECTOR VILLUPURAM_IDA)","D Ravikumar","VILUPPURAM(SC)","17-Sep-2025","A2S PROJECTS INDIA PVT LTD","Payment Success","250000"
"2612","Tamil Nadu","Street lights","WS/MP457/2024-2025/176129","Viluppuram(DISTRICT COLLECTOR VILLUPURAM_IDA)","D Ravikumar","VILUPPURAM(SC)","17-Sep-2025","A2S PROJECTS INDIA PVT LTD","Payment Success","250000"
"2613","Tamil Nadu","Construction of community centers and community halls","WS/MP457/2024-2025/159003","Viluppuram(DISTRICT COLLECTOR VILLUPURAM_IDA)","D Ravikumar","VILUPPURAM(SC)","28-Jul-2025","Parinathan","Payment Success","979369"
"2614","Tamil Nadu","Crematoriums/energy efficient crematoriums or structures on burial/cremation ground","WS/MP457/2024-2025/149286","Viluppuram(DISTRICT COLLECTOR VILLUPURAM_IDA)","D Ravikumar","VILUPPURAM(SC)","25-Nov-2025","Parinathan","Payment Success","600000"
"2615","Tamil Nadu","Crematoriums/energy efficient crematoriums or structures on burial/cremation ground","WS/MP18180/2025-2026/222968","TIRUCHIRAPPALLI(DISTRICT COLLECTOR TIRUCHIRAPPALLI_IDA)","ARUN NEHRU","PERAMBALUR","13-Feb-2026","palanichamy","Payment Success","365128"
"2616","Tamil Nadu","Crematoriums/energy efficient crematoriums or structures on burial/cremation ground","WS/MP18180/2025-2026/222968","TIRUCHIRAPPALLI(DISTRICT COLLECTOR TIRUCHIRAPPALLI_IDA)","ARUN NEHRU","PERAMBALUR","10-Feb-2026","palanichamy","Payment Success","134827"
"2617","Tamil Nadu","Purchase of smart boards, visual display units and projectors","WS/MP18180/2025-2026/231214","TIRUCHIRAPPALLI(DISTRICT COLLECTOR TIRUCHIRAPPALLI_IDA)","ARUN NEHRU","PERAMBALUR","20-Dec-2025","Sky Green Systems","Payment Success","199999"
"2618","Tamil Nadu","Construction of rooms and halls in school and colleges","WS/MP18180/2026-2027/231215","TIRUCHIRAPPALLI(DISTRICT COLLECTOR TIRUCHIRAPPALLI_IDA)","ARUN NEHRU","PERAMBALUR","12-Aug-2026","Balakumar R","Payment Success","1860394"
"2619","Tamil Nadu","Purchase of smart boards, visual display units and projectors","WS/MP758/2025-2026/201725","TIRUCHIRAPPALLI(DISTRICT COLLECTOR TIRUCHIRAPPALLI_IDA)","Smt S Jothimani","KARUR","02-Dec-2025","SEIYYON VENTURES","Payment Success","199900"
"2620","Tamil Nadu","Construction of boundary walls of existing public and community buildings","WS/MP394/2026-2027/230774","KANNIYAKUMARI(DISTRICT COLLECTOR KANNIYAKUMARI_IDA)","Shri vijayakumar Vasanth","KANNIYAKUMARI","29-Jun-2026","Muthu","Payment Success","500000"
"2621","Tamil Nadu","Construction of buildings for crèches and anganwadies","WS/MP394/2025-2026/136042","KANNIYAKUMARI(DISTRICT COLLECTOR KANNIYAKUMARI_IDA)","Shri vijayakumar Vasanth","KANNIYAKUMARI","24-Nov-2025","CHANDRA KALAPERUMAL","Payment Success","1450000"
"2622","Tamil Nadu","Purchase of books and periodicals for libraries/digitization of library books","WS/MP394/2025-2026/181599","KANNIYAKUMARI(DISTRICT COLLECTOR KANNIYAKUMARI_IDA)","Shri vijayakumar Vasanth","KANNIYAKUMARI","18-May-2026","Nava India Pathipagam","Payment Success","1000000"
"2623","Tamil Nadu","Construction of community centers and community halls","WS/MP755/2024-2025/151522","Kancheepuram(DISTRICT COLLECTOR KANCHEEPURAM_IDA)","Thalikkottai Rajuthevar Baalu","SRIPERUMBUDUR","07-Jul-2025","k jaganathan","Payment Success","981268"
"2624","Tamil Nadu","Construction of community centers and community halls","WS/MP755/2024-2025/152820","Kancheepuram(DISTRICT COLLECTOR KANCHEEPURAM_IDA)","Thalikkottai Rajuthevar Baalu","SRIPERUMBUDUR","28-Mar-2025","E SEKAR","Payment Success","2768313"
"2625","Tamil Nadu","Construction of community centers and community halls","WS/MP755/2024-2025/152821","Kancheepuram(DISTRICT COLLECTOR KANCHEEPURAM_IDA)","Thalikkottai Rajuthevar Baalu","SRIPERUMBUDUR","28-Mar-2025","E SEKAR","Payment Success","2766205"
"2626","Tamil Nadu","Construction of water tanks","WS/MP755/2025-2026/269989","Kancheepuram(DISTRICT COLLECTOR KANCHEEPURAM_IDA)","Thalikkottai Rajuthevar Baalu","SRIPERUMBUDUR","02-Jul-2026","Meenatchi Construction","Payment Success","901735"
"2627","Tamil Nadu","Construction of community centers and community halls","WS/MP755/2025-2026/241554","Kancheepuram(DISTRICT COLLECTOR KANCHEEPURAM_IDA)","Thalikkottai Rajuthevar Baalu","SRIPERUMBUDUR","14-Jun-2026","E SEKAR","Payment Success","2394008"
"2628","Tamil Nadu","Construction of water tanks","WS/MP755/2025-2026/269988","Kancheepuram(DISTRICT COLLECTOR KANCHEEPURAM_IDA)","Thalikkottai Rajuthevar Baalu","SRIPERUMBUDUR","17-Jun-2026","Gopalakrishnan","Payment Success","1556689"
"2629","Tamil Nadu","Construction of buildings for crèches and anganwadies","WS/MP755/2024-2025/151520","Kancheepuram(DISTRICT COLLECTOR KANCHEEPURAM_IDA)","Thalikkottai Rajuthevar Baalu","SRIPERUMBUDUR","02-Sep-2025","Gopalakrishnan","Payment Success","1549631"
"2630","Tamil Nadu","Construction of community centers and community halls","WS/MP755/2024-2025/152820","Kancheepuram(DISTRICT COLLECTOR KANCHEEPURAM_IDA)","Thalikkottai Rajuthevar Baalu","SRIPERUMBUDUR","12-Sep-2025","E SEKAR","Payment Success","2231513"
"2631","Tamil Nadu","Construction of community centers and community halls","WS/MP755/2024-2025/152821","Kancheepuram(DISTRICT COLLECTOR KANCHEEPURAM_IDA)","Thalikkottai Rajuthevar Baalu","SRIPERUMBUDUR","12-Sep-2025","E SEKAR","Payment Success","2231711"
"2632","Tamil Nadu","Construction of community centers and community halls","WS/MP755/2024-2025/151522","Kancheepuram(DISTRICT COLLECTOR KANCHEEPURAM_IDA)","Thalikkottai Rajuthevar Baalu","SRIPERUMBUDUR","09-Dec-2025","k jaganathan","Payment Success","418363"
"2633","Tamil Nadu","Construction of buildings for crèches and anganwadies","WS/MP755/2025-2026/151519","Kancheepuram(DISTRICT COLLECTOR KANCHEEPURAM_IDA)","Thalikkottai Rajuthevar Baalu","SRIPERUMBUDUR","25-Sep-2025","Gangadaran","Payment Success","1549952"
"2634","Tamil Nadu","Construction of buildings for crèches and anganwadies","WS/MP755/2024-2025/151521","Kancheepuram(DISTRICT COLLECTOR KANCHEEPURAM_IDA)","Thalikkottai Rajuthevar Baalu","SRIPERUMBUDUR","24-Feb-2026","Meenatchi Construction","Payment Success","1548605"
"2635","Tamil Nadu","Construction of Government office buildings (Post office, Police station, Police chauki, etc.)","WS/MP755/2025-2026/206041","Kancheepuram(DISTRICT COLLECTOR KANCHEEPURAM_IDA)","Thalikkottai Rajuthevar Baalu","SRIPERUMBUDUR","15-May-2026","SRI KUBERALAKSHMI CONSTRUCTION","Payment Success","1399020"
"2636","Tamil Nadu","Construction of Government office buildings (Post office, Police station, Police chauki, etc.)","WS/MP755/2025-2026/206040","Kancheepuram(DISTRICT COLLECTOR KANCHEEPURAM_IDA)","Thalikkottai Rajuthevar Baalu","SRIPERUMBUDUR","18-May-2026","RADHAKRISHNAN","Payment Success","1398880"
"2637","Tamil Nadu","Construction of rooms and halls in school and colleges","WS/MP743/2025-2026/230542","CHENGALPATTU(District Collector Chengalpattu_IDA)","Ganesan Selvam","KANCHEEPURAM(SC)","14-Jan-2026","KUMAR D","Payment Success","997138"
"2638","Tamil Nadu","Construction of bus-sheds or bus-stops","WS/MP743/2025-2026/142805","CHENGALPATTU(District Collector Chengalpattu_IDA)","Ganesan Selvam","KANCHEEPURAM(SC)","20-Aug-2025","VEERARAGAVAN  M","Payment Success","799198"
"2639","Tamil Nadu","Lighting of public spaces","WS/MP743/2025-2026/190864","CHENGALPATTU(District Collector Chengalpattu_IDA)","Ganesan Selvam","KANCHEEPURAM(SC)","27-Nov-2025","T S SOLAR POWER SYSTEM","Payment Success","749791"
"2640","Tamil Nadu","Construction of bus-sheds or bus-stops","WS/MP866/2025-2026/266782","CHENNAI(COMMISSIONER MUNCIPAL CORPORATION CHENNAI_IDA)","Kalanidhi Veeraswamy","CHENNAI NORTH","17-Aug-2026","KSK ENGINEERS","Payment Success","1137736"
"2641","Tamil Nadu","Construction of bus-sheds or bus-stops","WS/MP866/2025-2026/266784","CHENNAI(COMMISSIONER MUNCIPAL CORPORATION CHENNAI_IDA)","Kalanidhi Veeraswamy","CHENNAI NORTH","17-Aug-2026","KSK ENGINEERS","Payment Success","1179490"
"2642","Tamil Nadu","Construction of bus-sheds or bus-stops","WS/MP866/2025-2026/266785","CHENNAI(COMMISSIONER MUNCIPAL CORPORATION CHENNAI_IDA)","Kalanidhi Veeraswamy","CHENNAI NORTH","17-Aug-2026","VALLI SARAVAN CONSTRUCTION","Payment Success","1158837"
"2643","Tamil Nadu","Construction of bus-sheds or bus-stops","WS/MP459/2025-2026/201932","CHENNAI(COMMISSIONER MUNCIPAL CORPORATION CHENNAI_IDA)","T Sumathy (A) Thamizhachi Thangapandian","CHENNAI SOUTH","17-Aug-2026","C SIVAGANAPATHY SUBRAMANIAN AND CO","Payment Success","1553324"
"2644","Tamil Nadu","Construction of bus-sheds or bus-stops","WS/MP459/2025-2026/188461","CHENNAI(COMMISSIONER MUNCIPAL CORPORATION CHENNAI_IDA)","T Sumathy (A) Thamizhachi Thangapandian","CHENNAI SOUTH","12-Aug-2026","C SIVAGANAPATHY SUBRAMANIAN AND CO","Payment Success","1112899"
"2645","Tamil Nadu","Purchase of books and periodicals for libraries/digitization of library books","WS/MP459/2025-2026/149090","CHENNAI(COMMISSIONER MUNCIPAL CORPORATION CHENNAI_IDA)","T Sumathy (A) Thamizhachi Thangapandian","CHENNAI SOUTH","06-Aug-2026","SANJEEVIYAR PATHIPPAGAM","Payment Success","290000"
"2646","Tamil Nadu","Street lights","WS/MP755/2025-2026/197522","CHENNAI(COMMISSIONER MUNCIPAL CORPORATION CHENNAI_IDA)","Thalikkottai Rajuthevar Baalu","SRIPERUMBUDUR","24-Jul-2026","SANDHIYA CIVIL AND ELECTRICAL CONTRACTOR","Payment Success","438860"
"2647","Tamil Nadu","Street lights","WS/MP755/2025-2026/197520","CHENNAI(COMMISSIONER MUNCIPAL CORPORATION CHENNAI_IDA)","Thalikkottai Rajuthevar Baalu","SRIPERUMBUDUR","24-Jul-2026","SANDHIYA CIVIL AND ELECTRICAL CONTRACTOR","Payment Success","438860"
"2648","Tamil Nadu","Street lights","WS/MP755/2025-2026/197519","CHENNAI(COMMISSIONER MUNCIPAL CORPORATION CHENNAI_IDA)","Thalikkottai Rajuthevar Baalu","SRIPERUMBUDUR","24-Jul-2026","SANDHIYA CIVIL AND ELECTRICAL CONTRACTOR","Payment Success","620102"
"2649","Tamil Nadu","Street lights","WS/MP755/2026-2027/197521","CHENNAI(COMMISSIONER MUNCIPAL CORPORATION CHENNAI_IDA)","Thalikkottai Rajuthevar Baalu","SRIPERUMBUDUR","24-Jul-2026","SANDHIYA CIVIL AND ELECTRICAL CONTRACTOR","Payment Success","620102"
"2650","Tamil Nadu","Purchase of books and periodicals for libraries/digitization of library books","WS/MP459/2025-2026/149090","CHENNAI(COMMISSIONER MUNCIPAL CORPORATION CHENNAI_IDA)","T Sumathy (A) Thamizhachi Thangapandian","CHENNAI SOUTH","28-Jul-2026","SANJEEVIYAR PATHIPPAGAM","Payment Success","800000"
"2651","Tamil Nadu","Purchase of prosthetics, wheel chairs, tricycles (manual or motorized), elect scooties, hearing aids","WS/MP459/2025-2026/185081","CHENNAI(COMMISSIONER MUNCIPAL CORPORATION CHENNAI_IDA)","T Sumathy (A) Thamizhachi Thangapandian","CHENNAI SOUTH","13-Jul-2026","BRILLIANT MOTOR AGENCY LLP","Payment Success","101800"
"2652","Tamil Nadu","Purchase of prosthetics, wheel chairs, tricycles (manual or motorized), elect scooties, hearing aids","WS/MP459/2025-2026/185073","CHENNAI(COMMISSIONER MUNCIPAL CORPORATION CHENNAI_IDA)","T Sumathy (A) Thamizhachi Thangapandian","CHENNAI SOUTH","13-Jul-2026","BRILLIANT MOTOR AGENCY LLP","Payment Success","101800"
"2653","Tamil Nadu","Purchase of prosthetics, wheel chairs, tricycles (manual or motorized), elect scooties, hearing aids","WS/MP459/2025-2026/185075","CHENNAI(COMMISSIONER MUNCIPAL CORPORATION CHENNAI_IDA)","T Sumathy (A) Thamizhachi Thangapandian","CHENNAI SOUTH","13-Jul-2026","BRILLIANT MOTOR AGENCY LLP","Payment Success","101800"
"2654","Tamil Nadu","Purchase of prosthetics, wheel chairs, tricycles (manual or motorized), elect scooties, hearing aids","WS/MP459/2025-2026/185074","CHENNAI(COMMISSIONER MUNCIPAL CORPORATION CHENNAI_IDA)","T Sumathy (A) Thamizhachi Thangapandian","CHENNAI SOUTH","13-Jul-2026","BRILLIANT MOTOR AGENCY LLP","Payment Success","101800"
"2655","Tamil Nadu","Purchase of prosthetics, wheel chairs, tricycles (manual or motorized), elect scooties, hearing aids","WS/MP459/2025-2026/185082","CHENNAI(COMMISSIONER MUNCIPAL CORPORATION CHENNAI_IDA)","T Sumathy (A) Thamizhachi Thangapandian","CHENNAI SOUTH","13-Jul-2026","BRILLIANT MOTOR AGENCY LLP","Payment Success","101800"
"2656","Tamil Nadu","Purchase of prosthetics, wheel chairs, tricycles (manual or motorized), elect scooties, hearing aids","WS/MP459/2025-2026/185080","CHENNAI(COMMISSIONER MUNCIPAL CORPORATION CHENNAI_IDA)","T Sumathy (A) Thamizhachi Thangapandian","CHENNAI SOUTH","13-Jul-2026","BRILLIANT MOTOR AGENCY LLP","Payment Success","101800"
"2657","Tamil Nadu","Purchase of prosthetics, wheel chairs, tricycles (manual or motorized), elect scooties, hearing aids","WS/MP459/2025-2026/185078","CHENNAI(COMMISSIONER MUNCIPAL CORPORATION CHENNAI_IDA)","T Sumathy (A) Thamizhachi Thangapandian","CHENNAI SOUTH","13-Jul-2026","BRILLIANT MOTOR AGENCY LLP","Payment Success","101800"
"2658","Tamil Nadu","Purchase of prosthetics, wheel chairs, tricycles (manual or motorized), elect scooties, hearing aids","WS/MP459/2025-2026/185079","CHENNAI(COMMISSIONER MUNCIPAL CORPORATION CHENNAI_IDA)","T Sumathy (A) Thamizhachi Thangapandian","CHENNAI SOUTH","13-Jul-2026","BRILLIANT MOTOR AGENCY LLP","Payment Success","101800"
"2659","Tamil Nadu","Purchase of prosthetics, wheel chairs, tricycles (manual or motorized), elect scooties, hearing aids","WS/MP459/2025-2026/185077","CHENNAI(COMMISSIONER MUNCIPAL CORPORATION CHENNAI_IDA)","T Sumathy (A) Thamizhachi Thangapandian","CHENNAI SOUTH","13-Jul-2026","BRILLIANT MOTOR AGENCY LLP","Payment Success","101800"
"2660","Tamil Nadu","Purchase of prosthetics, wheel chairs, tricycles (manual or motorized), elect scooties, hearing aids","WS/MP459/2025-2026/185076","CHENNAI(COMMISSIONER MUNCIPAL CORPORATION CHENNAI_IDA)","T Sumathy (A) Thamizhachi Thangapandian","CHENNAI SOUTH","13-Jul-2026","BRILLIANT MOTOR AGENCY LLP","Payment Success","101800"
"2661","Tamil Nadu","Construction of rooms and halls in school and colleges","WS/MP755/2026-2027/156755","CHENNAI(COMMISSIONER MUNCIPAL CORPORATION CHENNAI_IDA)","Thalikkottai Rajuthevar Baalu","SRIPERUMBUDUR","23-Jun-2026","MS ENTERPRISES","Payment Success","1423044"
"2662","Tamil Nadu","Crematoriums/energy efficient crematoriums or structures on burial/cremation ground","WS/MP755/2026-2027/152826","CHENNAI(COMMISSIONER MUNCIPAL CORPORATION CHENNAI_IDA)","Thalikkottai Rajuthevar Baalu","SRIPERUMBUDUR","23-Jun-2026","SRI RAM PROMOTERS","Payment Success","1737977"
"2663","Tamil Nadu","Purchase of hospital equipment","WS/MP866/2026-2027/213686","CHENNAI(COMMISSIONER MUNCIPAL CORPORATION CHENNAI_IDA)","Kalanidhi Veeraswamy","CHENNAI NORTH","22-May-2026","FUTURISTA ENTERPRISES PVT LTD","Payment Success","9977320"
"2664","Tamil Nadu","Purchase of smart boards, visual display units and projectors","WS/MP866/2026-2027/266795","CHENNAI(COMMISSIONER MUNCIPAL CORPORATION CHENNAI_IDA)","Kalanidhi Veeraswamy","CHENNAI NORTH","26-May-2026","DSF Enterprises","Payment Success","272000"
"2665","Tamil Nadu","Purchase of smart boards, visual display units and projectors","WS/MP866/2026-2027/266794","CHENNAI(COMMISSIONER MUNCIPAL CORPORATION CHENNAI_IDA)","Kalanidhi Veeraswamy","CHENNAI NORTH","26-May-2026","DSF Enterprises","Payment Success","986000"
"2666","Tamil Nadu","Purchase of furniture and fixtures for educational purposes","WS/MP866/2026-2027/266791","CHENNAI(COMMISSIONER MUNCIPAL CORPORATION CHENNAI_IDA)","Kalanidhi Veeraswamy","CHENNAI NORTH","26-May-2026","DSF Enterprises","Payment Success","238000"
"2667","Tamil Nadu","Purchase of furniture and fixtures for educational purposes","WS/MP866/2026-2027/266789","CHENNAI(COMMISSIONER MUNCIPAL CORPORATION CHENNAI_IDA)","Kalanidhi Veeraswamy","CHENNAI NORTH","26-May-2026","DSF Enterprises","Payment Success","877500"
"2668","Tamil Nadu","Purchase of sports equipment","WS/MP866/2026-2027/266792","CHENNAI(COMMISSIONER MUNCIPAL CORPORATION CHENNAI_IDA)","Kalanidhi Veeraswamy","CHENNAI NORTH","26-May-2026","DSF Enterprises","Payment Success","990000"
"2669","Tamil Nadu","Purchase of sports equipment","WS/MP866/2026-2027/266793","CHENNAI(COMMISSIONER MUNCIPAL CORPORATION CHENNAI_IDA)","Kalanidhi Veeraswamy","CHENNAI NORTH","26-May-2026","DSF Enterprises","Payment Success","990000"
"2670","Tamil Nadu","Purchase of furniture and fixtures for educational purposes","WS/MP866/2025-2026/266790","CHENNAI(COMMISSIONER MUNCIPAL CORPORATION CHENNAI_IDA)","Kalanidhi Veeraswamy","CHENNAI NORTH","26-May-2026","MFD INDUSTRIES","Payment Success","625000"
"2671","Tamil Nadu","Development of public parks","WS/MP866/2025-2026/254850","CHENNAI(COMMISSIONER MUNCIPAL CORPORATION CHENNAI_IDA)","Kalanidhi Veeraswamy","CHENNAI NORTH","27-May-2026","V U ASSOCIATES","Payment Success","1646598"
"2672","Tamil Nadu","Construction of rooms and halls in school and colleges","WS/MP866/2025-2026/213689","CHENNAI(COMMISSIONER MUNCIPAL CORPORATION CHENNAI_IDA)","Kalanidhi Veeraswamy","CHENNAI NORTH","27-May-2026","VE KAY CONSTRUCTIONS","Payment Success","4865538"
"2673","Tamil Nadu","Construction of bus-sheds or bus-stops","WS/MP866/2026-2027/232570","CHENNAI(COMMISSIONER MUNCIPAL CORPORATION CHENNAI_IDA)","Kalanidhi Veeraswamy","CHENNAI NORTH","10-Jun-2026","KR ENGINEERING CONSTRUCTIONS","Payment Success","1681364"
"2674","Tamil Nadu","Construction of bus-sheds or bus-stops","WS/MP866/2026-2027/232571","CHENNAI(COMMISSIONER MUNCIPAL CORPORATION CHENNAI_IDA)","Kalanidhi Veeraswamy","CHENNAI NORTH","10-Jun-2026","KR ENGINEERING CONSTRUCTIONS","Payment Success","1678193"
"2675","Tamil Nadu","Construction of bus-sheds or bus-stops","WS/MP866/2026-2027/232569","CHENNAI(COMMISSIONER MUNCIPAL CORPORATION CHENNAI_IDA)","Kalanidhi Veeraswamy","CHENNAI NORTH","10-Jun-2026","KR ENGINEERING CONSTRUCTIONS","Payment Success","1679916"
"2676","Tamil Nadu","Purchase of furniture and fixtures for educational purposes","WS/MP866/2025-2026/228062","CHENNAI(COMMISSIONER MUNCIPAL CORPORATION CHENNAI_IDA)","Kalanidhi Veeraswamy","CHENNAI NORTH","11-Jun-2026","DSF Enterprises","Payment Success","625000"
"2677","Tamil Nadu","Street lights","WS/MP755/2026-2027/197521","CHENNAI(COMMISSIONER MUNCIPAL CORPORATION CHENNAI_IDA)","Thalikkottai Rajuthevar Baalu","SRIPERUMBUDUR","11-Jun-2026","SANDHIYA CIVIL AND ELECTRICAL CONTRACTOR","Payment Success","23355"
"2678","Tamil Nadu","Construction of boundary walls of existing public and community buildings","WS/MP866/2025-2026/213688","CHENNAI(COMMISSIONER MUNCIPAL CORPORATION CHENNAI_IDA)","Kalanidhi Veeraswamy","CHENNAI NORTH","15-Jun-2026","DEEPA TRADERS","Payment Success","5199865"
"2679","Tamil Nadu","Purchase of furniture and fixtures for educational purposes","WS/MP866/2025-2026/228070","CHENNAI(COMMISSIONER MUNCIPAL CORPORATION CHENNAI_IDA)","Kalanidhi Veeraswamy","CHENNAI NORTH","18-Mar-2026","DSF Enterprises","Payment Success","274500"
"2680","Tamil Nadu","Purchase of sports equipment","WS/MP866/2025-2026/228074","CHENNAI(COMMISSIONER MUNCIPAL CORPORATION CHENNAI_IDA)","Kalanidhi Veeraswamy","CHENNAI NORTH","18-Mar-2026","DSF Enterprises","Payment Success","990000"
"2681","Tamil Nadu","Purchase of furniture and fixtures for educational purposes","WS/MP866/2025-2026/228063","CHENNAI(COMMISSIONER MUNCIPAL CORPORATION CHENNAI_IDA)","Kalanidhi Veeraswamy","CHENNAI NORTH","18-Mar-2026","DSF Enterprises","Payment Success","625000"
"2682","Tamil Nadu","Purchase of furniture and fixtures for educational purposes","WS/MP866/2025-2026/266798","CHENNAI(COMMISSIONER MUNCIPAL CORPORATION CHENNAI_IDA)","Kalanidhi Veeraswamy","CHENNAI NORTH","18-Mar-2026","MFD INDUSTRIES","Payment Success","625000"
"2683","Tamil Nadu","Purchase of furniture and fixtures for educational purposes","WS/MP866/2025-2026/228067","CHENNAI(COMMISSIONER MUNCIPAL CORPORATION CHENNAI_IDA)","Kalanidhi Veeraswamy","CHENNAI NORTH","18-Mar-2026","DSF Enterprises","Payment Success","195000"
"2684","Tamil Nadu","Purchase of sports equipment","WS/MP866/2025-2026/228072","CHENNAI(COMMISSIONER MUNCIPAL CORPORATION CHENNAI_IDA)","Kalanidhi Veeraswamy","CHENNAI NORTH","18-Mar-2026","DSF Enterprises","Payment Success","990000"
"2685","Tamil Nadu","Purchase of furniture and fixtures for educational purposes","WS/MP866/2025-2026/228068","CHENNAI(COMMISSIONER MUNCIPAL CORPORATION CHENNAI_IDA)","Kalanidhi Veeraswamy","CHENNAI NORTH","18-Mar-2026","DSF Enterprises","Payment Success","49500"
"2686","Tamil Nadu","Purchase of books and periodicals for libraries/digitization of library books","WS/MP459/2025-2026/201956","CHENNAI(COMMISSIONER MUNCIPAL CORPORATION CHENNAI_IDA)","T Sumathy (A) Thamizhachi Thangapandian","CHENNAI SOUTH","18-Mar-2026","SANJEEVIYAR PATHIPPAGAM","Payment Success","600000"
"2687","Tamil Nadu","Providing CCTV camera system for security of public areas","WS/MP866/2025-2026/228076","CHENNAI(COMMISSIONER MUNCIPAL CORPORATION CHENNAI_IDA)","Kalanidhi Veeraswamy","CHENNAI NORTH","20-Mar-2026","DSF Enterprises","Payment Success","990000"
"2688","Tamil Nadu","Purchase of furniture and fixtures for educational purposes","WS/MP866/2025-2026/228069","CHENNAI(COMMISSIONER MUNCIPAL CORPORATION CHENNAI_IDA)","Kalanidhi Veeraswamy","CHENNAI NORTH","20-Mar-2026","MFD INDUSTRIES","Payment Success","990000"
"2689","Tamil Nadu","Street lights","WS/MP755/2025-2026/197522","CHENNAI(COMMISSIONER MUNCIPAL CORPORATION CHENNAI_IDA)","Thalikkottai Rajuthevar Baalu","SRIPERUMBUDUR","24-Mar-2026","SANDHIYA CIVIL AND ELECTRICAL CONTRACTOR","Payment Success","39405"
"2690","Tamil Nadu","Street lights","WS/MP755/2025-2026/197520","CHENNAI(COMMISSIONER MUNCIPAL CORPORATION CHENNAI_IDA)","Thalikkottai Rajuthevar Baalu","SRIPERUMBUDUR","24-Mar-2026","SANDHIYA CIVIL AND ELECTRICAL CONTRACTOR","Payment Success","39405"
"2691","Tamil Nadu","Street lights","WS/MP755/2025-2026/197519","CHENNAI(COMMISSIONER MUNCIPAL CORPORATION CHENNAI_IDA)","Thalikkottai Rajuthevar Baalu","SRIPERUMBUDUR","24-Mar-2026","SANDHIYA CIVIL AND ELECTRICAL CONTRACTOR","Payment Success","39405"
"2692","Tamil Nadu","Street lights","WS/MP755/2025-2026/208409","CHENNAI(COMMISSIONER MUNCIPAL CORPORATION CHENNAI_IDA)","Thalikkottai Rajuthevar Baalu","SRIPERUMBUDUR","24-Mar-2026","SABHARI ELECTICALS","Payment Success","20145"
"2693","Tamil Nadu","Street lights","WS/MP755/2025-2026/208407","CHENNAI(COMMISSIONER MUNCIPAL CORPORATION CHENNAI_IDA)","Thalikkottai Rajuthevar Baalu","SRIPERUMBUDUR","24-Mar-2026","SABHARI ELECTICALS","Payment Success","20145"
"2694","Tamil Nadu","Street lights","WS/MP755/2025-2026/208410","CHENNAI(COMMISSIONER MUNCIPAL CORPORATION CHENNAI_IDA)","Thalikkottai Rajuthevar Baalu","SRIPERUMBUDUR","24-Mar-2026","SABHARI ELECTICALS","Payment Success","20145"
"2695","Tamil Nadu","Street lights","WS/MP755/2025-2026/208408","CHENNAI(COMMISSIONER MUNCIPAL CORPORATION CHENNAI_IDA)","Thalikkottai Rajuthevar Baalu","SRIPERUMBUDUR","24-Mar-2026","SABHARI ELECTICALS","Payment Success","20145"
"2696","Tamil Nadu","Street lights","WS/MP755/2025-2026/191018","CHENNAI(COMMISSIONER MUNCIPAL CORPORATION CHENNAI_IDA)","Thalikkottai Rajuthevar Baalu","SRIPERUMBUDUR","24-Mar-2026","V K CONTRACTORS","Payment Success","23355"
"2697","Tamil Nadu","Street lights","WS/MP755/2025-2026/191019","CHENNAI(COMMISSIONER MUNCIPAL CORPORATION CHENNAI_IDA)","Thalikkottai Rajuthevar Baalu","SRIPERUMBUDUR","24-Mar-2026","V K CONTRACTORS","Payment Success","23355"
"2698","Tamil Nadu","Laying of synthetic turfs for hockey and football","WS/MP866/2025-2026/266787","CHENNAI(COMMISSIONER MUNCIPAL CORPORATION CHENNAI_IDA)","Kalanidhi Veeraswamy","CHENNAI NORTH","25-Mar-2026","V KARUTHIRUMAN","Payment Success","1944524"
"2699","Tamil Nadu","Construction of community centers and community halls","WS/MP459/2025-2026/195871","CHENNAI(COMMISSIONER MUNCIPAL CORPORATION CHENNAI_IDA)","T Sumathy (A) Thamizhachi Thangapandian","CHENNAI SOUTH","26-Feb-2026","M KAVITHA","Payment Success","4909207"
"2700","Tamil Nadu","Construction of buildings for crèches and anganwadies","WS/MP755/2025-2026/156753","CHENNAI(COMMISSIONER MUNCIPAL CORPORATION CHENNAI_IDA)","Thalikkottai Rajuthevar Baalu","SRIPERUMBUDUR","27-Feb-2026","AYYAPPAN ENTERPRISES","Payment Success","3084454"
"2701","Tamil Nadu","Purchase of smart boards, visual display units and projectors","WS/MP459/2025-2026/231095","CHENNAI(COMMISSIONER MUNCIPAL CORPORATION CHENNAI_IDA)","T Sumathy (A) Thamizhachi Thangapandian","CHENNAI SOUTH","02-Mar-2026","SUBAM ENTERPRISES","Payment Success","1295616"
"2702","Tamil Nadu","Development of public parks","WS/MP866/2025-2026/183072","CHENNAI(COMMISSIONER MUNCIPAL CORPORATION CHENNAI_IDA)","Kalanidhi Veeraswamy","CHENNAI NORTH","16-Feb-2026","VE KAY CONSTRUCTIONS","Payment Success","1476565"
"2703","Tamil Nadu","Construction of rooms and facilities for hospitals, FWC , PHC Centers and ANM centers","WS/MP459/2025-2026/149089","CHENNAI(COMMISSIONER MUNCIPAL CORPORATION CHENNAI_IDA)","T Sumathy (A) Thamizhachi Thangapandian","CHENNAI SOUTH","17-Feb-2026","L N DREAMWAY CONSTRUCTION","Payment Success","4372350"
"2704","Tamil Nadu","Construction of rooms and facilities for hospitals, FWC , PHC Centers and ANM centers","WS/MP459/2025-2026/149089","CHENNAI(COMMISSIONER MUNCIPAL CORPORATION CHENNAI_IDA)","T Sumathy (A) Thamizhachi Thangapandian","CHENNAI SOUTH","10-Dec-2025","L N DREAMWAY CONSTRUCTION","Payment Success","3807591"
"2705","Tamil Nadu","Development of playground","WS/MP391/2025-2026/211751","CHENNAI(COMMISSIONER MUNCIPAL CORPORATION CHENNAI_IDA)","Thiru Dayanidhi Maran","CHENNAI CENTRAL","11-Dec-2025","A AND A BUILDERS AND PROMOTERS","Payment Success","4965384"
"2706","Tamil Nadu","Development of playground","WS/MP391/2025-2026/211751","CHENNAI(COMMISSIONER MUNCIPAL CORPORATION CHENNAI_IDA)","Thiru Dayanidhi Maran","CHENNAI CENTRAL","11-Dec-2025","A AND A BUILDERS AND PROMOTERS","Payment Success","4965891"
"2707","Tamil Nadu","Construction of buildings for sports facilities","WS/MP391/2025-2026/146422","CHENNAI(COMMISSIONER MUNCIPAL CORPORATION CHENNAI_IDA)","Thiru Dayanidhi Maran","CHENNAI CENTRAL","11-Dec-2025","A AND A BUILDERS AND PROMOTERS","Payment Success","4784834"
"2708","Tamil Nadu","Construction of buildings for sports facilities","WS/MP391/2025-2026/146422","CHENNAI(COMMISSIONER MUNCIPAL CORPORATION CHENNAI_IDA)","Thiru Dayanidhi Maran","CHENNAI CENTRAL","11-Dec-2025","A AND A BUILDERS AND PROMOTERS","Payment Success","4964176"
"2709","Tamil Nadu","Lighting of public spaces","WS/MP391/2025-2026/166885","CHENNAI(COMMISSIONER MUNCIPAL CORPORATION CHENNAI_IDA)","Thiru Dayanidhi Maran","CHENNAI CENTRAL","03-Dec-2025","RKM ELECTRICALS","Payment Success","948714"
"2710","Tamil Nadu","Purchase of hospital equipment","WS/MP866/2025-2026/254851","CHENNAI(COMMISSIONER MUNCIPAL CORPORATION CHENNAI_IDA)","Kalanidhi Veeraswamy","CHENNAI NORTH","08-Jan-2026","SHRI VAIKUNTHANAATHAA","Payment Success","9995964"
"2711","Tamil Nadu","Construction of buildings for sports facilities","WS/MP391/2025-2026/166886","CHENNAI(COMMISSIONER MUNCIPAL CORPORATION CHENNAI_IDA)","Thiru Dayanidhi Maran","CHENNAI CENTRAL","23-Jan-2026","SR CONTRACTORS","Payment Success","4910484"
"2712","Tamil Nadu","Construction of public toilets and bathrooms","WS/MP459/2025-2026/201930","CHENNAI(COMMISSIONER MUNCIPAL CORPORATION CHENNAI_IDA)","T Sumathy (A) Thamizhachi Thangapandian","CHENNAI SOUTH","30-Jan-2026","V RAJASEKARAN","Payment Success","1587249"
"2713","Tamil Nadu","Purchase of sports equipment","WS/MP866/2025-2026/228073","CHENNAI(COMMISSIONER MUNCIPAL CORPORATION CHENNAI_IDA)","Kalanidhi Veeraswamy","CHENNAI NORTH","02-Feb-2026","MFD INDUSTRIES","Payment Success","990000"
"2714","Tamil Nadu","Providing CCTV camera system for security of public areas","WS/MP866/2025-2026/228075","CHENNAI(COMMISSIONER MUNCIPAL CORPORATION CHENNAI_IDA)","Kalanidhi Veeraswamy","CHENNAI NORTH","02-Feb-2026","MFD INDUSTRIES","Payment Success","990000"
"2715","Tamil Nadu","Providing CCTV camera system for security of public areas","WS/MP866/2025-2026/228081","CHENNAI(COMMISSIONER MUNCIPAL CORPORATION CHENNAI_IDA)","Kalanidhi Veeraswamy","CHENNAI NORTH","02-Feb-2026","MFD INDUSTRIES","Payment Success","990000"
"2716","Tamil Nadu","Providing CCTV camera system for security of public areas","WS/MP866/2025-2026/228082","CHENNAI(COMMISSIONER MUNCIPAL CORPORATION CHENNAI_IDA)","Kalanidhi Veeraswamy","CHENNAI NORTH","02-Feb-2026","MFD INDUSTRIES","Payment Success","990000"
"2717","Tamil Nadu","Purchase of books and periodicals for libraries/digitization of library books","WS/MP866/2025-2026/228061","CHENNAI(COMMISSIONER MUNCIPAL CORPORATION CHENNAI_IDA)","Kalanidhi Veeraswamy","CHENNAI NORTH","28-Nov-2025","DSF Enterprises","Payment Success","750000"
"2718","Tamil Nadu","Setting up of laboratories","WS/MP866/2025-2026/213672","CHENNAI(COMMISSIONER MUNCIPAL CORPORATION CHENNAI_IDA)","Kalanidhi Veeraswamy","CHENNAI NORTH","30-Oct-2025","RAJAGOPALREDDY VEMANNA","Payment Success","625000"
"2719","Tamil Nadu","Setting up of laboratories","WS/MP866/2025-2026/213674","CHENNAI(COMMISSIONER MUNCIPAL CORPORATION CHENNAI_IDA)","Kalanidhi Veeraswamy","CHENNAI NORTH","30-Oct-2025","RAJAGOPALREDDY VEMANNA","Payment Success","625000"
"2720","Tamil Nadu","Setting up of laboratories","WS/MP866/2025-2026/213673","CHENNAI(COMMISSIONER MUNCIPAL CORPORATION CHENNAI_IDA)","Kalanidhi Veeraswamy","CHENNAI NORTH","30-Oct-2025","RAJAGOPALREDDY VEMANNA","Payment Success","625000"
"2721","Tamil Nadu","Setting up of laboratories","WS/MP866/2025-2026/213669","CHENNAI(COMMISSIONER MUNCIPAL CORPORATION CHENNAI_IDA)","Kalanidhi Veeraswamy","CHENNAI NORTH","30-Oct-2025","Sathya Enterprises","Payment Success","625000"
"2722","Tamil Nadu","Setting up of laboratories","WS/MP866/2025-2026/213670","CHENNAI(COMMISSIONER MUNCIPAL CORPORATION CHENNAI_IDA)","Kalanidhi Veeraswamy","CHENNAI NORTH","30-Oct-2025","Sathya Enterprises","Payment Success","625000"
"2723","Tamil Nadu","Setting up of laboratories","WS/MP866/2025-2026/213671","CHENNAI(COMMISSIONER MUNCIPAL CORPORATION CHENNAI_IDA)","Kalanidhi Veeraswamy","CHENNAI NORTH","30-Oct-2025","Sathya Enterprises","Payment Success","625000"
"2724","Tamil Nadu","Development of public parks","WS/MP866/2025-2026/164840","CHENNAI(COMMISSIONER MUNCIPAL CORPORATION CHENNAI_IDA)","Kalanidhi Veeraswamy","CHENNAI NORTH","13-Nov-2025","VSR ASSOCIATES","Payment Success","591747"
"2725","Tamil Nadu","Development of public parks","WS/MP866/2025-2026/164841","CHENNAI(COMMISSIONER MUNCIPAL CORPORATION CHENNAI_IDA)","Kalanidhi Veeraswamy","CHENNAI NORTH","13-Nov-2025","VSR ASSOCIATES","Payment Success","592713"
"2726","Tamil Nadu","Development of public parks","WS/MP866/2025-2026/164842","CHENNAI(COMMISSIONER MUNCIPAL CORPORATION CHENNAI_IDA)","Kalanidhi Veeraswamy","CHENNAI NORTH","13-Nov-2025","VSR ASSOCIATES","Payment Success","592785"
"2727","Tamil Nadu","Development of public parks","WS/MP866/2025-2026/164843","CHENNAI(COMMISSIONER MUNCIPAL CORPORATION CHENNAI_IDA)","Kalanidhi Veeraswamy","CHENNAI NORTH","13-Nov-2025","VSR ASSOCIATES","Payment Success","590594"
"2728","Tamil Nadu","Improvement of electricity distribution infrastructure","WS/MP866/2025-2026/164844","CHENNAI(COMMISSIONER MUNCIPAL CORPORATION CHENNAI_IDA)","Kalanidhi Veeraswamy","CHENNAI NORTH","13-Nov-2025","VSR ASSOCIATES","Payment Success","590165"
"2729","Tamil Nadu","Construction of roads, link roads, pathways or any other road with or without drainage system","WS/MP459/2025-2026/149087","CHENNAI(COMMISSIONER MUNCIPAL CORPORATION CHENNAI_IDA)","T Sumathy (A) Thamizhachi Thangapandian","CHENNAI SOUTH","15-Oct-2025","ADR CONSTRUCCTION","Payment Success","820150"
"2730","Tamil Nadu","Construction of roads, link roads, pathways or any other road with or without drainage system","WS/MP459/2025-2026/149087","CHENNAI(COMMISSIONER MUNCIPAL CORPORATION CHENNAI_IDA)","T Sumathy (A) Thamizhachi Thangapandian","CHENNAI SOUTH","15-Oct-2025","ADR CONSTRUCCTION","Payment Success","926491"
"2731","Tamil Nadu","Construction of roads, link roads, pathways or any other road with or without drainage system","WS/MP459/2025-2026/149088","CHENNAI(COMMISSIONER MUNCIPAL CORPORATION CHENNAI_IDA)","T Sumathy (A) Thamizhachi Thangapandian","CHENNAI SOUTH","15-Oct-2025","ADR CONSTRUCCTION","Payment Success","1650385"
"2732","Tamil Nadu","Construction of roads, link roads, pathways or any other road with or without drainage system","WS/MP459/2025-2026/149088","CHENNAI(COMMISSIONER MUNCIPAL CORPORATION CHENNAI_IDA)","T Sumathy (A) Thamizhachi Thangapandian","CHENNAI SOUTH","15-Oct-2025","ADR CONSTRUCCTION","Payment Success","1487989"
"2733","Tamil Nadu","Construction of rooms and facilities for hospitals, FWC , PHC Centers and ANM centers","WS/MP459/2025-2026/149089","CHENNAI(COMMISSIONER MUNCIPAL CORPORATION CHENNAI_IDA)","T Sumathy (A) Thamizhachi Thangapandian","CHENNAI SOUTH","17-Oct-2025","L N DREAMWAY CONSTRUCTION","Payment Success","2299027"
"2734","Tamil Nadu","Construction of water tanks","WS/MP866/2025-2026/183073","CHENNAI(COMMISSIONER MUNCIPAL CORPORATION CHENNAI_IDA)","Kalanidhi Veeraswamy","CHENNAI NORTH","03-Oct-2025","VE KAY CONSTRUCTIONS","Payment Success","2464975"
"2735","Tamil Nadu","Purchase of training equipment","WS/MP866/2025-2026/213702","CHENNAI(COMMISSIONER MUNCIPAL CORPORATION CHENNAI_IDA)","Kalanidhi Veeraswamy","CHENNAI NORTH","04-Sep-2025","AR Enterprises","Payment Success","625000"
"2736","Tamil Nadu","Purchase of training equipment","WS/MP866/2025-2026/213700","CHENNAI(COMMISSIONER MUNCIPAL CORPORATION CHENNAI_IDA)","Kalanidhi Veeraswamy","CHENNAI NORTH","08-Sep-2025","AR Enterprises","Payment Success","625000"
"2737","Tamil Nadu","Purchase of training equipment","WS/MP866/2025-2026/213701","CHENNAI(COMMISSIONER MUNCIPAL CORPORATION CHENNAI_IDA)","Kalanidhi Veeraswamy","CHENNAI NORTH","08-Sep-2025","AR Enterprises","Payment Success","625000"
"2738","Tamil Nadu","Purchase of training equipment","WS/MP866/2025-2026/213703","CHENNAI(COMMISSIONER MUNCIPAL CORPORATION CHENNAI_IDA)","Kalanidhi Veeraswamy","CHENNAI NORTH","08-Sep-2025","AMM ENTERPRISES","Payment Success","625000"
"2739","Tamil Nadu","Purchase of training equipment","WS/MP866/2025-2026/213704","CHENNAI(COMMISSIONER MUNCIPAL CORPORATION CHENNAI_IDA)","Kalanidhi Veeraswamy","CHENNAI NORTH","08-Sep-2025","AMM ENTERPRISES","Payment Success","625000"
"2740","Tamil Nadu","Purchase of training equipment","WS/MP866/2025-2026/213705","CHENNAI(COMMISSIONER MUNCIPAL CORPORATION CHENNAI_IDA)","Kalanidhi Veeraswamy","CHENNAI NORTH","08-Sep-2025","AMM ENTERPRISES","Payment Success","625000"
"2741","Tamil Nadu","Setting up of laboratories","WS/MP866/2025-2026/213698","CHENNAI(COMMISSIONER MUNCIPAL CORPORATION CHENNAI_IDA)","Kalanidhi Veeraswamy","CHENNAI NORTH","02-Sep-2025","MS ENTERPRISES","Payment Success","625000"
"2742","Tamil Nadu","Purchase of training equipment","WS/MP866/2025-2026/213699","CHENNAI(COMMISSIONER MUNCIPAL CORPORATION CHENNAI_IDA)","Kalanidhi Veeraswamy","CHENNAI NORTH","02-Sep-2025","MS ENTERPRISES","Payment Success","625000"
"2743","Tamil Nadu","Setting up of laboratories","WS/MP866/2025-2026/213697","CHENNAI(COMMISSIONER MUNCIPAL CORPORATION CHENNAI_IDA)","Kalanidhi Veeraswamy","CHENNAI NORTH","02-Sep-2025","MS ENTERPRISES","Payment Success","625000"
"2744","Tamil Nadu","Purchase of hospital equipment","WS/MP866/2025-2026/164830","CHENNAI(COMMISSIONER MUNCIPAL CORPORATION CHENNAI_IDA)","Kalanidhi Veeraswamy","CHENNAI NORTH","31-Jul-2025","EXCELLENT TRADERS","Payment Success","9471280"
"2745","Tamil Nadu","Lighting of public spaces","WS/MP391/2025-2026/166885","CHENNAI(COMMISSIONER MUNCIPAL CORPORATION CHENNAI_IDA)","Thiru Dayanidhi Maran","CHENNAI CENTRAL","24-Jul-2025","RKM ELECTRICALS","Payment Success","29250"
"2746","Tamil Nadu","Construction of rooms and halls in school and colleges","WS/MP18174/2026-2027/221510","COIMBATORE(DISTRICT COLLECTOR COIMBATORE_IDA)","GANAPATHY RAJKUMAR P","COIMBATORE","29-May-2026","BALACHANDRAN R","Payment Success","1979029"
"2747","Tamil Nadu","Street lights","WS/MP755/2026-2027/189475","CHENGALPATTU(District Collector Chengalpattu_IDA)","Thalikkottai Rajuthevar Baalu","SRIPERUMBUDUR","15-Jun-2026","Riya Enterprises","Payment Success","399300"
"2748","Tamil Nadu","Street lights","WS/MP755/2026-2027/189476","CHENGALPATTU(District Collector Chengalpattu_IDA)","Thalikkottai Rajuthevar Baalu","SRIPERUMBUDUR","15-Jun-2026","Riya Enterprises","Payment Success","399300"
"2749","Tamil Nadu","Street lights","WS/MP755/2026-2027/182601","CHENGALPATTU(District Collector Chengalpattu_IDA)","Thalikkottai Rajuthevar Baalu","SRIPERUMBUDUR","11-Aug-2026","MODERN ELECTRICALS","Payment Success","518062"
"2750","Tamil Nadu","Street lights","WS/MP755/2025-2026/189472","CHENGALPATTU(District Collector Chengalpattu_IDA)","Thalikkottai Rajuthevar Baalu","SRIPERUMBUDUR","12-Aug-2026","MODERN ELECTRICALS","Payment Success","399300"
"2751","Tamil Nadu","Street lights","WS/MP755/2025-2026/189471","CHENGALPATTU(District Collector Chengalpattu_IDA)","Thalikkottai Rajuthevar Baalu","SRIPERUMBUDUR","12-Aug-2026","MODERN ELECTRICALS","Payment Success","399300"
"2752","Tamil Nadu","Street lights","WS/MP755/2025-2026/189473","CHENGALPATTU(District Collector Chengalpattu_IDA)","Thalikkottai Rajuthevar Baalu","SRIPERUMBUDUR","12-Aug-2026","MODERN ELECTRICALS","Payment Success","399300"
"2753","Tamil Nadu","Street lights","WS/MP755/2025-2026/182603","CHENGALPATTU(District Collector Chengalpattu_IDA)","Thalikkottai Rajuthevar Baalu","SRIPERUMBUDUR","09-Mar-2026","MODERN ELECTRICALS","Payment Success","398840"
"2754","Tamil Nadu","Street lights","WS/MP755/2025-2026/182602","CHENGALPATTU(District Collector Chengalpattu_IDA)","Thalikkottai Rajuthevar Baalu","SRIPERUMBUDUR","09-Mar-2026","MODERN ELECTRICALS","Payment Success","398840"
"2755","Tamil Nadu","Street lights","WS/MP755/2025-2026/182604","CHENGALPATTU(District Collector Chengalpattu_IDA)","Thalikkottai Rajuthevar Baalu","SRIPERUMBUDUR","09-Mar-2026","MODERN ELECTRICALS","Payment Success","398840"
"2756","Tamil Nadu","Street lights","WS/MP755/2025-2026/189466","CHENGALPATTU(District Collector Chengalpattu_IDA)","Thalikkottai Rajuthevar Baalu","SRIPERUMBUDUR","30-Dec-2025","MODERN ELECTRICALS","Payment Success","398120"
"2757","Tamil Nadu","Street lights","WS/MP755/2025-2026/189469","CHENGALPATTU(District Collector Chengalpattu_IDA)","Thalikkottai Rajuthevar Baalu","SRIPERUMBUDUR","30-Dec-2025","MODERN ELECTRICALS","Payment Success","398120"
"2758","Tamil Nadu","Street lights","WS/MP755/2025-2026/182600","CHENGALPATTU(District Collector Chengalpattu_IDA)","Thalikkottai Rajuthevar Baalu","SRIPERUMBUDUR","10-Feb-2026","Simla Cool Makers","Payment Success","411600"
"2759","Tamil Nadu","Street lights","WS/MP755/2025-2026/182599","CHENGALPATTU(District Collector Chengalpattu_IDA)","Thalikkottai Rajuthevar Baalu","SRIPERUMBUDUR","10-Feb-2026","Simla Cool Makers","Payment Success","527532"
"2760","Tamil Nadu","Street lights","WS/MP755/2025-2026/182605","CHENGALPATTU(District Collector Chengalpattu_IDA)","Thalikkottai Rajuthevar Baalu","SRIPERUMBUDUR","09-Jan-2026","MODERN ELECTRICALS","Payment Success","398840"
"2761","Tamil Nadu","Street lights","WS/MP755/2025-2026/182608","CHENGALPATTU(District Collector Chengalpattu_IDA)","Thalikkottai Rajuthevar Baalu","SRIPERUMBUDUR","09-Jan-2026","MODERN ELECTRICALS","Payment Success","398840"
"2762","Tamil Nadu","Street lights","WS/MP755/2025-2026/182607","CHENGALPATTU(District Collector Chengalpattu_IDA)","Thalikkottai Rajuthevar Baalu","SRIPERUMBUDUR","09-Jan-2026","MODERN ELECTRICALS","Payment Success","398840"
"2763","Tamil Nadu","Street lights","WS/MP755/2025-2026/189467","CHENGALPATTU(District Collector Chengalpattu_IDA)","Thalikkottai Rajuthevar Baalu","SRIPERUMBUDUR","09-Jan-2026","MODERN ELECTRICALS","Payment Success","398120"
"2764","Tamil Nadu","Street lights","WS/MP755/2025-2026/189468","CHENGALPATTU(District Collector Chengalpattu_IDA)","Thalikkottai Rajuthevar Baalu","SRIPERUMBUDUR","09-Jan-2026","MODERN ELECTRICALS","Payment Success","398120"
"2765","Tamil Nadu","Street lights","WS/MP755/2025-2026/189470","CHENGALPATTU(District Collector Chengalpattu_IDA)","Thalikkottai Rajuthevar Baalu","SRIPERUMBUDUR","09-Jan-2026","MODERN ELECTRICALS","Payment Success","398120"
"2766","Tamil Nadu","Street lights","WS/MP755/2025-2026/189465","CHENGALPATTU(District Collector Chengalpattu_IDA)","Thalikkottai Rajuthevar Baalu","SRIPERUMBUDUR","09-Jan-2026","MODERN ELECTRICALS","Payment Success","398120"
"2767","Tamil Nadu","Street lights","WS/MP755/2025-2026/182606","CHENGALPATTU(District Collector Chengalpattu_IDA)","Thalikkottai Rajuthevar Baalu","SRIPERUMBUDUR","09-Jan-2026","MODERN ELECTRICALS","Payment Success","398840"
"2768","Tamil Nadu","Purchase of smart boards, visual display units and projectors","WS/MP743/2025-2026/190842","CHENGALPATTU(District Collector Chengalpattu_IDA)","Ganesan Selvam","KANCHEEPURAM(SC)","02-Sep-2025","T S SOLAR POWER SYSTEM","Payment Success","400000"
"2769","Tamil Nadu","Purchase of smart boards, visual display units and projectors","WS/MP743/2025-2026/190851","CHENGALPATTU(District Collector Chengalpattu_IDA)","Ganesan Selvam","KANCHEEPURAM(SC)","02-Sep-2025","T S SOLAR POWER SYSTEM","Payment Success","400000"
"2770","Tamil Nadu","Purchase of smart boards, visual display units and projectors","WS/MP743/2025-2026/190848","CHENGALPATTU(District Collector Chengalpattu_IDA)","Ganesan Selvam","KANCHEEPURAM(SC)","02-Sep-2025","T S SOLAR POWER SYSTEM","Payment Success","400000"
"2771","Tamil Nadu","Purchase of books and periodicals for libraries/digitization of library books","WS/MP743/2025-2026/193349","CHENGALPATTU(District Collector Chengalpattu_IDA)","Ganesan Selvam","KANCHEEPURAM(SC)","13-Jan-2026","Unicare Academy","Payment Success","25000"
"2772","Tamil Nadu","Purchase of training equipment","WS/MP743/2025-2026/230553","CHENGALPATTU(District Collector Chengalpattu_IDA)","Ganesan Selvam","KANCHEEPURAM(SC)","02-Dec-2025","R A KARMIKA KOLAPAKKAM BOB","Payment Success","625000"
"2773","Tamil Nadu","Purchase of training equipment","WS/MP743/2025-2026/230554","CHENGALPATTU(District Collector Chengalpattu_IDA)","Ganesan Selvam","KANCHEEPURAM(SC)","02-Dec-2025","R A KARMIKA KOLAPAKKAM BOB","Payment Success","625000"
"2774","Tamil Nadu","Purchase of training equipment","WS/MP743/2025-2026/230551","CHENGALPATTU(District Collector Chengalpattu_IDA)","Ganesan Selvam","KANCHEEPURAM(SC)","02-Dec-2025","R A KARMIKA KOLAPAKKAM BOB","Payment Success","625000"
"2775","Tamil Nadu","Purchase of training equipment","WS/MP743/2025-2026/230549","CHENGALPATTU(District Collector Chengalpattu_IDA)","Ganesan Selvam","KANCHEEPURAM(SC)","02-Dec-2025","R A KARMIKA KOLAPAKKAM BOB","Payment Success","625000"
"2776","Tamil Nadu","Purchase of training equipment","WS/MP743/2025-2026/230550","CHENGALPATTU(District Collector Chengalpattu_IDA)","Ganesan Selvam","KANCHEEPURAM(SC)","02-Dec-2025","R A KARMIKA KOLAPAKKAM BOB","Payment Success","625000"
"2777","Tamil Nadu","Purchase of training equipment","WS/MP743/2025-2026/230552","CHENGALPATTU(District Collector Chengalpattu_IDA)","Ganesan Selvam","KANCHEEPURAM(SC)","02-Dec-2025","R A KARMIKA KOLAPAKKAM BOB","Payment Success","625000"
"2778","Tamil Nadu","Purchase of books and periodicals for libraries/digitization of library books","WS/MP743/2025-2026/193299","CHENGALPATTU(District Collector Chengalpattu_IDA)","Ganesan Selvam","KANCHEEPURAM(SC)","23-Jan-2026","Unicare Academy","Payment Success","25000"
"2779","Tamil Nadu","Purchase of books and periodicals for libraries/digitization of library books","WS/MP743/2025-2026/192886","CHENGALPATTU(District Collector Chengalpattu_IDA)","Ganesan Selvam","KANCHEEPURAM(SC)","23-Jan-2026","Unicare Academy","Payment Success","25000"
"2780","Tamil Nadu","Purchase of books and periodicals for libraries/digitization of library books","WS/MP743/2025-2026/192884","CHENGALPATTU(District Collector Chengalpattu_IDA)","Ganesan Selvam","KANCHEEPURAM(SC)","23-Jan-2026","Unicare Academy","Payment Success","25000"
"2781","Tamil Nadu","Purchase of books and periodicals for libraries/digitization of library books","WS/MP743/2025-2026/192882","CHENGALPATTU(District Collector Chengalpattu_IDA)","Ganesan Selvam","KANCHEEPURAM(SC)","23-Jan-2026","Unicare Academy","Payment Success","25000"
"2782","Tamil Nadu","Purchase of books and periodicals for libraries/digitization of library books","WS/MP743/2025-2026/192881","CHENGALPATTU(District Collector Chengalpattu_IDA)","Ganesan Selvam","KANCHEEPURAM(SC)","23-Jan-2026","Unicare Academy","Payment Success","25000"
"2783","Tamil Nadu","Purchase of books and periodicals for libraries/digitization of library books","WS/MP743/2025-2026/193296","CHENGALPATTU(District Collector Chengalpattu_IDA)","Ganesan Selvam","KANCHEEPURAM(SC)","27-Jan-2026","Unicare Academy","Payment Success","25000"
"2784","Tamil Nadu","Purchase of books and periodicals for libraries/digitization of library books","WS/MP743/2025-2026/193286","CHENGALPATTU(District Collector Chengalpattu_IDA)","Ganesan Selvam","KANCHEEPURAM(SC)","27-Jan-2026","Unicare Academy","Payment Success","25000"
"2785","Tamil Nadu","Purchase of books and periodicals for libraries/digitization of library books","WS/MP743/2025-2026/192839","CHENGALPATTU(District Collector Chengalpattu_IDA)","Ganesan Selvam","KANCHEEPURAM(SC)","27-Jan-2026","Unicare Academy","Payment Success","25000"
"2786","Tamil Nadu","Purchase of books and periodicals for libraries/digitization of library books","WS/MP743/2025-2026/192880","CHENGALPATTU(District Collector Chengalpattu_IDA)","Ganesan Selvam","KANCHEEPURAM(SC)","23-Jan-2026","Unicare Academy","Payment Success","25000"
"2787","Tamil Nadu","Purchase of books and periodicals for libraries/digitization of library books","WS/MP743/2025-2026/192878","CHENGALPATTU(District Collector Chengalpattu_IDA)","Ganesan Selvam","KANCHEEPURAM(SC)","23-Jan-2026","Unicare Academy","Payment Success","25000"
"2788","Tamil Nadu","Purchase of books and periodicals for libraries/digitization of library books","WS/MP743/2025-2026/193288","CHENGALPATTU(District Collector Chengalpattu_IDA)","Ganesan Selvam","KANCHEEPURAM(SC)","23-Jan-2026","Unicare Academy","Payment Success","25000"
"2789","Tamil Nadu","Purchase of books and periodicals for libraries/digitization of library books","WS/MP743/2025-2026/192877","CHENGALPATTU(District Collector Chengalpattu_IDA)","Ganesan Selvam","KANCHEEPURAM(SC)","23-Jan-2026","Unicare Academy","Payment Success","25000"
"2790","Tamil Nadu","Purchase of books and periodicals for libraries/digitization of library books","WS/MP743/2025-2026/192876","CHENGALPATTU(District Collector Chengalpattu_IDA)","Ganesan Selvam","KANCHEEPURAM(SC)","23-Jan-2026","Unicare Academy","Payment Success","25000"
"2791","Tamil Nadu","Purchase of books and periodicals for libraries/digitization of library books","WS/MP743/2025-2026/192875","CHENGALPATTU(District Collector Chengalpattu_IDA)","Ganesan Selvam","KANCHEEPURAM(SC)","23-Jan-2026","Unicare Academy","Payment Success","25000"
"2792","Tamil Nadu","Purchase of books and periodicals for libraries/digitization of library books","WS/MP743/2025-2026/192851","CHENGALPATTU(District Collector Chengalpattu_IDA)","Ganesan Selvam","KANCHEEPURAM(SC)","23-Jan-2026","Unicare Academy","Payment Success","25000"
"2793","Tamil Nadu","Purchase of books and periodicals for libraries/digitization of library books","WS/MP743/2025-2026/192850","CHENGALPATTU(District Collector Chengalpattu_IDA)","Ganesan Selvam","KANCHEEPURAM(SC)","23-Jan-2026","Unicare Academy","Payment Success","25000"
"2794","Tamil Nadu","Purchase of books and periodicals for libraries/digitization of library books","WS/MP743/2025-2026/192846","CHENGALPATTU(District Collector Chengalpattu_IDA)","Ganesan Selvam","KANCHEEPURAM(SC)","23-Jan-2026","Unicare Academy","Payment Success","25000"
"2795","Tamil Nadu","Purchase of books and periodicals for libraries/digitization of library books","WS/MP743/2025-2026/192844","CHENGALPATTU(District Collector Chengalpattu_IDA)","Ganesan Selvam","KANCHEEPURAM(SC)","23-Jan-2026","Unicare Academy","Payment Success","25000"
"2796","Tamil Nadu","Purchase of books and periodicals for libraries/digitization of library books","WS/MP743/2025-2026/192816","CHENGALPATTU(District Collector Chengalpattu_IDA)","Ganesan Selvam","KANCHEEPURAM(SC)","23-Jan-2026","Unicare Academy","Payment Success","25000"
"2797","Tamil Nadu","Purchase of books and periodicals for libraries/digitization of library books","WS/MP743/2025-2026/192887","CHENGALPATTU(District Collector Chengalpattu_IDA)","Ganesan Selvam","KANCHEEPURAM(SC)","23-Jan-2026","Unicare Academy","Payment Success","25000"
"2798","Tamil Nadu","Purchase of books and periodicals for libraries/digitization of library books","WS/MP743/2025-2026/193343","CHENGALPATTU(District Collector Chengalpattu_IDA)","Ganesan Selvam","KANCHEEPURAM(SC)","23-Jan-2026","Unicare Academy","Payment Success","25000"
"2799","Tamil Nadu","Purchase of books and periodicals for libraries/digitization of library books","WS/MP743/2025-2026/193291","CHENGALPATTU(District Collector Chengalpattu_IDA)","Ganesan Selvam","KANCHEEPURAM(SC)","23-Jan-2026","Unicare Academy","Payment Success","25000"
"2800","Tamil Nadu","Purchase of books and periodicals for libraries/digitization of library books","WS/MP743/2025-2026/193298","CHENGALPATTU(District Collector Chengalpattu_IDA)","Ganesan Selvam","KANCHEEPURAM(SC)","23-Jan-2026","Unicare Academy","Payment Success","25000"
"2801","Tamil Nadu","Purchase of books and periodicals for libraries/digitization of library books","WS/MP743/2025-2026/193294","CHENGALPATTU(District Collector Chengalpattu_IDA)","Ganesan Selvam","KANCHEEPURAM(SC)","23-Jan-2026","Unicare Academy","Payment Success","25000"
"2802","Tamil Nadu","Purchase of books and periodicals for libraries/digitization of library books","WS/MP743/2025-2026/193293","CHENGALPATTU(District Collector Chengalpattu_IDA)","Ganesan Selvam","KANCHEEPURAM(SC)","23-Jan-2026","Unicare Academy","Payment Success","25000"
"2803","Tamil Nadu","Purchase of books and periodicals for libraries/digitization of library books","WS/MP743/2025-2026/193290","CHENGALPATTU(District Collector Chengalpattu_IDA)","Ganesan Selvam","KANCHEEPURAM(SC)","23-Jan-2026","Unicare Academy","Payment Success","25000"
"2804","Tamil Nadu","Purchase of books and periodicals for libraries/digitization of library books","WS/MP743/2025-2026/193285","CHENGALPATTU(District Collector Chengalpattu_IDA)","Ganesan Selvam","KANCHEEPURAM(SC)","23-Jan-2026","Unicare Academy","Payment Success","25000"
"2805","Tamil Nadu","Purchase of books and periodicals for libraries/digitization of library books","WS/MP743/2025-2026/192896","CHENGALPATTU(District Collector Chengalpattu_IDA)","Ganesan Selvam","KANCHEEPURAM(SC)","23-Jan-2026","Unicare Academy","Payment Success","25000"
"2806","Tamil Nadu","Purchase of books and periodicals for libraries/digitization of library books","WS/MP743/2025-2026/192894","CHENGALPATTU(District Collector Chengalpattu_IDA)","Ganesan Selvam","KANCHEEPURAM(SC)","23-Jan-2026","Unicare Academy","Payment Success","25000"
"2807","Tamil Nadu","Purchase of books and periodicals for libraries/digitization of library books","WS/MP743/2025-2026/192893","CHENGALPATTU(District Collector Chengalpattu_IDA)","Ganesan Selvam","KANCHEEPURAM(SC)","23-Jan-2026","Unicare Academy","Payment Success","25000"
"2808","Tamil Nadu","Purchase of furniture and fixtures for educational purposes","WS/MP743/2026-2027/256386","CHENGALPATTU(District Collector Chengalpattu_IDA)","Ganesan Selvam","KANCHEEPURAM(SC)","09-Jul-2026","T S SOLAR POWER SYSTEM","Payment Success","250000"
"2809","Tamil Nadu","Purchase of smart boards, visual display units and projectors","WS/MP743/2025-2026/190836","CHENGALPATTU(District Collector Chengalpattu_IDA)","Ganesan Selvam","KANCHEEPURAM(SC)","08-Sep-2025","T S SOLAR POWER SYSTEM","Payment Success","400000"
"2810","Tamil Nadu","Construction of bus-sheds or bus-stops","WS/MP870/2025-2026/200568","VELLORE(DISTRICT COLLECTOR VELLORE_IDA)","D M Kathir Anand","VELLORE","26-Feb-2026","KR CONSTRUCTIONS","Payment Success","1099920"
"2811","Tamil Nadu","Construction of water tanks","WS/MP18384/2024-2025/177840","THIRUVARUR(DISTRICT COLLECTOR THIRUVARUR_IDA)","SELVARAJ V","NAGAPATTINAM(SC)","14-Aug-2025","R M Engineering Works","Payment Success","905524"
"2812","Tamil Nadu","Construction of toilet blocks","WS/MP18384/2024-2025/177841","THIRUVARUR(DISTRICT COLLECTOR THIRUVARUR_IDA)","SELVARAJ V","NAGAPATTINAM(SC)","14-Aug-2025","TAJUDEEN","Payment Success","200000"
"2813","Tamil Nadu","Construction of water tanks","WS/MP18384/2024-2025/177840","THIRUVARUR(DISTRICT COLLECTOR THIRUVARUR_IDA)","SELVARAJ V","NAGAPATTINAM(SC)","16-Feb-2026","R M Engineering Works","Payment Success","694476"
"2814","Tamil Nadu","Construction of buildings for crèches and anganwadies","WS/MP18176/2024-2025/139718","DINDIGUL(DISTRICT COLLECTOR DINDIGUL_IDA)","SACHITHANANTHAM R","DINDIGUL","08-Dec-2025","MCK  CONSTRUCTION","Payment Success","738850"
"2815","Tamil Nadu","Providing supply pipelines for drinking water","WS/MP18176/2024-2025/140258","DINDIGUL(DISTRICT COLLECTOR DINDIGUL_IDA)","SACHITHANANTHAM R","DINDIGUL","10-Oct-2025","Narasimhan N","Payment Success","499340"
"2816","Tamil Nadu","Construction of buildings for crèches and anganwadies","WS/MP18176/2024-2025/139718","DINDIGUL(DISTRICT COLLECTOR DINDIGUL_IDA)","SACHITHANANTHAM R","DINDIGUL","06-Mar-2025","MCK  CONSTRUCTION","Payment Success","914784"
"2817","Tamil Nadu","Construction of buildings for crèches and anganwadies","WS/MP18176/2024-2025/140224","DINDIGUL(DISTRICT COLLECTOR DINDIGUL_IDA)","SACHITHANANTHAM R","DINDIGUL","20-Aug-2025","DURAIPANDI","Payment Success","922077"
"2818","Tamil Nadu","Construction of buildings for crèches and anganwadies","WS/MP18176/2024-2025/140224","DINDIGUL(DISTRICT COLLECTOR DINDIGUL_IDA)","SACHITHANANTHAM R","DINDIGUL","05-Nov-2025","DURAIPANDI","Payment Success","732590"
"2819","Tamil Nadu","Purchase of non-conventional energy system and devices for community use","WS/MP18178/2025-2026/178204","SALEM(DISTRICT COLLECTOR SALEM_IDA)","MALAIYARASAN D","KALLAKURICHI","31-Oct-2025","MUNIAN VENKATESAN","Payment Success","374643"
"2820","Tamil Nadu","Purchase of non-conventional energy system and devices for community use","WS/MP18178/2025-2026/178203","SALEM(DISTRICT COLLECTOR SALEM_IDA)","MALAIYARASAN D","KALLAKURICHI","31-Oct-2025","MUNIAN VENKATESAN","Payment Success","374643"
"2821","Tamil Nadu","Purchase of non-conventional energy system and devices for community use","WS/MP18178/2025-2026/178205","SALEM(DISTRICT COLLECTOR SALEM_IDA)","MALAIYARASAN D","KALLAKURICHI","31-Oct-2025","MUNIAN VENKATESAN","Payment Success","374643"
"2822","Tamil Nadu","Purchase of non-conventional energy system and devices for community use","WS/MP18178/2025-2026/178199","SALEM(DISTRICT COLLECTOR SALEM_IDA)","MALAIYARASAN D","KALLAKURICHI","31-Oct-2025","MUNIAN VENKATESAN","Payment Success","374643"
"2823","Tamil Nadu","Purchase of non-conventional energy system and devices for community use","WS/MP18178/2025-2026/178198","SALEM(DISTRICT COLLECTOR SALEM_IDA)","MALAIYARASAN D","KALLAKURICHI","31-Oct-2025","MUNIAN VENKATESAN","Payment Success","374643"
"2824","Tamil Nadu","Purchase of non-conventional energy system and devices for community use","WS/MP18178/2025-2026/178200","SALEM(DISTRICT COLLECTOR SALEM_IDA)","MALAIYARASAN D","KALLAKURICHI","31-Oct-2025","MUNIAN VENKATESAN","Payment Success","374643"
"2825","Tamil Nadu","Lighting of public spaces","WS/MP18178/2025-2026/174434","SALEM(DISTRICT COLLECTOR SALEM_IDA)","MALAIYARASAN D","KALLAKURICHI","12-Sep-2025","MUNIAN VENKATESAN","Payment Success","1185900"
"2826","Tamil Nadu","Construction of rooms and halls in school and colleges","WS/MP18180/2025-2026/178537","KARUR(DISTRICT COLLECTOR KARUR_IDA)","ARUN NEHRU","PERAMBALUR","13-Mar-2026","MODERN INDUSTRIES","Payment Success","2099211"
"2827","Tamil Nadu","Construction of rooms and halls in school and colleges","WS/MP18180/2025-2026/178537","KARUR(DISTRICT COLLECTOR KARUR_IDA)","ARUN NEHRU","PERAMBALUR","23-Mar-2026","MODERN INDUSTRIES","Payment Success","9971"
"2828","Tamil Nadu","Construction of rooms and halls in school and colleges","WS/MP18180/2025-2026/178537","KARUR(DISTRICT COLLECTOR KARUR_IDA)","ARUN NEHRU","PERAMBALUR","22-Dec-2025","Ganapathy Electrical","Payment Success","159903"
"2829","Tamil Nadu","Purchase of smart boards, visual display units and projectors","WS/MP758/2025-2026/176150","KARUR(DISTRICT COLLECTOR KARUR_IDA)","Smt S Jothimani","KARUR","06-Oct-2025","P S STALIN","Payment Success","199060"
"2830","Tamil Nadu","Purchase of smart boards, visual display units and projectors","WS/MP758/2025-2026/194777","KARUR(DISTRICT COLLECTOR KARUR_IDA)","Smt S Jothimani","KARUR","06-Oct-2025","P S STALIN","Payment Success","199060"
"2831","Tamil Nadu","Purchase of smart boards, visual display units and projectors","WS/MP758/2025-2026/194780","KARUR(DISTRICT COLLECTOR KARUR_IDA)","Smt S Jothimani","KARUR","06-Oct-2025","P S STALIN","Payment Success","199060"
"2832","Tamil Nadu","Purchase of smart boards, visual display units and projectors","WS/MP758/2025-2026/194778","KARUR(DISTRICT COLLECTOR KARUR_IDA)","Smt S Jothimani","KARUR","23-Sep-2025","P S STALIN","Payment Success","199040"
"2833","Tamil Nadu","Purchase of smart boards, visual display units and projectors","WS/MP758/2025-2026/194776","KARUR(DISTRICT COLLECTOR KARUR_IDA)","Smt S Jothimani","KARUR","23-Sep-2025","P S STALIN","Payment Success","199021"
"2834","Tamil Nadu","Purchase of smart boards, visual display units and projectors","WS/MP758/2025-2026/175014","KARUR(DISTRICT COLLECTOR KARUR_IDA)","Smt S Jothimani","KARUR","20-Aug-2025","P S STALIN","Payment Success","199060"
"2835","Tamil Nadu","Purchase of smart boards, visual display units and projectors","WS/MP758/2025-2026/175015","KARUR(DISTRICT COLLECTOR KARUR_IDA)","Smt S Jothimani","KARUR","20-Aug-2025","P S STALIN","Payment Success","199060"
"2836","Tamil Nadu","Purchase of smart boards, visual display units and projectors","WS/MP758/2025-2026/175016","KARUR(DISTRICT COLLECTOR KARUR_IDA)","Smt S Jothimani","KARUR","20-Aug-2025","P S STALIN","Payment Success","199060"
"2837","Tamil Nadu","Purchase of smart boards, visual display units and projectors","WS/MP758/2025-2026/175013","KARUR(DISTRICT COLLECTOR KARUR_IDA)","Smt S Jothimani","KARUR","20-Aug-2025","P S STALIN","Payment Success","199060"
"2838","Tamil Nadu","Purchase of smart boards, visual display units and projectors","WS/MP758/2025-2026/176143","KARUR(DISTRICT COLLECTOR KARUR_IDA)","Smt S Jothimani","KARUR","20-Aug-2025","P S STALIN","Payment Success","199060"
"2839","Tamil Nadu","Purchase of smart boards, visual display units and projectors","WS/MP758/2025-2026/176146","KARUR(DISTRICT COLLECTOR KARUR_IDA)","Smt S Jothimani","KARUR","20-Aug-2025","P S STALIN","Payment Success","199060"
"2840","Tamil Nadu","Purchase of smart boards, visual display units and projectors","WS/MP758/2025-2026/176148","KARUR(DISTRICT COLLECTOR KARUR_IDA)","Smt S Jothimani","KARUR","20-Aug-2025","P S STALIN","Payment Success","199060"
"2841","Tamil Nadu","Purchase of smart boards, visual display units and projectors","WS/MP758/2025-2026/176149","KARUR(DISTRICT COLLECTOR KARUR_IDA)","Smt S Jothimani","KARUR","20-Aug-2025","P S STALIN","Payment Success","199060"
"2842","Tamil Nadu","Purchase of smart boards, visual display units and projectors","WS/MP758/2025-2026/157281","KARUR(DISTRICT COLLECTOR KARUR_IDA)","Smt S Jothimani","KARUR","07-Jul-2025","P S STALIN","Payment Success","199060"
"2843","Tamil Nadu","Purchase of smart boards, visual display units and projectors","WS/MP758/2025-2026/157282","KARUR(DISTRICT COLLECTOR KARUR_IDA)","Smt S Jothimani","KARUR","07-Jul-2025","P S STALIN","Payment Success","199060"
"2844","Tamil Nadu","Purchase of smart boards, visual display units and projectors","WS/MP758/2025-2026/157283","KARUR(DISTRICT COLLECTOR KARUR_IDA)","Smt S Jothimani","KARUR","07-Jul-2025","P S STALIN","Payment Success","199060"
"2845","Tamil Nadu","Purchase of smart boards, visual display units and projectors","WS/MP758/2025-2026/176142","KARUR(DISTRICT COLLECTOR KARUR_IDA)","Smt S Jothimani","KARUR","06-Oct-2025","P S STALIN","Payment Success","199060"
"2846","Tamil Nadu","Purchase of smart boards, visual display units and projectors","WS/MP758/2025-2026/201699","KARUR(DISTRICT COLLECTOR KARUR_IDA)","Smt S Jothimani","KARUR","24-Sep-2025","K Balasubramanian","Payment Success","199040"
"2847","Tamil Nadu","Purchase of smart boards, visual display units and projectors","WS/MP758/2025-2026/194779","KARUR(DISTRICT COLLECTOR KARUR_IDA)","Smt S Jothimani","KARUR","24-Sep-2025","K Balasubramanian","Payment Success","199040"
"2848","Tamil Nadu","Construction of rooms and halls in school and colleges","WS/MP18180/2025-2026/178537","KARUR(DISTRICT COLLECTOR KARUR_IDA)","ARUN NEHRU","PERAMBALUR","16-Oct-2025","MODERN INDUSTRIES","Payment Success","2204459"
"2849","Tamil Nadu","Construction of public libraries and reading rooms","WS/MP18176/2025-2026/176962","DINDIGUL(DISTRICT COLLECTOR DINDIGUL_IDA)","SACHITHANANTHAM R","DINDIGUL","30-Jan-2026","MANOJ KUMAR","Payment Success","1300000"
"2850","Tamil Nadu","Construction of public libraries and reading rooms","WS/MP18176/2025-2026/176962","DINDIGUL(DISTRICT COLLECTOR DINDIGUL_IDA)","SACHITHANANTHAM R","DINDIGUL","11-Aug-2025","MANOJ KUMAR","Payment Success","1200000"
"2851","Tamil Nadu","Purchase of non-conventional energy system and devices for community use","WS/MP18178/2025-2026/178136","SALEM(DISTRICT COLLECTOR SALEM_IDA)","MALAIYARASAN D","KALLAKURICHI","17-Oct-2025","MUNIAN VENKATESAN","Payment Success","374841"
"2852","Tamil Nadu","Purchase of non-conventional energy system and devices for community use","WS/MP18178/2025-2026/178135","SALEM(DISTRICT COLLECTOR SALEM_IDA)","MALAIYARASAN D","KALLAKURICHI","17-Oct-2025","MUNIAN VENKATESAN","Payment Success","374841"
"2853","Tamil Nadu","Purchase of non-conventional energy system and devices for community use","WS/MP18178/2025-2026/178156","SALEM(DISTRICT COLLECTOR SALEM_IDA)","MALAIYARASAN D","KALLAKURICHI","17-Oct-2025","MUNIAN VENKATESAN","Payment Success","374841"
"2854","Tamil Nadu","Purchase of non-conventional energy system and devices for community use","WS/MP18178/2025-2026/178141","SALEM(DISTRICT COLLECTOR SALEM_IDA)","MALAIYARASAN D","KALLAKURICHI","17-Oct-2025","MUNIAN VENKATESAN","Payment Success","374841"
"2855","Tamil Nadu","Purchase of non-conventional energy system and devices for community use","WS/MP18178/2025-2026/201960","SALEM(DISTRICT COLLECTOR SALEM_IDA)","MALAIYARASAN D","KALLAKURICHI","17-Oct-2025","MUNIAN VENKATESAN","Payment Success","374841"
"2856","Tamil Nadu","Purchase of non-conventional energy system and devices for community use","WS/MP18178/2025-2026/201959","SALEM(DISTRICT COLLECTOR SALEM_IDA)","MALAIYARASAN D","KALLAKURICHI","17-Oct-2025","MUNIAN VENKATESAN","Payment Success","374841"
"2857","Tamil Nadu","Purchase of non-conventional energy system and devices for community use","WS/MP18178/2025-2026/201967","SALEM(DISTRICT COLLECTOR SALEM_IDA)","MALAIYARASAN D","KALLAKURICHI","09-Feb-2026","MUNIAN VENKATESAN","Payment Success","374241"
"2858","Tamil Nadu","Purchase of non-conventional energy system and devices for community use","WS/MP18178/2025-2026/201961","SALEM(DISTRICT COLLECTOR SALEM_IDA)","MALAIYARASAN D","KALLAKURICHI","12-Jan-2026","MUNIAN VENKATESAN","Payment Success","374241"
"2859","Tamil Nadu","Purchase of non-conventional energy system and devices for community use","WS/MP18178/2025-2026/201962","SALEM(DISTRICT COLLECTOR SALEM_IDA)","MALAIYARASAN D","KALLAKURICHI","12-Jan-2026","MUNIAN VENKATESAN","Payment Success","374241"
"2860","Tamil Nadu","Purchase of non-conventional energy system and devices for community use","WS/MP18178/2025-2026/201966","SALEM(DISTRICT COLLECTOR SALEM_IDA)","MALAIYARASAN D","KALLAKURICHI","12-Jan-2026","MUNIAN VENKATESAN","Payment Success","374241"
"2861","Tamil Nadu","Purchase of non-conventional energy system and devices for community use","WS/MP18178/2025-2026/225507","SALEM(DISTRICT COLLECTOR SALEM_IDA)","MALAIYARASAN D","KALLAKURICHI","12-Jan-2026","MUNIAN VENKATESAN","Payment Success","374241"
"2862","Tamil Nadu","Purchase of non-conventional energy system and devices for community use","WS/MP18178/2025-2026/225508","SALEM(DISTRICT COLLECTOR SALEM_IDA)","MALAIYARASAN D","KALLAKURICHI","12-Jan-2026","MUNIAN VENKATESAN","Payment Success","374241"
"2863","Tamil Nadu","Purchase of non-conventional energy system and devices for community use","WS/MP18178/2025-2026/225509","SALEM(DISTRICT COLLECTOR SALEM_IDA)","MALAIYARASAN D","KALLAKURICHI","12-Jan-2026","MUNIAN VENKATESAN","Payment Success","374241"
"2864","Tamil Nadu","Purchase of non-conventional energy system and devices for community use","WS/MP18178/2025-2026/178140","SALEM(DISTRICT COLLECTOR SALEM_IDA)","MALAIYARASAN D","KALLAKURICHI","12-Jan-2026","MUNIAN VENKATESAN","Payment Success","374241"
"2865","Tamil Nadu","Purchase of non-conventional energy system and devices for community use","WS/MP18178/2025-2026/225498","SALEM(DISTRICT COLLECTOR SALEM_IDA)","MALAIYARASAN D","KALLAKURICHI","13-Nov-2025","MUNIAN VENKATESAN","Payment Success","559374"
"2866","Tamil Nadu","Purchase of non-conventional energy system and devices for community use","WS/MP18178/2025-2026/225504","SALEM(DISTRICT COLLECTOR SALEM_IDA)","MALAIYARASAN D","KALLAKURICHI","13-Nov-2025","MUNIAN VENKATESAN","Payment Success","549362"
"2867","Tamil Nadu","Purchase of non-conventional energy system and devices for community use","WS/MP18178/2025-2026/225511","SALEM(DISTRICT COLLECTOR SALEM_IDA)","MALAIYARASAN D","KALLAKURICHI","17-Dec-2025","MUNIAN VENKATESAN","Payment Success","924340"
"2868","Tamil Nadu","Purchase of non-conventional energy system and devices for community use","WS/MP18178/2025-2026/225502","SALEM(DISTRICT COLLECTOR SALEM_IDA)","MALAIYARASAN D","KALLAKURICHI","17-Dec-2025","MUNIAN VENKATESAN","Payment Success","979170"
"2869","Tamil Nadu","Purchase of non-conventional energy system and devices for community use","WS/MP18178/2025-2026/225496","SALEM(DISTRICT COLLECTOR SALEM_IDA)","MALAIYARASAN D","KALLAKURICHI","17-Dec-2025","MUNIAN VENKATESAN","Payment Success","979170"
"2870","Tamil Nadu","Purchase of non-conventional energy system and devices for community use","WS/MP18178/2025-2026/225512","SALEM(DISTRICT COLLECTOR SALEM_IDA)","MALAIYARASAN D","KALLAKURICHI","17-Dec-2025","MUNIAN VENKATESAN","Payment Success","924340"
"2871","Tamil Nadu","Purchase of non-conventional energy system and devices for community use","WS/MP18178/2025-2026/178100","SALEM(DISTRICT COLLECTOR SALEM_IDA)","MALAIYARASAN D","KALLAKURICHI","03-Jun-2025","INIYA CONSTRUCTIONS","Payment Success","374768"
"2872","Tamil Nadu","Purchase of non-conventional energy system and devices for community use","WS/MP18178/2025-2026/178101","SALEM(DISTRICT COLLECTOR SALEM_IDA)","MALAIYARASAN D","KALLAKURICHI","03-Jun-2025","INIYA CONSTRUCTIONS","Payment Success","374768"
"2873","Tamil Nadu","Purchase of non-conventional energy system and devices for community use","WS/MP18178/2025-2026/178113","SALEM(DISTRICT COLLECTOR SALEM_IDA)","MALAIYARASAN D","KALLAKURICHI","03-Jun-2025","INIYA CONSTRUCTIONS","Payment Success","374732"
"2874","Tamil Nadu","Purchase of non-conventional energy system and devices for community use","WS/MP18178/2025-2026/178111","SALEM(DISTRICT COLLECTOR SALEM_IDA)","MALAIYARASAN D","KALLAKURICHI","03-Jun-2025","INIYA CONSTRUCTIONS","Payment Success","374768"
"2875","Tamil Nadu","Purchase of non-conventional energy system and devices for community use","WS/MP18178/2025-2026/178108","SALEM(DISTRICT COLLECTOR SALEM_IDA)","MALAIYARASAN D","KALLAKURICHI","03-Jun-2025","INIYA CONSTRUCTIONS","Payment Success","374768"
"2876","Tamil Nadu","Purchase of non-conventional energy system and devices for community use","WS/MP18178/2025-2026/178109","SALEM(DISTRICT COLLECTOR SALEM_IDA)","MALAIYARASAN D","KALLAKURICHI","03-Jun-2025","INIYA CONSTRUCTIONS","Payment Success","374768"
"2877","Tamil Nadu","Purchase of non-conventional energy system and devices for community use","WS/MP18178/2025-2026/178114","SALEM(DISTRICT COLLECTOR SALEM_IDA)","MALAIYARASAN D","KALLAKURICHI","03-Jun-2025","INIYA CONSTRUCTIONS","Payment Success","374768"
"2878","Tamil Nadu","Purchase of non-conventional energy system and devices for community use","WS/MP18178/2025-2026/201973","SALEM(DISTRICT COLLECTOR SALEM_IDA)","MALAIYARASAN D","KALLAKURICHI","03-Oct-2025","INIYA CONSTRUCTIONS","Payment Success","374414"
"2879","Tamil Nadu","Purchase of non-conventional energy system and devices for community use","WS/MP18178/2025-2026/178154","SALEM(DISTRICT COLLECTOR SALEM_IDA)","MALAIYARASAN D","KALLAKURICHI","19-Jul-2025","MUNIAN VENKATESAN","Payment Success","374642"
"2880","Tamil Nadu","Purchase of non-conventional energy system and devices for community use","WS/MP18178/2025-2026/178155","SALEM(DISTRICT COLLECTOR SALEM_IDA)","MALAIYARASAN D","KALLAKURICHI","19-Jul-2025","MUNIAN VENKATESAN","Payment Success","374642"
"2881","Tamil Nadu","Purchase of non-conventional energy system and devices for community use","WS/MP18178/2025-2026/178161","SALEM(DISTRICT COLLECTOR SALEM_IDA)","MALAIYARASAN D","KALLAKURICHI","19-Jul-2025","MUNIAN VENKATESAN","Payment Success","374642"
"2882","Tamil Nadu","Purchase of non-conventional energy system and devices for community use","WS/MP18178/2025-2026/178164","SALEM(DISTRICT COLLECTOR SALEM_IDA)","MALAIYARASAN D","KALLAKURICHI","19-Jul-2025","MUNIAN VENKATESAN","Payment Success","374642"
"2883","Tamil Nadu","Installing community drinking water plants","WS/MP18178/2025-2026/225505","SALEM(DISTRICT COLLECTOR SALEM_IDA)","MALAIYARASAN D","KALLAKURICHI","15-Dec-2025","INIYA CONSTRUCTIONS","Payment Success","569386"
"2884","Tamil Nadu","Purchase of non-conventional energy system and devices for community use","WS/MP18178/2025-2026/225506","SALEM(DISTRICT COLLECTOR SALEM_IDA)","MALAIYARASAN D","KALLAKURICHI","15-Dec-2025","INIYA CONSTRUCTIONS","Payment Success","429690"
"2885","Tamil Nadu","Construction of water tanks","WS/MP18394/2025-2026/168181","SALEM(DISTRICT COLLECTOR SALEM_IDA)","V S Matheswaran","NAMAKKAL","19-Dec-2025","R SARAVANAN","Payment Success","1548483"
"2886","Tamil Nadu","Construction of building for artificial insemination and breeding centers","WS/MP18394/2025-2026/168182","SALEM(DISTRICT COLLECTOR SALEM_IDA)","V S Matheswaran","NAMAKKAL","06-Nov-2025","Sengottuvel A","Payment Success","1599520"
"2887","Tamil Nadu","Construction of water tanks","WS/MP18394/2025-2026/172619","SALEM(DISTRICT COLLECTOR SALEM_IDA)","V S Matheswaran","NAMAKKAL","11-Sep-2025","Sengottuvel A","Payment Success","1052845"
"2888","Tamil Nadu","Lighting of public spaces","WS/MP18178/2025-2026/178115","SALEM(DISTRICT COLLECTOR SALEM_IDA)","MALAIYARASAN D","KALLAKURICHI","23-Jul-2026","MUNIAN VENKATESAN","Payment Success","973286"
"2889","Tamil Nadu","Lighting of public spaces","WS/MP18178/2025-2026/178131","SALEM(DISTRICT COLLECTOR SALEM_IDA)","MALAIYARASAN D","KALLAKURICHI","23-Jun-2026","MUNIAN VENKATESAN","Payment Success","466754"
"2890","Tamil Nadu","Lighting of public spaces","WS/MP18178/2026-2027/178133","SALEM(DISTRICT COLLECTOR SALEM_IDA)","MALAIYARASAN D","KALLAKURICHI","23-Jun-2026","MUNIAN VENKATESAN","Payment Success","465582"
"2891","Tamil Nadu","Construction of rooms and halls in school and colleges","WS/MP758/2025-2026/164776","KARUR(DISTRICT COLLECTOR KARUR_IDA)","Smt S Jothimani","KARUR","11-Oct-2025","KAMARAJ S","Payment Success","742140"
"2892","Tamil Nadu","Construction of bus-sheds or bus-stops","WS/MP758/2025-2026/164777","KARUR(DISTRICT COLLECTOR KARUR_IDA)","Smt S Jothimani","KARUR","31-Oct-2025","Kathamuthu Sekar","Payment Success","798705"
"2893","Tamil Nadu","Construction of rooms and halls in school and colleges","WS/MP758/2025-2026/164776","KARUR(DISTRICT COLLECTOR KARUR_IDA)","Smt S Jothimani","KARUR","27-Dec-2025","KAMARAJ S","Payment Success","757480"
"2894","Tamil Nadu","Installing community drinking water plants","WS/MP18175/2025-2026/225187","DHARMAPURI(DISTRICT COLLECTOR DHARMAPURI_IDA)","MANI. A.","DHARAMAPURI","19-Jun-2026","SRI SANKARA CEMENT TILES","Payment Success","999404"
"2895","Tamil Nadu","Installing community drinking water plants","WS/MP18175/2025-2026/225188","DHARMAPURI(DISTRICT COLLECTOR DHARMAPURI_IDA)","MANI. A.","DHARAMAPURI","19-Jun-2026","SRI SANKARA CEMENT TILES","Payment Success","999773"
"2896","Tamil Nadu","Construction of Government office buildings (Post office, Police station, Police chauki, etc.)","WS/MP18175/2025-2026/158070","DHARMAPURI(DISTRICT COLLECTOR DHARMAPURI_IDA)","MANI. A.","DHARAMAPURI","04-Aug-2026","D S AKBAL CIVIL CONSTRUCTION","Payment Success","749247"
"2897","Tamil Nadu","Construction of Government office buildings (Post office, Police station, Police chauki, etc.)","WS/MP18175/2025-2026/149536","DHARMAPURI(DISTRICT COLLECTOR DHARMAPURI_IDA)","MANI. A.","DHARAMAPURI","20-Jun-2025","MGNREGS Convergence Account","Payment Success","1000000"
"2898","Tamil Nadu","Installing community drinking water plants","WS/MP18175/2025-2026/225162","DHARMAPURI(DISTRICT COLLECTOR DHARMAPURI_IDA)","MANI. A.","DHARAMAPURI","20-Mar-2026","SRI SANKARA CEMENT TILES","Payment Success","982229"
"2899","Tamil Nadu","Installing community drinking water plants","WS/MP18175/2025-2026/225193","DHARMAPURI(DISTRICT COLLECTOR DHARMAPURI_IDA)","MANI. A.","DHARAMAPURI","20-Mar-2026","SRI SANKARA CEMENT TILES","Payment Success","991618"
"2900","Tamil Nadu","Installing tube-wells and borewells","WS/MP18175/2025-2026/221063","DHARMAPURI(DISTRICT COLLECTOR DHARMAPURI_IDA)","MANI. A.","DHARAMAPURI","17-Mar-2026","SRI M R CONSTURCTION","Payment Success","349127"
"2901","Tamil Nadu","Lighting of public spaces","WS/MP18175/2025-2026/271001","DHARMAPURI(DISTRICT COLLECTOR DHARMAPURI_IDA)","MANI. A.","DHARAMAPURI","19-Jun-2026","BEST ELECTRICALS","Payment Success","986223"
"2902","Tamil Nadu","Installing tube-wells and borewells","WS/MP18175/2025-2026/199152","DHARMAPURI(DISTRICT COLLECTOR DHARMAPURI_IDA)","MANI. A.","DHARAMAPURI","03-Nov-2025","MVT Gopal","Payment Success","348357"
"2903","Tamil Nadu","Street lights","WS/MP18175/2025-2026/225914","DHARMAPURI(DISTRICT COLLECTOR DHARMAPURI_IDA)","MANI. A.","DHARAMAPURI","29-Apr-2026","QUALITTY ENTERPRISES","Payment Success","2165580"
"2904","Tamil Nadu","Installing community drinking water plants","WS/MP18175/2025-2026/225195","DHARMAPURI(DISTRICT COLLECTOR DHARMAPURI_IDA)","MANI. A.","DHARAMAPURI","14-Mar-2026","SRI SANKARA CEMENT TILES","Payment Success","999036"
"2905","Tamil Nadu","Installing community drinking water plants","WS/MP18175/2025-2026/225221","DHARMAPURI(DISTRICT COLLECTOR DHARMAPURI_IDA)","MANI. A.","DHARAMAPURI","08-Apr-2026","SRI SANKARA CEMENT TILES","Payment Success","999481"
"2906","Tamil Nadu","Lighting of public spaces","WS/MP18175/2025-2026/263177","DHARMAPURI(DISTRICT COLLECTOR DHARMAPURI_IDA)","MANI. A.","DHARAMAPURI","16-Jun-2026","BEST ELECTRICALS","Payment Success","469905"
"2907","Tamil Nadu","Lighting of public spaces","WS/MP18175/2025-2026/263176","DHARMAPURI(DISTRICT COLLECTOR DHARMAPURI_IDA)","MANI. A.","DHARAMAPURI","16-Jun-2026","BEST ELECTRICALS","Payment Success","469905"
"2908","Tamil Nadu","Lighting of public spaces","WS/MP18175/2025-2026/263175","DHARMAPURI(DISTRICT COLLECTOR DHARMAPURI_IDA)","MANI. A.","DHARAMAPURI","16-Jun-2026","BEST ELECTRICALS","Payment Success","469905"
"2909","Tamil Nadu","Lighting of public spaces","WS/MP18175/2025-2026/263174","DHARMAPURI(DISTRICT COLLECTOR DHARMAPURI_IDA)","MANI. A.","DHARAMAPURI","16-Jun-2026","BEST ELECTRICALS","Payment Success","469905"
"2910","Tamil Nadu","Providing CCTV camera system for security of public areas","WS/MP18175/2025-2026/225916","DHARMAPURI(DISTRICT COLLECTOR DHARMAPURI_IDA)","MANI. A.","DHARAMAPURI","12-Jun-2026","READY ELECTRICAL","Payment Success","698800"
"2911","Tamil Nadu","Installing community drinking water plants","WS/MP18175/2025-2026/225911","DHARMAPURI(DISTRICT COLLECTOR DHARMAPURI_IDA)","MANI. A.","DHARAMAPURI","20-Jan-2026","SRI SANKARA CEMENT TILES","Payment Success","799898"
"2912","Tamil Nadu","Installing community drinking water plants","WS/MP18175/2025-2026/225913","DHARMAPURI(DISTRICT COLLECTOR DHARMAPURI_IDA)","MANI. A.","DHARAMAPURI","02-Jan-2026","SRI SANKARA CEMENT TILES","Payment Success","599667"
"2913","Tamil Nadu","Street lights","WS/MP18175/2025-2026/221215","DHARMAPURI(DISTRICT COLLECTOR DHARMAPURI_IDA)","MANI. A.","DHARAMAPURI","24-Jul-2026","QUALITTY ENTERPRISES","Payment Success","523289"
"2914","Tamil Nadu","Street lights","WS/MP18175/2025-2026/221169","DHARMAPURI(DISTRICT COLLECTOR DHARMAPURI_IDA)","MANI. A.","DHARAMAPURI","24-Jul-2026","QUALITTY ENTERPRISES","Payment Success","520395"
"2915","Tamil Nadu","Street lights","WS/MP18175/2025-2026/221157","DHARMAPURI(DISTRICT COLLECTOR DHARMAPURI_IDA)","MANI. A.","DHARAMAPURI","24-Jul-2026","QUALITTY ENTERPRISES","Payment Success","513906"
"2916","Tamil Nadu","Street lights","WS/MP18175/2025-2026/221212","DHARMAPURI(DISTRICT COLLECTOR DHARMAPURI_IDA)","MANI. A.","DHARAMAPURI","24-Jul-2026","QUALITTY ENTERPRISES","Payment Success","516838"
"2917","Tamil Nadu","Street lights","WS/MP18175/2025-2026/221210","DHARMAPURI(DISTRICT COLLECTOR DHARMAPURI_IDA)","MANI. A.","DHARAMAPURI","24-Jul-2026","QUALITTY ENTERPRISES","Payment Success","519360"
"2918","Tamil Nadu","Street lights","WS/MP18175/2025-2026/221211","DHARMAPURI(DISTRICT COLLECTOR DHARMAPURI_IDA)","MANI. A.","DHARAMAPURI","24-Jul-2026","QUALITTY ENTERPRISES","Payment Success","521530"
"2919","Tamil Nadu","Street lights","WS/MP18175/2025-2026/221219","DHARMAPURI(DISTRICT COLLECTOR DHARMAPURI_IDA)","MANI. A.","DHARAMAPURI","24-Jul-2026","QUALITTY ENTERPRISES","Payment Success","517424"
"2920","Tamil Nadu","Street lights","WS/MP18175/2025-2026/221216","DHARMAPURI(DISTRICT COLLECTOR DHARMAPURI_IDA)","MANI. A.","DHARAMAPURI","24-Jul-2026","QUALITTY ENTERPRISES","Payment Success","525047"
"2921","Tamil Nadu","Street lights","WS/MP18175/2025-2026/221213","DHARMAPURI(DISTRICT COLLECTOR DHARMAPURI_IDA)","MANI. A.","DHARAMAPURI","24-Jul-2026","QUALITTY ENTERPRISES","Payment Success","515665"
"2922","Tamil Nadu","Street lights","WS/MP18175/2025-2026/221218","DHARMAPURI(DISTRICT COLLECTOR DHARMAPURI_IDA)","MANI. A.","DHARAMAPURI","24-Jul-2026","QUALITTY ENTERPRISES","Payment Success","521530"
"2923","Tamil Nadu","Street lights","WS/MP18175/2025-2026/221214","DHARMAPURI(DISTRICT COLLECTOR DHARMAPURI_IDA)","MANI. A.","DHARAMAPURI","24-Jul-2026","QUALITTY ENTERPRISES","Payment Success","520357"
"2924","Tamil Nadu","Purchase of hospital equipment","WS/MP18312/2025-2026/224359","TIRUCHIRAPPALLI(DISTRICT COLLECTOR TIRUCHIRAPPALLI_IDA)","DURAI VAIKO","TIRUCHIRAPPALLI","20-Dec-2025","Lotus Medical  Systems","Payment Success","588000"
"2925","Tamil Nadu","Construction of bus-sheds or bus-stops","WS/MP18312/2025-2026/187830","TIRUCHIRAPPALLI(DISTRICT COLLECTOR TIRUCHIRAPPALLI_IDA)","DURAI VAIKO","TIRUCHIRAPPALLI","24-Dec-2025","ASSIF ALI KAMAL BATCHA","Payment Success","598514"
"2926","Tamil Nadu","Construction of bus-sheds or bus-stops","WS/MP870/2025-2026/200499","Tirupathur(District Collector Tirupathur_IDA)","D M Kathir Anand","VELLORE","15-May-2026","SRI NIRANJANI CONSTRUCTION","Payment Success","1100000"
"2927","Tamil Nadu","Construction of bus-sheds or bus-stops","WS/MP870/2025-2026/200498","Tirupathur(District Collector Tirupathur_IDA)","D M Kathir Anand","VELLORE","22-May-2026","SRI NIRANJANI CONSTRUCTION","Payment Success","1100000"
"2928","Tamil Nadu","Construction of buildings for community cultural activities","WS/MP743/2025-2026/152620","Kancheepuram(DISTRICT COLLECTOR KANCHEEPURAM_IDA)","Ganesan Selvam","KANCHEEPURAM(SC)","03-Sep-2025","Kothanda raman D","Payment Success","529811"
"2929","Tamil Nadu","Street lights","WS/MP743/2025-2026/152623","Kancheepuram(DISTRICT COLLECTOR KANCHEEPURAM_IDA)","Ganesan Selvam","KANCHEEPURAM(SC)","11-Jul-2025","T PRABHAKARAN","Payment Success","413502"
"2930","Tamil Nadu","Construction of community centers and community halls","WS/MP743/2025-2026/142089","Kancheepuram(DISTRICT COLLECTOR KANCHEEPURAM_IDA)","Ganesan Selvam","KANCHEEPURAM(SC)","30-May-2025","Devarajan S","Payment Success","944811"
"2931","Tamil Nadu","Construction of buildings for community cultural activities","WS/MP743/2025-2026/152620","Kancheepuram(DISTRICT COLLECTOR KANCHEEPURAM_IDA)","Ganesan Selvam","KANCHEEPURAM(SC)","30-May-2025","Kothanda raman D","Payment Success","949383"
"2932","Tamil Nadu","Construction of bus-sheds or bus-stops","WS/MP870/2025-2026/209593","Tirupathur(District Collector Tirupathur_IDA)","D M Kathir Anand","VELLORE","29-Jul-2026","SSS CONSTRUCTION","Payment Success","585950"
"2933","Tamil Nadu","Construction of bus-sheds or bus-stops","WS/MP870/2025-2026/209595","Tirupathur(District Collector Tirupathur_IDA)","D M Kathir Anand","VELLORE","10-Aug-2026","GANGADURAI CONTRACTOR","Payment Success","585781"
"2934","Tamil Nadu","Construction of bus-sheds or bus-stops","WS/MP870/2025-2026/209593","Tirupathur(District Collector Tirupathur_IDA)","D M Kathir Anand","VELLORE","26-Mar-2026","SSS CONSTRUCTION","Payment Success","509883"
"2935","Tamil Nadu","Construction of bus-sheds or bus-stops","WS/MP870/2025-2026/200527","Tirupathur(District Collector Tirupathur_IDA)","D M Kathir Anand","VELLORE","12-Feb-2026","SSS CONSTRUCTION","Payment Success","520735"
"2936","Tamil Nadu","Construction of roads, link roads, pathways or any other road with or without drainage system","WS/MP508/2025-2026/202697","Tirupathur(District Collector Tirupathur_IDA)","CN Annadurai","TIRUVANNAMALAI","12-Feb-2026","SK INNOVATIONS","Payment Success","399600"
"2937","Tamil Nadu","Construction of roads, link roads, pathways or any other road with or without drainage system","WS/MP508/2025-2026/202695","Tirupathur(District Collector Tirupathur_IDA)","CN Annadurai","TIRUVANNAMALAI","21-Feb-2026","THIRUMOORTHY CONSTRUCTION","Payment Success","399600"
"2938","Tamil Nadu","Construction of bus-sheds or bus-stops","WS/MP870/2025-2026/200525","Tirupathur(District Collector Tirupathur_IDA)","D M Kathir Anand","VELLORE","23-Mar-2026","SSS CONSTRUCTION","Payment Success","600929"
"2939","Tamil Nadu","Construction of bus-sheds or bus-stops","WS/MP870/2025-2026/200527","Tirupathur(District Collector Tirupathur_IDA)","D M Kathir Anand","VELLORE","18-Jun-2026","SSS CONSTRUCTION","Payment Success","515281"
"2940","Tamil Nadu","Construction of bus-sheds or bus-stops","WS/MP870/2025-2026/200526","Tirupathur(District Collector Tirupathur_IDA)","D M Kathir Anand","VELLORE","18-Jun-2026","SSS CONSTRUCTION","Payment Success","539338"
"2941","Tamil Nadu","Construction of bus-sheds or bus-stops","WS/MP870/2025-2026/200523","Tirupathur(District Collector Tirupathur_IDA)","D M Kathir Anand","VELLORE","23-May-2026","GANGADURAI CONTRACTOR","Payment Success","1097655"
"2942","Tamil Nadu","Construction of bus-sheds or bus-stops","WS/MP870/2025-2026/209595","Tirupathur(District Collector Tirupathur_IDA)","D M Kathir Anand","VELLORE","23-May-2026","GANGADURAI CONTRACTOR","Payment Success","512911"
"2943","Tamil Nadu","Construction of bus-sheds or bus-stops","WS/MP870/2025-2026/200526","Tirupathur(District Collector Tirupathur_IDA)","D M Kathir Anand","VELLORE","13-Mar-2026","SSS CONSTRUCTION","Payment Success","511077"
"2944","Tamil Nadu","Construction of roads, link roads, pathways or any other road with or without drainage system","WS/MP508/2025-2026/189219","Tirupathur(District Collector Tirupathur_IDA)","CN Annadurai","TIRUVANNAMALAI","13-Jun-2025","SK INNOVATIONS","Payment Success","299285"
"2945","Tamil Nadu","Construction of bus-sheds or bus-stops","WS/MP870/2025-2026/200525","Tirupathur(District Collector Tirupathur_IDA)","D M Kathir Anand","VELLORE","05-Jan-2026","SSS CONSTRUCTION","Payment Success","496548"
"2946","Tamil Nadu","Construction of roads, link roads, pathways or any other road with or without drainage system","WS/MP508/2025-2026/202696","Tirupathur(District Collector Tirupathur_IDA)","CN Annadurai","TIRUVANNAMALAI","13-Jan-2026","A S T Constructions","Payment Success","399349"
"2947","Tamil Nadu","Construction of bus-sheds or bus-stops","WS/MP508/2025-2026/189218","Tirupathur(District Collector Tirupathur_IDA)","CN Annadurai","TIRUVANNAMALAI","03-Oct-2025","SK INNOVATIONS","Payment Success","499000"
"2948","Tamil Nadu","Street lights","WS/MP508/2025-2026/134707","Tirupathur(District Collector Tirupathur_IDA)","CN Annadurai","TIRUVANNAMALAI","03-Feb-2026","T S SOLAR POWER SYSTEM","Payment Success","434102"
"2949","Tamil Nadu","Construction of roads, link roads, pathways or any other road with or without drainage system","WS/MP508/2025-2026/189208","Tirupathur(District Collector Tirupathur_IDA)","CN Annadurai","TIRUVANNAMALAI","02-Feb-2026","M SARAVANAN","Payment Success","249500"
"2950","Tamil Nadu","Construction of roads, link roads, pathways or any other road with or without drainage system","WS/MP508/2025-2026/189211","Tirupathur(District Collector Tirupathur_IDA)","CN Annadurai","TIRUVANNAMALAI","26-Dec-2025","G VENKATESAN","Payment Success","296380"
"2951","Tamil Nadu","Construction of community centers and community halls","WS/MP508/2025-2026/189210","Tirupathur(District Collector Tirupathur_IDA)","CN Annadurai","TIRUVANNAMALAI","02-Jan-2026","AMUTHA TRADERS","Payment Success","599276"
"2952","Tamil Nadu","Construction of roads, link roads, pathways or any other road with or without drainage system","WS/MP508/2025-2026/189212","Tirupathur(District Collector Tirupathur_IDA)","CN Annadurai","TIRUVANNAMALAI","12-Jun-2025","T ASHOKKUMAR","Payment Success","399928"
"2953","Tamil Nadu","Construction of roads, link roads, pathways or any other road with or without drainage system","WS/MP508/2025-2026/189209","Tirupathur(District Collector Tirupathur_IDA)","CN Annadurai","TIRUVANNAMALAI","08-Aug-2025","Natarajan Mani","Payment Success","249409"
"2954","Tamil Nadu","Construction of roads, link roads, pathways or any other road with or without drainage system","WS/MP508/2025-2026/202700","Tirupathur(District Collector Tirupathur_IDA)","CN Annadurai","TIRUVANNAMALAI","14-Aug-2026","P RAVEENDRAKUMAR","Payment Success","445468"
"2955","Tamil Nadu","Construction of roads, link roads, pathways or any other road with or without drainage system","WS/MP508/2026-2027/202681","Tirupathur(District Collector Tirupathur_IDA)","CN Annadurai","TIRUVANNAMALAI","16-Jul-2026","R Kumar","Payment Success","199800"
"2956","Tamil Nadu","Construction of roads, link roads, pathways or any other road with or without drainage system","WS/MP508/2025-2026/202692","Tirupathur(District Collector Tirupathur_IDA)","CN Annadurai","TIRUVANNAMALAI","25-Mar-2026","VICKRAM ENTERPRISES","Payment Success","398821"
"2957","Tamil Nadu","Construction of roads, link roads, pathways or any other road with or without drainage system","WS/MP508/2025-2026/202685","Tirupathur(District Collector Tirupathur_IDA)","CN Annadurai","TIRUVANNAMALAI","25-Mar-2026","VICKRAM ENTERPRISES","Payment Success","499060"
"2958","Tamil Nadu","Construction of roads, link roads, pathways or any other road with or without drainage system","WS/MP508/2025-2026/189222","Tirupathur(District Collector Tirupathur_IDA)","CN Annadurai","TIRUVANNAMALAI","29-Aug-2025","Dhanapal","Payment Success","400000"
"2959","Tamil Nadu","Construction of roads, link roads, pathways or any other road with or without drainage system","WS/MP508/2025-2026/189225","Tirupathur(District Collector Tirupathur_IDA)","CN Annadurai","TIRUVANNAMALAI","28-Aug-2025","UMA CONSTRUCTION","Payment Success","200000"
"2960","Tamil Nadu","Construction of bus-sheds or bus-stops","WS/MP508/2025-2026/189223","Tirupathur(District Collector Tirupathur_IDA)","CN Annadurai","TIRUVANNAMALAI","14-Nov-2025","Dhanapal","Payment Success","500000"
"2961","Tamil Nadu","Construction of roads, link roads, pathways or any other road with or without drainage system","WS/MP508/2025-2026/202693","Tirupathur(District Collector Tirupathur_IDA)","CN Annadurai","TIRUVANNAMALAI","29-Dec-2025","ETHAYAVANAN D","Payment Success","394863"
"2962","Tamil Nadu","Construction of roads, link roads, pathways or any other road with or without drainage system","WS/MP508/2025-2026/189221","Tirupathur(District Collector Tirupathur_IDA)","CN Annadurai","TIRUVANNAMALAI","03-Jul-2025","VICKRAM ENTERPRISES","Payment Success","360281"
"2963","Tamil Nadu","Construction of roads, link roads, pathways or any other road with or without drainage system","WS/MP508/2025-2026/202682","Tirupathur(District Collector Tirupathur_IDA)","CN Annadurai","TIRUVANNAMALAI","24-Dec-2025","THIRUMOORTHY CONSTRUCTION","Payment Success","299370"
"2964","Tamil Nadu","Construction of roads, link roads, pathways or any other road with or without drainage system","WS/MP508/2025-2026/202683","Tirupathur(District Collector Tirupathur_IDA)","CN Annadurai","TIRUVANNAMALAI","24-Dec-2025","THIRUMOORTHY CONSTRUCTION","Payment Success","349300"
"2965","Tamil Nadu","Construction of roads, link roads, pathways or any other road with or without drainage system","WS/MP508/2025-2026/202688","Tirupathur(District Collector Tirupathur_IDA)","CN Annadurai","TIRUVANNAMALAI","24-Dec-2025","RAVI K","Payment Success","495661"
"2966","Tamil Nadu","Construction of roads, link roads, pathways or any other road with or without drainage system","WS/MP508/2025-2026/202689","Tirupathur(District Collector Tirupathur_IDA)","CN Annadurai","TIRUVANNAMALAI","24-Dec-2025","THIRUMALAI T","Payment Success","395258"
"2967","Tamil Nadu","Construction of roads, link roads, pathways or any other road with or without drainage system","WS/MP508/2025-2026/202684","Tirupathur(District Collector Tirupathur_IDA)","CN Annadurai","TIRUVANNAMALAI","24-Dec-2025","RAMANI CONSTRUCTION","Payment Success","494397"
"2968","Tamil Nadu","Construction of roads, link roads, pathways or any other road with or without drainage system","WS/MP508/2025-2026/202690","Tirupathur(District Collector Tirupathur_IDA)","CN Annadurai","TIRUVANNAMALAI","24-Jan-2026","ETHAYAVANAN D","Payment Success","399609"
"2969","Tamil Nadu","Lighting of public spaces","WS/MP508/2025-2026/195971","Tirupathur(District Collector Tirupathur_IDA)","CN Annadurai","TIRUVANNAMALAI","24-Jan-2026","T S SOLAR POWER SYSTEM","Payment Success","432964"
"2970","Tamil Nadu","Construction of roads, link roads, pathways or any other road with or without drainage system","WS/MP508/2025-2026/202687","Tirupathur(District Collector Tirupathur_IDA)","CN Annadurai","TIRUVANNAMALAI","10-Oct-2025","UMA CONSTRUCTION","Payment Success","500000"
"2971","Tamil Nadu","Construction of roads, link roads, pathways or any other road with or without drainage system","WS/MP508/2025-2026/202680","Tirupathur(District Collector Tirupathur_IDA)","CN Annadurai","TIRUVANNAMALAI","10-Oct-2025","VARATHAN A","Payment Success","700000"
"2972","Tamil Nadu","Construction of rooms and halls in school and colleges","WS/MP508/2025-2026/189220","Tirupathur(District Collector Tirupathur_IDA)","CN Annadurai","TIRUVANNAMALAI","09-Oct-2025","SGS CONSTRUCTION","Payment Success","500000"
"2973","Tamil Nadu","Construction of roads, link roads, pathways or any other road with or without drainage system","WS/MP508/2025-2026/189226","Tirupathur(District Collector Tirupathur_IDA)","CN Annadurai","TIRUVANNAMALAI","10-Nov-2025","UMA CONSTRUCTION","Payment Success","176500"
"2974","Tamil Nadu","Crematoriums/energy efficient crematoriums or structures on burial/cremation ground","WS/MP18384/2025-2026/177828","THIRUVARUR(DISTRICT COLLECTOR THIRUVARUR_IDA)","SELVARAJ V","NAGAPATTINAM(SC)","25-Oct-2025","GANAPATHY","Payment Success","398219"
"2975","Tamil Nadu","Crematoriums/energy efficient crematoriums or structures on burial/cremation ground","WS/MP18384/2025-2026/177830","THIRUVARUR(DISTRICT COLLECTOR THIRUVARUR_IDA)","SELVARAJ V","NAGAPATTINAM(SC)","25-Oct-2025","GANAPATHY","Payment Success","395162"
"2976","Tamil Nadu","Construction of roads, link roads, pathways or any other road with or without drainage system","WS/MP18384/2025-2026/177858","THIRUVARUR(DISTRICT COLLECTOR THIRUVARUR_IDA)","SELVARAJ V","NAGAPATTINAM(SC)","24-Oct-2025","GA CONSTRUCTION PERALAM","Payment Success","1195787"
"2977","Tamil Nadu","Construction of bus-sheds or bus-stops","WS/MP870/2025-2026/200537","VELLORE(DISTRICT COLLECTOR VELLORE_IDA)","D M Kathir Anand","VELLORE","05-Jan-2026","VINAYAGAM ENTERPRISES","Payment Success","1099593"
"2978","Tamil Nadu","Construction of bus-sheds or bus-stops","WS/MP870/2025-2026/209589","VELLORE(DISTRICT COLLECTOR VELLORE_IDA)","D M Kathir Anand","VELLORE","02-Dec-2025","BABU K","Payment Success","1099700"
"2979","Tamil Nadu","Construction of bus-sheds or bus-stops","WS/MP870/2025-2026/200536","VELLORE(DISTRICT COLLECTOR VELLORE_IDA)","D M Kathir Anand","VELLORE","23-Sep-2025","BASKARAN PERUMAL","Payment Success","1099508"
"2980","Tamil Nadu","Construction of bus-sheds or bus-stops","WS/MP870/2025-2026/200534","VELLORE(DISTRICT COLLECTOR VELLORE_IDA)","D M Kathir Anand","VELLORE","25-Sep-2025","VINAYAGAM ENTERPRISES","Payment Success","1099700"
"2981","Tamil Nadu","Construction of bus-sheds or bus-stops","WS/MP870/2025-2026/200535","VELLORE(DISTRICT COLLECTOR VELLORE_IDA)","D M Kathir Anand","VELLORE","25-Sep-2025","VINAYAGAM ENTERPRISES","Payment Success","1099151"
"2982","Tamil Nadu","Construction of bus-sheds or bus-stops","WS/MP870/2025-2026/209588","VELLORE(DISTRICT COLLECTOR VELLORE_IDA)","D M Kathir Anand","VELLORE","14-May-2026","BANUPRIYA TRADERS","Payment Success","1099818"
"2983","Tamil Nadu","Construction of bus-sheds or bus-stops","WS/MP870/2025-2026/200538","VELLORE(DISTRICT COLLECTOR VELLORE_IDA)","D M Kathir Anand","VELLORE","20-Nov-2025","VINAYAGAM ENTERPRISES","Payment Success","1099432"
"2984","Tamil Nadu","Construction of bus-sheds or bus-stops","WS/MP870/2025-2026/200459","VELLORE(DISTRICT COLLECTOR VELLORE_IDA)","D M Kathir Anand","VELLORE","23-Mar-2026","J V Traders","Payment Success","1098671"
"2985","Tamil Nadu","Construction of bus-sheds or bus-stops","WS/MP870/2025-2026/200461","VELLORE(DISTRICT COLLECTOR VELLORE_IDA)","D M Kathir Anand","VELLORE","28-Jul-2026","J V Traders","Payment Success","1096268"
"2986","Tamil Nadu","Construction of bus-sheds or bus-stops","WS/MP870/2025-2026/200463","VELLORE(DISTRICT COLLECTOR VELLORE_IDA)","D M Kathir Anand","VELLORE","10-Aug-2026","KR CONSTRUCTIONS","Payment Success","1099531"
"2987","Tamil Nadu","Construction of bus-sheds or bus-stops","WS/MP870/2025-2026/200462","VELLORE(DISTRICT COLLECTOR VELLORE_IDA)","D M Kathir Anand","VELLORE","03-Aug-2026","SEKARAN VENGADESAN","Payment Success","1099556"
"2988","Tamil Nadu","Construction of bus-sheds or bus-stops","WS/MP870/2025-2026/200564","VELLORE(DISTRICT COLLECTOR VELLORE_IDA)","D M Kathir Anand","VELLORE","03-Aug-2026","R K CONSTRUCTIONS","Payment Success","1099545"
"2989","Tamil Nadu","Construction of bus-sheds or bus-stops","WS/MP870/2025-2026/234808","VELLORE(DISTRICT COLLECTOR VELLORE_IDA)","D M Kathir Anand","VELLORE","03-Aug-2026","K SURESH","Payment Success","1099471"
"2990","Tamil Nadu","Construction of bus-sheds or bus-stops","WS/MP870/2025-2026/200559","VELLORE(DISTRICT COLLECTOR VELLORE_IDA)","D M Kathir Anand","VELLORE","13-Nov-2025","MANI","Payment Success","1099623"
"2991","Tamil Nadu","Construction of water tanks","WS/MP758/2025-2026/200657","KARUR(DISTRICT COLLECTOR KARUR_IDA)","Smt S Jothimani","KARUR","22-Oct-2025","BHARATHI CONSTRUCTION","Payment Success","1655731"
"2992","Tamil Nadu","Construction of bus-sheds or bus-stops","WS/MP758/2025-2026/164210","KARUR(DISTRICT COLLECTOR KARUR_IDA)","Smt S Jothimani","KARUR","11-Nov-2025","Kathamuthu Sekar","Payment Success","799756"
"2993","Tamil Nadu","Construction of bus-sheds or bus-stops","WS/MP758/2025-2026/157290","KARUR(DISTRICT COLLECTOR KARUR_IDA)","Smt S Jothimani","KARUR","11-Nov-2025","Kathamuthu Sekar","Payment Success","799715"
"2994","Tamil Nadu","Construction of bus-sheds or bus-stops","WS/MP758/2025-2026/164211","KARUR(DISTRICT COLLECTOR KARUR_IDA)","Smt S Jothimani","KARUR","17-Sep-2025","Kathamuthu Sekar","Payment Success","799165"
"2995","Tamil Nadu","Construction of bus-sheds or bus-stops","WS/MP18175/2025-2026/221065","DHARMAPURI(DISTRICT COLLECTOR DHARMAPURI_IDA)","MANI. A.","DHARAMAPURI","12-Aug-2026","SVB Builders","Payment Success","749456"
"2996","Tamil Nadu","Street lights","WS/MP18175/2025-2026/221092","DHARMAPURI(DISTRICT COLLECTOR DHARMAPURI_IDA)","MANI. A.","DHARAMAPURI","24-Jun-2026","AYODHYA ENTERPRISES","Payment Success","523243"
"2997","Tamil Nadu","Street lights","WS/MP18175/2025-2026/221091","DHARMAPURI(DISTRICT COLLECTOR DHARMAPURI_IDA)","MANI. A.","DHARAMAPURI","24-Jun-2026","AYODHYA ENTERPRISES","Payment Success","540012"
"2998","Tamil Nadu","Street lights","WS/MP18175/2025-2026/221089","DHARMAPURI(DISTRICT COLLECTOR DHARMAPURI_IDA)","MANI. A.","DHARAMAPURI","23-Jun-2026","AYODHYA ENTERPRISES","Payment Success","521806"
"2999","Tamil Nadu","Street lights","WS/MP18175/2025-2026/221090","DHARMAPURI(DISTRICT COLLECTOR DHARMAPURI_IDA)","MANI. A.","DHARAMAPURI","29-Jun-2026","AYODHYA ENTERPRISES","Payment Success","540012"
"3000","Tamil Nadu","Construction of Government office buildings (Post office, Police station, Police chauki, etc.)","WS/MP18175/2025-2026/199150","DHARMAPURI(DISTRICT COLLECTOR DHARMAPURI_IDA)","MANI. A.","DHARAMAPURI","12-Jan-2026","SRI M R CONSTURCTION","Payment Success","749358"
"3001","Tamil Nadu","Construction of Government office buildings (Post office, Police station, Police chauki, etc.)","WS/MP18175/2025-2026/158071","DHARMAPURI(DISTRICT COLLECTOR DHARMAPURI_IDA)","MANI. A.","DHARAMAPURI","24-Sep-2025","SARITHA S","Payment Success","749592"
"3002","Tamil Nadu","Construction of public libraries and reading rooms","WS/MP758/2025-2026/157287","KARUR(DISTRICT COLLECTOR KARUR_IDA)","Smt S Jothimani","KARUR","04-Oct-2025","AM KUMARAN CONSTRUCTION","Payment Success","722585"
"3003","Tamil Nadu","Construction of public libraries and reading rooms","WS/MP758/2025-2026/157287","KARUR(DISTRICT COLLECTOR KARUR_IDA)","Smt S Jothimani","KARUR","09-Apr-2026","AM KUMARAN CONSTRUCTION","Payment Success","774871"
"3004","Tamil Nadu","Construction of public irrigation facilities","WS/MP870/2025-2026/200572","VELLORE(DISTRICT COLLECTOR VELLORE_IDA)","D M Kathir Anand","VELLORE","25-Sep-2025","Anandha Construction","Payment Success","1598108"
"3005","Tamil Nadu","Construction of water tanks","WS/MP18177/2025-2026/216572","ERODE(DISTRICT_COLLECTORE_ERODE_IDA)","K E PRAKASH","ERODE","27-May-2026","SRI PONKAALIAMMAN INFRA PROJECTS","Payment Success","350000"
"3006","Tamil Nadu","Street lights","WS/MP18177/2024-2025/168460","ERODE(DISTRICT_COLLECTORE_ERODE_IDA)","K E PRAKASH","ERODE","28-Mar-2025","QUALITTY ENTERPRISES","Payment Success","600000"
"3007","Tamil Nadu","Street lights","WS/MP18177/2025-2026/205931","ERODE(DISTRICT_COLLECTORE_ERODE_IDA)","K E PRAKASH","ERODE","13-Oct-2025","QUALITTY ENTERPRISES","Payment Success","450000"
"3008","Tamil Nadu","Street lights","WS/MP18177/2025-2026/205932","ERODE(DISTRICT_COLLECTORE_ERODE_IDA)","K E PRAKASH","ERODE","13-Oct-2025","QUALITTY ENTERPRISES","Payment Success","450000"
"3009","Tamil Nadu","Construction of community centers and community halls","WS/MP18177/2024-2025/168420","ERODE(DISTRICT_COLLECTORE_ERODE_IDA)","K E PRAKASH","ERODE","18-Nov-2025","SRI PONKAALIAMMAN INFRA PROJECTS","Payment Success","1400000"
"3010","Tamil Nadu","Construction of additional rooms and halls in the existing public and community building","WS/MP18177/2025-2026/216743","ERODE(DISTRICT_COLLECTORE_ERODE_IDA)","K E PRAKASH","ERODE","28-Jan-2026","SRI PONKAALIAMMAN INFRA PROJECTS","Payment Success","400000"
"3011","Tamil Nadu","Construction of bus-sheds or bus-stops","WS/MP18182/2026-2027/195620","TENKASI(DISTRICT COLLECTOR TENKASI_IDA)","DR RANI SRI KUMAR","TENKASI(SC)","29-May-2026","RAMASAMY G","Payment Success","799680"
"3012","Tamil Nadu","Construction of bus-sheds or bus-stops","WS/MP18182/2026-2027/195619","TENKASI(DISTRICT COLLECTOR TENKASI_IDA)","DR RANI SRI KUMAR","TENKASI(SC)","12-Jun-2026","RAMASAMY G","Payment Success","799950"
"3013","Tamil Nadu","Construction of roads, link roads, pathways or any other road with or without drainage system","WS/MP18182/2025-2026/214645","TENKASI(DISTRICT COLLECTOR TENKASI_IDA)","DR RANI SRI KUMAR","TENKASI(SC)","09-Oct-2025","RAMASAMY G","Payment Success","999936"
"3014","Tamil Nadu","Street lights","WS/MP18177/2024-2025/168391","ERODE(DISTRICT_COLLECTORE_ERODE_IDA)","K E PRAKASH","ERODE","03-Mar-2025","QUALITTY ENTERPRISES","Payment Success","600000"
"3015","Tamil Nadu","Street lights","WS/MP18177/2024-2025/168394","ERODE(DISTRICT_COLLECTORE_ERODE_IDA)","K E PRAKASH","ERODE","03-Mar-2025","QUALITTY ENTERPRISES","Payment Success","600000"
"3016","Tamil Nadu","Construction of roads, link roads, pathways or any other road with or without drainage system","WS/MP18177/2025-2026/216524","ERODE(DISTRICT_COLLECTORE_ERODE_IDA)","K E PRAKASH","ERODE","22-Oct-2025","C Loganathan","Payment Success","599944"
"3017","Tamil Nadu","Construction of roads, link roads, pathways or any other road with or without drainage system","WS/MP18177/2025-2026/216401","ERODE(DISTRICT_COLLECTORE_ERODE_IDA)","K E PRAKASH","ERODE","17-Dec-2025","C Navaneethakrishnan","Payment Success","988213"
"3018","Tamil Nadu","Purchase of smart boards, visual display units and projectors","WS/MP758/2025-2026/201721","TIRUCHIRAPPALLI(DISTRICT COLLECTOR TIRUCHIRAPPALLI_IDA)","Smt S Jothimani","KARUR","26-Aug-2025","SEIYYON VENTURES","Payment Success","199900"
"3019","Tamil Nadu","Purchase of smart boards, visual display units and projectors","WS/MP758/2025-2026/201722","TIRUCHIRAPPALLI(DISTRICT COLLECTOR TIRUCHIRAPPALLI_IDA)","Smt S Jothimani","KARUR","26-Aug-2025","SEIYYON VENTURES","Payment Success","199900"
"3020","Tamil Nadu","Purchase of hospital equipment","WS/MP758/2025-2026/175011","TIRUCHIRAPPALLI(DISTRICT COLLECTOR TIRUCHIRAPPALLI_IDA)","Smt S Jothimani","KARUR","04-Jul-2025","TRIDENT MEDI CARE","Payment Success","1635000"
"3021","Tamil Nadu","Purchase of smart boards, visual display units and projectors","WS/MP758/2024-2025/164791","TIRUCHIRAPPALLI(DISTRICT COLLECTOR TIRUCHIRAPPALLI_IDA)","Smt S Jothimani","KARUR","27-Mar-2025","SEIYYON VENTURES","Payment Success","999500"
"3022","Tamil Nadu","Construction of buildings for community cultural activities","WS/MP18312/2025-2026/224430","TIRUCHIRAPPALLI(DISTRICT COLLECTOR TIRUCHIRAPPALLI_IDA)","DURAI VAIKO","TIRUCHIRAPPALLI","06-Feb-2026","Sakthivel A","Payment Success","998508"
"3023","Tamil Nadu","Installing tube-wells and borewells","WS/MP18180/2025-2026/231212","TIRUCHIRAPPALLI(DISTRICT COLLECTOR TIRUCHIRAPPALLI_IDA)","ARUN NEHRU","PERAMBALUR","18-Dec-2025","MSS INFRA","Payment Success","599946"
"3024","Tamil Nadu","Construction of rooms and halls in school and colleges","WS/MP18180/2025-2026/143525","TIRUCHIRAPPALLI(DISTRICT COLLECTOR TIRUCHIRAPPALLI_IDA)","ARUN NEHRU","PERAMBALUR","05-Jul-2025","ANNADURAI E","Payment Success","2211213"
"3025","Tamil Nadu","Construction of additional rooms and halls in the existing public and community building","WS/MP18177/2025-2026/216586","ERODE(DISTRICT_COLLECTORE_ERODE_IDA)","K E PRAKASH","ERODE","18-Jun-2026","SRI PONKAALIAMMAN INFRA PROJECTS","Payment Success","2493892"
"3026","Tamil Nadu","Construction of buildings for crèches and anganwadies","WS/MP18177/2025-2026/152629","ERODE(DISTRICT_COLLECTORE_ERODE_IDA)","K E PRAKASH","ERODE","19-Aug-2025","NKT AND CO","Payment Success","626143"
"3027","Tamil Nadu","Street lights","WS/MP18177/2025-2026/205955","ERODE(DISTRICT_COLLECTORE_ERODE_IDA)","K E PRAKASH","ERODE","20-Nov-2025","QUALITTY ENTERPRISES","Payment Success","450000"
"3028","Tamil Nadu","Construction of roads, link roads, pathways or any other road with or without drainage system","WS/MP18177/2025-2026/168461","ERODE(DISTRICT_COLLECTORE_ERODE_IDA)","K E PRAKASH","ERODE","27-May-2025","B S Associates","Payment Success","2000000"
"3029","Tamil Nadu","Street lights","WS/MP18177/2024-2025/149332","ERODE(DISTRICT_COLLECTORE_ERODE_IDA)","K E PRAKASH","ERODE","24-Feb-2025","QUALITTY ENTERPRISES","Payment Success","600000"
"3030","Tamil Nadu","Street lights","WS/MP18177/2024-2025/149334","ERODE(DISTRICT_COLLECTORE_ERODE_IDA)","K E PRAKASH","ERODE","24-Feb-2025","QUALITTY ENTERPRISES","Payment Success","600000"
"3031","Tamil Nadu","Construction of roads, link roads, pathways or any other road with or without drainage system","WS/MP18177/2025-2026/216715","ERODE(DISTRICT_COLLECTORE_ERODE_IDA)","K E PRAKASH","ERODE","23-Dec-2025","M P Constructions","Payment Success","330000"
"3032","Tamil Nadu","Construction of roads, link roads, pathways or any other road with or without drainage system","WS/MP18177/2026-2027/216548","ERODE(DISTRICT_COLLECTORE_ERODE_IDA)","K E PRAKASH","ERODE","15-May-2026","M P Constructions","Payment Success","600000"
"3033","Tamil Nadu","Construction of community centers and community halls","WS/MP18177/2025-2026/216560","ERODE(DISTRICT_COLLECTORE_ERODE_IDA)","K E PRAKASH","ERODE","13-Jul-2026","SRI PONKAALIAMMAN INFRA PROJECTS","Payment Success","1800000"
"3034","Tamil Nadu","Street lights","WS/MP18177/2024-2025/149398","ERODE(DISTRICT_COLLECTORE_ERODE_IDA)","K E PRAKASH","ERODE","07-Mar-2025","QUALITTY ENTERPRISES","Payment Success","600000"
"3035","Tamil Nadu","Street lights","WS/MP18177/2025-2026/205942","ERODE(DISTRICT_COLLECTORE_ERODE_IDA)","K E PRAKASH","ERODE","21-Nov-2025","QUALITTY ENTERPRISES","Payment Success","450000"
"3036","Tamil Nadu","Street lights","WS/MP18177/2025-2026/205914","ERODE(DISTRICT_COLLECTORE_ERODE_IDA)","K E PRAKASH","ERODE","21-Nov-2025","QUALITTY ENTERPRISES","Payment Success","600000"
"3037","Tamil Nadu","Street lights","WS/MP18177/2025-2026/205957","ERODE(DISTRICT_COLLECTORE_ERODE_IDA)","K E PRAKASH","ERODE","21-Nov-2025","QUALITTY ENTERPRISES","Payment Success","450000"
"3038","Tamil Nadu","Street lights","WS/MP18177/2024-2025/149336","ERODE(DISTRICT_COLLECTORE_ERODE_IDA)","K E PRAKASH","ERODE","28-Feb-2025","QUALITTY ENTERPRISES","Payment Success","600000"
"3039","Tamil Nadu","Street lights","WS/MP18177/2025-2026/205941","ERODE(DISTRICT_COLLECTORE_ERODE_IDA)","K E PRAKASH","ERODE","13-Oct-2025","QUALITTY ENTERPRISES","Payment Success","450000"
"3040","Tamil Nadu","Street lights","WS/MP18177/2025-2026/205956","ERODE(DISTRICT_COLLECTORE_ERODE_IDA)","K E PRAKASH","ERODE","13-Oct-2025","QUALITTY ENTERPRISES","Payment Success","450000"
"3041","Tamil Nadu","Construction of community centers and community halls","WS/MP18177/2025-2026/168464","ERODE(DISTRICT_COLLECTORE_ERODE_IDA)","K E PRAKASH","ERODE","16-Dec-2025","APPU CONSTRUCTION","Payment Success","3000000"
"3042","Tamil Nadu","Construction of community centers and community halls","WS/MP740/2025-2026/160526","ERODE(DISTRICT_COLLECTORE_ERODE_IDA)","Andimuthu Raja","NILGIRIS(SC)","19-Aug-2025","AVK AND CO","Payment Success","1230000"
"3043","Tamil Nadu","Street lights","WS/MP18177/2025-2026/205958","ERODE(DISTRICT_COLLECTORE_ERODE_IDA)","K E PRAKASH","ERODE","22-Dec-2025","QUALITTY ENTERPRISES","Payment Success","450000"
"3044","Tamil Nadu","Street lights","WS/MP18177/2025-2026/205959","ERODE(DISTRICT_COLLECTORE_ERODE_IDA)","K E PRAKASH","ERODE","22-Dec-2025","QUALITTY ENTERPRISES","Payment Success","450000"
"3045","Tamil Nadu","Lighting of public spaces","WS/MP745/2025-2026/189031","ERODE(DISTRICT_COLLECTORE_ERODE_IDA)","K Subbarayan","TIRUPPUR","18-Feb-2026","Shree Gukan Construction","Payment Success","500000"
"3046","Tamil Nadu","Construction of water tanks","WS/MP745/2025-2026/189094","ERODE(DISTRICT_COLLECTORE_ERODE_IDA)","K Subbarayan","TIRUPPUR","02-Dec-2025","V K Palanisamy","Payment Success","1200000"
"3047","Tamil Nadu","Lighting of public spaces","WS/MP745/2025-2026/189030","ERODE(DISTRICT_COLLECTORE_ERODE_IDA)","K Subbarayan","TIRUPPUR","10-Nov-2025","KR ENTERPRISES","Payment Success","500000"
"3048","Tamil Nadu","Lighting of public spaces","WS/MP745/2025-2026/189029","ERODE(DISTRICT_COLLECTORE_ERODE_IDA)","K Subbarayan","TIRUPPUR","10-Nov-2025","KR ENTERPRISES","Payment Success","500000"
"3049","Tamil Nadu","Lighting of public spaces","WS/MP745/2025-2026/189028","ERODE(DISTRICT_COLLECTORE_ERODE_IDA)","K Subbarayan","TIRUPPUR","10-Nov-2025","KR ENTERPRISES","Payment Success","500000"
"3050","Tamil Nadu","Lighting of public spaces","WS/MP745/2025-2026/189027","ERODE(DISTRICT_COLLECTORE_ERODE_IDA)","K Subbarayan","TIRUPPUR","10-Nov-2025","KR ENTERPRISES","Payment Success","500000"
"3051","Tamil Nadu","Construction of bus-sheds or bus-stops","WS/MP740/2025-2026/140335","ERODE(DISTRICT_COLLECTORE_ERODE_IDA)","Andimuthu Raja","NILGIRIS(SC)","16-May-2025","R SELVARAJ","Payment Success","500000"
"3052","Tamil Nadu","Construction of water tanks","WS/MP745/2025-2026/146609","ERODE(DISTRICT_COLLECTORE_ERODE_IDA)","K Subbarayan","TIRUPPUR","20-May-2025","SRIDHAR K P","Payment Success","1500000"
"3053","Tamil Nadu","Street lights","WS/MP18177/2025-2026/205715","ERODE(DISTRICT_COLLECTORE_ERODE_IDA)","K E PRAKASH","ERODE","14-Oct-2025","QUALITTY ENTERPRISES","Payment Success","600000"
"3054","Tamil Nadu","Street lights","WS/MP18177/2025-2026/205917","ERODE(DISTRICT_COLLECTORE_ERODE_IDA)","K E PRAKASH","ERODE","14-Oct-2025","QUALITTY ENTERPRISES","Payment Success","450000"
"3055","Tamil Nadu","Street lights","WS/MP18177/2025-2026/205923","ERODE(DISTRICT_COLLECTORE_ERODE_IDA)","K E PRAKASH","ERODE","14-Oct-2025","QUALITTY ENTERPRISES","Payment Success","450000"
"3056","Tamil Nadu","Street lights","WS/MP18177/2025-2026/205937","ERODE(DISTRICT_COLLECTORE_ERODE_IDA)","K E PRAKASH","ERODE","14-Oct-2025","QUALITTY ENTERPRISES","Payment Success","450000"
"3057","Tamil Nadu","Street lights","WS/MP18177/2025-2026/205938","ERODE(DISTRICT_COLLECTORE_ERODE_IDA)","K E PRAKASH","ERODE","14-Oct-2025","QUALITTY ENTERPRISES","Payment Success","450000"
"3058","Tamil Nadu","Street lights","WS/MP18177/2025-2026/205200","ERODE(DISTRICT_COLLECTORE_ERODE_IDA)","K E PRAKASH","ERODE","14-Oct-2025","QUALITTY ENTERPRISES","Payment Success","600000"
"3059","Tamil Nadu","Construction of roads, link roads, pathways or any other road with or without drainage system","WS/MP745/2025-2026/202592","ERODE(DISTRICT_COLLECTORE_ERODE_IDA)","K Subbarayan","TIRUPPUR","01-Sep-2025","K M Palanisamy and Co","Payment Success","1100000"
"3060","Tamil Nadu","Construction of Government office buildings (Post office, Police station, Police chauki, etc.)","WS/MP745/2025-2026/202621","ERODE(DISTRICT_COLLECTORE_ERODE_IDA)","K Subbarayan","TIRUPPUR","02-Mar-2026","Karuppusamy","Payment Success","1500000"
"3061","Tamil Nadu","Street lights","WS/MP18177/2025-2026/205924","ERODE(DISTRICT_COLLECTORE_ERODE_IDA)","K E PRAKASH","ERODE","14-Nov-2025","QUALITTY ENTERPRISES","Payment Success","450000"
"3062","Tamil Nadu","Street lights","WS/MP18177/2025-2026/205925","ERODE(DISTRICT_COLLECTORE_ERODE_IDA)","K E PRAKASH","ERODE","14-Nov-2025","QUALITTY ENTERPRISES","Payment Success","450000"
"3063","Tamil Nadu","Construction of Government office buildings (Post office, Police station, Police chauki, etc.)","WS/MP745/2025-2026/202575","ERODE(DISTRICT_COLLECTORE_ERODE_IDA)","K Subbarayan","TIRUPPUR","21-May-2026","G S Associates","Payment Success","1450000"
"3064","Tamil Nadu","Street lights","WS/MP18177/2025-2026/205953","ERODE(DISTRICT_COLLECTORE_ERODE_IDA)","K E PRAKASH","ERODE","14-Nov-2025","QUALITTY ENTERPRISES","Payment Success","450000"
"3065","Tamil Nadu","Providing drains and gutters for public drainage","WS/MP745/2026-2027/282123","ERODE(DISTRICT_COLLECTORE_ERODE_IDA)","K Subbarayan","TIRUPPUR","21-May-2026","G S Associates","Payment Success","900000"
"3066","Tamil Nadu","Providing drains and gutters for public drainage","WS/MP745/2026-2027/263322","ERODE(DISTRICT_COLLECTORE_ERODE_IDA)","K Subbarayan","TIRUPPUR","18-Jun-2026","RAJENDRAN G","Payment Success","1500000"
"3067","Tamil Nadu","Street lights","WS/MP18177/2025-2026/205934","ERODE(DISTRICT_COLLECTORE_ERODE_IDA)","K E PRAKASH","ERODE","24-Feb-2026","QUALITTY ENTERPRISES","Payment Success","450000"
"3068","Tamil Nadu","Street lights","WS/MP18177/2025-2026/205935","ERODE(DISTRICT_COLLECTORE_ERODE_IDA)","K E PRAKASH","ERODE","17-Dec-2025","QUALITTY ENTERPRISES","Payment Success","442176"
"3069","Tamil Nadu","Street lights","WS/MP18177/2025-2026/205936","ERODE(DISTRICT_COLLECTORE_ERODE_IDA)","K E PRAKASH","ERODE","17-Dec-2025","QUALITTY ENTERPRISES","Payment Success","442480"
"3070","Tamil Nadu","Construction of community centers and community halls","WS/MP740/2025-2026/203995","ERODE(DISTRICT_COLLECTORE_ERODE_IDA)","Andimuthu Raja","NILGIRIS(SC)","03-Mar-2026","V Prathi constructions","Payment Success","1500000"
"3071","Tamil Nadu","Construction of community centers and community halls","WS/MP740/2025-2026/140342","ERODE(DISTRICT_COLLECTORE_ERODE_IDA)","Andimuthu Raja","NILGIRIS(SC)","09-Jun-2025","M MADANKUMAR","Payment Success","1300000"
"3072","Tamil Nadu","Street lights","WS/MP18177/2025-2026/205916","ERODE(DISTRICT_COLLECTORE_ERODE_IDA)","K E PRAKASH","ERODE","26-Feb-2026","QUALITTY ENTERPRISES","Payment Success","450000"
"3073","Tamil Nadu","Street lights","WS/MP18177/2025-2026/205954","ERODE(DISTRICT_COLLECTORE_ERODE_IDA)","K E PRAKASH","ERODE","18-Nov-2025","QUALITTY ENTERPRISES","Payment Success","450000"
"3074","Tamil Nadu","Construction of water tanks","WS/MP18177/2025-2026/152638","ERODE(DISTRICT_COLLECTORE_ERODE_IDA)","K E PRAKASH","ERODE","23-Apr-2025","VETRI ASSOCIATE","Payment Success","1100000"
"3075","Tamil Nadu","Street lights","WS/MP18177/2025-2026/184075","ERODE(DISTRICT_COLLECTORE_ERODE_IDA)","K E PRAKASH","ERODE","04-Apr-2025","QUALITTY ENTERPRISES","Payment Success","600000"
"3076","Tamil Nadu","Construction of roads, link roads, pathways or any other road with or without drainage system","WS/MP18177/2025-2026/216600","ERODE(DISTRICT_COLLECTORE_ERODE_IDA)","K E PRAKASH","ERODE","19-Dec-2025","APPU CONSTRUCTION","Payment Success","1798140"
"3077","Tamil Nadu","Construction of roads, link roads, pathways or any other road with or without drainage system","WS/MP18177/2025-2026/216595","ERODE(DISTRICT_COLLECTORE_ERODE_IDA)","K E PRAKASH","ERODE","12-Jan-2026","V DHAMODHARAN","Payment Success","1100000"
"3078","Tamil Nadu","Construction of community centers and community halls","WS/MP18177/2025-2026/168459","ERODE(DISTRICT_COLLECTORE_ERODE_IDA)","K E PRAKASH","ERODE","20-Feb-2026","SRI PONKAALIAMMAN INFRA PROJECTS","Payment Success","1500000"
"3079","Tamil Nadu","Construction of culverts and bridges","WS/MP18177/2025-2026/216603","ERODE(DISTRICT_COLLECTORE_ERODE_IDA)","K E PRAKASH","ERODE","13-Jul-2026","SRI PONKAALIAMMAN INFRA PROJECTS","Payment Success","650000"
"3080","Tamil Nadu","Construction of roads, link roads, pathways or any other road with or without drainage system","WS/MP18177/2026-2027/247761","ERODE(DISTRICT_COLLECTORE_ERODE_IDA)","K E PRAKASH","ERODE","13-Aug-2026","SRI PONKAALIAMMAN INFRA PROJECTS","Payment Success","1400000"
"3081","Tamil Nadu","Street lights","WS/MP18177/2024-2025/149341","ERODE(DISTRICT_COLLECTORE_ERODE_IDA)","K E PRAKASH","ERODE","02-May-2025","THANGAVAL ELECTRICAL","Payment Success","389353"
"3082","Tamil Nadu","Street lights","WS/MP18177/2024-2025/152635","ERODE(DISTRICT_COLLECTORE_ERODE_IDA)","K E PRAKASH","ERODE","25-Mar-2025","QUALITTY ENTERPRISES","Payment Success","400000"
"3083","Tamil Nadu","Construction of roads, link roads, pathways or any other road with or without drainage system","WS/MP18177/2024-2025/149311","ERODE(DISTRICT_COLLECTORE_ERODE_IDA)","K E PRAKASH","ERODE","15-Mar-2025","TE YELLOW CITY BUILDERS","Payment Success","1800000"
"3084","Tamil Nadu","Street lights","WS/MP18177/2024-2025/152630","ERODE(DISTRICT_COLLECTORE_ERODE_IDA)","K E PRAKASH","ERODE","25-Mar-2025","QUALITTY ENTERPRISES","Payment Success","400000"
"3085","Tamil Nadu","Street lights","WS/MP18177/2024-2025/152631","ERODE(DISTRICT_COLLECTORE_ERODE_IDA)","K E PRAKASH","ERODE","25-Mar-2025","QUALITTY ENTERPRISES","Payment Success","400000"
"3086","Tamil Nadu","Street lights","WS/MP18177/2024-2025/152632","ERODE(DISTRICT_COLLECTORE_ERODE_IDA)","K E PRAKASH","ERODE","25-Mar-2025","QUALITTY ENTERPRISES","Payment Success","400000"
"3087","Tamil Nadu","Street lights","WS/MP18177/2024-2025/152633","ERODE(DISTRICT_COLLECTORE_ERODE_IDA)","K E PRAKASH","ERODE","25-Mar-2025","QUALITTY ENTERPRISES","Payment Success","400000"
"3088","Tamil Nadu","Street lights","WS/MP18177/2024-2025/152634","ERODE(DISTRICT_COLLECTORE_ERODE_IDA)","K E PRAKASH","ERODE","25-Mar-2025","QUALITTY ENTERPRISES","Payment Success","400000"
"3089","Tamil Nadu","Street lights","WS/MP18177/2024-2025/149340","ERODE(DISTRICT_COLLECTORE_ERODE_IDA)","K E PRAKASH","ERODE","08-Jul-2025","THANGAVAL ELECTRICAL","Payment Success","400000"
"3090","Tamil Nadu","Street lights","WS/MP18177/2024-2025/149339","ERODE(DISTRICT_COLLECTORE_ERODE_IDA)","K E PRAKASH","ERODE","08-Jul-2025","THANGAVAL ELECTRICAL","Payment Success","400000"
"3091","Tamil Nadu","Street lights","WS/MP18177/2024-2025/168453","ERODE(DISTRICT_COLLECTORE_ERODE_IDA)","K E PRAKASH","ERODE","21-Jul-2025","LEO FORSE LED LIGHTS","Payment Success","953186"
"3092","Tamil Nadu","Street lights","WS/MP18177/2024-2025/168456","ERODE(DISTRICT_COLLECTORE_ERODE_IDA)","K E PRAKASH","ERODE","29-Jul-2025","PALAIAPPA MOTOR WORK AND PIPES","Payment Success","399783"
"3093","Tamil Nadu","Purchase of furniture and fixtures for educational purposes","WS/MP18177/2025-2026/216385","ERODE(DISTRICT_COLLECTORE_ERODE_IDA)","K E PRAKASH","ERODE","13-Oct-2025","TANSI PROJECT CELL ERODE","Payment Success","118000"
"3094","Tamil Nadu","Street lights","WS/MP18177/2025-2026/207733","ERODE(DISTRICT_COLLECTORE_ERODE_IDA)","K E PRAKASH","ERODE","22-Jan-2026","QUALITTY ENTERPRISES","Payment Success","450000"
"3095","Tamil Nadu","Street lights","WS/MP18177/2025-2026/207734","ERODE(DISTRICT_COLLECTORE_ERODE_IDA)","K E PRAKASH","ERODE","22-Jan-2026","QUALITTY ENTERPRISES","Payment Success","450000"
"3096","Tamil Nadu","Street lights","WS/MP18177/2025-2026/207735","ERODE(DISTRICT_COLLECTORE_ERODE_IDA)","K E PRAKASH","ERODE","22-Jan-2026","QUALITTY ENTERPRISES","Payment Success","450000"
"3097","Tamil Nadu","Street lights","WS/MP18177/2025-2026/207736","ERODE(DISTRICT_COLLECTORE_ERODE_IDA)","K E PRAKASH","ERODE","22-Jan-2026","QUALITTY ENTERPRISES","Payment Success","450000"
"3098","Tamil Nadu","Street lights","WS/MP18177/2025-2026/207737","ERODE(DISTRICT_COLLECTORE_ERODE_IDA)","K E PRAKASH","ERODE","22-Jan-2026","QUALITTY ENTERPRISES","Payment Success","450000"
"3099","Tamil Nadu","Street lights","WS/MP18177/2025-2026/207740","ERODE(DISTRICT_COLLECTORE_ERODE_IDA)","K E PRAKASH","ERODE","22-Jan-2026","QUALITTY ENTERPRISES","Payment Success","450000"
"3100","Tamil Nadu","Street lights","WS/MP18177/2025-2026/207741","ERODE(DISTRICT_COLLECTORE_ERODE_IDA)","K E PRAKASH","ERODE","22-Jan-2026","QUALITTY ENTERPRISES","Payment Success","450000"
"3101","Tamil Nadu","Street lights","WS/MP18177/2025-2026/207742","ERODE(DISTRICT_COLLECTORE_ERODE_IDA)","K E PRAKASH","ERODE","22-Jan-2026","QUALITTY ENTERPRISES","Payment Success","450000"
"3102","Tamil Nadu","Purchase of furniture and fixtures for educational purposes","WS/MP18394/2025-2026/209301","SALEM(DISTRICT COLLECTOR SALEM_IDA)","V S Matheswaran","NAMAKKAL","12-Feb-2026","Hindusthan Power Technology","Payment Success","1498600"
"3103","Tamil Nadu","Purchase of furniture and fixtures for educational purposes","WS/MP18175/2025-2026/208929","SALEM(DISTRICT COLLECTOR SALEM_IDA)","MANI. A.","DHARAMAPURI","05-Feb-2026","SUCCESS ASSOCIATES","Payment Success","1250000"
"3104","Tamil Nadu","Purchase of furniture and fixtures for educational purposes","WS/MP18175/2025-2026/208930","SALEM(DISTRICT COLLECTOR SALEM_IDA)","MANI. A.","DHARAMAPURI","05-Feb-2026","SUCCESS ASSOCIATES","Payment Success","1250000"
"3105","Tamil Nadu","Purchase of furniture and fixtures for educational purposes","WS/MP18175/2025-2026/208931","SALEM(DISTRICT COLLECTOR SALEM_IDA)","MANI. A.","DHARAMAPURI","05-Feb-2026","SUCCESS ASSOCIATES","Payment Success","1250000"
"3106","Tamil Nadu","Purchase of smart boards, visual display units and projectors","WS/MP18175/2025-2026/210963","SALEM(DISTRICT COLLECTOR SALEM_IDA)","MANI. A.","DHARAMAPURI","10-Oct-2025","SUCCESS ASSOCIATES","Payment Success","200000"
"3107","Tamil Nadu","Purchase of smart boards, visual display units and projectors","WS/MP18175/2025-2026/210962","SALEM(DISTRICT COLLECTOR SALEM_IDA)","MANI. A.","DHARAMAPURI","10-Oct-2025","SUCCESS ASSOCIATES","Payment Success","200000"
"3108","Tamil Nadu","Purchase of smart boards, visual display units and projectors","WS/MP18175/2025-2026/210961","SALEM(DISTRICT COLLECTOR SALEM_IDA)","MANI. A.","DHARAMAPURI","10-Oct-2025","SUCCESS ASSOCIATES","Payment Success","200000"
"3109","Tamil Nadu","Purchase of smart boards, visual display units and projectors","WS/MP18175/2025-2026/210960","SALEM(DISTRICT COLLECTOR SALEM_IDA)","MANI. A.","DHARAMAPURI","10-Oct-2025","SUCCESS ASSOCIATES","Payment Success","200000"
"3110","Tamil Nadu","Purchase of smart boards, visual display units and projectors","WS/MP18178/2025-2026/218119","SALEM(DISTRICT COLLECTOR SALEM_IDA)","MALAIYARASAN D","KALLAKURICHI","10-Oct-2025","MUNIAN VENKATESAN","Payment Success","234800"
"3111","Tamil Nadu","Purchase of smart boards, visual display units and projectors","WS/MP18175/2025-2026/210964","SALEM(DISTRICT COLLECTOR SALEM_IDA)","MANI. A.","DHARAMAPURI","10-Oct-2025","SUCCESS ASSOCIATES","Payment Success","200000"
"3112","Tamil Nadu","Purchase of smart boards, visual display units and projectors","WS/MP18178/2025-2026/218117","SALEM(DISTRICT COLLECTOR SALEM_IDA)","MALAIYARASAN D","KALLAKURICHI","10-Oct-2025","MUNIAN VENKATESAN","Payment Success","234800"
"3113","Tamil Nadu","Purchase of smart boards, visual display units and projectors","WS/MP18178/2025-2026/218116","SALEM(DISTRICT COLLECTOR SALEM_IDA)","MALAIYARASAN D","KALLAKURICHI","10-Oct-2025","MUNIAN VENKATESAN","Payment Success","234800"
"3114","Tamil Nadu","Purchase of smart boards, visual display units and projectors","WS/MP18178/2025-2026/218114","SALEM(DISTRICT COLLECTOR SALEM_IDA)","MALAIYARASAN D","KALLAKURICHI","10-Oct-2025","MUNIAN VENKATESAN","Payment Success","234800"
"3115","Tamil Nadu","Purchase of smart boards, visual display units and projectors","WS/MP18178/2025-2026/218113","SALEM(DISTRICT COLLECTOR SALEM_IDA)","MALAIYARASAN D","KALLAKURICHI","10-Oct-2025","MUNIAN VENKATESAN","Payment Success","234800"
"3116","Tamil Nadu","Purchase of smart boards, visual display units and projectors","WS/MP18178/2025-2026/218112","SALEM(DISTRICT COLLECTOR SALEM_IDA)","MALAIYARASAN D","KALLAKURICHI","10-Oct-2025","MUNIAN VENKATESAN","Payment Success","234800"
"3117","Tamil Nadu","Purchase of smart boards, visual display units and projectors","WS/MP18178/2025-2026/218109","SALEM(DISTRICT COLLECTOR SALEM_IDA)","MALAIYARASAN D","KALLAKURICHI","10-Oct-2025","MUNIAN VENKATESAN","Payment Success","234800"
"3118","Tamil Nadu","Purchase of smart boards, visual display units and projectors","WS/MP18178/2025-2026/218073","SALEM(DISTRICT COLLECTOR SALEM_IDA)","MALAIYARASAN D","KALLAKURICHI","10-Oct-2025","MUNIAN VENKATESAN","Payment Success","234800"
"3119","Tamil Nadu","Purchase of smart boards, visual display units and projectors","WS/MP18178/2025-2026/218072","SALEM(DISTRICT COLLECTOR SALEM_IDA)","MALAIYARASAN D","KALLAKURICHI","10-Oct-2025","MUNIAN VENKATESAN","Payment Success","234800"
"3120","Tamil Nadu","Purchase of smart boards, visual display units and projectors","WS/MP18178/2025-2026/218067","SALEM(DISTRICT COLLECTOR SALEM_IDA)","MALAIYARASAN D","KALLAKURICHI","10-Oct-2025","MUNIAN VENKATESAN","Payment Success","234800"
"3121","Tamil Nadu","Purchase of smart boards, visual display units and projectors","WS/MP18178/2025-2026/218066","SALEM(DISTRICT COLLECTOR SALEM_IDA)","MALAIYARASAN D","KALLAKURICHI","10-Oct-2025","MUNIAN VENKATESAN","Payment Success","234800"
"3122","Tamil Nadu","Purchase of smart boards, visual display units and projectors","WS/MP18175/2025-2026/210968","SALEM(DISTRICT COLLECTOR SALEM_IDA)","MANI. A.","DHARAMAPURI","14-Oct-2025","SUCCESS ASSOCIATES","Payment Success","200000"
"3123","Tamil Nadu","Purchase of smart boards, visual display units and projectors","WS/MP18175/2025-2026/210965","SALEM(DISTRICT COLLECTOR SALEM_IDA)","MANI. A.","DHARAMAPURI","14-Oct-2025","SUCCESS ASSOCIATES","Payment Success","200000"
"3124","Tamil Nadu","Purchase of smart boards, visual display units and projectors","WS/MP18178/2025-2026/218080","SALEM(DISTRICT COLLECTOR SALEM_IDA)","MALAIYARASAN D","KALLAKURICHI","10-Oct-2025","VEENUS ENTERPRISES","Payment Success","234800"
"3125","Tamil Nadu","Purchase of smart boards, visual display units and projectors","WS/MP18178/2025-2026/218065","SALEM(DISTRICT COLLECTOR SALEM_IDA)","MALAIYARASAN D","KALLAKURICHI","10-Oct-2025","VEENUS ENTERPRISES","Payment Success","234800"
"3126","Tamil Nadu","Purchase of smart boards, visual display units and projectors","WS/MP18178/2025-2026/218074","SALEM(DISTRICT COLLECTOR SALEM_IDA)","MALAIYARASAN D","KALLAKURICHI","10-Oct-2025","VEENUS ENTERPRISES","Payment Success","234800"
"3127","Tamil Nadu","Purchase of smart boards, visual display units and projectors","WS/MP18178/2025-2026/218076","SALEM(DISTRICT COLLECTOR SALEM_IDA)","MALAIYARASAN D","KALLAKURICHI","10-Oct-2025","VEENUS ENTERPRISES","Payment Success","234800"
"3128","Tamil Nadu","Purchase of smart boards, visual display units and projectors","WS/MP18178/2025-2026/218071","SALEM(DISTRICT COLLECTOR SALEM_IDA)","MALAIYARASAN D","KALLAKURICHI","13-Oct-2025","MUNIAN VENKATESAN","Payment Success","234800"
"3129","Tamil Nadu","Purchase of smart boards, visual display units and projectors","WS/MP18178/2025-2026/218087","SALEM(DISTRICT COLLECTOR SALEM_IDA)","MALAIYARASAN D","KALLAKURICHI","11-Oct-2025","SRI SRINIVASA ENTERPRISE","Payment Success","234800"
"3130","Tamil Nadu","Purchase of smart boards, visual display units and projectors","WS/MP18178/2025-2026/218091","SALEM(DISTRICT COLLECTOR SALEM_IDA)","MALAIYARASAN D","KALLAKURICHI","11-Oct-2025","SRI SRINIVASA ENTERPRISE","Payment Success","234800"
"3131","Tamil Nadu","Purchase of smart boards, visual display units and projectors","WS/MP18178/2025-2026/218092","SALEM(DISTRICT COLLECTOR SALEM_IDA)","MALAIYARASAN D","KALLAKURICHI","11-Oct-2025","SRI SRINIVASA ENTERPRISE","Payment Success","234800"
"3132","Tamil Nadu","Purchase of smart boards, visual display units and projectors","WS/MP18178/2025-2026/218121","SALEM(DISTRICT COLLECTOR SALEM_IDA)","MALAIYARASAN D","KALLAKURICHI","11-Oct-2025","SRI SRINIVASA ENTERPRISE","Payment Success","234800"
"3133","Tamil Nadu","Purchase of smart boards, visual display units and projectors","WS/MP18178/2025-2026/218093","SALEM(DISTRICT COLLECTOR SALEM_IDA)","MALAIYARASAN D","KALLAKURICHI","11-Oct-2025","VEENUS ENTERPRISES","Payment Success","234800"
"3134","Tamil Nadu","Purchase of smart boards, visual display units and projectors","WS/MP18178/2025-2026/218077","SALEM(DISTRICT COLLECTOR SALEM_IDA)","MALAIYARASAN D","KALLAKURICHI","10-Oct-2025","VEENUS ENTERPRISES","Payment Success","234800"
"3135","Tamil Nadu","Purchase of smart boards, visual display units and projectors","WS/MP18178/2025-2026/218081","SALEM(DISTRICT COLLECTOR SALEM_IDA)","MALAIYARASAN D","KALLAKURICHI","11-Oct-2025","VEENUS ENTERPRISES","Payment Success","234800"
"3136","Tamil Nadu","Purchase of smart boards, visual display units and projectors","WS/MP18178/2025-2026/218108","SALEM(DISTRICT COLLECTOR SALEM_IDA)","MALAIYARASAN D","KALLAKURICHI","11-Oct-2025","VEENUS ENTERPRISES","Payment Success","234800"
"3137","Tamil Nadu","Purchase of smart boards, visual display units and projectors","WS/MP18178/2025-2026/218107","SALEM(DISTRICT COLLECTOR SALEM_IDA)","MALAIYARASAN D","KALLAKURICHI","11-Oct-2025","VEENUS ENTERPRISES","Payment Success","234800"
"3138","Tamil Nadu","Purchase of smart boards, visual display units and projectors","WS/MP18178/2025-2026/218082","SALEM(DISTRICT COLLECTOR SALEM_IDA)","MALAIYARASAN D","KALLAKURICHI","12-Oct-2025","SRI SRINIVASA ENTERPRISE","Payment Success","234800"
"3139","Tamil Nadu","Purchase of smart boards, visual display units and projectors","WS/MP18178/2025-2026/218085","SALEM(DISTRICT COLLECTOR SALEM_IDA)","MALAIYARASAN D","KALLAKURICHI","12-Oct-2025","SRI SRINIVASA ENTERPRISE","Payment Success","234800"
"3140","Tamil Nadu","Purchase of smart boards, visual display units and projectors","WS/MP18178/2025-2026/218086","SALEM(DISTRICT COLLECTOR SALEM_IDA)","MALAIYARASAN D","KALLAKURICHI","12-Oct-2025","SRI SRINIVASA ENTERPRISE","Payment Success","234800"
"3141","Tamil Nadu","Purchase of smart boards, visual display units and projectors","WS/MP18175/2025-2026/210966","SALEM(DISTRICT COLLECTOR SALEM_IDA)","MANI. A.","DHARAMAPURI","12-Oct-2025","SUCCESS ASSOCIATES","Payment Success","200000"
"3142","Tamil Nadu","Purchase of smart boards, visual display units and projectors","WS/MP18175/2025-2026/210967","SALEM(DISTRICT COLLECTOR SALEM_IDA)","MANI. A.","DHARAMAPURI","12-Oct-2025","SUCCESS ASSOCIATES","Payment Success","200000"
"3143","Tamil Nadu","Purchase of smart boards, visual display units and projectors","WS/MP18175/2025-2026/210969","SALEM(DISTRICT COLLECTOR SALEM_IDA)","MANI. A.","DHARAMAPURI","12-Oct-2025","SUCCESS ASSOCIATES","Payment Success","200000"
"3144","Tamil Nadu","Purchase of smart boards, visual display units and projectors","WS/MP18175/2025-2026/210977","SALEM(DISTRICT COLLECTOR SALEM_IDA)","MANI. A.","DHARAMAPURI","12-Oct-2025","SUCCESS ASSOCIATES","Payment Success","200000"
"3145","Tamil Nadu","Purchase of smart boards, visual display units and projectors","WS/MP18175/2025-2026/210978","SALEM(DISTRICT COLLECTOR SALEM_IDA)","MANI. A.","DHARAMAPURI","12-Oct-2025","SUCCESS ASSOCIATES","Payment Success","200000"
"3146","Tamil Nadu","Purchase of smart boards, visual display units and projectors","WS/MP18175/2025-2026/210979","SALEM(DISTRICT COLLECTOR SALEM_IDA)","MANI. A.","DHARAMAPURI","12-Oct-2025","SUCCESS ASSOCIATES","Payment Success","200000"
"3147","Tamil Nadu","Purchase of smart boards, visual display units and projectors","WS/MP18175/2025-2026/210980","SALEM(DISTRICT COLLECTOR SALEM_IDA)","MANI. A.","DHARAMAPURI","12-Oct-2025","SUCCESS ASSOCIATES","Payment Success","200000"
"3148","Tamil Nadu","Purchase of smart boards, visual display units and projectors","WS/MP18175/2025-2026/210981","SALEM(DISTRICT COLLECTOR SALEM_IDA)","MANI. A.","DHARAMAPURI","12-Oct-2025","SUCCESS ASSOCIATES","Payment Success","200000"
"3149","Tamil Nadu","Purchase of smart boards, visual display units and projectors","WS/MP18175/2025-2026/210982","SALEM(DISTRICT COLLECTOR SALEM_IDA)","MANI. A.","DHARAMAPURI","12-Oct-2025","SUCCESS ASSOCIATES","Payment Success","200000"
"3150","Tamil Nadu","Purchase of smart boards, visual display units and projectors","WS/MP18175/2025-2026/210983","SALEM(DISTRICT COLLECTOR SALEM_IDA)","MANI. A.","DHARAMAPURI","12-Oct-2025","SUCCESS ASSOCIATES","Payment Success","200000"
"3151","Tamil Nadu","Purchase of smart boards, visual display units and projectors","WS/MP18175/2025-2026/210984","SALEM(DISTRICT COLLECTOR SALEM_IDA)","MANI. A.","DHARAMAPURI","12-Oct-2025","SUCCESS ASSOCIATES","Payment Success","200000"
"3152","Tamil Nadu","Purchase of smart boards, visual display units and projectors","WS/MP18175/2025-2026/210985","SALEM(DISTRICT COLLECTOR SALEM_IDA)","MANI. A.","DHARAMAPURI","12-Oct-2025","SUCCESS ASSOCIATES","Payment Success","200000"
"3153","Tamil Nadu","Purchase of smart boards, visual display units and projectors","WS/MP18175/2025-2026/210986","SALEM(DISTRICT COLLECTOR SALEM_IDA)","MANI. A.","DHARAMAPURI","12-Oct-2025","SUCCESS ASSOCIATES","Payment Success","200000"
"3154","Tamil Nadu","Purchase of smart boards, visual display units and projectors","WS/MP18178/2025-2026/218122","SALEM(DISTRICT COLLECTOR SALEM_IDA)","MALAIYARASAN D","KALLAKURICHI","15-Oct-2025","SRI SRINIVASA ENTERPRISE","Payment Success","234800"
"3155","Tamil Nadu","Lighting of public spaces","WS/MP751/2025-2026/206208","MADURAI(DISTRICT COLLECTOR MADURAI_IDA)","S Venkatesan","MADURAI","18-Feb-2026","N K MARI","Payment Success","397660"
"3156","Tamil Nadu","Installing tube-wells and borewells","WS/MP751/2025-2026/236739","MADURAI(DISTRICT COLLECTOR MADURAI_IDA)","S Venkatesan","MADURAI","22-Jul-2026","Shanmugapriyan M","Payment Success","277678"
"3157","Tamil Nadu","Installing tube-wells and borewells","WS/MP751/2025-2026/236738","MADURAI(DISTRICT COLLECTOR MADURAI_IDA)","S Venkatesan","MADURAI","22-Jul-2026","Shanmugapriyan M","Payment Success","277449"
"3158","Tamil Nadu","Construction of community centers and community halls","WS/MP751/2026-2027/237065","MADURAI(DISTRICT COLLECTOR MADURAI_IDA)","S Venkatesan","MADURAI","22-Jul-2026","SATHEESH R","Payment Success","1398360"
"3159","Tamil Nadu","Installing tube-wells and borewells","WS/MP751/2026-2027/236746","MADURAI(DISTRICT COLLECTOR MADURAI_IDA)","S Venkatesan","MADURAI","28-Jul-2026","MURUGAN P","Payment Success","399555"
"3160","Tamil Nadu","Installing tube-wells and borewells","WS/MP751/2025-2026/236747","MADURAI(DISTRICT COLLECTOR MADURAI_IDA)","S Venkatesan","MADURAI","10-Mar-2026","POONKODI G","Payment Success","299517"
"3161","Tamil Nadu","Construction of roads, link roads, pathways or any other road with or without drainage system","WS/MP751/2025-2026/236745","MADURAI(DISTRICT COLLECTOR MADURAI_IDA)","S Venkatesan","MADURAI","13-Mar-2026","POONKODI G","Payment Success","499419"
"3162","Tamil Nadu","Lighting of public spaces","WS/MP751/2025-2026/206209","MADURAI(DISTRICT COLLECTOR MADURAI_IDA)","S Venkatesan","MADURAI","17-Feb-2026","N K MARI","Payment Success","397660"
"3163","Tamil Nadu","Installing tube-wells and borewells","WS/MP751/2025-2026/206210","MADURAI(DISTRICT COLLECTOR MADURAI_IDA)","S Venkatesan","MADURAI","31-Oct-2025","Pavithra A","Payment Success","399512"
"3164","Tamil Nadu","Lighting of public spaces","WS/MP18182/2025-2026/214656","TENKASI(DISTRICT COLLECTOR TENKASI_IDA)","DR RANI SRI KUMAR","TENKASI(SC)","21-Feb-2026","KATHIRESAN THANGAVEL NADAR","Payment Success","417005"
"3165","Tamil Nadu","Lighting of public spaces","WS/MP18182/2025-2026/214655","TENKASI(DISTRICT COLLECTOR TENKASI_IDA)","DR RANI SRI KUMAR","TENKASI(SC)","21-Feb-2026","KATHIRESAN THANGAVEL NADAR","Payment Success","417005"
"3166","Tamil Nadu","Lighting of public spaces","WS/MP18182/2025-2026/214654","TENKASI(DISTRICT COLLECTOR TENKASI_IDA)","DR RANI SRI KUMAR","TENKASI(SC)","21-Feb-2026","KATHIRESAN THANGAVEL NADAR","Payment Success","417005"
"3167","Tamil Nadu","Lighting of public spaces","WS/MP18182/2025-2026/214659","TENKASI(DISTRICT COLLECTOR TENKASI_IDA)","DR RANI SRI KUMAR","TENKASI(SC)","21-Feb-2026","KATHIRESAN THANGAVEL NADAR","Payment Success","417005"
"3168","Tamil Nadu","Lighting of public spaces","WS/MP18182/2025-2026/214658","TENKASI(DISTRICT COLLECTOR TENKASI_IDA)","DR RANI SRI KUMAR","TENKASI(SC)","21-Feb-2026","KATHIRESAN THANGAVEL NADAR","Payment Success","417005"
"3169","Tamil Nadu","Lighting of public spaces","WS/MP18182/2025-2026/214657","TENKASI(DISTRICT COLLECTOR TENKASI_IDA)","DR RANI SRI KUMAR","TENKASI(SC)","21-Feb-2026","KATHIRESAN THANGAVEL NADAR","Payment Success","417005"
"3170","Tamil Nadu","Lighting of public spaces","WS/MP18182/2025-2026/214648","TENKASI(DISTRICT COLLECTOR TENKASI_IDA)","DR RANI SRI KUMAR","TENKASI(SC)","13-Jan-2026","KATHIRESAN THANGAVEL NADAR","Payment Success","417005"
"3171","Tamil Nadu","Lighting of public spaces","WS/MP18182/2025-2026/214652","TENKASI(DISTRICT COLLECTOR TENKASI_IDA)","DR RANI SRI KUMAR","TENKASI(SC)","13-Jan-2026","KATHIRESAN THANGAVEL NADAR","Payment Success","417005"
"3172","Tamil Nadu","Lighting of public spaces","WS/MP18182/2025-2026/214651","TENKASI(DISTRICT COLLECTOR TENKASI_IDA)","DR RANI SRI KUMAR","TENKASI(SC)","13-Jan-2026","KATHIRESAN THANGAVEL NADAR","Payment Success","417005"
"3173","Tamil Nadu","Lighting of public spaces","WS/MP18182/2025-2026/214650","TENKASI(DISTRICT COLLECTOR TENKASI_IDA)","DR RANI SRI KUMAR","TENKASI(SC)","13-Jan-2026","KATHIRESAN THANGAVEL NADAR","Payment Success","417005"
"3174","Tamil Nadu","Lighting of public spaces","WS/MP18182/2025-2026/214649","TENKASI(DISTRICT COLLECTOR TENKASI_IDA)","DR RANI SRI KUMAR","TENKASI(SC)","13-Jan-2026","KATHIRESAN THANGAVEL NADAR","Payment Success","417005"
"3175","Tamil Nadu","Lighting of public spaces","WS/MP18173/2025-2026/196667","TIRUVANNAMALAI(DISTRICT COLLECTOR TIRUVANNAMALAI_IDA)","THARANIVENTHAN M S","ARANI","26-Sep-2025","RAK INDUSTRIES","Payment Success","550000"
"3176","Tamil Nadu","Construction of roads, link roads, pathways or any other road with or without drainage system","WS/MP18173/2025-2026/211100","TIRUVANNAMALAI(DISTRICT COLLECTOR TIRUVANNAMALAI_IDA)","THARANIVENTHAN M S","ARANI","22-Oct-2025","Sri Sakthi Enterprises","Payment Success","499701"
"3177","Tamil Nadu","Lighting of public spaces","WS/MP18173/2025-2026/232604","TIRUVANNAMALAI(DISTRICT COLLECTOR TIRUVANNAMALAI_IDA)","THARANIVENTHAN M S","ARANI","25-Nov-2025","RAK INDUSTRIES","Payment Success","550000"
"3178","Tamil Nadu","Construction of roads, link roads, pathways or any other road with or without drainage system","WS/MP18173/2024-2025/137920","TIRUVANNAMALAI(DISTRICT COLLECTOR TIRUVANNAMALAI_IDA)","THARANIVENTHAN M S","ARANI","20-Dec-2024","KUMARAN S","Payment Success","299880"
"3179","Tamil Nadu","Construction of roads, link roads, pathways or any other road with or without drainage system","WS/MP18173/2024-2025/137918","TIRUVANNAMALAI(DISTRICT COLLECTOR TIRUVANNAMALAI_IDA)","THARANIVENTHAN M S","ARANI","28-Jan-2025","KUMARAN S","Payment Success","499500"
"3180","Tamil Nadu","Construction of roads, link roads, pathways or any other road with or without drainage system","WS/MP18173/2024-2025/137919","TIRUVANNAMALAI(DISTRICT COLLECTOR TIRUVANNAMALAI_IDA)","THARANIVENTHAN M S","ARANI","11-Mar-2025","KUMARAN S","Payment Success","499601"
"3181","Tamil Nadu","Lighting of public spaces","WS/MP18173/2024-2025/147837","TIRUVANNAMALAI(DISTRICT COLLECTOR TIRUVANNAMALAI_IDA)","THARANIVENTHAN M S","ARANI","16-May-2025","Royal Furniture Electricals","Payment Success","300000"
"3182","Tamil Nadu","Lighting of public spaces","WS/MP18173/2024-2025/147836","TIRUVANNAMALAI(DISTRICT COLLECTOR TIRUVANNAMALAI_IDA)","THARANIVENTHAN M S","ARANI","16-May-2025","Royal Furniture Electricals","Payment Success","300000"
"3183","Tamil Nadu","Construction of roads, link roads, pathways or any other road with or without drainage system","WS/MP18173/2024-2025/137917","TIRUVANNAMALAI(DISTRICT COLLECTOR TIRUVANNAMALAI_IDA)","THARANIVENTHAN M S","ARANI","26-Mar-2025","R PANDIYAN","Payment Success","299814"
"3184","Tamil Nadu","Construction of roads, link roads, pathways or any other road with or without drainage system","WS/MP18173/2024-2025/137921","TIRUVANNAMALAI(DISTRICT COLLECTOR TIRUVANNAMALAI_IDA)","THARANIVENTHAN M S","ARANI","28-Mar-2025","KUMARAN S","Payment Success","499800"
"3185","Tamil Nadu","Construction of boundary walls of existing public and community buildings","WS/MP508/2025-2026/164183","TIRUVANNAMALAI(DISTRICT COLLECTOR TIRUVANNAMALAI_IDA)","CN Annadurai","TIRUVANNAMALAI","01-Jul-2025","MANI","Payment Success","298921"
"3186","Tamil Nadu","Setting up crops conservation facilities","WS/MP508/2025-2026/164185","TIRUVANNAMALAI(DISTRICT COLLECTOR TIRUVANNAMALAI_IDA)","CN Annadurai","TIRUVANNAMALAI","11-Dec-2025","MANI","Payment Success","199695"
"3187","Tamil Nadu","Construction of roads, link roads, pathways or any other road with or without drainage system","WS/MP508/2025-2026/164188","TIRUVANNAMALAI(DISTRICT COLLECTOR TIRUVANNAMALAI_IDA)","CN Annadurai","TIRUVANNAMALAI","10-Jul-2025","GNANASEKAR R","Payment Success","199673"
"3188","Tamil Nadu","Construction of roads, link roads, pathways or any other road with or without drainage system","WS/MP508/2025-2026/164190","TIRUVANNAMALAI(DISTRICT COLLECTOR TIRUVANNAMALAI_IDA)","CN Annadurai","TIRUVANNAMALAI","26-Aug-2025","GNANASEKAR R","Payment Success","199526"
"3189","Tamil Nadu","Lighting of public spaces","WS/MP508/2025-2026/229809","TIRUVANNAMALAI(DISTRICT COLLECTOR TIRUVANNAMALAI_IDA)","CN Annadurai","TIRUVANNAMALAI","20-Feb-2026","T PRABHAKARAN","Payment Success","435000"
"3190","Tamil Nadu","Lighting of public spaces","WS/MP508/2025-2026/229810","TIRUVANNAMALAI(DISTRICT COLLECTOR TIRUVANNAMALAI_IDA)","CN Annadurai","TIRUVANNAMALAI","20-Feb-2026","T PRABHAKARAN","Payment Success","435000"
"3191","Tamil Nadu","Construction of roads, link roads, pathways or any other road with or without drainage system","WS/MP508/2025-2026/164189","TIRUVANNAMALAI(DISTRICT COLLECTOR TIRUVANNAMALAI_IDA)","CN Annadurai","TIRUVANNAMALAI","26-Feb-2026","RANI A","Payment Success","199447"
"3192","Tamil Nadu","Construction of bus-sheds or bus-stops","WS/MP508/2026-2027/229855","TIRUVANNAMALAI(DISTRICT COLLECTOR TIRUVANNAMALAI_IDA)","CN Annadurai","TIRUVANNAMALAI","15-May-2026","RANI A","Payment Success","598436"
"3193","Tamil Nadu","Construction of roads, link roads, pathways or any other road with or without drainage system","WS/MP508/2025-2026/164186","TIRUVANNAMALAI(DISTRICT COLLECTOR TIRUVANNAMALAI_IDA)","CN Annadurai","TIRUVANNAMALAI","25-Sep-2025","RANI A","Payment Success","199727"
"3194","Tamil Nadu","Construction of roads, link roads, pathways or any other road with or without drainage system","WS/MP508/2025-2026/164184","TIRUVANNAMALAI(DISTRICT COLLECTOR TIRUVANNAMALAI_IDA)","CN Annadurai","TIRUVANNAMALAI","25-Sep-2025","AYYAN CONSTRUCTION","Payment Success","199329"
"3195","Tamil Nadu","Construction of roads, link roads, pathways or any other road with or without drainage system","WS/MP508/2025-2026/166160","TIRUVANNAMALAI(DISTRICT COLLECTOR TIRUVANNAMALAI_IDA)","CN Annadurai","TIRUVANNAMALAI","25-Sep-2025","KIRUTHIGA CONSTRUCTION","Payment Success","199030"
"3196","Tamil Nadu","Construction of roads, link roads, pathways or any other road with or without drainage system","WS/MP508/2026-2027/266266","TIRUVANNAMALAI(DISTRICT COLLECTOR TIRUVANNAMALAI_IDA)","CN Annadurai","TIRUVANNAMALAI","15-May-2026","RAJ CONSTRUCTION","Payment Success","563389"
"3197","Tamil Nadu","Construction of roads, link roads, pathways or any other road with or without drainage system","WS/MP508/2024-2025/164291","TIRUVANNAMALAI(DISTRICT COLLECTOR TIRUVANNAMALAI_IDA)","CN Annadurai","TIRUVANNAMALAI","08-Aug-2025","Prabhakaran K","Payment Success","199716"
"3198","Tamil Nadu","Lighting of public spaces","WS/MP508/2025-2026/229816","TIRUVANNAMALAI(DISTRICT COLLECTOR TIRUVANNAMALAI_IDA)","CN Annadurai","TIRUVANNAMALAI","25-Feb-2026","T PRABHAKARAN","Payment Success","435000"
"3199","Tamil Nadu","Lighting of public spaces","WS/MP508/2025-2026/250984","TIRUVANNAMALAI(DISTRICT COLLECTOR TIRUVANNAMALAI_IDA)","CN Annadurai","TIRUVANNAMALAI","25-Feb-2026","T PRABHAKARAN","Payment Success","435000"
"3200","Tamil Nadu","Construction of roads, link roads, pathways or any other road with or without drainage system","WS/MP508/2024-2025/164296","TIRUVANNAMALAI(DISTRICT COLLECTOR TIRUVANNAMALAI_IDA)","CN Annadurai","TIRUVANNAMALAI","14-Aug-2025","Sesha Construction","Payment Success","199559"
"3201","Tamil Nadu","Construction of roads, link roads, pathways or any other road with or without drainage system","WS/MP508/2024-2025/164295","TIRUVANNAMALAI(DISTRICT COLLECTOR TIRUVANNAMALAI_IDA)","CN Annadurai","TIRUVANNAMALAI","11-Jul-2025","Thangavel Duraisamy","Payment Success","199424"
"3202","Tamil Nadu","Construction of roads, link roads, pathways or any other road with or without drainage system","WS/MP508/2024-2025/164294","TIRUVANNAMALAI(DISTRICT COLLECTOR TIRUVANNAMALAI_IDA)","CN Annadurai","TIRUVANNAMALAI","11-Jul-2025","RAJ CONSTRUCTION","Payment Success","199542"
"3203","Tamil Nadu","Lighting of public spaces","WS/MP508/2025-2026/229814","TIRUVANNAMALAI(DISTRICT COLLECTOR TIRUVANNAMALAI_IDA)","CN Annadurai","TIRUVANNAMALAI","02-Jan-2026","T PRABHAKARAN","Payment Success","435000"
"3204","Tamil Nadu","Lighting of public spaces","WS/MP508/2025-2026/229815","TIRUVANNAMALAI(DISTRICT COLLECTOR TIRUVANNAMALAI_IDA)","CN Annadurai","TIRUVANNAMALAI","02-Jan-2026","T PRABHAKARAN","Payment Success","435000"
"3205","Tamil Nadu","Lighting of public spaces","WS/MP508/2025-2026/229817","TIRUVANNAMALAI(DISTRICT COLLECTOR TIRUVANNAMALAI_IDA)","CN Annadurai","TIRUVANNAMALAI","02-Jan-2026","T PRABHAKARAN","Payment Success","435000"
"3206","Tamil Nadu","Lighting of public spaces","WS/MP508/2025-2026/229818","TIRUVANNAMALAI(DISTRICT COLLECTOR TIRUVANNAMALAI_IDA)","CN Annadurai","TIRUVANNAMALAI","02-Jan-2026","T PRABHAKARAN","Payment Success","435000"
"3207","Tamil Nadu","Construction of bus-sheds or bus-stops","WS/MP508/2025-2026/197379","TIRUVANNAMALAI(DISTRICT COLLECTOR TIRUVANNAMALAI_IDA)","CN Annadurai","TIRUVANNAMALAI","18-Dec-2025","VIJI GOVINDARAJ","Payment Success","698401"
"3208","Tamil Nadu","Street lights","WS/MP508/2024-2025/134684","TIRUVANNAMALAI(DISTRICT COLLECTOR TIRUVANNAMALAI_IDA)","CN Annadurai","TIRUVANNAMALAI","23-Dec-2024","T PRABHAKARAN","Payment Success","435000"
"3209","Tamil Nadu","Construction of roads, link roads, pathways or any other road with or without drainage system","WS/MP508/2024-2025/164293","TIRUVANNAMALAI(DISTRICT COLLECTOR TIRUVANNAMALAI_IDA)","CN Annadurai","TIRUVANNAMALAI","04-Jul-2025","SDS Construction","Payment Success","198869"
"3210","Tamil Nadu","Construction of roads, link roads, pathways or any other road with or without drainage system","WS/MP508/2024-2025/164292","TIRUVANNAMALAI(DISTRICT COLLECTOR TIRUVANNAMALAI_IDA)","CN Annadurai","TIRUVANNAMALAI","13-May-2025","Sesha Construction","Payment Success","199455"
"3211","Tamil Nadu","Construction of roads, link roads, pathways or any other road with or without drainage system","WS/MP508/2025-2026/197297","TIRUVANNAMALAI(DISTRICT COLLECTOR TIRUVANNAMALAI_IDA)","CN Annadurai","TIRUVANNAMALAI","27-Jan-2026","S RAJAJI","Payment Success","299880"
"3212","Tamil Nadu","Construction of roads, link roads, pathways or any other road with or without drainage system","WS/MP508/2025-2026/197298","TIRUVANNAMALAI(DISTRICT COLLECTOR TIRUVANNAMALAI_IDA)","CN Annadurai","TIRUVANNAMALAI","14-Oct-2025","S RAJAJI","Payment Success","199588"
"3213","Tamil Nadu","Construction of roads, link roads, pathways or any other road with or without drainage system","WS/MP508/2025-2026/196050","TIRUVANNAMALAI(DISTRICT COLLECTOR TIRUVANNAMALAI_IDA)","CN Annadurai","TIRUVANNAMALAI","17-Nov-2025","S RAJAJI","Payment Success","299856"
"3214","Tamil Nadu","Construction of roads, link roads, pathways or any other road with or without drainage system","WS/MP18173/2025-2026/164086","TIRUVANNAMALAI(DISTRICT COLLECTOR TIRUVANNAMALAI_IDA)","THARANIVENTHAN M S","ARANI","16-Jul-2025","Lingam Enterprises","Payment Success","499370"
"3215","Tamil Nadu","Construction of roads, link roads, pathways or any other road with or without drainage system","WS/MP508/2025-2026/196049","TIRUVANNAMALAI(DISTRICT COLLECTOR TIRUVANNAMALAI_IDA)","CN Annadurai","TIRUVANNAMALAI","29-Aug-2025","S RAJAJI","Payment Success","299880"
"3216","Tamil Nadu","Lighting of public spaces","WS/MP18173/2025-2026/196692","TIRUVANNAMALAI(DISTRICT COLLECTOR TIRUVANNAMALAI_IDA)","THARANIVENTHAN M S","ARANI","17-Oct-2025","RAK INDUSTRIES","Payment Success","750000"
"3217","Tamil Nadu","Construction of roads, link roads, pathways or any other road with or without drainage system","WS/MP508/2025-2026/197296","TIRUVANNAMALAI(DISTRICT COLLECTOR TIRUVANNAMALAI_IDA)","CN Annadurai","TIRUVANNAMALAI","09-Oct-2025","S RAJAJI","Payment Success","299910"
"3218","Tamil Nadu","Construction of bus-sheds or bus-stops","WS/MP508/2025-2026/164157","TIRUVANNAMALAI(DISTRICT COLLECTOR TIRUVANNAMALAI_IDA)","CN Annadurai","TIRUVANNAMALAI","22-Aug-2025","Elumalayan Construction","Payment Success","499800"
"3219","Tamil Nadu","Lighting of public spaces","WS/MP508/2025-2026/201462","TIRUVANNAMALAI(DISTRICT COLLECTOR TIRUVANNAMALAI_IDA)","CN Annadurai","TIRUVANNAMALAI","18-Sep-2025","T PRABHAKARAN","Payment Success","435000"
"3220","Tamil Nadu","Construction of roads, link roads, pathways or any other road with or without drainage system","WS/MP508/2025-2026/197302","TIRUVANNAMALAI(DISTRICT COLLECTOR TIRUVANNAMALAI_IDA)","CN Annadurai","TIRUVANNAMALAI","06-Aug-2025","Elumalayan Construction","Payment Success","299790"
"3221","Tamil Nadu","Construction of roads, link roads, pathways or any other road with or without drainage system","WS/MP508/2025-2026/164161","TIRUVANNAMALAI(DISTRICT COLLECTOR TIRUVANNAMALAI_IDA)","CN Annadurai","TIRUVANNAMALAI","12-Aug-2025","SriRenukaConstruction","Payment Success","299735"
"3222","Tamil Nadu","Construction of rooms and halls in school and colleges","WS/MP508/2025-2026/197301","TIRUVANNAMALAI(DISTRICT COLLECTOR TIRUVANNAMALAI_IDA)","CN Annadurai","TIRUVANNAMALAI","02-Mar-2026","Kuppan M","Payment Success","699580"
"3223","Tamil Nadu","Construction of rooms and halls in school and colleges","WS/MP508/2025-2026/197299","TIRUVANNAMALAI(DISTRICT COLLECTOR TIRUVANNAMALAI_IDA)","CN Annadurai","TIRUVANNAMALAI","27-Feb-2026","SriRenukaConstruction","Payment Success","699384"
"3224","Tamil Nadu","Construction of roads, link roads, pathways or any other road with or without drainage system","WS/MP508/2025-2026/164159","TIRUVANNAMALAI(DISTRICT COLLECTOR TIRUVANNAMALAI_IDA)","CN Annadurai","TIRUVANNAMALAI","11-Jul-2025","MegaaStarConstructions","Payment Success","249672"
"3225","Tamil Nadu","Construction of roads, link roads, pathways or any other road with or without drainage system","WS/MP508/2025-2026/197300","TIRUVANNAMALAI(DISTRICT COLLECTOR TIRUVANNAMALAI_IDA)","CN Annadurai","TIRUVANNAMALAI","10-Jul-2025","SriRenukaConstruction","Payment Success","299715"
"3226","Tamil Nadu","Lighting of public spaces","WS/MP508/2025-2026/225070","TIRUVANNAMALAI(DISTRICT COLLECTOR TIRUVANNAMALAI_IDA)","CN Annadurai","TIRUVANNAMALAI","12-Dec-2025","T S SOLAR POWER SYSTEM","Payment Success","435000"
"3227","Tamil Nadu","Construction of roads, link roads, pathways or any other road with or without drainage system","WS/MP508/2025-2026/164158","TIRUVANNAMALAI(DISTRICT COLLECTOR TIRUVANNAMALAI_IDA)","CN Annadurai","TIRUVANNAMALAI","28-Jul-2025","MegaaStarConstructions","Payment Success","249843"
"3228","Tamil Nadu","Construction of common work sheds/ common covered sitting area","WS/MP508/2025-2026/225071","TIRUVANNAMALAI(DISTRICT COLLECTOR TIRUVANNAMALAI_IDA)","CN Annadurai","TIRUVANNAMALAI","25-Nov-2025","KothanyaConstruction","Payment Success","2439349"
"3229","Tamil Nadu","Construction of roads, link roads, pathways or any other road with or without drainage system","WS/MP508/2025-2026/164162","TIRUVANNAMALAI(DISTRICT COLLECTOR TIRUVANNAMALAI_IDA)","CN Annadurai","TIRUVANNAMALAI","07-May-2025","MegaaStarConstructions","Payment Success","299738"
"3230","Tamil Nadu","Construction of roads, link roads, pathways or any other road with or without drainage system","WS/MP508/2025-2026/164160","TIRUVANNAMALAI(DISTRICT COLLECTOR TIRUVANNAMALAI_IDA)","CN Annadurai","TIRUVANNAMALAI","31-May-2025","SriRenukaConstruction","Payment Success","299828"
"3231","Tamil Nadu","Lighting of public spaces","WS/MP18173/2025-2026/151517","TIRUVANNAMALAI(DISTRICT COLLECTOR TIRUVANNAMALAI_IDA)","THARANIVENTHAN M S","ARANI","20-May-2025","Royal Furniture Electricals","Payment Success","300000"
"3232","Tamil Nadu","Lighting of public spaces","WS/MP18173/2025-2026/164129","TIRUVANNAMALAI(DISTRICT COLLECTOR TIRUVANNAMALAI_IDA)","THARANIVENTHAN M S","ARANI","13-May-2025","Royal Furniture Electricals","Payment Success","300000"
"3233","Tamil Nadu","Lighting of public spaces","WS/MP18173/2025-2026/164137","TIRUVANNAMALAI(DISTRICT COLLECTOR TIRUVANNAMALAI_IDA)","THARANIVENTHAN M S","ARANI","13-May-2025","Royal Furniture Electricals","Payment Success","300000"
"3234","Tamil Nadu","Lighting of public spaces","WS/MP18173/2025-2026/196695","TIRUVANNAMALAI(DISTRICT COLLECTOR TIRUVANNAMALAI_IDA)","THARANIVENTHAN M S","ARANI","13-Aug-2025","R A KARMIKA","Payment Success","300000"
"3235","Tamil Nadu","Lighting of public spaces","WS/MP18173/2025-2026/196694","TIRUVANNAMALAI(DISTRICT COLLECTOR TIRUVANNAMALAI_IDA)","THARANIVENTHAN M S","ARANI","13-Aug-2025","R A KARMIKA","Payment Success","300000"
"3236","Tamil Nadu","Lighting of public spaces","WS/MP18173/2025-2026/196693","TIRUVANNAMALAI(DISTRICT COLLECTOR TIRUVANNAMALAI_IDA)","THARANIVENTHAN M S","ARANI","13-Aug-2025","R A KARMIKA","Payment Success","300000"
"3237","Tamil Nadu","Construction of roads, link roads, pathways or any other road with or without drainage system","WS/MP18173/2025-2026/225962","TIRUVANNAMALAI(DISTRICT COLLECTOR TIRUVANNAMALAI_IDA)","THARANIVENTHAN M S","ARANI","18-Feb-2026","GOPI M","Payment Success","499700"
"3238","Tamil Nadu","Construction of community centers and community halls","WS/MP18173/2025-2026/197850","TIRUVANNAMALAI(DISTRICT COLLECTOR TIRUVANNAMALAI_IDA)","THARANIVENTHAN M S","ARANI","25-Jul-2025","Sowmiya Construction","Payment Success","499750"
"3239","Tamil Nadu","Lighting of public spaces","WS/MP508/2025-2026/196038","TIRUVANNAMALAI(DISTRICT COLLECTOR TIRUVANNAMALAI_IDA)","CN Annadurai","TIRUVANNAMALAI","28-Jul-2025","T S SOLAR POWER SYSTEM","Payment Success","435000"
"3240","Tamil Nadu","Lighting of public spaces","WS/MP508/2025-2026/196039","TIRUVANNAMALAI(DISTRICT COLLECTOR TIRUVANNAMALAI_IDA)","CN Annadurai","TIRUVANNAMALAI","28-Jul-2025","T S SOLAR POWER SYSTEM","Payment Success","435000"
"3241","Tamil Nadu","Construction of roads, link roads, pathways or any other road with or without drainage system","WS/MP508/2025-2026/166148","TIRUVANNAMALAI(DISTRICT COLLECTOR TIRUVANNAMALAI_IDA)","CN Annadurai","TIRUVANNAMALAI","28-Jul-2025","AADHAVAN CONSTRUCTION","Payment Success","299824"
"3242","Tamil Nadu","Construction of roads, link roads, pathways or any other road with or without drainage system","WS/MP508/2025-2026/166146","TIRUVANNAMALAI(DISTRICT COLLECTOR TIRUVANNAMALAI_IDA)","CN Annadurai","TIRUVANNAMALAI","30-Jul-2025","SRILA CONSTRUCTION","Payment Success","199863"
"3243","Tamil Nadu","Construction of roads, link roads, pathways or any other road with or without drainage system","WS/MP508/2025-2026/166147","TIRUVANNAMALAI(DISTRICT COLLECTOR TIRUVANNAMALAI_IDA)","CN Annadurai","TIRUVANNAMALAI","08-Sep-2025","AADHAVAN CONSTRUCTION","Payment Success","299770"
"3244","Tamil Nadu","Construction of roads, link roads, pathways or any other road with or without drainage system","WS/MP508/2025-2026/166143","TIRUVANNAMALAI(DISTRICT COLLECTOR TIRUVANNAMALAI_IDA)","CN Annadurai","TIRUVANNAMALAI","09-May-2025","SRILA CONSTRUCTION","Payment Success","199960"
"3245","Tamil Nadu","Construction of roads, link roads, pathways or any other road with or without drainage system","WS/MP508/2025-2026/166144","TIRUVANNAMALAI(DISTRICT COLLECTOR TIRUVANNAMALAI_IDA)","CN Annadurai","TIRUVANNAMALAI","09-May-2025","SRILA CONSTRUCTION","Payment Success","199960"
"3246","Tamil Nadu","Construction of roads, link roads, pathways or any other road with or without drainage system","WS/MP508/2025-2026/166145","TIRUVANNAMALAI(DISTRICT COLLECTOR TIRUVANNAMALAI_IDA)","CN Annadurai","TIRUVANNAMALAI","16-May-2025","SRILA CONSTRUCTION","Payment Success","199960"
"3247","Tamil Nadu","Construction of roads, link roads, pathways or any other road with or without drainage system","WS/MP508/2025-2026/166153","TIRUVANNAMALAI(DISTRICT COLLECTOR TIRUVANNAMALAI_IDA)","CN Annadurai","TIRUVANNAMALAI","02-Jun-2025","C AMBETHKAR","Payment Success","199728"
"3248","Tamil Nadu","Construction of roads, link roads, pathways or any other road with or without drainage system","WS/MP508/2025-2026/166149","TIRUVANNAMALAI(DISTRICT COLLECTOR TIRUVANNAMALAI_IDA)","CN Annadurai","TIRUVANNAMALAI","11-Jul-2025","AADHAVAN CONSTRUCTION","Payment Success","199798"
"3249","Tamil Nadu","Construction of roads, link roads, pathways or any other road with or without drainage system","WS/MP508/2025-2026/166152","TIRUVANNAMALAI(DISTRICT COLLECTOR TIRUVANNAMALAI_IDA)","CN Annadurai","TIRUVANNAMALAI","25-Jun-2025","ASM CONSTRUCTION","Payment Success","197873"
"3250","Tamil Nadu","Construction of roads, link roads, pathways or any other road with or without drainage system","WS/MP508/2025-2026/166150","TIRUVANNAMALAI(DISTRICT COLLECTOR TIRUVANNAMALAI_IDA)","CN Annadurai","TIRUVANNAMALAI","25-Jun-2025","ASM CONSTRUCTION","Payment Success","199667"
"3251","Tamil Nadu","Street lights","WS/MP508/2024-2025/134689","TIRUVANNAMALAI(DISTRICT COLLECTOR TIRUVANNAMALAI_IDA)","CN Annadurai","TIRUVANNAMALAI","12-Feb-2025","T S SOLAR POWER SYSTEM","Payment Success","435000"
"3252","Tamil Nadu","Street lights","WS/MP508/2024-2025/134688","TIRUVANNAMALAI(DISTRICT COLLECTOR TIRUVANNAMALAI_IDA)","CN Annadurai","TIRUVANNAMALAI","12-Feb-2025","T S SOLAR POWER SYSTEM","Payment Success","435000"
"3253","Tamil Nadu","Street lights","WS/MP508/2024-2025/134687","TIRUVANNAMALAI(DISTRICT COLLECTOR TIRUVANNAMALAI_IDA)","CN Annadurai","TIRUVANNAMALAI","12-Feb-2025","T S SOLAR POWER SYSTEM","Payment Success","435000"
"3254","Tamil Nadu","Construction of roads, link roads, pathways or any other road with or without drainage system","WS/MP508/2025-2026/166151","TIRUVANNAMALAI(DISTRICT COLLECTOR TIRUVANNAMALAI_IDA)","CN Annadurai","TIRUVANNAMALAI","23-Jul-2025","ASM CONSTRUCTION","Payment Success","199814"
"3255","Tamil Nadu","Construction of roads, link roads, pathways or any other road with or without drainage system","WS/MP508/2025-2026/197383","TIRUVANNAMALAI(DISTRICT COLLECTOR TIRUVANNAMALAI_IDA)","CN Annadurai","TIRUVANNAMALAI","14-Jul-2025","KRISHNA CONSTRUCTION","Payment Success","298710"
"3256","Tamil Nadu","Lighting of public spaces","WS/MP508/2025-2026/229851","TIRUVANNAMALAI(DISTRICT COLLECTOR TIRUVANNAMALAI_IDA)","CN Annadurai","TIRUVANNAMALAI","07-Jan-2026","T S SOLAR POWER SYSTEM","Payment Success","435000"
"3257","Tamil Nadu","Lighting of public spaces","WS/MP508/2025-2026/229852","TIRUVANNAMALAI(DISTRICT COLLECTOR TIRUVANNAMALAI_IDA)","CN Annadurai","TIRUVANNAMALAI","07-Jan-2026","T S SOLAR POWER SYSTEM","Payment Success","435000"
"3258","Tamil Nadu","Lighting of public spaces","WS/MP508/2025-2026/229850","TIRUVANNAMALAI(DISTRICT COLLECTOR TIRUVANNAMALAI_IDA)","CN Annadurai","TIRUVANNAMALAI","07-Jan-2026","T S SOLAR POWER SYSTEM","Payment Success","435000"
"3259","Tamil Nadu","Construction of bus-sheds or bus-stops","WS/MP508/2025-2026/201486","TIRUVANNAMALAI(DISTRICT COLLECTOR TIRUVANNAMALAI_IDA)","CN Annadurai","TIRUVANNAMALAI","19-Jan-2026","PONNI CONSTRUCTION","Payment Success","598743"
"3260","Tamil Nadu","Lighting of public spaces","WS/MP508/2025-2026/196041","TIRUVANNAMALAI(DISTRICT COLLECTOR TIRUVANNAMALAI_IDA)","CN Annadurai","TIRUVANNAMALAI","30-Jun-2025","T S SOLAR POWER SYSTEM","Payment Success","435000"
"3261","Tamil Nadu","Lighting of public spaces","WS/MP508/2025-2026/196040","TIRUVANNAMALAI(DISTRICT COLLECTOR TIRUVANNAMALAI_IDA)","CN Annadurai","TIRUVANNAMALAI","30-Jun-2025","T S SOLAR POWER SYSTEM","Payment Success","435000"
"3262","Tamil Nadu","Construction of roads, link roads, pathways or any other road with or without drainage system","WS/MP508/2025-2026/197380","TIRUVANNAMALAI(DISTRICT COLLECTOR TIRUVANNAMALAI_IDA)","CN Annadurai","TIRUVANNAMALAI","13-Aug-2025","KRISHNA CONSTRUCTION","Payment Success","299560"
"3263","Tamil Nadu","Lighting of public spaces","WS/MP508/2025-2026/201457","TIRUVANNAMALAI(DISTRICT COLLECTOR TIRUVANNAMALAI_IDA)","CN Annadurai","TIRUVANNAMALAI","26-Aug-2025","T S SOLAR POWER SYSTEM","Payment Success","435000"
"3264","Tamil Nadu","Lighting of public spaces","WS/MP508/2025-2026/201459","TIRUVANNAMALAI(DISTRICT COLLECTOR TIRUVANNAMALAI_IDA)","CN Annadurai","TIRUVANNAMALAI","26-Aug-2025","T S SOLAR POWER SYSTEM","Payment Success","435000"
"3265","Tamil Nadu","Lighting of public spaces","WS/MP508/2025-2026/201458","TIRUVANNAMALAI(DISTRICT COLLECTOR TIRUVANNAMALAI_IDA)","CN Annadurai","TIRUVANNAMALAI","26-Aug-2025","T S SOLAR POWER SYSTEM","Payment Success","435000"
"3266","Tamil Nadu","Lighting of public spaces","WS/MP508/2025-2026/201456","TIRUVANNAMALAI(DISTRICT COLLECTOR TIRUVANNAMALAI_IDA)","CN Annadurai","TIRUVANNAMALAI","26-Aug-2025","T S SOLAR POWER SYSTEM","Payment Success","435000"
"3267","Tamil Nadu","Lighting of public spaces","WS/MP508/2025-2026/201455","TIRUVANNAMALAI(DISTRICT COLLECTOR TIRUVANNAMALAI_IDA)","CN Annadurai","TIRUVANNAMALAI","26-Aug-2025","T S SOLAR POWER SYSTEM","Payment Success","435000"
"3268","Tamil Nadu","Construction of bus-sheds or bus-stops","WS/MP508/2025-2026/197381","TIRUVANNAMALAI(DISTRICT COLLECTOR TIRUVANNAMALAI_IDA)","CN Annadurai","TIRUVANNAMALAI","30-Mar-2026","KRISHNA CONSTRUCTION","Payment Success","599637"
"3269","Tamil Nadu","Purchase of motor boats for flood and cyclone prone areas","WS/MP508/2025-2026/197382","TIRUVANNAMALAI(DISTRICT COLLECTOR TIRUVANNAMALAI_IDA)","CN Annadurai","TIRUVANNAMALAI","25-Mar-2026","KRISHNA CONSTRUCTION","Payment Success","599663"
"3270","Tamil Nadu","Construction of roads, link roads, pathways or any other road with or without drainage system","WS/MP508/2025-2026/166139","TIRUVANNAMALAI(DISTRICT COLLECTOR TIRUVANNAMALAI_IDA)","CN Annadurai","TIRUVANNAMALAI","01-May-2025","G RAMESH","Payment Success","199082"
"3271","Tamil Nadu","Construction of roads, link roads, pathways or any other road with or without drainage system","WS/MP508/2025-2026/166138","TIRUVANNAMALAI(DISTRICT COLLECTOR TIRUVANNAMALAI_IDA)","CN Annadurai","TIRUVANNAMALAI","01-May-2025","G RAMESH","Payment Success","199648"
"3272","Tamil Nadu","Construction of roads, link roads, pathways or any other road with or without drainage system","WS/MP508/2025-2026/166141","TIRUVANNAMALAI(DISTRICT COLLECTOR TIRUVANNAMALAI_IDA)","CN Annadurai","TIRUVANNAMALAI","01-May-2025","G RAMESH","Payment Success","199530"
"3273","Tamil Nadu","Construction of roads, link roads, pathways or any other road with or without drainage system","WS/MP508/2025-2026/165176","TIRUVANNAMALAI(DISTRICT COLLECTOR TIRUVANNAMALAI_IDA)","CN Annadurai","TIRUVANNAMALAI","06-May-2025","J KUMAR","Payment Success","199266"
"3274","Tamil Nadu","Lighting of public spaces","WS/MP508/2025-2026/225069","TIRUVANNAMALAI(DISTRICT COLLECTOR TIRUVANNAMALAI_IDA)","CN Annadurai","TIRUVANNAMALAI","26-Aug-2025","T S SOLAR POWER SYSTEM","Payment Success","435000"
"3275","Tamil Nadu","Lighting of public spaces","WS/MP508/2025-2026/225068","TIRUVANNAMALAI(DISTRICT COLLECTOR TIRUVANNAMALAI_IDA)","CN Annadurai","TIRUVANNAMALAI","26-Aug-2025","T S SOLAR POWER SYSTEM","Payment Success","435000"
"3276","Tamil Nadu","Street lights","WS/MP508/2024-2025/134677","TIRUVANNAMALAI(DISTRICT COLLECTOR TIRUVANNAMALAI_IDA)","CN Annadurai","TIRUVANNAMALAI","23-Dec-2024","T PRABHAKARAN","Payment Success","435000"
"3277","Tamil Nadu","Street lights","WS/MP508/2024-2025/134680","TIRUVANNAMALAI(DISTRICT COLLECTOR TIRUVANNAMALAI_IDA)","CN Annadurai","TIRUVANNAMALAI","23-Dec-2024","T PRABHAKARAN","Payment Success","435000"
"3278","Tamil Nadu","Construction of roads, link roads, pathways or any other road with or without drainage system","WS/MP508/2025-2026/165178","TIRUVANNAMALAI(DISTRICT COLLECTOR TIRUVANNAMALAI_IDA)","CN Annadurai","TIRUVANNAMALAI","26-May-2025","J KUMAR","Payment Success","199863"
"3279","Tamil Nadu","Construction of roads, link roads, pathways or any other road with or without drainage system","WS/MP508/2025-2026/165179","TIRUVANNAMALAI(DISTRICT COLLECTOR TIRUVANNAMALAI_IDA)","CN Annadurai","TIRUVANNAMALAI","10-Jul-2025","J KUMAR","Payment Success","199075"
"3280","Tamil Nadu","Construction of roads, link roads, pathways or any other road with or without drainage system","WS/MP508/2025-2026/165177","TIRUVANNAMALAI(DISTRICT COLLECTOR TIRUVANNAMALAI_IDA)","CN Annadurai","TIRUVANNAMALAI","10-Jul-2025","J KUMAR","Payment Success","199795"
"3281","Tamil Nadu","Lighting of public spaces","WS/MP508/2025-2026/196042","TIRUVANNAMALAI(DISTRICT COLLECTOR TIRUVANNAMALAI_IDA)","CN Annadurai","TIRUVANNAMALAI","10-Jul-2025","T S SOLAR POWER SYSTEM","Payment Success","435000"
"3282","Tamil Nadu","Construction of roads, link roads, pathways or any other road with or without drainage system","WS/MP508/2025-2026/166140","TIRUVANNAMALAI(DISTRICT COLLECTOR TIRUVANNAMALAI_IDA)","CN Annadurai","TIRUVANNAMALAI","26-Sep-2025","G RAMESH","Payment Success","198444"
"3283","Tamil Nadu","Construction of bus-sheds or bus-stops","WS/MP508/2025-2026/166159","TIRUVANNAMALAI(DISTRICT COLLECTOR TIRUVANNAMALAI_IDA)","CN Annadurai","TIRUVANNAMALAI","03-Oct-2025","B NANDHAKUMAR","Payment Success","598350"
"3284","Tamil Nadu","Construction of roads, link roads, pathways or any other road with or without drainage system","WS/MP508/2025-2026/166157","TIRUVANNAMALAI(DISTRICT COLLECTOR TIRUVANNAMALAI_IDA)","CN Annadurai","TIRUVANNAMALAI","17-Oct-2025","ESWARI SIVASEMAN","Payment Success","199600"
"3285","Tamil Nadu","Construction of roads, link roads, pathways or any other road with or without drainage system","WS/MP508/2025-2026/166156","TIRUVANNAMALAI(DISTRICT COLLECTOR TIRUVANNAMALAI_IDA)","CN Annadurai","TIRUVANNAMALAI","20-Feb-2026","ESWARI SIVASEMAN","Payment Success","199565"
"3286","Tamil Nadu","Construction of bus-sheds or bus-stops","WS/MP508/2026-2027/197384","TIRUVANNAMALAI(DISTRICT COLLECTOR TIRUVANNAMALAI_IDA)","CN Annadurai","TIRUVANNAMALAI","25-Jun-2026","Ramachandran Govindasamy","Payment Success","598974"
"3287","Tamil Nadu","Construction of buildings for community cultural activities","WS/MP18173/2025-2026/211116","TIRUVANNAMALAI(DISTRICT COLLECTOR TIRUVANNAMALAI_IDA)","THARANIVENTHAN M S","ARANI","23-Feb-2026","E Kamaraj","Payment Success","699196"
"3288","Tamil Nadu","Construction of community centers and community halls","WS/MP18173/2024-2025/137912","TIRUVANNAMALAI(DISTRICT COLLECTOR TIRUVANNAMALAI_IDA)","THARANIVENTHAN M S","ARANI","31-May-2025","VIJAYA","Payment Success","599943"
"3289","Tamil Nadu","Lighting of public spaces","WS/MP18173/2025-2026/232610","TIRUVANNAMALAI(DISTRICT COLLECTOR TIRUVANNAMALAI_IDA)","THARANIVENTHAN M S","ARANI","30-Oct-2025","R A KARMIKA KOLAPAKKAM BOB","Payment Success","550000"
"3290","Tamil Nadu","Lighting of public spaces","WS/MP18173/2024-2025/147832","TIRUVANNAMALAI(DISTRICT COLLECTOR TIRUVANNAMALAI_IDA)","THARANIVENTHAN M S","ARANI","30-May-2025","Royal Furniture Electricals","Payment Success","300000"
"3291","Tamil Nadu","Lighting of public spaces","WS/MP18173/2024-2025/147831","TIRUVANNAMALAI(DISTRICT COLLECTOR TIRUVANNAMALAI_IDA)","THARANIVENTHAN M S","ARANI","30-May-2025","Royal Furniture Electricals","Payment Success","300000"
"3292","Tamil Nadu","Lighting of public spaces","WS/MP18173/2024-2025/152441","TIRUVANNAMALAI(DISTRICT COLLECTOR TIRUVANNAMALAI_IDA)","THARANIVENTHAN M S","ARANI","30-May-2025","Royal Furniture Electricals","Payment Success","300000"
"3293","Tamil Nadu","Construction of community centers and community halls","WS/MP18173/2025-2026/137910","TIRUVANNAMALAI(DISTRICT COLLECTOR TIRUVANNAMALAI_IDA)","THARANIVENTHAN M S","ARANI","13-Jun-2025","C K Ravikumar","Payment Success","598966"
"3294","Tamil Nadu","Construction of roads, link roads, pathways or any other road with or without drainage system","WS/MP18173/2024-2025/137911","TIRUVANNAMALAI(DISTRICT COLLECTOR TIRUVANNAMALAI_IDA)","THARANIVENTHAN M S","ARANI","26-Mar-2025","THIRAVIDAMURUGAN","Payment Success","599049"
"3295","Tamil Nadu","Lighting of public spaces","WS/MP18173/2025-2026/225968","TIRUVANNAMALAI(DISTRICT COLLECTOR TIRUVANNAMALAI_IDA)","THARANIVENTHAN M S","ARANI","05-Nov-2025","R A KARMIKA KOLAPAKKAM BOB","Payment Success","550000"
"3296","Tamil Nadu","Lighting of public spaces","WS/MP18173/2025-2026/225967","TIRUVANNAMALAI(DISTRICT COLLECTOR TIRUVANNAMALAI_IDA)","THARANIVENTHAN M S","ARANI","05-Nov-2025","R A KARMIKA KOLAPAKKAM BOB","Payment Success","550000"
"3297","Tamil Nadu","Lighting of public spaces","WS/MP18173/2025-2026/196688","TIRUVANNAMALAI(DISTRICT COLLECTOR TIRUVANNAMALAI_IDA)","THARANIVENTHAN M S","ARANI","01-Sep-2025","AAS ENTERPRISES","Payment Success","550000"
"3298","Tamil Nadu","Lighting of public spaces","WS/MP18173/2025-2026/196689","TIRUVANNAMALAI(DISTRICT COLLECTOR TIRUVANNAMALAI_IDA)","THARANIVENTHAN M S","ARANI","01-Sep-2025","AAS ENTERPRISES","Payment Success","550000"
"3299","Tamil Nadu","Lighting of public spaces","WS/MP18173/2025-2026/196685","TIRUVANNAMALAI(DISTRICT COLLECTOR TIRUVANNAMALAI_IDA)","THARANIVENTHAN M S","ARANI","31-Jul-2025","RAK INDUSTRIES","Payment Success","750000"
"3300","Tamil Nadu","Lighting of public spaces","WS/MP18173/2025-2026/196686","TIRUVANNAMALAI(DISTRICT COLLECTOR TIRUVANNAMALAI_IDA)","THARANIVENTHAN M S","ARANI","08-Aug-2025","SUHAVI ENTERPRISES","Payment Success","300000"
"3301","Tamil Nadu","Construction of roads, link roads, pathways or any other road with or without drainage system","WS/MP18173/2026-2027/211113","TIRUVANNAMALAI(DISTRICT COLLECTOR TIRUVANNAMALAI_IDA)","THARANIVENTHAN M S","ARANI","15-May-2026","N SANKAR","Payment Success","697170"
"3302","Tamil Nadu","Construction of bus-sheds or bus-stops","WS/MP18173/2025-2026/211111","TIRUVANNAMALAI(DISTRICT COLLECTOR TIRUVANNAMALAI_IDA)","THARANIVENTHAN M S","ARANI","27-Nov-2025","ANBAZHAGAN","Payment Success","999418"
"3303","Tamil Nadu","Construction of buildings for community cultural activities","WS/MP18173/2025-2026/211102","TIRUVANNAMALAI(DISTRICT COLLECTOR TIRUVANNAMALAI_IDA)","THARANIVENTHAN M S","ARANI","19-Dec-2025","J K SRINIVASAN","Payment Success","699608"
"3304","Tamil Nadu","Construction of additional rooms and halls in the existing public and community building","WS/MP18173/2024-2025/137914","TIRUVANNAMALAI(DISTRICT COLLECTOR TIRUVANNAMALAI_IDA)","THARANIVENTHAN M S","ARANI","23-Jul-2025","N SANKAR","Payment Success","769624"
"3305","Tamil Nadu","Lighting of public spaces","WS/MP18173/2025-2026/232612","TIRUVANNAMALAI(DISTRICT COLLECTOR TIRUVANNAMALAI_IDA)","THARANIVENTHAN M S","ARANI","24-Nov-2025","AAS ENTERPRISES","Payment Success","300000"
"3306","Tamil Nadu","Lighting of public spaces","WS/MP18173/2025-2026/147827","TIRUVANNAMALAI(DISTRICT COLLECTOR TIRUVANNAMALAI_IDA)","THARANIVENTHAN M S","ARANI","15-May-2025","Royal Furniture Electricals","Payment Success","300000"
"3307","Tamil Nadu","Lighting of public spaces","WS/MP18173/2025-2026/147829","TIRUVANNAMALAI(DISTRICT COLLECTOR TIRUVANNAMALAI_IDA)","THARANIVENTHAN M S","ARANI","15-May-2025","Royal Furniture Electricals","Payment Success","300000"
"3308","Tamil Nadu","Construction of roads, link roads, pathways or any other road with or without drainage system","WS/MP18173/2025-2026/211110","TIRUVANNAMALAI(DISTRICT COLLECTOR TIRUVANNAMALAI_IDA)","THARANIVENTHAN M S","ARANI","26-Sep-2025","N SANKAR","Payment Success","498815"
"3309","Tamil Nadu","Construction of roads, link roads, pathways or any other road with or without drainage system","WS/MP18173/2025-2026/211130","TIRUVANNAMALAI(DISTRICT COLLECTOR TIRUVANNAMALAI_IDA)","THARANIVENTHAN M S","ARANI","07-Oct-2025","R BHARATHI","Payment Success","199920"
"3310","Tamil Nadu","Providing drains and gutters for public drainage","WS/MP18173/2025-2026/211133","TIRUVANNAMALAI(DISTRICT COLLECTOR TIRUVANNAMALAI_IDA)","THARANIVENTHAN M S","ARANI","25-Sep-2025","K Adhikesavan","Payment Success","199980"
"3311","Tamil Nadu","Construction of roads, link roads, pathways or any other road with or without drainage system","WS/MP18173/2024-2025/137923","TIRUVANNAMALAI(DISTRICT COLLECTOR TIRUVANNAMALAI_IDA)","THARANIVENTHAN M S","ARANI","09-May-2025","EST CONSTRUCTION","Payment Success","99990"
"3312","Tamil Nadu","Construction of roads, link roads, pathways or any other road with or without drainage system","WS/MP18173/2024-2025/137446","TIRUVANNAMALAI(DISTRICT COLLECTOR TIRUVANNAMALAI_IDA)","THARANIVENTHAN M S","ARANI","26-Feb-2025","KALIYAMMAL JOTHI","Payment Success","499950"
"3313","Tamil Nadu","Construction of roads, link roads, pathways or any other road with or without drainage system","WS/MP18173/2024-2025/137445","TIRUVANNAMALAI(DISTRICT COLLECTOR TIRUVANNAMALAI_IDA)","THARANIVENTHAN M S","ARANI","18-Feb-2025","EST CONSTRUCTION","Payment Success","199980"
"3314","Tamil Nadu","Construction of roads, link roads, pathways or any other road with or without drainage system","WS/MP18173/2024-2025/137451","TIRUVANNAMALAI(DISTRICT COLLECTOR TIRUVANNAMALAI_IDA)","THARANIVENTHAN M S","ARANI","24-Mar-2025","K Adhikesavan","Payment Success","299970"
"3315","Tamil Nadu","Providing drains and gutters for public drainage","WS/MP18173/2024-2025/137450","TIRUVANNAMALAI(DISTRICT COLLECTOR TIRUVANNAMALAI_IDA)","THARANIVENTHAN M S","ARANI","24-Mar-2025","R BHARATHI","Payment Success","299970"
"3316","Tamil Nadu","Construction of roads, link roads, pathways or any other road with or without drainage system","WS/MP18173/2024-2025/137447","TIRUVANNAMALAI(DISTRICT COLLECTOR TIRUVANNAMALAI_IDA)","THARANIVENTHAN M S","ARANI","21-Jan-2025","R BHARATHI","Payment Success","499950"
"3317","Tamil Nadu","Lighting of public spaces","WS/MP18173/2024-2025/147821","TIRUVANNAMALAI(DISTRICT COLLECTOR TIRUVANNAMALAI_IDA)","THARANIVENTHAN M S","ARANI","14-May-2025","Royal Furniture Electricals","Payment Success","700000"
"3318","Tamil Nadu","Lighting of public spaces","WS/MP18173/2024-2025/147820","TIRUVANNAMALAI(DISTRICT COLLECTOR TIRUVANNAMALAI_IDA)","THARANIVENTHAN M S","ARANI","14-May-2025","Royal Furniture Electricals","Payment Success","300000"
"3319","Tamil Nadu","Lighting of public spaces","WS/MP18173/2024-2025/151518","TIRUVANNAMALAI(DISTRICT COLLECTOR TIRUVANNAMALAI_IDA)","THARANIVENTHAN M S","ARANI","14-May-2025","Royal Furniture Electricals","Payment Success","700000"
"3320","Tamil Nadu","Lighting of public spaces","WS/MP18173/2024-2025/147822","TIRUVANNAMALAI(DISTRICT COLLECTOR TIRUVANNAMALAI_IDA)","THARANIVENTHAN M S","ARANI","14-May-2025","Royal Furniture Electricals","Payment Success","300000"
"3321","Tamil Nadu","Lighting of public spaces","WS/MP18173/2024-2025/164138","TIRUVANNAMALAI(DISTRICT COLLECTOR TIRUVANNAMALAI_IDA)","THARANIVENTHAN M S","ARANI","14-May-2025","Royal Furniture Electricals","Payment Success","300000"
"3322","Tamil Nadu","Construction of roads, link roads, pathways or any other road with or without drainage system","WS/MP18173/2024-2025/137449","TIRUVANNAMALAI(DISTRICT COLLECTOR TIRUVANNAMALAI_IDA)","THARANIVENTHAN M S","ARANI","24-Jan-2025","R BHARATHI","Payment Success","299970"
"3323","Tamil Nadu","Construction of boundary walls of existing public and community buildings","WS/MP18173/2025-2026/211127","TIRUVANNAMALAI(DISTRICT COLLECTOR TIRUVANNAMALAI_IDA)","THARANIVENTHAN M S","ARANI","28-Nov-2025","R BHARATHI","Payment Success","299940"
"3324","Tamil Nadu","Construction of community centers and community halls","WS/MP18173/2024-2025/137467","TIRUVANNAMALAI(DISTRICT COLLECTOR TIRUVANNAMALAI_IDA)","THARANIVENTHAN M S","ARANI","17-Jul-2025","SPD CONSTRUCTION","Payment Success","499900"
"3325","Tamil Nadu","Construction of roads, link roads, pathways or any other road with or without drainage system","WS/MP18173/2025-2026/211126","TIRUVANNAMALAI(DISTRICT COLLECTOR TIRUVANNAMALAI_IDA)","THARANIVENTHAN M S","ARANI","24-Dec-2025","EST CONSTRUCTION","Payment Success","199980"
"3326","Tamil Nadu","Lighting of public spaces","WS/MP18173/2025-2026/232630","TIRUVANNAMALAI(DISTRICT COLLECTOR TIRUVANNAMALAI_IDA)","THARANIVENTHAN M S","ARANI","31-Dec-2025","Royal Furniture Electricals","Payment Success","300000"
"3327","Tamil Nadu","Lighting of public spaces","WS/MP18173/2025-2026/232631","TIRUVANNAMALAI(DISTRICT COLLECTOR TIRUVANNAMALAI_IDA)","THARANIVENTHAN M S","ARANI","31-Dec-2025","Royal Furniture Electricals","Payment Success","300000"
"3328","Tamil Nadu","Lighting of public spaces","WS/MP18173/2025-2026/232625","TIRUVANNAMALAI(DISTRICT COLLECTOR TIRUVANNAMALAI_IDA)","THARANIVENTHAN M S","ARANI","31-Dec-2025","Royal Furniture Electricals","Payment Success","300000"
"3329","Tamil Nadu","Lighting of public spaces","WS/MP18173/2025-2026/232629","TIRUVANNAMALAI(DISTRICT COLLECTOR TIRUVANNAMALAI_IDA)","THARANIVENTHAN M S","ARANI","31-Dec-2025","Royal Furniture Electricals","Payment Success","300000"
"3330","Tamil Nadu","Construction of roads, link roads, pathways or any other road with or without drainage system","WS/MP18173/2025-2026/211139","TIRUVANNAMALAI(DISTRICT COLLECTOR TIRUVANNAMALAI_IDA)","THARANIVENTHAN M S","ARANI","12-Jan-2026","R BHARATHI","Payment Success","499900"
"3331","Tamil Nadu","Construction of roads, link roads, pathways or any other road with or without drainage system","WS/MP18173/2025-2026/225954","TIRUVANNAMALAI(DISTRICT COLLECTOR TIRUVANNAMALAI_IDA)","THARANIVENTHAN M S","ARANI","21-Jan-2026","EST CONSTRUCTION","Payment Success","699930"
"3332","Tamil Nadu","Providing drains and gutters for public drainage","WS/MP18173/2025-2026/211129","TIRUVANNAMALAI(DISTRICT COLLECTOR TIRUVANNAMALAI_IDA)","THARANIVENTHAN M S","ARANI","29-Oct-2025","EST CONSTRUCTION","Payment Success","199960"
"3333","Tamil Nadu","Construction of roads, link roads, pathways or any other road with or without drainage system","WS/MP18173/2025-2026/211128","TIRUVANNAMALAI(DISTRICT COLLECTOR TIRUVANNAMALAI_IDA)","THARANIVENTHAN M S","ARANI","29-Oct-2025","EST CONSTRUCTION","Payment Success","199920"
"3334","Tamil Nadu","Construction of roads, link roads, pathways or any other road with or without drainage system","WS/MP18173/2025-2026/225955","TIRUVANNAMALAI(DISTRICT COLLECTOR TIRUVANNAMALAI_IDA)","THARANIVENTHAN M S","ARANI","02-Mar-2026","K Adhikesavan","Payment Success","499800"
"3335","Tamil Nadu","Construction of roads, link roads, pathways or any other road with or without drainage system","WS/MP18173/2025-2026/211131","TIRUVANNAMALAI(DISTRICT COLLECTOR TIRUVANNAMALAI_IDA)","THARANIVENTHAN M S","ARANI","20-Mar-2026","Durai V","Payment Success","199980"
"3336","Tamil Nadu","Development of public parks","WS/MP18173/2025-2026/232602","TIRUVANNAMALAI(DISTRICT COLLECTOR TIRUVANNAMALAI_IDA)","THARANIVENTHAN M S","ARANI","18-Mar-2026","EST CONSTRUCTION","Payment Success","981712"
"3337","Tamil Nadu","Construction of bus-sheds or bus-stops","WS/MP18173/2025-2026/225958","TIRUVANNAMALAI(DISTRICT COLLECTOR TIRUVANNAMALAI_IDA)","THARANIVENTHAN M S","ARANI","02-Apr-2026","THULASI","Payment Success","999700"
"3338","Tamil Nadu","Providing CCTV camera system for security of public areas","WS/MP18173/2026-2027/225956","TIRUVANNAMALAI(DISTRICT COLLECTOR TIRUVANNAMALAI_IDA)","THARANIVENTHAN M S","ARANI","06-Jul-2026","MARAN SECURITY SYSTEM","Payment Success","150000"
"3339","Tamil Nadu","Lighting of public spaces","WS/MP18173/2025-2026/196681","TIRUVANNAMALAI(DISTRICT COLLECTOR TIRUVANNAMALAI_IDA)","THARANIVENTHAN M S","ARANI","08-Aug-2025","AAS ENTERPRISES","Payment Success","550000"
"3340","Tamil Nadu","Lighting of public spaces","WS/MP18173/2025-2026/196677","TIRUVANNAMALAI(DISTRICT COLLECTOR TIRUVANNAMALAI_IDA)","THARANIVENTHAN M S","ARANI","08-Aug-2025","AAS ENTERPRISES","Payment Success","550000"
"3341","Tamil Nadu","Lighting of public spaces","WS/MP18173/2025-2026/196671","TIRUVANNAMALAI(DISTRICT COLLECTOR TIRUVANNAMALAI_IDA)","THARANIVENTHAN M S","ARANI","08-Aug-2025","SUHAVI ENTERPRISES","Payment Success","300000"
"3342","Tamil Nadu","Lighting of public spaces","WS/MP18173/2025-2026/196672","TIRUVANNAMALAI(DISTRICT COLLECTOR TIRUVANNAMALAI_IDA)","THARANIVENTHAN M S","ARANI","08-Aug-2025","SUHAVI ENTERPRISES","Payment Success","300000"
"3343","Tamil Nadu","Lighting of public spaces","WS/MP18173/2025-2026/196674","TIRUVANNAMALAI(DISTRICT COLLECTOR TIRUVANNAMALAI_IDA)","THARANIVENTHAN M S","ARANI","08-Aug-2025","SUHAVI ENTERPRISES","Payment Success","300000"
"3344","Tamil Nadu","Lighting of public spaces","WS/MP18173/2025-2026/196675","TIRUVANNAMALAI(DISTRICT COLLECTOR TIRUVANNAMALAI_IDA)","THARANIVENTHAN M S","ARANI","08-Aug-2025","SUHAVI ENTERPRISES","Payment Success","300000"
"3345","Tamil Nadu","Lighting of public spaces","WS/MP18173/2025-2026/196676","TIRUVANNAMALAI(DISTRICT COLLECTOR TIRUVANNAMALAI_IDA)","THARANIVENTHAN M S","ARANI","08-Aug-2025","SUHAVI ENTERPRISES","Payment Success","300000"
"3346","Tamil Nadu","Lighting of public spaces","WS/MP18173/2025-2026/196679","TIRUVANNAMALAI(DISTRICT COLLECTOR TIRUVANNAMALAI_IDA)","THARANIVENTHAN M S","ARANI","08-Aug-2025","SUHAVI ENTERPRISES","Payment Success","300000"
"3347","Tamil Nadu","Lighting of public spaces","WS/MP18173/2025-2026/196673","TIRUVANNAMALAI(DISTRICT COLLECTOR TIRUVANNAMALAI_IDA)","THARANIVENTHAN M S","ARANI","08-Aug-2025","RAK INDUSTRIES","Payment Success","750000"
"3348","Tamil Nadu","Lighting of public spaces","WS/MP18173/2025-2026/196678","TIRUVANNAMALAI(DISTRICT COLLECTOR TIRUVANNAMALAI_IDA)","THARANIVENTHAN M S","ARANI","08-Aug-2025","RAK INDUSTRIES","Payment Success","750000"
"3349","Tamil Nadu","Lighting of public spaces","WS/MP18173/2025-2026/196680","TIRUVANNAMALAI(DISTRICT COLLECTOR TIRUVANNAMALAI_IDA)","THARANIVENTHAN M S","ARANI","08-Aug-2025","RAK INDUSTRIES","Payment Success","750000"
"3350","Tamil Nadu","Construction of roads, link roads, pathways or any other road with or without drainage system","WS/MP18173/2025-2026/211132","TIRUVANNAMALAI(DISTRICT COLLECTOR TIRUVANNAMALAI_IDA)","THARANIVENTHAN M S","ARANI","10-Sep-2025","R BHARATHI","Payment Success","199980"
"3351","Tamil Nadu","Construction of roads, link roads, pathways or any other road with or without drainage system","WS/MP18173/2024-2025/164148","TIRUVANNAMALAI(DISTRICT COLLECTOR TIRUVANNAMALAI_IDA)","THARANIVENTHAN M S","ARANI","18-Aug-2025","K Adhikesavan","Payment Success","499950"
"3352","Tamil Nadu","Construction of bus-sheds or bus-stops","WS/MP18173/2024-2025/137444","TIRUVANNAMALAI(DISTRICT COLLECTOR TIRUVANNAMALAI_IDA)","THARANIVENTHAN M S","ARANI","26-Aug-2025","EST CONSTRUCTION","Payment Success","999500"
"3353","Tamil Nadu","Construction of boundary walls of existing public and community buildings","WS/MP18173/2024-2025/137448","TIRUVANNAMALAI(DISTRICT COLLECTOR TIRUVANNAMALAI_IDA)","THARANIVENTHAN M S","ARANI","26-Aug-2025","K Adhikesavan","Payment Success","499950"
"3354","Tamil Nadu","Lighting of public spaces","WS/MP18173/2025-2026/196669","TIRUVANNAMALAI(DISTRICT COLLECTOR TIRUVANNAMALAI_IDA)","THARANIVENTHAN M S","ARANI","20-Aug-2025","SUHAVI ENTERPRISES","Payment Success","300000"
"3355","Tamil Nadu","Lighting of public spaces","WS/MP18173/2025-2026/196668","TIRUVANNAMALAI(DISTRICT COLLECTOR TIRUVANNAMALAI_IDA)","THARANIVENTHAN M S","ARANI","20-Aug-2025","RAK INDUSTRIES","Payment Success","550000"
"3356","Tamil Nadu","Lighting of public spaces","WS/MP18173/2025-2026/196670","TIRUVANNAMALAI(DISTRICT COLLECTOR TIRUVANNAMALAI_IDA)","THARANIVENTHAN M S","ARANI","20-Aug-2025","SUHAVI ENTERPRISES","Payment Success","300000"
"3357","Tamil Nadu","Lighting of public spaces","WS/MP18173/2025-2026/200737","TIRUVANNAMALAI(DISTRICT COLLECTOR TIRUVANNAMALAI_IDA)","THARANIVENTHAN M S","ARANI","20-Aug-2025","SUHAVI ENTERPRISES","Payment Success","300000"
"3358","Tamil Nadu","Lighting of public spaces","WS/MP18173/2025-2026/200738","TIRUVANNAMALAI(DISTRICT COLLECTOR TIRUVANNAMALAI_IDA)","THARANIVENTHAN M S","ARANI","20-Aug-2025","SUHAVI ENTERPRISES","Payment Success","300000"
"3359","Tamil Nadu","Construction of roads, link roads, pathways or any other road with or without drainage system","WS/MP18173/2025-2026/211124","TIRUVANNAMALAI(DISTRICT COLLECTOR TIRUVANNAMALAI_IDA)","THARANIVENTHAN M S","ARANI","19-Feb-2026","JK APPASAMY CONSTRUCTION","Payment Success","199980"
"3360","Tamil Nadu","Providing drains and gutters for public drainage","WS/MP18173/2025-2026/232761","TIRUVANNAMALAI(DISTRICT COLLECTOR TIRUVANNAMALAI_IDA)","THARANIVENTHAN M S","ARANI","19-Feb-2026","JK APPASAMY CONSTRUCTION","Payment Success","199960"
"3361","Tamil Nadu","Construction of community centers and community halls","WS/MP18173/2025-2026/225953","TIRUVANNAMALAI(DISTRICT COLLECTOR TIRUVANNAMALAI_IDA)","THARANIVENTHAN M S","ARANI","19-Feb-2026","DHANDABANI K NALLUR","Payment Success","399689"
"3362","Tamil Nadu","Construction of roads, link roads, pathways or any other road with or without drainage system","WS/MP18173/2025-2026/211125","TIRUVANNAMALAI(DISTRICT COLLECTOR TIRUVANNAMALAI_IDA)","THARANIVENTHAN M S","ARANI","19-Jan-2026","PERUMALSAMY","Payment Success","199882"
"3363","Tamil Nadu","Construction of roads, link roads, pathways or any other road with or without drainage system","WS/MP18173/2025-2026/232758","TIRUVANNAMALAI(DISTRICT COLLECTOR TIRUVANNAMALAI_IDA)","THARANIVENTHAN M S","ARANI","22-Jan-2026","Kalaimani Nallur","Payment Success","199936"
"3364","Tamil Nadu","Construction of community centers and community halls","WS/MP18173/2025-2026/211123","TIRUVANNAMALAI(DISTRICT COLLECTOR TIRUVANNAMALAI_IDA)","THARANIVENTHAN M S","ARANI","27-Jan-2026","S Valarmathi","Payment Success","299818"
"3365","Tamil Nadu","Lighting of public spaces","WS/MP18173/2025-2026/232613","TIRUVANNAMALAI(DISTRICT COLLECTOR TIRUVANNAMALAI_IDA)","THARANIVENTHAN M S","ARANI","24-Dec-2025","R A KARMIKA KOLAPAKKAM BOB","Payment Success","550000"
"3366","Tamil Nadu","Construction of roads, link roads, pathways or any other road with or without drainage system","WS/MP18173/2024-2025/137452","TIRUVANNAMALAI(DISTRICT COLLECTOR TIRUVANNAMALAI_IDA)","THARANIVENTHAN M S","ARANI","05-Feb-2025","PUSHPA K","Payment Success","199940"
"3367","Tamil Nadu","Construction of community centers and community halls","WS/MP18173/2024-2025/137458","TIRUVANNAMALAI(DISTRICT COLLECTOR TIRUVANNAMALAI_IDA)","THARANIVENTHAN M S","ARANI","07-Feb-2025","S Valarmathi","Payment Success","499848"
"3368","Tamil Nadu","Construction of culverts and bridges","WS/MP18173/2024-2025/137453","TIRUVANNAMALAI(DISTRICT COLLECTOR TIRUVANNAMALAI_IDA)","THARANIVENTHAN M S","ARANI","07-Feb-2025","RAJASEKARAN C","Payment Success","299940"
"3369","Tamil Nadu","Lighting of public spaces","WS/MP18173/2024-2025/152438","TIRUVANNAMALAI(DISTRICT COLLECTOR TIRUVANNAMALAI_IDA)","THARANIVENTHAN M S","ARANI","11-Jun-2025","Royal Furniture Electricals","Payment Success","700000"
"3370","Tamil Nadu","Lighting of public spaces","WS/MP18173/2024-2025/164143","TIRUVANNAMALAI(DISTRICT COLLECTOR TIRUVANNAMALAI_IDA)","THARANIVENTHAN M S","ARANI","11-Jun-2025","Royal Furniture Electricals","Payment Success","300000"
"3371","Tamil Nadu","Lighting of public spaces","WS/MP18173/2024-2025/147823","TIRUVANNAMALAI(DISTRICT COLLECTOR TIRUVANNAMALAI_IDA)","THARANIVENTHAN M S","ARANI","11-Jun-2025","Royal Furniture Electricals","Payment Success","300000"
"3372","Tamil Nadu","Construction of roads, link roads, pathways or any other road with or without drainage system","WS/MP18173/2025-2026/211122","TIRUVANNAMALAI(DISTRICT COLLECTOR TIRUVANNAMALAI_IDA)","THARANIVENTHAN M S","ARANI","07-Oct-2025","ETHIRAJ R","Payment Success","199960"
"3373","Tamil Nadu","Construction of roads, link roads, pathways or any other road with or without drainage system","WS/MP18173/2025-2026/211118","TIRUVANNAMALAI(DISTRICT COLLECTOR TIRUVANNAMALAI_IDA)","THARANIVENTHAN M S","ARANI","08-Oct-2025","RAJASEKARAN C","Payment Success","199860"
"3374","Tamil Nadu","Construction of roads, link roads, pathways or any other road with or without drainage system","WS/MP18173/2025-2026/211121","TIRUVANNAMALAI(DISTRICT COLLECTOR TIRUVANNAMALAI_IDA)","THARANIVENTHAN M S","ARANI","08-Oct-2025","MAHESWARI","Payment Success","499700"
"3375","Tamil Nadu","Construction of roads, link roads, pathways or any other road with or without drainage system","WS/MP18173/2025-2026/211120","TIRUVANNAMALAI(DISTRICT COLLECTOR TIRUVANNAMALAI_IDA)","THARANIVENTHAN M S","ARANI","08-Oct-2025","RAJASEKARAN C","Payment Success","199860"
"3376","Tamil Nadu","Construction of roads, link roads, pathways or any other road with or without drainage system","WS/MP18173/2024-2025/137454","TIRUVANNAMALAI(DISTRICT COLLECTOR TIRUVANNAMALAI_IDA)","THARANIVENTHAN M S","ARANI","10-Oct-2025","ELANGOVAN","Payment Success","499850"
"3377","Tamil Nadu","Construction of roads, link roads, pathways or any other road with or without drainage system","WS/MP18173/2025-2026/211119","TIRUVANNAMALAI(DISTRICT COLLECTOR TIRUVANNAMALAI_IDA)","THARANIVENTHAN M S","ARANI","10-Oct-2025","PERUMALSAMY","Payment Success","299697"
"3378","Tamil Nadu","Construction of bus-sheds or bus-stops","WS/MP18176/2025-2026/206523","DINDIGUL(DISTRICT COLLECTOR DINDIGUL_IDA)","SACHITHANANTHAM R","DINDIGUL","31-Dec-2025","AAthavan construction","Payment Success","625265"
"3379","Tamil Nadu","Construction of public libraries and reading rooms","WS/MP18176/2024-2025/142553","DINDIGUL(DISTRICT COLLECTOR DINDIGUL_IDA)","SACHITHANANTHAM R","DINDIGUL","10-Mar-2026","KALIKURUCHI P","Payment Success","632795"
"3380","Tamil Nadu","Construction of bus-sheds or bus-stops","WS/MP18176/2025-2026/206523","DINDIGUL(DISTRICT COLLECTOR DINDIGUL_IDA)","SACHITHANANTHAM R","DINDIGUL","11-Mar-2026","AAthavan construction","Payment Success","372847"
"3381","Tamil Nadu","Construction of public libraries and reading rooms","WS/MP18176/2024-2025/142553","DINDIGUL(DISTRICT COLLECTOR DINDIGUL_IDA)","SACHITHANANTHAM R","DINDIGUL","31-Jan-2025","KALIKURUCHI P","Payment Success","850365"
"3382","Tamil Nadu","Construction of footpaths and pedestrian ways","WS/MP758/2025-2026/201204","DINDIGUL(DISTRICT COLLECTOR DINDIGUL_IDA)","Smt S Jothimani","KARUR","12-Jan-2026","VELMURUGAN S","Payment Success","550000"
"3383","Tamil Nadu","Setting up public non-conventional energy plants","WS/MP18176/2025-2026/246743","DINDIGUL(DISTRICT COLLECTOR DINDIGUL_IDA)","SACHITHANANTHAM R","DINDIGUL","16-Apr-2026","SSR Enterprises","Payment Success","578000"
"3384","Tamil Nadu","Setting up public non-conventional energy plants","WS/MP18176/2025-2026/246744","DINDIGUL(DISTRICT COLLECTOR DINDIGUL_IDA)","SACHITHANANTHAM R","DINDIGUL","16-Apr-2026","SSR Enterprises","Payment Success","578000"
"3385","Tamil Nadu","Setting up public non-conventional energy plants","WS/MP18176/2025-2026/246745","DINDIGUL(DISTRICT COLLECTOR DINDIGUL_IDA)","SACHITHANANTHAM R","DINDIGUL","16-Apr-2026","SSR Enterprises","Payment Success","578000"
"3386","Tamil Nadu","Providing CCTV camera system for security of public areas","WS/MP18176/2024-2025/146590","DINDIGUL(DISTRICT COLLECTOR DINDIGUL_IDA)","SACHITHANANTHAM R","DINDIGUL","28-Jul-2025","KALIYAMMAL MUTHUPANDI","Payment Success","1199254"
"3387","Tamil Nadu","Providing CCTV camera system for security of public areas","WS/MP18176/2024-2025/146590","DINDIGUL(DISTRICT COLLECTOR DINDIGUL_IDA)","SACHITHANANTHAM R","DINDIGUL","18-Feb-2025","KALIYAMMAL M","Payment Success","1900000"
"3388","Tamil Nadu","Providing CCTV camera system for security of public areas","WS/MP18176/2024-2025/146590","DINDIGUL(DISTRICT COLLECTOR DINDIGUL_IDA)","SACHITHANANTHAM R","DINDIGUL","21-Jan-2025","KALIYAMMAL M","Payment Success","1900000"
"3389","Tamil Nadu","Construction of bus-sheds or bus-stops","WS/MP758/2025-2026/164226","DINDIGUL(DISTRICT COLLECTOR DINDIGUL_IDA)","Smt S Jothimani","KARUR","12-Mar-2026","THANGAVEL BALAJI","Payment Success","799812"
"3390","Tamil Nadu","Purchase of prosthetics, wheel chairs, tricycles (manual or motorized), elect scooties, hearing aids","WS/MP758/2025-2026/210908","DINDIGUL(DISTRICT COLLECTOR DINDIGUL_IDA)","Smt S Jothimani","KARUR","25-Jun-2026","Saminathan","Payment Success","286413"
"3391","Tamil Nadu","Construction of bus-sheds or bus-stops","WS/MP870/2025-2026/200452","Tirupathur(District Collector Tirupathur_IDA)","D M Kathir Anand","VELLORE","03-Aug-2026","ASHIKA CONSTRUCTION","Payment Success","522388"
"3392","Tamil Nadu","Construction of bus-sheds or bus-stops","WS/MP870/2025-2026/200451","Tirupathur(District Collector Tirupathur_IDA)","D M Kathir Anand","VELLORE","06-May-2026","RAJANBABU P","Payment Success","518849"
"3393","Tamil Nadu","Construction of bus-sheds or bus-stops","WS/MP870/2025-2026/211850","Tirupathur(District Collector Tirupathur_IDA)","D M Kathir Anand","VELLORE","26-Mar-2026","KASI P","Payment Success","453041"
"3394","Tamil Nadu","Construction of bus-sheds or bus-stops","WS/MP870/2025-2026/200531","Tirupathur(District Collector Tirupathur_IDA)","D M Kathir Anand","VELLORE","27-Mar-2026","KASI P","Payment Success","544073"
"3395","Tamil Nadu","Purchase of furniture and fixtures for educational purposes","WS/MP18178/2025-2026/225351","KALLAKURICHI(District Collector Kallakurichi_IDA)","MALAIYARASAN D","KALLAKURICHI","10-Oct-2025","DHANASEKARAN K","Payment Success","626580"
"3396","Tamil Nadu","Purchase of furniture and fixtures for educational purposes","WS/MP18178/2025-2026/202111","KALLAKURICHI(District Collector Kallakurichi_IDA)","MALAIYARASAN D","KALLAKURICHI","04-Aug-2025","Ss Construction","Payment Success","835440"
"3397","Tamil Nadu","Purchase of furniture and fixtures for educational purposes","WS/MP18178/2025-2026/202110","KALLAKURICHI(District Collector Kallakurichi_IDA)","MALAIYARASAN D","KALLAKURICHI","04-Aug-2025","Ss Construction","Payment Success","626580"
"3398","Tamil Nadu","Purchase of furniture and fixtures for educational purposes","WS/MP18178/2025-2026/202073","KALLAKURICHI(District Collector Kallakurichi_IDA)","MALAIYARASAN D","KALLAKURICHI","04-Aug-2025","Ss Construction","Payment Success","626580"
"3399","Tamil Nadu","Purchase of furniture and fixtures for educational purposes","WS/MP18178/2025-2026/202070","KALLAKURICHI(District Collector Kallakurichi_IDA)","MALAIYARASAN D","KALLAKURICHI","04-Aug-2025","Ss Construction","Payment Success","522150"
"3400","Tamil Nadu","Purchase of furniture and fixtures for educational purposes","WS/MP18178/2025-2026/202071","KALLAKURICHI(District Collector Kallakurichi_IDA)","MALAIYARASAN D","KALLAKURICHI","04-Aug-2025","Ss Construction","Payment Success","1044300"
"3401","Tamil Nadu","Purchase of furniture and fixtures for educational purposes","WS/MP18178/2024-2025/174398","KALLAKURICHI(District Collector Kallakurichi_IDA)","MALAIYARASAN D","KALLAKURICHI","18-Feb-2025","DHANASEKARAN K","Payment Success","1044300"
"3402","Tamil Nadu","Purchase of furniture and fixtures for educational purposes","WS/MP18178/2024-2025/174399","KALLAKURICHI(District Collector Kallakurichi_IDA)","MALAIYARASAN D","KALLAKURICHI","18-Feb-2025","DHANASEKARAN K","Payment Success","626580"
"3403","Tamil Nadu","Purchase of furniture and fixtures for educational purposes","WS/MP18178/2024-2025/174397","KALLAKURICHI(District Collector Kallakurichi_IDA)","MALAIYARASAN D","KALLAKURICHI","18-Feb-2025","DHANASEKARAN K","Payment Success","1044300"
"3404","Tamil Nadu","Purchase of furniture and fixtures for educational purposes","WS/MP18178/2025-2026/225417","KALLAKURICHI(District Collector Kallakurichi_IDA)","MALAIYARASAN D","KALLAKURICHI","04-Feb-2026","DHANASEKARAN K","Payment Success","626580"
"3405","Tamil Nadu","Purchase of furniture and fixtures for educational purposes","WS/MP18178/2025-2026/225249","KALLAKURICHI(District Collector Kallakurichi_IDA)","MALAIYARASAN D","KALLAKURICHI","09-Oct-2025","DHANASEKARAN K","Payment Success","626580"
"3406","Tamil Nadu","Purchase of furniture and fixtures for educational purposes","WS/MP18178/2025-2026/225333","KALLAKURICHI(District Collector Kallakurichi_IDA)","MALAIYARASAN D","KALLAKURICHI","09-Oct-2025","DHANASEKARAN K","Payment Success","626580"
"3407","Tamil Nadu","Purchase of furniture and fixtures for educational purposes","WS/MP18178/2025-2026/225418","KALLAKURICHI(District Collector Kallakurichi_IDA)","MALAIYARASAN D","KALLAKURICHI","09-Oct-2025","DHANASEKARAN K","Payment Success","626580"
"3408","Tamil Nadu","Purchase of furniture and fixtures for educational purposes","WS/MP18178/2025-2026/225336","KALLAKURICHI(District Collector Kallakurichi_IDA)","MALAIYARASAN D","KALLAKURICHI","09-Oct-2025","DHANASEKARAN K","Payment Success","626580"
"3409","Tamil Nadu","Purchase of furniture and fixtures for educational purposes","WS/MP18178/2025-2026/225338","KALLAKURICHI(District Collector Kallakurichi_IDA)","MALAIYARASAN D","KALLAKURICHI","09-Oct-2025","DHANASEKARAN K","Payment Success","835440"
"3410","Tamil Nadu","Purchase of furniture and fixtures for educational purposes","WS/MP18178/2025-2026/225393","KALLAKURICHI(District Collector Kallakurichi_IDA)","MALAIYARASAN D","KALLAKURICHI","10-Oct-2025","DHANASEKARAN K","Payment Success","835440"
"3411","Tamil Nadu","Purchase of furniture and fixtures for educational purposes","WS/MP18178/2025-2026/225352","KALLAKURICHI(District Collector Kallakurichi_IDA)","MALAIYARASAN D","KALLAKURICHI","10-Oct-2025","DHANASEKARAN K","Payment Success","626580"
"3412","Tamil Nadu","Purchase of furniture and fixtures for educational purposes","WS/MP18178/2025-2026/225419","KALLAKURICHI(District Collector Kallakurichi_IDA)","MALAIYARASAN D","KALLAKURICHI","10-Oct-2025","DHANASEKARAN K","Payment Success","835440"
"3413","Tamil Nadu","Purchase of furniture and fixtures for educational purposes","WS/MP18178/2025-2026/225388","KALLAKURICHI(District Collector Kallakurichi_IDA)","MALAIYARASAN D","KALLAKURICHI","10-Oct-2025","DHANASEKARAN K","Payment Success","626580"
"3414","Tamil Nadu","Construction of boundary walls of existing public and community buildings","WS/MP18182/2024-2025/134222","TENKASI(DISTRICT COLLECTOR TENKASI_IDA)","DR RANI SRI KUMAR","TENKASI(SC)","30-Sep-2024","R R BUILDERS","Payment Success","2486079"
"3415","Tamil Nadu","Construction of boundary walls of existing public and community buildings","WS/MP18182/2024-2025/134224","TENKASI(DISTRICT COLLECTOR TENKASI_IDA)","DR RANI SRI KUMAR","TENKASI(SC)","30-Sep-2024","R R BUILDERS","Payment Success","2481067"
"3416","Tamil Nadu","Construction of boundary walls of existing public and community buildings","WS/MP18182/2024-2025/134225","TENKASI(DISTRICT COLLECTOR TENKASI_IDA)","DR RANI SRI KUMAR","TENKASI(SC)","10-Oct-2024","R R BUILDERS","Payment Success","2482079"
"3417","Tamil Nadu","Construction of boundary walls of existing public and community buildings","WS/MP18182/2024-2025/134223","TENKASI(DISTRICT COLLECTOR TENKASI_IDA)","DR RANI SRI KUMAR","TENKASI(SC)","10-Oct-2024","R R BUILDERS","Payment Success","2493302"
"3418","Tamil Nadu","Construction of roads, link roads, pathways or any other road with or without drainage system","WS/MP18182/2025-2026/195611","TENKASI(DISTRICT COLLECTOR TENKASI_IDA)","DR RANI SRI KUMAR","TENKASI(SC)","08-Jul-2025","R R BUILDERS","Payment Success","2494268"
"3419","Tamil Nadu","Construction of roads, link roads, pathways or any other road with or without drainage system","WS/MP18182/2025-2026/195610","TENKASI(DISTRICT COLLECTOR TENKASI_IDA)","DR RANI SRI KUMAR","TENKASI(SC)","08-Jul-2025","R R BUILDERS","Payment Success","2488445"
"3420","Tamil Nadu","Construction of roads, link roads, pathways or any other road with or without drainage system","WS/MP18182/2025-2026/195612","TENKASI(DISTRICT COLLECTOR TENKASI_IDA)","DR RANI SRI KUMAR","TENKASI(SC)","17-Jul-2025","R R BUILDERS","Payment Success","2480652"
"3421","Tamil Nadu","Construction of roads, link roads, pathways or any other road with or without drainage system","WS/MP18182/2025-2026/195613","TENKASI(DISTRICT COLLECTOR TENKASI_IDA)","DR RANI SRI KUMAR","TENKASI(SC)","17-Jul-2025","R R BUILDERS","Payment Success","2485825"
"3422","Tamil Nadu","Purchase of furniture and fixtures for educational purposes","WS/MP18178/2025-2026/202159","KALLAKURICHI(District Collector Kallakurichi_IDA)","MALAIYARASAN D","KALLAKURICHI","10-Oct-2025","Ss Construction","Payment Success","626580"
"3423","Tamil Nadu","Purchase of furniture and fixtures for educational purposes","WS/MP18178/2025-2026/202147","KALLAKURICHI(District Collector Kallakurichi_IDA)","MALAIYARASAN D","KALLAKURICHI","10-Oct-2025","Ss Construction","Payment Success","626580"
"3424","Tamil Nadu","Purchase of furniture and fixtures for educational purposes","WS/MP18178/2025-2026/202149","KALLAKURICHI(District Collector Kallakurichi_IDA)","MALAIYARASAN D","KALLAKURICHI","10-Oct-2025","Ss Construction","Payment Success","626580"
"3425","Tamil Nadu","Purchase of furniture and fixtures for educational purposes","WS/MP18178/2025-2026/202152","KALLAKURICHI(District Collector Kallakurichi_IDA)","MALAIYARASAN D","KALLAKURICHI","10-Oct-2025","Ss Construction","Payment Success","626580"
"3426","Tamil Nadu","Purchase of furniture and fixtures for educational purposes","WS/MP18178/2025-2026/202153","KALLAKURICHI(District Collector Kallakurichi_IDA)","MALAIYARASAN D","KALLAKURICHI","10-Oct-2025","Ss Construction","Payment Success","626580"
"3427","Tamil Nadu","Purchase of furniture and fixtures for educational purposes","WS/MP18178/2025-2026/202154","KALLAKURICHI(District Collector Kallakurichi_IDA)","MALAIYARASAN D","KALLAKURICHI","10-Oct-2025","Ss Construction","Payment Success","626580"
"3428","Tamil Nadu","Purchase of furniture and fixtures for educational purposes","WS/MP18178/2025-2026/225358","KALLAKURICHI(District Collector Kallakurichi_IDA)","MALAIYARASAN D","KALLAKURICHI","28-Oct-2025","DHANASEKARAN K","Payment Success","522150"
"3429","Tamil Nadu","Purchase of furniture and fixtures for educational purposes","WS/MP18178/2025-2026/225372","KALLAKURICHI(District Collector Kallakurichi_IDA)","MALAIYARASAN D","KALLAKURICHI","28-Oct-2025","DHANASEKARAN K","Payment Success","417720"
"3430","Tamil Nadu","Purchase of furniture and fixtures for educational purposes","WS/MP18178/2025-2026/225380","KALLAKURICHI(District Collector Kallakurichi_IDA)","MALAIYARASAN D","KALLAKURICHI","28-Oct-2025","DHANASEKARAN K","Payment Success","1044300"
"3431","Tamil Nadu","Purchase of furniture and fixtures for educational purposes","WS/MP18178/2025-2026/225381","KALLAKURICHI(District Collector Kallakurichi_IDA)","MALAIYARASAN D","KALLAKURICHI","28-Oct-2025","DHANASEKARAN K","Payment Success","626580"
"3432","Tamil Nadu","Purchase of furniture and fixtures for educational purposes","WS/MP18178/2025-2026/225378","KALLAKURICHI(District Collector Kallakurichi_IDA)","MALAIYARASAN D","KALLAKURICHI","28-Oct-2025","DHANASEKARAN K","Payment Success","626580"
"3433","Tamil Nadu","Purchase of furniture and fixtures for educational purposes","WS/MP18178/2025-2026/225377","KALLAKURICHI(District Collector Kallakurichi_IDA)","MALAIYARASAN D","KALLAKURICHI","28-Oct-2025","DHANASEKARAN K","Payment Success","522150"
"3434","Tamil Nadu","Purchase of furniture and fixtures for educational purposes","WS/MP18178/2025-2026/225382","KALLAKURICHI(District Collector Kallakurichi_IDA)","MALAIYARASAN D","KALLAKURICHI","28-Oct-2025","DHANASEKARAN K","Payment Success","626580"
"3435","Tamil Nadu","Purchase of furniture and fixtures for educational purposes","WS/MP18178/2025-2026/225470","KALLAKURICHI(District Collector Kallakurichi_IDA)","MALAIYARASAN D","KALLAKURICHI","09-Dec-2025","DHANASEKARAN K","Payment Success","626580"
"3436","Tamil Nadu","Purchase of furniture and fixtures for educational purposes","WS/MP18178/2025-2026/225357","KALLAKURICHI(District Collector Kallakurichi_IDA)","MALAIYARASAN D","KALLAKURICHI","04-Dec-2025","DHANASEKARAN K","Payment Success","626580"
"3437","Tamil Nadu","Purchase of furniture and fixtures for educational purposes","WS/MP18178/2025-2026/225370","KALLAKURICHI(District Collector Kallakurichi_IDA)","MALAIYARASAN D","KALLAKURICHI","04-Dec-2025","DHANASEKARAN K","Payment Success","522150"
"3438","Tamil Nadu","Purchase of furniture and fixtures for educational purposes","WS/MP18178/2025-2026/225384","KALLAKURICHI(District Collector Kallakurichi_IDA)","MALAIYARASAN D","KALLAKURICHI","04-Dec-2025","DHANASEKARAN K","Payment Success","835440"
"3439","Tamil Nadu","Purchase of furniture and fixtures for educational purposes","WS/MP18178/2025-2026/225424","KALLAKURICHI(District Collector Kallakurichi_IDA)","MALAIYARASAN D","KALLAKURICHI","04-Dec-2025","DHANASEKARAN K","Payment Success","522150"
"3440","Tamil Nadu","Purchase of furniture and fixtures for educational purposes","WS/MP18178/2024-2025/174367","KALLAKURICHI(District Collector Kallakurichi_IDA)","MALAIYARASAN D","KALLAKURICHI","11-Mar-2025","DHANASEKARAN K","Payment Success","960756"
"3441","Tamil Nadu","Purchase of furniture and fixtures for educational purposes","WS/MP18178/2024-2025/174384","KALLAKURICHI(District Collector Kallakurichi_IDA)","MALAIYARASAN D","KALLAKURICHI","18-Feb-2025","DHANASEKARAN K","Payment Success","1044300"
"3442","Tamil Nadu","Purchase of furniture and fixtures for educational purposes","WS/MP18178/2024-2025/174366","KALLAKURICHI(District Collector Kallakurichi_IDA)","MALAIYARASAN D","KALLAKURICHI","18-Feb-2025","DHANASEKARAN K","Payment Success","1462020"
"3443","Tamil Nadu","Purchase of furniture and fixtures for educational purposes","WS/MP18178/2024-2025/174364","KALLAKURICHI(District Collector Kallakurichi_IDA)","MALAIYARASAN D","KALLAKURICHI","18-Feb-2025","DHANASEKARAN K","Payment Success","2088600"
"3444","Tamil Nadu","Purchase of furniture and fixtures for educational purposes","WS/MP18178/2024-2025/174383","KALLAKURICHI(District Collector Kallakurichi_IDA)","MALAIYARASAN D","KALLAKURICHI","18-Feb-2025","DHANASEKARAN K","Payment Success","3132900"
"3445","Tamil Nadu","Purchase of furniture and fixtures for educational purposes","WS/MP18178/2025-2026/202141","KALLAKURICHI(District Collector Kallakurichi_IDA)","MALAIYARASAN D","KALLAKURICHI","25-Aug-2025","Ss Construction","Payment Success","1044300"
"3446","Tamil Nadu","Purchase of furniture and fixtures for educational purposes","WS/MP18178/2025-2026/202142","KALLAKURICHI(District Collector Kallakurichi_IDA)","MALAIYARASAN D","KALLAKURICHI","25-Aug-2025","Ss Construction","Payment Success","1044300"
"3447","Tamil Nadu","Purchase of furniture and fixtures for educational purposes","WS/MP18178/2025-2026/202143","KALLAKURICHI(District Collector Kallakurichi_IDA)","MALAIYARASAN D","KALLAKURICHI","25-Aug-2025","Ss Construction","Payment Success","1044300"
"3448","Tamil Nadu","Purchase of furniture and fixtures for educational purposes","WS/MP18178/2025-2026/202146","KALLAKURICHI(District Collector Kallakurichi_IDA)","MALAIYARASAN D","KALLAKURICHI","25-Aug-2025","Ss Construction","Payment Success","1044300"
"3449","Tamil Nadu","Purchase of furniture and fixtures for educational purposes","WS/MP18178/2025-2026/202137","KALLAKURICHI(District Collector Kallakurichi_IDA)","MALAIYARASAN D","KALLAKURICHI","25-Aug-2025","Ss Construction","Payment Success","1462020"
"3450","Tamil Nadu","Construction of community centers and community halls","WS/MP18178/2025-2026/174415","KALLAKURICHI(District Collector Kallakurichi_IDA)","MALAIYARASAN D","KALLAKURICHI","30-Aug-2025","RAGUL N","Payment Success","188500"
"3451","Tamil Nadu","Purchase of furniture and fixtures for educational purposes","WS/MP18178/2024-2025/174393","KALLAKURICHI(District Collector Kallakurichi_IDA)","MALAIYARASAN D","KALLAKURICHI","22-Mar-2025","DHANASEKARAN K","Payment Success","1044300"
"3452","Tamil Nadu","Construction of community centers and community halls","WS/MP18178/2025-2026/174415","KALLAKURICHI(District Collector Kallakurichi_IDA)","MALAIYARASAN D","KALLAKURICHI","01-Jul-2025","RAGUL N","Payment Success","1080000"
"3453","Tamil Nadu","Purchase of furniture and fixtures for educational purposes","WS/MP18178/2024-2025/174394","KALLAKURICHI(District Collector Kallakurichi_IDA)","MALAIYARASAN D","KALLAKURICHI","18-Feb-2025","DHANASEKARAN K","Payment Success","1044300"
"3454","Tamil Nadu","Purchase of furniture and fixtures for educational purposes","WS/MP18178/2024-2025/174395","KALLAKURICHI(District Collector Kallakurichi_IDA)","MALAIYARASAN D","KALLAKURICHI","18-Feb-2025","DHANASEKARAN K","Payment Success","1044300"
"3455","Tamil Nadu","Purchase of furniture and fixtures for educational purposes","WS/MP18178/2024-2025/174396","KALLAKURICHI(District Collector Kallakurichi_IDA)","MALAIYARASAN D","KALLAKURICHI","18-Feb-2025","DHANASEKARAN K","Payment Success","626580"
"3456","Tamil Nadu","Purchase of furniture and fixtures for educational purposes","WS/MP18178/2025-2026/202133","KALLAKURICHI(District Collector Kallakurichi_IDA)","MALAIYARASAN D","KALLAKURICHI","12-Sep-2025","Ss Construction","Payment Success","626580"
"3457","Tamil Nadu","Purchase of furniture and fixtures for educational purposes","WS/MP18178/2025-2026/202122","KALLAKURICHI(District Collector Kallakurichi_IDA)","MALAIYARASAN D","KALLAKURICHI","13-Sep-2025","Ss Construction","Payment Success","626580"
"3458","Tamil Nadu","Purchase of furniture and fixtures for educational purposes","WS/MP18178/2025-2026/202126","KALLAKURICHI(District Collector Kallakurichi_IDA)","MALAIYARASAN D","KALLAKURICHI","13-Sep-2025","Ss Construction","Payment Success","626580"
"3459","Tamil Nadu","Purchase of furniture and fixtures for educational purposes","WS/MP18178/2025-2026/202127","KALLAKURICHI(District Collector Kallakurichi_IDA)","MALAIYARASAN D","KALLAKURICHI","13-Sep-2025","Ss Construction","Payment Success","626580"
"3460","Tamil Nadu","Purchase of furniture and fixtures for educational purposes","WS/MP18178/2025-2026/202136","KALLAKURICHI(District Collector Kallakurichi_IDA)","MALAIYARASAN D","KALLAKURICHI","13-Sep-2025","Ss Construction","Payment Success","1566450"
"3461","Tamil Nadu","Purchase of furniture and fixtures for educational purposes","WS/MP18178/2025-2026/202125","KALLAKURICHI(District Collector Kallakurichi_IDA)","MALAIYARASAN D","KALLAKURICHI","12-Sep-2025","Ss Construction","Payment Success","626580"
"3462","Tamil Nadu","Purchase of furniture and fixtures for educational purposes","WS/MP18178/2025-2026/202124","KALLAKURICHI(District Collector Kallakurichi_IDA)","MALAIYARASAN D","KALLAKURICHI","12-Sep-2025","Ss Construction","Payment Success","626580"
"3463","Tamil Nadu","Purchase of furniture and fixtures for educational purposes","WS/MP18178/2025-2026/202123","KALLAKURICHI(District Collector Kallakurichi_IDA)","MALAIYARASAN D","KALLAKURICHI","12-Sep-2025","Ss Construction","Payment Success","626580"
"3464","Tamil Nadu","Purchase of furniture and fixtures for educational purposes","WS/MP18178/2024-2025/174412","KALLAKURICHI(District Collector Kallakurichi_IDA)","MALAIYARASAN D","KALLAKURICHI","27-Mar-2025","DHANASEKARAN K","Payment Success","1608222"
"3465","Tamil Nadu","Purchase of furniture and fixtures for educational purposes","WS/MP18178/2024-2025/174388","KALLAKURICHI(District Collector Kallakurichi_IDA)","MALAIYARASAN D","KALLAKURICHI","07-Mar-2025","DHANASEKARAN K","Payment Success","1044300"
"3466","Tamil Nadu","Purchase of furniture and fixtures for educational purposes","WS/MP18178/2024-2025/174387","KALLAKURICHI(District Collector Kallakurichi_IDA)","MALAIYARASAN D","KALLAKURICHI","07-Mar-2025","DHANASEKARAN K","Payment Success","1253160"
"3467","Tamil Nadu","Purchase of furniture and fixtures for educational purposes","WS/MP18178/2025-2026/225396","KALLAKURICHI(District Collector Kallakurichi_IDA)","MALAIYARASAN D","KALLAKURICHI","11-Oct-2025","DHANASEKARAN K","Payment Success","417720"
"3468","Tamil Nadu","Purchase of furniture and fixtures for educational purposes","WS/MP18178/2025-2026/225392","KALLAKURICHI(District Collector Kallakurichi_IDA)","MALAIYARASAN D","KALLAKURICHI","11-Oct-2025","DHANASEKARAN K","Payment Success","835440"
"3469","Tamil Nadu","Purchase of furniture and fixtures for educational purposes","WS/MP18178/2025-2026/225353","KALLAKURICHI(District Collector Kallakurichi_IDA)","MALAIYARASAN D","KALLAKURICHI","11-Oct-2025","DHANASEKARAN K","Payment Success","626580"
"3470","Tamil Nadu","Purchase of furniture and fixtures for educational purposes","WS/MP18178/2025-2026/225356","KALLAKURICHI(District Collector Kallakurichi_IDA)","MALAIYARASAN D","KALLAKURICHI","11-Oct-2025","DHANASEKARAN K","Payment Success","626580"
"3471","Tamil Nadu","Purchase of furniture and fixtures for educational purposes","WS/MP18178/2025-2026/225395","KALLAKURICHI(District Collector Kallakurichi_IDA)","MALAIYARASAN D","KALLAKURICHI","11-Oct-2025","DHANASEKARAN K","Payment Success","355062"
"3472","Tamil Nadu","Purchase of furniture and fixtures for educational purposes","WS/MP18178/2024-2025/174390","KALLAKURICHI(District Collector Kallakurichi_IDA)","MALAIYARASAN D","KALLAKURICHI","20-Mar-2025","DHANASEKARAN K","Payment Success","626580"
"3473","Tamil Nadu","Purchase of furniture and fixtures for educational purposes","WS/MP18178/2024-2025/174385","KALLAKURICHI(District Collector Kallakurichi_IDA)","MALAIYARASAN D","KALLAKURICHI","20-Mar-2025","DHANASEKARAN K","Payment Success","1253160"
"3474","Tamil Nadu","Purchase of furniture and fixtures for educational purposes","WS/MP18178/2024-2025/174389","KALLAKURICHI(District Collector Kallakurichi_IDA)","MALAIYARASAN D","KALLAKURICHI","20-Mar-2025","DHANASEKARAN K","Payment Success","1462020"
"3475","Tamil Nadu","Purchase of furniture and fixtures for educational purposes","WS/MP18178/2024-2025/174392","KALLAKURICHI(District Collector Kallakurichi_IDA)","MALAIYARASAN D","KALLAKURICHI","11-Mar-2025","DHANASEKARAN K","Payment Success","2088600"
"3476","Tamil Nadu","Purchase of furniture and fixtures for educational purposes","WS/MP18178/2025-2026/202189","KALLAKURICHI(District Collector Kallakurichi_IDA)","MALAIYARASAN D","KALLAKURICHI","20-Aug-2025","Ss Construction","Payment Success","1044300"
"3477","Tamil Nadu","Purchase of furniture and fixtures for educational purposes","WS/MP18178/2025-2026/202163","KALLAKURICHI(District Collector Kallakurichi_IDA)","MALAIYARASAN D","KALLAKURICHI","18-Aug-2025","Ss Construction","Payment Success","1044300"
"3478","Tamil Nadu","Purchase of furniture and fixtures for educational purposes","WS/MP18178/2025-2026/202161","KALLAKURICHI(District Collector Kallakurichi_IDA)","MALAIYARASAN D","KALLAKURICHI","18-Aug-2025","Ss Construction","Payment Success","731010"
"3479","Tamil Nadu","Purchase of furniture and fixtures for educational purposes","WS/MP18178/2025-2026/202179","KALLAKURICHI(District Collector Kallakurichi_IDA)","MALAIYARASAN D","KALLAKURICHI","18-Aug-2025","Ss Construction","Payment Success","835440"
"3480","Tamil Nadu","Purchase of furniture and fixtures for educational purposes","WS/MP18178/2025-2026/202180","KALLAKURICHI(District Collector Kallakurichi_IDA)","MALAIYARASAN D","KALLAKURICHI","18-Aug-2025","Ss Construction","Payment Success","1044300"
"3481","Tamil Nadu","Purchase of furniture and fixtures for educational purposes","WS/MP18178/2025-2026/202181","KALLAKURICHI(District Collector Kallakurichi_IDA)","MALAIYARASAN D","KALLAKURICHI","18-Aug-2025","Ss Construction","Payment Success","626580"
"3482","Tamil Nadu","Purchase of furniture and fixtures for educational purposes","WS/MP18178/2025-2026/202186","KALLAKURICHI(District Collector Kallakurichi_IDA)","MALAIYARASAN D","KALLAKURICHI","18-Aug-2025","Ss Construction","Payment Success","626580"
"3483","Tamil Nadu","Purchase of furniture and fixtures for educational purposes","WS/MP18178/2025-2026/202188","KALLAKURICHI(District Collector Kallakurichi_IDA)","MALAIYARASAN D","KALLAKURICHI","18-Aug-2025","Ss Construction","Payment Success","1044300"
"3484","Tamil Nadu","Purchase of furniture and fixtures for educational purposes","WS/MP18178/2024-2025/174400","KALLAKURICHI(District Collector Kallakurichi_IDA)","MALAIYARASAN D","KALLAKURICHI","18-Feb-2025","DHANASEKARAN K","Payment Success","751896"
"3485","Tamil Nadu","Purchase of furniture and fixtures for educational purposes","WS/MP18178/2024-2025/174406","KALLAKURICHI(District Collector Kallakurichi_IDA)","MALAIYARASAN D","KALLAKURICHI","18-Feb-2025","DHANASEKARAN K","Payment Success","1462020"
"3486","Tamil Nadu","Purchase of furniture and fixtures for educational purposes","WS/MP18178/2024-2025/174407","KALLAKURICHI(District Collector Kallakurichi_IDA)","MALAIYARASAN D","KALLAKURICHI","18-Feb-2025","DHANASEKARAN K","Payment Success","626580"
"3487","Tamil Nadu","Purchase of furniture and fixtures for educational purposes","WS/MP18178/2024-2025/174408","KALLAKURICHI(District Collector Kallakurichi_IDA)","MALAIYARASAN D","KALLAKURICHI","18-Feb-2025","DHANASEKARAN K","Payment Success","626580"
"3488","Tamil Nadu","Purchase of furniture and fixtures for educational purposes","WS/MP18178/2024-2025/174409","KALLAKURICHI(District Collector Kallakurichi_IDA)","MALAIYARASAN D","KALLAKURICHI","18-Feb-2025","DHANASEKARAN K","Payment Success","1253160"
"3489","Tamil Nadu","Purchase of furniture and fixtures for educational purposes","WS/MP18178/2024-2025/174410","KALLAKURICHI(District Collector Kallakurichi_IDA)","MALAIYARASAN D","KALLAKURICHI","18-Feb-2025","DHANASEKARAN K","Payment Success","626580"
"3490","Tamil Nadu","Purchase of furniture and fixtures for educational purposes","WS/MP18178/2025-2026/202117","KALLAKURICHI(District Collector Kallakurichi_IDA)","MALAIYARASAN D","KALLAKURICHI","06-Aug-2025","Ss Construction","Payment Success","1044300"
"3491","Tamil Nadu","Purchase of furniture and fixtures for educational purposes","WS/MP18178/2025-2026/202116","KALLAKURICHI(District Collector Kallakurichi_IDA)","MALAIYARASAN D","KALLAKURICHI","06-Aug-2025","Ss Construction","Payment Success","626580"
"3492","Tamil Nadu","Purchase of furniture and fixtures for educational purposes","WS/MP18178/2025-2026/202115","KALLAKURICHI(District Collector Kallakurichi_IDA)","MALAIYARASAN D","KALLAKURICHI","06-Aug-2025","Ss Construction","Payment Success","1044300"
"3493","Tamil Nadu","Purchase of furniture and fixtures for educational purposes","WS/MP18178/2025-2026/202112","KALLAKURICHI(District Collector Kallakurichi_IDA)","MALAIYARASAN D","KALLAKURICHI","06-Aug-2025","Ss Construction","Payment Success","1044300"
"3494","Tamil Nadu","Purchase of furniture and fixtures for educational purposes","WS/MP18178/2025-2026/225387","KALLAKURICHI(District Collector Kallakurichi_IDA)","MALAIYARASAN D","KALLAKURICHI","06-Oct-2025","DHANASEKARAN K","Payment Success","626580"
"3495","Tamil Nadu","Purchase of furniture and fixtures for educational purposes","WS/MP18178/2025-2026/225390","KALLAKURICHI(District Collector Kallakurichi_IDA)","MALAIYARASAN D","KALLAKURICHI","06-Oct-2025","DHANASEKARAN K","Payment Success","835440"
"3496","Tamil Nadu","Purchase of furniture and fixtures for educational purposes","WS/MP18178/2025-2026/225425","KALLAKURICHI(District Collector Kallakurichi_IDA)","MALAIYARASAN D","KALLAKURICHI","06-Oct-2025","DHANASEKARAN K","Payment Success","626580"
"3497","Tamil Nadu","Street lights","WS/MP457/2025-2026/176137","KALLAKURICHI(District Collector Kallakurichi_IDA)","D Ravikumar","VILUPPURAM(SC)","22-Jul-2025","AMM ENTERPRISES","Payment Success","250000"
"3498","Tamil Nadu","Lighting of public spaces","WS/MP508/2025-2026/202674","Tirupathur(District Collector Tirupathur_IDA)","CN Annadurai","TIRUVANNAMALAI","14-Nov-2025","T S SOLAR POWER SYSTEM","Payment Success","434130"
"3499","Tamil Nadu","Construction of roads, link roads, pathways or any other road with or without drainage system","WS/MP508/2025-2026/202701","Tirupathur(District Collector Tirupathur_IDA)","CN Annadurai","TIRUVANNAMALAI","06-Jan-2026","C VIJAYAKUMAR WORKS CONTRACT","Payment Success","599710"
"3500","Tamil Nadu","Street lights","WS/MP508/2025-2026/134708","Tirupathur(District Collector Tirupathur_IDA)","CN Annadurai","TIRUVANNAMALAI","27-Jun-2025","T S SOLAR POWER SYSTEM","Payment Success","434956"
"3501","Tamil Nadu","Street lights","WS/MP508/2025-2026/134709","Tirupathur(District Collector Tirupathur_IDA)","CN Annadurai","TIRUVANNAMALAI","27-Jun-2025","T S SOLAR POWER SYSTEM","Payment Success","434956"
"3502","Tamil Nadu","Construction of community centers and community halls","WS/MP508/2025-2026/189214","Tirupathur(District Collector Tirupathur_IDA)","CN Annadurai","TIRUVANNAMALAI","29-Jul-2025","C VIJAYAKUMAR WORKS CONTRACT","Payment Success","699930"
"3503","Tamil Nadu","Construction of roads, link roads, pathways or any other road with or without drainage system","WS/MP508/2025-2026/189216","Tirupathur(District Collector Tirupathur_IDA)","CN Annadurai","TIRUVANNAMALAI","08-Jul-2025","C VIJAYAKUMAR WORKS CONTRACT","Payment Success","246630"
"3504","Tamil Nadu","Construction of roads, link roads, pathways or any other road with or without drainage system","WS/MP508/2025-2026/189215","Tirupathur(District Collector Tirupathur_IDA)","CN Annadurai","TIRUVANNAMALAI","08-Jul-2025","C VIJAYAKUMAR WORKS CONTRACT","Payment Success","124812"
"3505","Tamil Nadu","Construction of bus-sheds or bus-stops","WS/MP870/2025-2026/200505","Tirupathur(District Collector Tirupathur_IDA)","D M Kathir Anand","VELLORE","28-Apr-2026","JRR Construction","Payment Success","1100000"
"3506","Tamil Nadu","Construction of bus-sheds or bus-stops","WS/MP870/2025-2026/200506","Tirupathur(District Collector Tirupathur_IDA)","D M Kathir Anand","VELLORE","28-Apr-2026","JRR Construction","Payment Success","1100000"
"3507","Tamil Nadu","Construction of buildings for community cultural activities","WS/MP18312/2025-2026/183160","TIRUCHIRAPPALLI(DISTRICT COLLECTOR TIRUCHIRAPPALLI_IDA)","DURAI VAIKO","TIRUCHIRAPPALLI","27-Feb-2026","C S R CONSTRUCTION","Payment Success","1329305"
"3508","Tamil Nadu","Construction of buildings for community cultural activities","WS/MP18173/2024-2025/139193","Viluppuram(DISTRICT COLLECTOR VILLUPURAM_IDA)","THARANIVENTHAN M S","ARANI","06-May-2025","Malaiarasan","Payment Success","999362"
"3509","Tamil Nadu","Construction of roads, link roads, pathways or any other road with or without drainage system","WS/MP18173/2024-2025/139194","Viluppuram(DISTRICT COLLECTOR VILLUPURAM_IDA)","THARANIVENTHAN M S","ARANI","08-Jan-2025","R ANBARASU","Payment Success","999231"
"3510","Tamil Nadu","Construction of Government office buildings (Post office, Police station, Police chauki, etc.)","WS/MP18173/2024-2025/139192","Viluppuram(DISTRICT COLLECTOR VILLUPURAM_IDA)","THARANIVENTHAN M S","ARANI","02-Jul-2025","V R CONSTRUCTIONSAND DEVELOPERS","Payment Success","999121"
"3511","Tamil Nadu","Lighting of public spaces","WS/MP18173/2025-2026/216132","Viluppuram(DISTRICT COLLECTOR VILLUPURAM_IDA)","THARANIVENTHAN M S","ARANI","24-Feb-2026","A2S PROJECTS INDIA PVT LTD","Payment Success","545315"
"3512","Tamil Nadu","Lighting of public spaces","WS/MP18173/2025-2026/216129","Viluppuram(DISTRICT COLLECTOR VILLUPURAM_IDA)","THARANIVENTHAN M S","ARANI","24-Feb-2026","A2S PROJECTS INDIA PVT LTD","Payment Success","297445"
"3513","Tamil Nadu","Lighting of public spaces","WS/MP18173/2025-2026/216128","Viluppuram(DISTRICT COLLECTOR VILLUPURAM_IDA)","THARANIVENTHAN M S","ARANI","24-Feb-2026","A2S PROJECTS INDIA PVT LTD","Payment Success","743611"
"3514","Tamil Nadu","Construction of community centers and community halls","WS/MP18173/2024-2025/137929","Viluppuram(DISTRICT COLLECTOR VILLUPURAM_IDA)","THARANIVENTHAN M S","ARANI","12-Jul-2025","ELANGO","Payment Success","825621"
"3515","Tamil Nadu","Construction of buildings for crèches and anganwadies","WS/MP18173/2024-2025/137928","Viluppuram(DISTRICT COLLECTOR VILLUPURAM_IDA)","THARANIVENTHAN M S","ARANI","20-Mar-2026","ELANGO","Payment Success","1018321"
"3516","Tamil Nadu","Construction of buildings for crèches and anganwadies","WS/MP18173/2024-2025/137928","Viluppuram(DISTRICT COLLECTOR VILLUPURAM_IDA)","THARANIVENTHAN M S","ARANI","15-Jul-2025","ELANGO","Payment Success","750000"
"3517","Tamil Nadu","Lighting of public spaces","WS/MP18173/2025-2026/216127","Viluppuram(DISTRICT COLLECTOR VILLUPURAM_IDA)","THARANIVENTHAN M S","ARANI","16-Feb-2026","MS ENTERPRISES","Payment Success","299999"
"3518","Tamil Nadu","Lighting of public spaces","WS/MP18173/2025-2026/216126","Viluppuram(DISTRICT COLLECTOR VILLUPURAM_IDA)","THARANIVENTHAN M S","ARANI","16-Feb-2026","MS ENTERPRISES","Payment Success","748159"
"3519","Tamil Nadu","Lighting of public spaces","WS/MP18173/2025-2026/216125","Viluppuram(DISTRICT COLLECTOR VILLUPURAM_IDA)","THARANIVENTHAN M S","ARANI","16-Feb-2026","MS ENTERPRISES","Payment Success","299999"
"3520","Tamil Nadu","Lighting of public spaces","WS/MP18173/2025-2026/216124","Viluppuram(DISTRICT COLLECTOR VILLUPURAM_IDA)","THARANIVENTHAN M S","ARANI","16-Feb-2026","MS ENTERPRISES","Payment Success","549395"
"3521","Tamil Nadu","Construction of community centers and community halls","WS/MP18173/2024-2025/137929","Viluppuram(DISTRICT COLLECTOR VILLUPURAM_IDA)","THARANIVENTHAN M S","ARANI","27-Oct-2025","ELANGO","Payment Success","533295"
"3522","Tamil Nadu","Construction of roads, link roads, pathways or any other road with or without drainage system","WS/MP18173/2025-2026/231088","Viluppuram(DISTRICT COLLECTOR VILLUPURAM_IDA)","THARANIVENTHAN M S","ARANI","27-Nov-2025","G KUMAR","Payment Success","499797"
"3523","Tamil Nadu","Construction of roads, link roads, pathways or any other road with or without drainage system","WS/MP18173/2024-2025/139190","Viluppuram(DISTRICT COLLECTOR VILLUPURAM_IDA)","THARANIVENTHAN M S","ARANI","21-Mar-2025","G KUMAR","Payment Success","999000"
"3524","Tamil Nadu","Construction of roads, link roads, pathways or any other road with or without drainage system","WS/MP18173/2024-2025/138501","Viluppuram(DISTRICT COLLECTOR VILLUPURAM_IDA)","THARANIVENTHAN M S","ARANI","25-Jun-2025","SAIRAM CONSTRUCTIONS","Payment Success","399856"
"3525","Tamil Nadu","Construction of community centers and community halls","WS/MP18173/2024-2025/138502","Viluppuram(DISTRICT COLLECTOR VILLUPURAM_IDA)","THARANIVENTHAN M S","ARANI","23-Apr-2025","NAVEEN CONSTRUCTION","Payment Success","599480"
"3526","Tamil Nadu","Construction of roads, link roads, pathways or any other road with or without drainage system","WS/MP18173/2024-2025/139191","Viluppuram(DISTRICT COLLECTOR VILLUPURAM_IDA)","THARANIVENTHAN M S","ARANI","07-Mar-2026","G KUMAR","Payment Success","999800"
"3527","Tamil Nadu","Crematoriums/energy efficient crematoriums or structures on burial/cremation ground","WS/MP457/2024-2025/154487","Viluppuram(DISTRICT COLLECTOR VILLUPURAM_IDA)","D Ravikumar","VILUPPURAM(SC)","10-Jul-2025","Ramachandran","Payment Success","599749"
"3528","Tamil Nadu","Construction of roads, link roads, pathways or any other road with or without drainage system","WS/MP18173/2024-2025/139196","Viluppuram(DISTRICT COLLECTOR VILLUPURAM_IDA)","THARANIVENTHAN M S","ARANI","05-Mar-2025","ARUNPRAVEEN","Payment Success","349865"
"3529","Tamil Nadu","Crematoriums/energy efficient crematoriums or structures on burial/cremation ground","WS/MP457/2024-2025/154486","Viluppuram(DISTRICT COLLECTOR VILLUPURAM_IDA)","D Ravikumar","VILUPPURAM(SC)","24-May-2025","Ramachandran","Payment Success","599749"
"3530","Tamil Nadu","Lighting of public spaces","WS/MP18173/2025-2026/216130","Viluppuram(DISTRICT COLLECTOR VILLUPURAM_IDA)","THARANIVENTHAN M S","ARANI","12-Jan-2026","A2S PROJECTS INDIA PVT LTD","Payment Success","548977"
"3531","Tamil Nadu","Construction of buildings for community cultural activities","WS/MP18173/2024-2025/139195","Viluppuram(DISTRICT COLLECTOR VILLUPURAM_IDA)","THARANIVENTHAN M S","ARANI","17-Jul-2025","ARUNPRAVEEN","Payment Success","699835"
"3532","Tamil Nadu","Construction of bus-sheds or bus-stops","WS/MP746/2026-2027/232984","RAMANATHAPURAM(DISTRICT COLLECTOR RAMANATHAPURAM_IDA)","Kani K Navas","RAMANATHAPURAM","05-Aug-2026","SURESHKANNAN M","Payment Success","642795"
"3533","Tamil Nadu","Lighting of public spaces","WS/MP746/2026-2027/280734","RAMANATHAPURAM(DISTRICT COLLECTOR RAMANATHAPURAM_IDA)","Kani K Navas","RAMANATHAPURAM","24-Jun-2026","FPLUS ENTERPRISES","Payment Success","499998"
"3534","Tamil Nadu","Lighting of public spaces","WS/MP746/2026-2027/232986","RAMANATHAPURAM(DISTRICT COLLECTOR RAMANATHAPURAM_IDA)","Kani K Navas","RAMANATHAPURAM","14-May-2026","FPLUS ENTERPRISES","Payment Success","499998"
"3535","Tamil Nadu","Lighting of public spaces","WS/MP746/2026-2027/232998","RAMANATHAPURAM(DISTRICT COLLECTOR RAMANATHAPURAM_IDA)","Kani K Navas","RAMANATHAPURAM","14-May-2026","FPLUS ENTERPRISES","Payment Success","430000"
"3536","Tamil Nadu","Lighting of public spaces","WS/MP746/2026-2027/232987","RAMANATHAPURAM(DISTRICT COLLECTOR RAMANATHAPURAM_IDA)","Kani K Navas","RAMANATHAPURAM","14-May-2026","FPLUS ENTERPRISES","Payment Success","499998"
"3537","Tamil Nadu","Construction of bus-sheds or bus-stops","WS/MP746/2025-2026/232985","RAMANATHAPURAM(DISTRICT COLLECTOR RAMANATHAPURAM_IDA)","Kani K Navas","RAMANATHAPURAM","20-Jan-2026","Raju","Payment Success","522707"
"3538","Tamil Nadu","Crematoriums/energy efficient crematoriums or structures on burial/cremation ground","WS/MP457/2025-2026/191997","Viluppuram(DISTRICT COLLECTOR VILLUPURAM_IDA)","D Ravikumar","VILUPPURAM(SC)","16-Oct-2025","SRIKANTH T","Payment Success","598169"
"3539","Tamil Nadu","Crematoriums/energy efficient crematoriums or structures on burial/cremation ground","WS/MP457/2024-2025/149291","Viluppuram(DISTRICT COLLECTOR VILLUPURAM_IDA)","D Ravikumar","VILUPPURAM(SC)","24-Oct-2025","DEIVASIGAMANI","Payment Success","599764"
"3540","Tamil Nadu","Construction of buildings for community cultural activities","WS/MP457/2024-2025/140493","Viluppuram(DISTRICT COLLECTOR VILLUPURAM_IDA)","D Ravikumar","VILUPPURAM(SC)","07-Nov-2025","Karthick Prathap","Payment Success","799743"
"3541","Tamil Nadu","Crematoriums/energy efficient crematoriums or structures on burial/cremation ground","WS/MP457/2024-2025/149287","Viluppuram(DISTRICT COLLECTOR VILLUPURAM_IDA)","D Ravikumar","VILUPPURAM(SC)","22-Nov-2025","VIMALRAJ","Payment Success","599764"
"3542","Tamil Nadu","Construction of buildings for community cultural activities","WS/MP457/2024-2025/141461","Viluppuram(DISTRICT COLLECTOR VILLUPURAM_IDA)","D Ravikumar","VILUPPURAM(SC)","02-Jul-2025","KARTHICK PRATHAP P","Payment Success","799961"
"3543","Tamil Nadu","Construction of buildings for community cultural activities","WS/MP457/2024-2025/155339","Viluppuram(DISTRICT COLLECTOR VILLUPURAM_IDA)","D Ravikumar","VILUPPURAM(SC)","17-Mar-2026","Narayanasamy","Payment Success","798521"
"3544","Tamil Nadu","Setting up of laboratories","WS/MP18173/2025-2026/196628","Viluppuram(DISTRICT COLLECTOR VILLUPURAM_IDA)","THARANIVENTHAN M S","ARANI","21-Jun-2025","Star Enterprises","Payment Success","625000"
"3545","Tamil Nadu","Setting up of laboratories","WS/MP18173/2025-2026/196636","Viluppuram(DISTRICT COLLECTOR VILLUPURAM_IDA)","THARANIVENTHAN M S","ARANI","21-Jun-2025","Star Enterprises","Payment Success","625000"
"3546","Tamil Nadu","Development of playground","WS/MP457/2024-2025/156729","Viluppuram(DISTRICT COLLECTOR VILLUPURAM_IDA)","D Ravikumar","VILUPPURAM(SC)","20-Jul-2025","MFD INDUSTRIES","Payment Success","810000"
"3547","Tamil Nadu","Development of playground","WS/MP457/2024-2025/156732","Viluppuram(DISTRICT COLLECTOR VILLUPURAM_IDA)","D Ravikumar","VILUPPURAM(SC)","20-Jul-2025","MFD INDUSTRIES","Payment Success","810000"
"3548","Tamil Nadu","Development of playground","WS/MP457/2024-2025/156731","Viluppuram(DISTRICT COLLECTOR VILLUPURAM_IDA)","D Ravikumar","VILUPPURAM(SC)","20-Jul-2025","MFD INDUSTRIES","Payment Success","810000"
"3549","Tamil Nadu","Purchase of smart boards, visual display units and projectors","WS/MP457/2025-2026/253554","Viluppuram(DISTRICT COLLECTOR VILLUPURAM_IDA)","D Ravikumar","VILUPPURAM(SC)","12-Feb-2026","Sree Kavi Enterprises","Payment Success","200000"
"3550","Tamil Nadu","Purchase of smart boards, visual display units and projectors","WS/MP457/2025-2026/253553","Viluppuram(DISTRICT COLLECTOR VILLUPURAM_IDA)","D Ravikumar","VILUPPURAM(SC)","12-Feb-2026","Sree Kavi Enterprises","Payment Success","200000"
"3551","Tamil Nadu","Purchase of smart boards, visual display units and projectors","WS/MP457/2025-2026/253551","Viluppuram(DISTRICT COLLECTOR VILLUPURAM_IDA)","D Ravikumar","VILUPPURAM(SC)","12-Feb-2026","Sree Kavi Enterprises","Payment Success","200000"
"3552","Tamil Nadu","Purchase of smart boards, visual display units and projectors","WS/MP457/2025-2026/253552","Viluppuram(DISTRICT COLLECTOR VILLUPURAM_IDA)","D Ravikumar","VILUPPURAM(SC)","12-Feb-2026","Sree Kavi Enterprises","Payment Success","200000"
"3553","Tamil Nadu","Purchase of smart boards, visual display units and projectors","WS/MP457/2025-2026/253560","Viluppuram(DISTRICT COLLECTOR VILLUPURAM_IDA)","D Ravikumar","VILUPPURAM(SC)","12-Feb-2026","Sree Kavi Enterprises","Payment Success","200000"
"3554","Tamil Nadu","Purchase of smart boards, visual display units and projectors","WS/MP457/2025-2026/253558","Viluppuram(DISTRICT COLLECTOR VILLUPURAM_IDA)","D Ravikumar","VILUPPURAM(SC)","12-Feb-2026","Sree Kavi Enterprises","Payment Success","200000"
"3555","Tamil Nadu","Purchase of smart boards, visual display units and projectors","WS/MP457/2025-2026/253555","Viluppuram(DISTRICT COLLECTOR VILLUPURAM_IDA)","D Ravikumar","VILUPPURAM(SC)","12-Feb-2026","Sree Kavi Enterprises","Payment Success","200000"
"3556","Tamil Nadu","Purchase of smart boards, visual display units and projectors","WS/MP457/2025-2026/253557","Viluppuram(DISTRICT COLLECTOR VILLUPURAM_IDA)","D Ravikumar","VILUPPURAM(SC)","12-Feb-2026","Sree Kavi Enterprises","Payment Success","200000"
"3557","Tamil Nadu","Purchase of smart boards, visual display units and projectors","WS/MP457/2025-2026/253559","Viluppuram(DISTRICT COLLECTOR VILLUPURAM_IDA)","D Ravikumar","VILUPPURAM(SC)","12-Feb-2026","Sree Kavi Enterprises","Payment Success","200000"
"3558","Tamil Nadu","Purchase of smart boards, visual display units and projectors","WS/MP457/2025-2026/253556","Viluppuram(DISTRICT COLLECTOR VILLUPURAM_IDA)","D Ravikumar","VILUPPURAM(SC)","12-Feb-2026","Sree Kavi Enterprises","Payment Success","200000"
"3559","Tamil Nadu","Purchase of smart boards, visual display units and projectors","WS/MP457/2025-2026/253537","Viluppuram(DISTRICT COLLECTOR VILLUPURAM_IDA)","D Ravikumar","VILUPPURAM(SC)","12-Feb-2026","SRI SAI ENTERPRISES","Payment Success","200000"
"3560","Tamil Nadu","Purchase of smart boards, visual display units and projectors","WS/MP457/2025-2026/253544","Viluppuram(DISTRICT COLLECTOR VILLUPURAM_IDA)","D Ravikumar","VILUPPURAM(SC)","12-Feb-2026","SRI SAI ENTERPRISES","Payment Success","200000"
"3561","Tamil Nadu","Purchase of smart boards, visual display units and projectors","WS/MP457/2025-2026/253543","Viluppuram(DISTRICT COLLECTOR VILLUPURAM_IDA)","D Ravikumar","VILUPPURAM(SC)","12-Feb-2026","SRI SAI ENTERPRISES","Payment Success","200000"
"3562","Tamil Nadu","Purchase of smart boards, visual display units and projectors","WS/MP457/2025-2026/253538","Viluppuram(DISTRICT COLLECTOR VILLUPURAM_IDA)","D Ravikumar","VILUPPURAM(SC)","12-Feb-2026","SRI SAI ENTERPRISES","Payment Success","200000"
"3563","Tamil Nadu","Purchase of smart boards, visual display units and projectors","WS/MP457/2025-2026/253539","Viluppuram(DISTRICT COLLECTOR VILLUPURAM_IDA)","D Ravikumar","VILUPPURAM(SC)","18-Feb-2026","VASANTHARAM ENTERPRISES","Payment Success","200000"
"3564","Tamil Nadu","Purchase of smart boards, visual display units and projectors","WS/MP457/2025-2026/253540","Viluppuram(DISTRICT COLLECTOR VILLUPURAM_IDA)","D Ravikumar","VILUPPURAM(SC)","18-Feb-2026","VASANTHARAM ENTERPRISES","Payment Success","200000"
"3565","Tamil Nadu","Purchase of smart boards, visual display units and projectors","WS/MP457/2025-2026/253542","Viluppuram(DISTRICT COLLECTOR VILLUPURAM_IDA)","D Ravikumar","VILUPPURAM(SC)","18-Feb-2026","VASANTHARAM ENTERPRISES","Payment Success","200000"
"3566","Tamil Nadu","Purchase of smart boards, visual display units and projectors","WS/MP457/2025-2026/253541","Viluppuram(DISTRICT COLLECTOR VILLUPURAM_IDA)","D Ravikumar","VILUPPURAM(SC)","18-Feb-2026","VASANTHARAM ENTERPRISES","Payment Success","200000"
"3567","Tamil Nadu","Purchase of smart boards, visual display units and projectors","WS/MP457/2025-2026/253547","Viluppuram(DISTRICT COLLECTOR VILLUPURAM_IDA)","D Ravikumar","VILUPPURAM(SC)","18-Feb-2026","VASANTHARAM ENTERPRISES","Payment Success","200000"
"3568","Tamil Nadu","Purchase of smart boards, visual display units and projectors","WS/MP457/2025-2026/253549","Viluppuram(DISTRICT COLLECTOR VILLUPURAM_IDA)","D Ravikumar","VILUPPURAM(SC)","18-Feb-2026","VASANTHARAM ENTERPRISES","Payment Success","200000"
"3569","Tamil Nadu","Purchase of smart boards, visual display units and projectors","WS/MP457/2025-2026/253546","Viluppuram(DISTRICT COLLECTOR VILLUPURAM_IDA)","D Ravikumar","VILUPPURAM(SC)","19-Feb-2026","VASANTHARAM ENTERPRISES","Payment Success","200000"
"3570","Tamil Nadu","Purchase of smart boards, visual display units and projectors","WS/MP457/2025-2026/253550","Viluppuram(DISTRICT COLLECTOR VILLUPURAM_IDA)","D Ravikumar","VILUPPURAM(SC)","19-Feb-2026","VASANTHARAM ENTERPRISES","Payment Success","200000"
"3571","Tamil Nadu","Purchase of smart boards, visual display units and projectors","WS/MP457/2025-2026/253545","Viluppuram(DISTRICT COLLECTOR VILLUPURAM_IDA)","D Ravikumar","VILUPPURAM(SC)","19-Feb-2026","VASANTHARAM ENTERPRISES","Payment Success","200000"
"3572","Tamil Nadu","Purchase of smart boards, visual display units and projectors","WS/MP457/2025-2026/253548","Viluppuram(DISTRICT COLLECTOR VILLUPURAM_IDA)","D Ravikumar","VILUPPURAM(SC)","19-Feb-2026","VASANTHARAM ENTERPRISES","Payment Success","200000"
"3573","Tamil Nadu","Purchase of smart boards, visual display units and projectors","WS/MP457/2025-2026/201113","Viluppuram(DISTRICT COLLECTOR VILLUPURAM_IDA)","D Ravikumar","VILUPPURAM(SC)","26-Jul-2025","NISHAS ENTERPRISES","Payment Success","200000"
"3574","Tamil Nadu","Purchase of smart boards, visual display units and projectors","WS/MP457/2025-2026/201110","Viluppuram(DISTRICT COLLECTOR VILLUPURAM_IDA)","D Ravikumar","VILUPPURAM(SC)","26-Jul-2025","NISHAS ENTERPRISES","Payment Success","200000"
"3575","Tamil Nadu","Purchase of smart boards, visual display units and projectors","WS/MP457/2025-2026/201114","Viluppuram(DISTRICT COLLECTOR VILLUPURAM_IDA)","D Ravikumar","VILUPPURAM(SC)","26-Jul-2025","NISHAS ENTERPRISES","Payment Success","200000"
"3576","Tamil Nadu","Purchase of smart boards, visual display units and projectors","WS/MP457/2025-2026/201118","Viluppuram(DISTRICT COLLECTOR VILLUPURAM_IDA)","D Ravikumar","VILUPPURAM(SC)","26-Jul-2025","NISHAS ENTERPRISES","Payment Success","200000"
"3577","Tamil Nadu","Purchase of smart boards, visual display units and projectors","WS/MP457/2025-2026/201119","Viluppuram(DISTRICT COLLECTOR VILLUPURAM_IDA)","D Ravikumar","VILUPPURAM(SC)","26-Jul-2025","NISHAS ENTERPRISES","Payment Success","200000"
"3578","Tamil Nadu","Purchase of smart boards, visual display units and projectors","WS/MP457/2025-2026/201120","Viluppuram(DISTRICT COLLECTOR VILLUPURAM_IDA)","D Ravikumar","VILUPPURAM(SC)","26-Jul-2025","NISHAS ENTERPRISES","Payment Success","200000"
"3579","Tamil Nadu","Purchase of smart boards, visual display units and projectors","WS/MP457/2025-2026/201125","Viluppuram(DISTRICT COLLECTOR VILLUPURAM_IDA)","D Ravikumar","VILUPPURAM(SC)","27-Jul-2025","NISHAS ENTERPRISES","Payment Success","200000"
"3580","Tamil Nadu","Purchase of smart boards, visual display units and projectors","WS/MP457/2025-2026/201103","Viluppuram(DISTRICT COLLECTOR VILLUPURAM_IDA)","D Ravikumar","VILUPPURAM(SC)","27-Jul-2025","NISHAS ENTERPRISES","Payment Success","200000"
"3581","Tamil Nadu","Purchase of smart boards, visual display units and projectors","WS/MP457/2025-2026/201108","Viluppuram(DISTRICT COLLECTOR VILLUPURAM_IDA)","D Ravikumar","VILUPPURAM(SC)","27-Jul-2025","NISHAS ENTERPRISES","Payment Success","200000"
"3582","Tamil Nadu","Purchase of smart boards, visual display units and projectors","WS/MP457/2025-2026/201107","Viluppuram(DISTRICT COLLECTOR VILLUPURAM_IDA)","D Ravikumar","VILUPPURAM(SC)","27-Jul-2025","NISHAS ENTERPRISES","Payment Success","200000"
"3583","Tamil Nadu","Purchase of smart boards, visual display units and projectors","WS/MP457/2025-2026/201106","Viluppuram(DISTRICT COLLECTOR VILLUPURAM_IDA)","D Ravikumar","VILUPPURAM(SC)","27-Jul-2025","NISHAS ENTERPRISES","Payment Success","200000"
"3584","Tamil Nadu","Purchase of smart boards, visual display units and projectors","WS/MP457/2025-2026/201105","Viluppuram(DISTRICT COLLECTOR VILLUPURAM_IDA)","D Ravikumar","VILUPPURAM(SC)","27-Jul-2025","NISHAS ENTERPRISES","Payment Success","200000"
"3585","Tamil Nadu","Purchase of smart boards, visual display units and projectors","WS/MP457/2025-2026/201104","Viluppuram(DISTRICT COLLECTOR VILLUPURAM_IDA)","D Ravikumar","VILUPPURAM(SC)","27-Jul-2025","NISHAS ENTERPRISES","Payment Success","200000"
"3586","Tamil Nadu","Purchase of smart boards, visual display units and projectors","WS/MP457/2025-2026/201112","Viluppuram(DISTRICT COLLECTOR VILLUPURAM_IDA)","D Ravikumar","VILUPPURAM(SC)","27-Jul-2025","NISHAS ENTERPRISES","Payment Success","200000"
"3587","Tamil Nadu","Purchase of smart boards, visual display units and projectors","WS/MP457/2025-2026/201111","Viluppuram(DISTRICT COLLECTOR VILLUPURAM_IDA)","D Ravikumar","VILUPPURAM(SC)","27-Jul-2025","NISHAS ENTERPRISES","Payment Success","200000"
"3588","Tamil Nadu","Purchase of smart boards, visual display units and projectors","WS/MP457/2025-2026/201109","Viluppuram(DISTRICT COLLECTOR VILLUPURAM_IDA)","D Ravikumar","VILUPPURAM(SC)","27-Jul-2025","NISHAS ENTERPRISES","Payment Success","200000"
"3589","Tamil Nadu","Purchase of smart boards, visual display units and projectors","WS/MP457/2025-2026/201117","Viluppuram(DISTRICT COLLECTOR VILLUPURAM_IDA)","D Ravikumar","VILUPPURAM(SC)","27-Jul-2025","NISHAS ENTERPRISES","Payment Success","200000"
"3590","Tamil Nadu","Purchase of smart boards, visual display units and projectors","WS/MP457/2025-2026/201116","Viluppuram(DISTRICT COLLECTOR VILLUPURAM_IDA)","D Ravikumar","VILUPPURAM(SC)","27-Jul-2025","NISHAS ENTERPRISES","Payment Success","200000"
"3591","Tamil Nadu","Purchase of smart boards, visual display units and projectors","WS/MP457/2025-2026/201115","Viluppuram(DISTRICT COLLECTOR VILLUPURAM_IDA)","D Ravikumar","VILUPPURAM(SC)","27-Jul-2025","NISHAS ENTERPRISES","Payment Success","200000"
"3592","Tamil Nadu","Purchase of smart boards, visual display units and projectors","WS/MP457/2025-2026/201124","Viluppuram(DISTRICT COLLECTOR VILLUPURAM_IDA)","D Ravikumar","VILUPPURAM(SC)","27-Jul-2025","NISHAS ENTERPRISES","Payment Success","200000"
"3593","Tamil Nadu","Purchase of smart boards, visual display units and projectors","WS/MP457/2025-2026/201123","Viluppuram(DISTRICT COLLECTOR VILLUPURAM_IDA)","D Ravikumar","VILUPPURAM(SC)","27-Jul-2025","NISHAS ENTERPRISES","Payment Success","200000"
"3594","Tamil Nadu","Purchase of smart boards, visual display units and projectors","WS/MP457/2025-2026/201122","Viluppuram(DISTRICT COLLECTOR VILLUPURAM_IDA)","D Ravikumar","VILUPPURAM(SC)","27-Jul-2025","NISHAS ENTERPRISES","Payment Success","200000"
"3595","Tamil Nadu","Purchase of smart boards, visual display units and projectors","WS/MP457/2025-2026/201121","Viluppuram(DISTRICT COLLECTOR VILLUPURAM_IDA)","D Ravikumar","VILUPPURAM(SC)","27-Jul-2025","NISHAS ENTERPRISES","Payment Success","200000"
"3596","Tamil Nadu","Purchase of smart boards, visual display units and projectors","WS/MP457/2025-2026/201126","Viluppuram(DISTRICT COLLECTOR VILLUPURAM_IDA)","D Ravikumar","VILUPPURAM(SC)","27-Jul-2025","NISHAS ENTERPRISES","Payment Success","200000"
"3597","Tamil Nadu","Setting up of laboratories","WS/MP457/2025-2026/201172","Viluppuram(DISTRICT COLLECTOR VILLUPURAM_IDA)","D Ravikumar","VILUPPURAM(SC)","10-Jul-2025","EVEREST ENTERPRISES","Payment Success","600000"
"3598","Tamil Nadu","Setting up of laboratories","WS/MP457/2025-2026/201173","Viluppuram(DISTRICT COLLECTOR VILLUPURAM_IDA)","D Ravikumar","VILUPPURAM(SC)","10-Jul-2025","EVEREST ENTERPRISES","Payment Success","600000"
"3599","Tamil Nadu","Setting up of laboratories","WS/MP457/2025-2026/201171","Viluppuram(DISTRICT COLLECTOR VILLUPURAM_IDA)","D Ravikumar","VILUPPURAM(SC)","10-Jul-2025","NISHAS ENTERPRISES","Payment Success","600000"
"3600","Tamil Nadu","Setting up of laboratories","WS/MP457/2025-2026/201174","Viluppuram(DISTRICT COLLECTOR VILLUPURAM_IDA)","D Ravikumar","VILUPPURAM(SC)","10-Jul-2025","EVEREST ENTERPRISES","Payment Success","600000"
"3601","Tamil Nadu","Setting up of laboratories","WS/MP457/2025-2026/201175","Viluppuram(DISTRICT COLLECTOR VILLUPURAM_IDA)","D Ravikumar","VILUPPURAM(SC)","10-Jul-2025","EVEREST ENTERPRISES","Payment Success","600000"
"3602","Tamil Nadu","Setting up of laboratories","WS/MP457/2025-2026/201165","Viluppuram(DISTRICT COLLECTOR VILLUPURAM_IDA)","D Ravikumar","VILUPPURAM(SC)","10-Jul-2025","ANIFA ENTERPRISES","Payment Success","600000"
"3603","Tamil Nadu","Setting up of laboratories","WS/MP457/2025-2026/201160","Viluppuram(DISTRICT COLLECTOR VILLUPURAM_IDA)","D Ravikumar","VILUPPURAM(SC)","10-Jul-2025","ANIFA ENTERPRISES","Payment Success","600000"
"3604","Tamil Nadu","Setting up of laboratories","WS/MP457/2025-2026/201163","Viluppuram(DISTRICT COLLECTOR VILLUPURAM_IDA)","D Ravikumar","VILUPPURAM(SC)","10-Jul-2025","ANIFA ENTERPRISES","Payment Success","600000"
"3605","Tamil Nadu","Setting up of laboratories","WS/MP457/2025-2026/201162","Viluppuram(DISTRICT COLLECTOR VILLUPURAM_IDA)","D Ravikumar","VILUPPURAM(SC)","10-Jul-2025","ANIFA ENTERPRISES","Payment Success","600000"
"3606","Tamil Nadu","Setting up of laboratories","WS/MP457/2025-2026/201161","Viluppuram(DISTRICT COLLECTOR VILLUPURAM_IDA)","D Ravikumar","VILUPPURAM(SC)","10-Jul-2025","ANIFA ENTERPRISES","Payment Success","600000"
"3607","Tamil Nadu","Setting up of laboratories","WS/MP457/2025-2026/201170","Viluppuram(DISTRICT COLLECTOR VILLUPURAM_IDA)","D Ravikumar","VILUPPURAM(SC)","10-Jul-2025","NISHAS ENTERPRISES","Payment Success","600000"
"3608","Tamil Nadu","Setting up of laboratories","WS/MP457/2025-2026/201169","Viluppuram(DISTRICT COLLECTOR VILLUPURAM_IDA)","D Ravikumar","VILUPPURAM(SC)","10-Jul-2025","NISHAS ENTERPRISES","Payment Success","600000"
"3609","Tamil Nadu","Setting up of laboratories","WS/MP457/2025-2026/201168","Viluppuram(DISTRICT COLLECTOR VILLUPURAM_IDA)","D Ravikumar","VILUPPURAM(SC)","10-Jul-2025","NISHAS ENTERPRISES","Payment Success","600000"
"3610","Tamil Nadu","Setting up of laboratories","WS/MP457/2025-2026/201167","Viluppuram(DISTRICT COLLECTOR VILLUPURAM_IDA)","D Ravikumar","VILUPPURAM(SC)","10-Jul-2025","ANIFA ENTERPRISES","Payment Success","600000"
"3611","Tamil Nadu","Setting up of laboratories","WS/MP457/2025-2026/201164","Viluppuram(DISTRICT COLLECTOR VILLUPURAM_IDA)","D Ravikumar","VILUPPURAM(SC)","10-Jul-2025","ANIFA ENTERPRISES","Payment Success","600000"
"3612","Tamil Nadu","Setting up of laboratories","WS/MP457/2025-2026/201166","Viluppuram(DISTRICT COLLECTOR VILLUPURAM_IDA)","D Ravikumar","VILUPPURAM(SC)","11-Jul-2025","ANIFA ENTERPRISES","Payment Success","600000"
"3613","Tamil Nadu","Development of playground","WS/MP457/2024-2025/156727","Viluppuram(DISTRICT COLLECTOR VILLUPURAM_IDA)","D Ravikumar","VILUPPURAM(SC)","26-Jul-2025","DIVINE ENTERPRISES","Payment Success","810000"
"3614","Tamil Nadu","Development of playground","WS/MP457/2024-2025/156730","Viluppuram(DISTRICT COLLECTOR VILLUPURAM_IDA)","D Ravikumar","VILUPPURAM(SC)","26-Jul-2025","DIVINE ENTERPRISES","Payment Success","810000"
"3615","Tamil Nadu","Development of playground","WS/MP457/2024-2025/156728","Viluppuram(DISTRICT COLLECTOR VILLUPURAM_IDA)","D Ravikumar","VILUPPURAM(SC)","26-Jul-2025","DIVINE ENTERPRISES","Payment Success","810000"
"3616","Tamil Nadu","Purchase of training equipment","WS/MP457/2025-2026/235172","Viluppuram(DISTRICT COLLECTOR VILLUPURAM_IDA)","D Ravikumar","VILUPPURAM(SC)","25-Nov-2025","SUHAVI ENTERPRISES","Payment Success","550000"
"3617","Tamil Nadu","Purchase of training equipment","WS/MP457/2025-2026/235173","Viluppuram(DISTRICT COLLECTOR VILLUPURAM_IDA)","D Ravikumar","VILUPPURAM(SC)","25-Nov-2025","SUHAVI ENTERPRISES","Payment Success","550000"
"3618","Tamil Nadu","Purchase of training equipment","WS/MP457/2025-2026/235174","Viluppuram(DISTRICT COLLECTOR VILLUPURAM_IDA)","D Ravikumar","VILUPPURAM(SC)","25-Nov-2025","SUHAVI ENTERPRISES","Payment Success","550000"
"3619","Tamil Nadu","Purchase of training equipment","WS/MP457/2025-2026/235175","Viluppuram(DISTRICT COLLECTOR VILLUPURAM_IDA)","D Ravikumar","VILUPPURAM(SC)","25-Nov-2025","SUHAVI ENTERPRISES","Payment Success","550000"
"3620","Tamil Nadu","Purchase of smart boards, visual display units and projectors","WS/MP457/2025-2026/235160","Viluppuram(DISTRICT COLLECTOR VILLUPURAM_IDA)","D Ravikumar","VILUPPURAM(SC)","21-Nov-2025","MAGIZH ENTERPRISES","Payment Success","200000"
"3621","Tamil Nadu","Purchase of smart boards, visual display units and projectors","WS/MP457/2025-2026/235161","Viluppuram(DISTRICT COLLECTOR VILLUPURAM_IDA)","D Ravikumar","VILUPPURAM(SC)","21-Nov-2025","MAGIZH ENTERPRISES","Payment Success","200000"
"3622","Tamil Nadu","Purchase of smart boards, visual display units and projectors","WS/MP457/2025-2026/235163","Viluppuram(DISTRICT COLLECTOR VILLUPURAM_IDA)","D Ravikumar","VILUPPURAM(SC)","21-Nov-2025","MAGIZH ENTERPRISES","Payment Success","200000"
"3623","Tamil Nadu","Setting up of laboratories","WS/MP457/2025-2026/235159","Viluppuram(DISTRICT COLLECTOR VILLUPURAM_IDA)","D Ravikumar","VILUPPURAM(SC)","21-Nov-2025","R A KARMIKA","Payment Success","625000"
"3624","Tamil Nadu","Setting up of laboratories","WS/MP457/2025-2026/235162","Viluppuram(DISTRICT COLLECTOR VILLUPURAM_IDA)","D Ravikumar","VILUPPURAM(SC)","21-Nov-2025","R A KARMIKA","Payment Success","625000"
"3625","Tamil Nadu","Setting up of laboratories","WS/MP457/2025-2026/235164","Viluppuram(DISTRICT COLLECTOR VILLUPURAM_IDA)","D Ravikumar","VILUPPURAM(SC)","21-Nov-2025","R A KARMIKA","Payment Success","625000"
"3626","Tamil Nadu","Purchase of smart boards, visual display units and projectors","WS/MP457/2025-2026/217462","Viluppuram(DISTRICT COLLECTOR VILLUPURAM_IDA)","D Ravikumar","VILUPPURAM(SC)","24-Sep-2025","MAGIZH ENTERPRISES","Payment Success","200000"
"3627","Tamil Nadu","Purchase of smart boards, visual display units and projectors","WS/MP457/2025-2026/217461","Viluppuram(DISTRICT COLLECTOR VILLUPURAM_IDA)","D Ravikumar","VILUPPURAM(SC)","24-Sep-2025","MAGIZH ENTERPRISES","Payment Success","200000"
"3628","Tamil Nadu","Purchase of smart boards, visual display units and projectors","WS/MP457/2025-2026/217460","Viluppuram(DISTRICT COLLECTOR VILLUPURAM_IDA)","D Ravikumar","VILUPPURAM(SC)","24-Sep-2025","MAGIZH ENTERPRISES","Payment Success","200000"
"3629","Tamil Nadu","Purchase of smart boards, visual display units and projectors","WS/MP457/2025-2026/217459","Viluppuram(DISTRICT COLLECTOR VILLUPURAM_IDA)","D Ravikumar","VILUPPURAM(SC)","24-Sep-2025","MAGIZH ENTERPRISES","Payment Success","200000"
"3630","Tamil Nadu","Purchase of smart boards, visual display units and projectors","WS/MP457/2025-2026/217469","Viluppuram(DISTRICT COLLECTOR VILLUPURAM_IDA)","D Ravikumar","VILUPPURAM(SC)","24-Sep-2025","MAGIZH ENTERPRISES","Payment Success","200000"
"3631","Tamil Nadu","Purchase of smart boards, visual display units and projectors","WS/MP457/2025-2026/217468","Viluppuram(DISTRICT COLLECTOR VILLUPURAM_IDA)","D Ravikumar","VILUPPURAM(SC)","24-Sep-2025","INDHU ENTERPRISE","Payment Success","200000"
"3632","Tamil Nadu","Purchase of smart boards, visual display units and projectors","WS/MP457/2025-2026/217467","Viluppuram(DISTRICT COLLECTOR VILLUPURAM_IDA)","D Ravikumar","VILUPPURAM(SC)","24-Sep-2025","INDHU ENTERPRISE","Payment Success","200000"
"3633","Tamil Nadu","Purchase of smart boards, visual display units and projectors","WS/MP457/2025-2026/217466","Viluppuram(DISTRICT COLLECTOR VILLUPURAM_IDA)","D Ravikumar","VILUPPURAM(SC)","24-Sep-2025","INDHU ENTERPRISE","Payment Success","200000"
"3634","Tamil Nadu","Purchase of smart boards, visual display units and projectors","WS/MP457/2025-2026/217465","Viluppuram(DISTRICT COLLECTOR VILLUPURAM_IDA)","D Ravikumar","VILUPPURAM(SC)","24-Sep-2025","INDHU ENTERPRISE","Payment Success","200000"
"3635","Tamil Nadu","Purchase of smart boards, visual display units and projectors","WS/MP457/2025-2026/217464","Viluppuram(DISTRICT COLLECTOR VILLUPURAM_IDA)","D Ravikumar","VILUPPURAM(SC)","24-Sep-2025","INDHU ENTERPRISE","Payment Success","200000"
"3636","Tamil Nadu","Purchase of smart boards, visual display units and projectors","WS/MP457/2025-2026/217463","Viluppuram(DISTRICT COLLECTOR VILLUPURAM_IDA)","D Ravikumar","VILUPPURAM(SC)","24-Sep-2025","INDHU ENTERPRISE","Payment Success","200000"
"3637","Tamil Nadu","Purchase of smart boards, visual display units and projectors","WS/MP457/2025-2026/217473","Viluppuram(DISTRICT COLLECTOR VILLUPURAM_IDA)","D Ravikumar","VILUPPURAM(SC)","24-Sep-2025","INDHU ENTERPRISE","Payment Success","200000"
"3638","Tamil Nadu","Purchase of smart boards, visual display units and projectors","WS/MP457/2025-2026/217472","Viluppuram(DISTRICT COLLECTOR VILLUPURAM_IDA)","D Ravikumar","VILUPPURAM(SC)","24-Sep-2025","INDHU ENTERPRISE","Payment Success","200000"
"3639","Tamil Nadu","Purchase of smart boards, visual display units and projectors","WS/MP457/2025-2026/217471","Viluppuram(DISTRICT COLLECTOR VILLUPURAM_IDA)","D Ravikumar","VILUPPURAM(SC)","24-Sep-2025","INDHU ENTERPRISE","Payment Success","200000"
"3640","Tamil Nadu","Purchase of smart boards, visual display units and projectors","WS/MP457/2025-2026/217470","Viluppuram(DISTRICT COLLECTOR VILLUPURAM_IDA)","D Ravikumar","VILUPPURAM(SC)","24-Sep-2025","INDHU ENTERPRISE","Payment Success","200000"
"3641","Tamil Nadu","Purchase of smart boards, visual display units and projectors","WS/MP457/2024-2025/178779","Viluppuram(DISTRICT COLLECTOR VILLUPURAM_IDA)","D Ravikumar","VILUPPURAM(SC)","10-May-2025","SHERIN ENTERPRISES","Payment Success","200000"
"3642","Tamil Nadu","Purchase of smart boards, visual display units and projectors","WS/MP457/2024-2025/178789","Viluppuram(DISTRICT COLLECTOR VILLUPURAM_IDA)","D Ravikumar","VILUPPURAM(SC)","10-May-2025","SHERIN ENTERPRISES","Payment Success","200000"
"3643","Tamil Nadu","Purchase of smart boards, visual display units and projectors","WS/MP457/2024-2025/178788","Viluppuram(DISTRICT COLLECTOR VILLUPURAM_IDA)","D Ravikumar","VILUPPURAM(SC)","10-May-2025","SHERIN ENTERPRISES","Payment Success","200000"
"3644","Tamil Nadu","Purchase of smart boards, visual display units and projectors","WS/MP457/2024-2025/178787","Viluppuram(DISTRICT COLLECTOR VILLUPURAM_IDA)","D Ravikumar","VILUPPURAM(SC)","10-May-2025","SHERIN ENTERPRISES","Payment Success","200000"
"3645","Tamil Nadu","Purchase of smart boards, visual display units and projectors","WS/MP457/2024-2025/178786","Viluppuram(DISTRICT COLLECTOR VILLUPURAM_IDA)","D Ravikumar","VILUPPURAM(SC)","10-May-2025","SHERIN ENTERPRISES","Payment Success","200000"
"3646","Tamil Nadu","Purchase of smart boards, visual display units and projectors","WS/MP457/2024-2025/178796","Viluppuram(DISTRICT COLLECTOR VILLUPURAM_IDA)","D Ravikumar","VILUPPURAM(SC)","10-May-2025","SHERIN ENTERPRISES","Payment Success","200000"
"3647","Tamil Nadu","Purchase of smart boards, visual display units and projectors","WS/MP457/2024-2025/178793","Viluppuram(DISTRICT COLLECTOR VILLUPURAM_IDA)","D Ravikumar","VILUPPURAM(SC)","10-May-2025","SHERIN ENTERPRISES","Payment Success","200000"
"3648","Tamil Nadu","Purchase of smart boards, visual display units and projectors","WS/MP457/2024-2025/178792","Viluppuram(DISTRICT COLLECTOR VILLUPURAM_IDA)","D Ravikumar","VILUPPURAM(SC)","10-May-2025","SHERIN ENTERPRISES","Payment Success","200000"
"3649","Tamil Nadu","Purchase of smart boards, visual display units and projectors","WS/MP457/2024-2025/178791","Viluppuram(DISTRICT COLLECTOR VILLUPURAM_IDA)","D Ravikumar","VILUPPURAM(SC)","10-May-2025","SHERIN ENTERPRISES","Payment Success","200000"
"3650","Tamil Nadu","Purchase of smart boards, visual display units and projectors","WS/MP457/2024-2025/178790","Viluppuram(DISTRICT COLLECTOR VILLUPURAM_IDA)","D Ravikumar","VILUPPURAM(SC)","10-May-2025","SHERIN ENTERPRISES","Payment Success","200000"
"3651","Tamil Nadu","Purchase of smart boards, visual display units and projectors","WS/MP457/2024-2025/180600","Viluppuram(DISTRICT COLLECTOR VILLUPURAM_IDA)","D Ravikumar","VILUPPURAM(SC)","10-May-2025","SHERIN ENTERPRISES","Payment Success","200000"
"3652","Tamil Nadu","Purchase of smart boards, visual display units and projectors","WS/MP457/2024-2025/180599","Viluppuram(DISTRICT COLLECTOR VILLUPURAM_IDA)","D Ravikumar","VILUPPURAM(SC)","10-May-2025","SHERIN ENTERPRISES","Payment Success","200000"
"3653","Tamil Nadu","Purchase of smart boards, visual display units and projectors","WS/MP457/2024-2025/178774","Viluppuram(DISTRICT COLLECTOR VILLUPURAM_IDA)","D Ravikumar","VILUPPURAM(SC)","08-May-2025","Sree Kavi Enterprises","Payment Success","200000"
"3654","Tamil Nadu","Purchase of smart boards, visual display units and projectors","WS/MP457/2024-2025/178775","Viluppuram(DISTRICT COLLECTOR VILLUPURAM_IDA)","D Ravikumar","VILUPPURAM(SC)","08-May-2025","Sree Kavi Enterprises","Payment Success","200000"
"3655","Tamil Nadu","Purchase of smart boards, visual display units and projectors","WS/MP457/2024-2025/178777","Viluppuram(DISTRICT COLLECTOR VILLUPURAM_IDA)","D Ravikumar","VILUPPURAM(SC)","08-May-2025","Sree Kavi Enterprises","Payment Success","200000"
"3656","Tamil Nadu","Purchase of smart boards, visual display units and projectors","WS/MP457/2024-2025/178778","Viluppuram(DISTRICT COLLECTOR VILLUPURAM_IDA)","D Ravikumar","VILUPPURAM(SC)","08-May-2025","Sree Kavi Enterprises","Payment Success","200000"
"3657","Tamil Nadu","Purchase of smart boards, visual display units and projectors","WS/MP457/2024-2025/178776","Viluppuram(DISTRICT COLLECTOR VILLUPURAM_IDA)","D Ravikumar","VILUPPURAM(SC)","08-May-2025","Sree Kavi Enterprises","Payment Success","200000"
"3658","Tamil Nadu","Purchase of smart boards, visual display units and projectors","WS/MP457/2024-2025/178785","Viluppuram(DISTRICT COLLECTOR VILLUPURAM_IDA)","D Ravikumar","VILUPPURAM(SC)","08-May-2025","Sree Kavi Enterprises","Payment Success","200000"
"3659","Tamil Nadu","Purchase of smart boards, visual display units and projectors","WS/MP457/2024-2025/178784","Viluppuram(DISTRICT COLLECTOR VILLUPURAM_IDA)","D Ravikumar","VILUPPURAM(SC)","08-May-2025","Sree Kavi Enterprises","Payment Success","200000"
"3660","Tamil Nadu","Purchase of smart boards, visual display units and projectors","WS/MP457/2024-2025/178781","Viluppuram(DISTRICT COLLECTOR VILLUPURAM_IDA)","D Ravikumar","VILUPPURAM(SC)","08-May-2025","Sree Kavi Enterprises","Payment Success","200000"
"3661","Tamil Nadu","Purchase of smart boards, visual display units and projectors","WS/MP457/2024-2025/178783","Viluppuram(DISTRICT COLLECTOR VILLUPURAM_IDA)","D Ravikumar","VILUPPURAM(SC)","08-May-2025","Sree Kavi Enterprises","Payment Success","200000"
"3662","Tamil Nadu","Purchase of smart boards, visual display units and projectors","WS/MP457/2024-2025/178773","Viluppuram(DISTRICT COLLECTOR VILLUPURAM_IDA)","D Ravikumar","VILUPPURAM(SC)","08-May-2025","Sree Kavi Enterprises","Payment Success","200000"
"3663","Tamil Nadu","Purchase of smart boards, visual display units and projectors","WS/MP457/2024-2025/178782","Viluppuram(DISTRICT COLLECTOR VILLUPURAM_IDA)","D Ravikumar","VILUPPURAM(SC)","08-May-2025","Sree Kavi Enterprises","Payment Success","200000"
"3664","Tamil Nadu","Purchase of smart boards, visual display units and projectors","WS/MP457/2024-2025/178780","Viluppuram(DISTRICT COLLECTOR VILLUPURAM_IDA)","D Ravikumar","VILUPPURAM(SC)","08-May-2025","Sree Kavi Enterprises","Payment Success","200000"
"3665","Tamil Nadu","Purchase of smart boards, visual display units and projectors","WS/MP457/2025-2026/235165","Viluppuram(DISTRICT COLLECTOR VILLUPURAM_IDA)","D Ravikumar","VILUPPURAM(SC)","21-Nov-2025","MAGIZH ENTERPRISES","Payment Success","200000"
"3666","Tamil Nadu","Purchase of smart boards, visual display units and projectors","WS/MP457/2025-2026/235169","Viluppuram(DISTRICT COLLECTOR VILLUPURAM_IDA)","D Ravikumar","VILUPPURAM(SC)","21-Nov-2025","MAGIZH ENTERPRISES","Payment Success","200000"
"3667","Tamil Nadu","Purchase of smart boards, visual display units and projectors","WS/MP457/2025-2026/235168","Viluppuram(DISTRICT COLLECTOR VILLUPURAM_IDA)","D Ravikumar","VILUPPURAM(SC)","21-Nov-2025","MAGIZH ENTERPRISES","Payment Success","200000"
"3668","Tamil Nadu","Purchase of smart boards, visual display units and projectors","WS/MP457/2025-2026/235166","Viluppuram(DISTRICT COLLECTOR VILLUPURAM_IDA)","D Ravikumar","VILUPPURAM(SC)","21-Nov-2025","MAGIZH ENTERPRISES","Payment Success","200000"
"3669","Tamil Nadu","Purchase of smart boards, visual display units and projectors","WS/MP457/2025-2026/235167","Viluppuram(DISTRICT COLLECTOR VILLUPURAM_IDA)","D Ravikumar","VILUPPURAM(SC)","21-Nov-2025","MAGIZH ENTERPRISES","Payment Success","200000"
"3670","Tamil Nadu","Purchase of smart boards, visual display units and projectors","WS/MP457/2025-2026/235170","Viluppuram(DISTRICT COLLECTOR VILLUPURAM_IDA)","D Ravikumar","VILUPPURAM(SC)","21-Nov-2025","MAGIZH ENTERPRISES","Payment Success","200000"
"3671","Tamil Nadu","Purchase of smart boards, visual display units and projectors","WS/MP457/2025-2026/235171","Viluppuram(DISTRICT COLLECTOR VILLUPURAM_IDA)","D Ravikumar","VILUPPURAM(SC)","21-Nov-2025","MAGIZH ENTERPRISES","Payment Success","200000"
"3672","Tamil Nadu","Purchase of smart boards, visual display units and projectors","WS/MP457/2025-2026/235176","Viluppuram(DISTRICT COLLECTOR VILLUPURAM_IDA)","D Ravikumar","VILUPPURAM(SC)","21-Nov-2025","MAGIZH ENTERPRISES","Payment Success","200000"
"3673","Tamil Nadu","Purchase of smart boards, visual display units and projectors","WS/MP457/2025-2026/235179","Viluppuram(DISTRICT COLLECTOR VILLUPURAM_IDA)","D Ravikumar","VILUPPURAM(SC)","21-Nov-2025","MAGIZH ENTERPRISES","Payment Success","200000"
"3674","Tamil Nadu","Purchase of smart boards, visual display units and projectors","WS/MP457/2025-2026/235181","Viluppuram(DISTRICT COLLECTOR VILLUPURAM_IDA)","D Ravikumar","VILUPPURAM(SC)","21-Nov-2025","MAGIZH ENTERPRISES","Payment Success","200000"
"3675","Tamil Nadu","Purchase of smart boards, visual display units and projectors","WS/MP457/2025-2026/235178","Viluppuram(DISTRICT COLLECTOR VILLUPURAM_IDA)","D Ravikumar","VILUPPURAM(SC)","21-Nov-2025","MAGIZH ENTERPRISES","Payment Success","200000"
"3676","Tamil Nadu","Purchase of smart boards, visual display units and projectors","WS/MP457/2025-2026/235180","Viluppuram(DISTRICT COLLECTOR VILLUPURAM_IDA)","D Ravikumar","VILUPPURAM(SC)","21-Nov-2025","MAGIZH ENTERPRISES","Payment Success","200000"
"3677","Tamil Nadu","Purchase of smart boards, visual display units and projectors","WS/MP457/2025-2026/235182","Viluppuram(DISTRICT COLLECTOR VILLUPURAM_IDA)","D Ravikumar","VILUPPURAM(SC)","21-Nov-2025","MAGIZH ENTERPRISES","Payment Success","200000"
"3678","Tamil Nadu","Purchase of smart boards, visual display units and projectors","WS/MP457/2025-2026/235177","Viluppuram(DISTRICT COLLECTOR VILLUPURAM_IDA)","D Ravikumar","VILUPPURAM(SC)","21-Nov-2025","MAGIZH ENTERPRISES","Payment Success","200000"
"3679","Tamil Nadu","Purchase of smart boards, visual display units and projectors","WS/MP457/2025-2026/235183","Viluppuram(DISTRICT COLLECTOR VILLUPURAM_IDA)","D Ravikumar","VILUPPURAM(SC)","21-Nov-2025","MAGIZH ENTERPRISES","Payment Success","200000"
"3680","Tamil Nadu","Purchase of smart boards, visual display units and projectors","WS/MP457/2025-2026/235184","Viluppuram(DISTRICT COLLECTOR VILLUPURAM_IDA)","D Ravikumar","VILUPPURAM(SC)","22-Nov-2025","MAGIZH ENTERPRISES","Payment Success","200000"
"3681","Tamil Nadu","Street lights","WS/MP457/2024-2025/176127","Viluppuram(DISTRICT COLLECTOR VILLUPURAM_IDA)","D Ravikumar","VILUPPURAM(SC)","10-Nov-2025","AMM ENTERPRISES","Payment Success","250000"
"3682","Tamil Nadu","Crematoriums/energy efficient crematoriums or structures on burial/cremation ground","WS/MP457/2024-2025/154485","Viluppuram(DISTRICT COLLECTOR VILLUPURAM_IDA)","D Ravikumar","VILUPPURAM(SC)","26-Nov-2025","Sankaran","Payment Success","599312"
"3683","Tamil Nadu","Crematoriums/energy efficient crematoriums or structures on burial/cremation ground","WS/MP457/2024-2025/154478","Viluppuram(DISTRICT COLLECTOR VILLUPURAM_IDA)","D Ravikumar","VILUPPURAM(SC)","01-Nov-2025","Sankaran","Payment Success","599128"
"3684","Tamil Nadu","Crematoriums/energy efficient crematoriums or structures on burial/cremation ground","WS/MP457/2024-2025/154479","Viluppuram(DISTRICT COLLECTOR VILLUPURAM_IDA)","D Ravikumar","VILUPPURAM(SC)","01-Nov-2025","Sankaran","Payment Success","599823"
"3685","Tamil Nadu","Construction of common work sheds/ common covered sitting area","WS/MP457/2024-2025/159002","Viluppuram(DISTRICT COLLECTOR VILLUPURAM_IDA)","D Ravikumar","VILUPPURAM(SC)","08-Oct-2025","Ganesan P","Payment Success","1099851"
"3686","Tamil Nadu","Crematoriums/energy efficient crematoriums or structures on burial/cremation ground","WS/MP457/2024-2025/154480","Viluppuram(DISTRICT COLLECTOR VILLUPURAM_IDA)","D Ravikumar","VILUPPURAM(SC)","22-Sep-2025","Sankaran","Payment Success","599767"
"3687","Tamil Nadu","Crematoriums/energy efficient crematoriums or structures on burial/cremation ground","WS/MP457/2024-2025/149285","Viluppuram(DISTRICT COLLECTOR VILLUPURAM_IDA)","D Ravikumar","VILUPPURAM(SC)","20-May-2025","Sankaran","Payment Success","398855"
"3688","Tamil Nadu","Crematoriums/energy efficient crematoriums or structures on burial/cremation ground","WS/MP457/2024-2025/146372","Viluppuram(DISTRICT COLLECTOR VILLUPURAM_IDA)","D Ravikumar","VILUPPURAM(SC)","25-Aug-2025","Perumal Work Contractor","Payment Success","599451"
"3689","Tamil Nadu","Crematoriums/energy efficient crematoriums or structures on burial/cremation ground","WS/MP457/2024-2025/154484","Viluppuram(DISTRICT COLLECTOR VILLUPURAM_IDA)","D Ravikumar","VILUPPURAM(SC)","11-Aug-2025","Sankaran","Payment Success","599743"
"3690","Tamil Nadu","Crematoriums/energy efficient crematoriums or structures on burial/cremation ground","WS/MP457/2024-2025/154481","Viluppuram(DISTRICT COLLECTOR VILLUPURAM_IDA)","D Ravikumar","VILUPPURAM(SC)","17-Jul-2025","Sankaran","Payment Success","599673"
"3691","Tamil Nadu","Crematoriums/energy efficient crematoriums or structures on burial/cremation ground","WS/MP457/2024-2025/154482","Viluppuram(DISTRICT COLLECTOR VILLUPURAM_IDA)","D Ravikumar","VILUPPURAM(SC)","19-Jul-2025","Sankaran","Payment Success","599495"
"3692","Tamil Nadu","Crematoriums/energy efficient crematoriums or structures on burial/cremation ground","WS/MP457/2024-2025/154483","Viluppuram(DISTRICT COLLECTOR VILLUPURAM_IDA)","D Ravikumar","VILUPPURAM(SC)","19-Jul-2025","Sankaran","Payment Success","599293"
"3693","Tamil Nadu","Construction of community centers and community halls","WS/MP457/2024-2025/146373","Viluppuram(DISTRICT COLLECTOR VILLUPURAM_IDA)","D Ravikumar","VILUPPURAM(SC)","04-Jul-2025","Perumal Work Contractor","Payment Success","1299466"
"3694","Tamil Nadu","Construction of buildings for crèches and anganwadies","WS/MP457/2025-2026/224583","Viluppuram(DISTRICT COLLECTOR VILLUPURAM_IDA)","D Ravikumar","VILUPPURAM(SC)","01-Jul-2026","Sankaran","Payment Success","1599817"
"3695","Tamil Nadu","Crematoriums/energy efficient crematoriums or structures on burial/cremation ground","WS/MP457/2025-2026/246206","Viluppuram(DISTRICT COLLECTOR VILLUPURAM_IDA)","D Ravikumar","VILUPPURAM(SC)","02-Apr-2026","Sankaran","Payment Success","599729"
"3696","Tamil Nadu","Construction of roads, link roads, pathways or any other road with or without drainage system","WS/MP457/2025-2026/255582","Viluppuram(DISTRICT COLLECTOR VILLUPURAM_IDA)","D Ravikumar","VILUPPURAM(SC)","02-Apr-2026","Sankaran","Payment Success","1249980"
"3697","Tamil Nadu","Construction of buildings for community cultural activities","WS/MP457/2025-2026/256517","Viluppuram(DISTRICT COLLECTOR VILLUPURAM_IDA)","D Ravikumar","VILUPPURAM(SC)","18-Jun-2026","ARIKRISHNAN K","Payment Success","799706"
"3698","Tamil Nadu","Construction of buildings for community cultural activities","WS/MP457/2025-2026/224587","Viluppuram(DISTRICT COLLECTOR VILLUPURAM_IDA)","D Ravikumar","VILUPPURAM(SC)","18-May-2026","VENKATESAN M","Payment Success","794188"
"3699","Tamil Nadu","Construction of buildings for community cultural activities","WS/MP457/2024-2025/141462","Viluppuram(DISTRICT COLLECTOR VILLUPURAM_IDA)","D Ravikumar","VILUPPURAM(SC)","09-Oct-2025","KARTHICK PRATHAP P","Payment Success","796920"
"3700","Tamil Nadu","Street lights","WS/MP457/2024-2025/176125","Viluppuram(DISTRICT COLLECTOR VILLUPURAM_IDA)","D Ravikumar","VILUPPURAM(SC)","31-Oct-2025","AMM ENTERPRISES","Payment Success","249900"
"3701","Tamil Nadu","Construction of rooms and halls in school and colleges","WS/MP457/2025-2026/194290","Viluppuram(DISTRICT COLLECTOR VILLUPURAM_IDA)","D Ravikumar","VILUPPURAM(SC)","10-Nov-2025","Karthick Prathap","Payment Success","800000"
"3702","Tamil Nadu","Construction of community centers and community halls","WS/MP457/2024-2025/141463","Viluppuram(DISTRICT COLLECTOR VILLUPURAM_IDA)","D Ravikumar","VILUPPURAM(SC)","02-Jul-2025","SHAKKARAVARTHY SUMATHI","Payment Success","978693"
"3703","Tamil Nadu","Construction of rooms and halls in school and colleges","WS/MP457/2025-2026/194290","Viluppuram(DISTRICT COLLECTOR VILLUPURAM_IDA)","D Ravikumar","VILUPPURAM(SC)","03-Feb-2026","Karthick Prathap","Payment Success","928415"
"3704","Tamil Nadu","Street lights","WS/MP457/2024-2025/176123","Viluppuram(DISTRICT COLLECTOR VILLUPURAM_IDA)","D Ravikumar","VILUPPURAM(SC)","20-Sep-2025","AMM ENTERPRISES","Payment Success","249900"
"3705","Tamil Nadu","Street lights","WS/MP457/2024-2025/176135","Viluppuram(DISTRICT COLLECTOR VILLUPURAM_IDA)","D Ravikumar","VILUPPURAM(SC)","20-Sep-2025","AMM ENTERPRISES","Payment Success","249700"
"3706","Tamil Nadu","Street lights","WS/MP457/2024-2025/176133","Viluppuram(DISTRICT COLLECTOR VILLUPURAM_IDA)","D Ravikumar","VILUPPURAM(SC)","20-Sep-2025","AMM ENTERPRISES","Payment Success","249700"
"3707","Tamil Nadu","Construction of roads, link roads, pathways or any other road with or without drainage system","WS/MP457/2025-2026/257046","Viluppuram(DISTRICT COLLECTOR VILLUPURAM_IDA)","D Ravikumar","VILUPPURAM(SC)","17-Mar-2026","HARI CONSTRUCTION","Payment Success","499668"
"3708","Tamil Nadu","Construction of community centers and community halls","WS/MP457/2025-2026/224584","Viluppuram(DISTRICT COLLECTOR VILLUPURAM_IDA)","D Ravikumar","VILUPPURAM(SC)","08-Apr-2026","DEVAKI CONSTRUCTIONS","Payment Success","580000"
"3709","Tamil Nadu","Lighting of public spaces","WS/MP18173/2025-2026/216133","Viluppuram(DISTRICT COLLECTOR VILLUPURAM_IDA)","THARANIVENTHAN M S","ARANI","11-Aug-2026","MS ENTERPRISES","Payment Success","549872"
"3710","Tamil Nadu","Lighting of public spaces","WS/MP18173/2025-2026/231083","Viluppuram(DISTRICT COLLECTOR VILLUPURAM_IDA)","THARANIVENTHAN M S","ARANI","23-Feb-2026","RAK INDUSTRIES","Payment Success","748827"
"3711","Tamil Nadu","Construction of community centers and community halls","WS/MP18173/2025-2026/231085","Viluppuram(DISTRICT COLLECTOR VILLUPURAM_IDA)","THARANIVENTHAN M S","ARANI","17-Jun-2026","Saroja R","Payment Success","1359013"
"3712","Tamil Nadu","Construction of buildings for crèches and anganwadies","WS/MP18173/2024-2025/137926","Viluppuram(DISTRICT COLLECTOR VILLUPURAM_IDA)","THARANIVENTHAN M S","ARANI","12-Jan-2026","Saroja R","Payment Success","1768860"
"3713","Tamil Nadu","Construction of buildings for community cultural activities","WS/MP18173/2024-2025/137927","Viluppuram(DISTRICT COLLECTOR VILLUPURAM_IDA)","THARANIVENTHAN M S","ARANI","16-Jun-2025","Saroja R","Payment Success","849119"
"3714","Tamil Nadu","Construction of community centers and community halls","WS/MP18173/2024-2025/137925","Viluppuram(DISTRICT COLLECTOR VILLUPURAM_IDA)","THARANIVENTHAN M S","ARANI","06-Oct-2025","Saroja R","Payment Success","1352339"
"3715","Tamil Nadu","Street lights","WS/MP457/2024-2025/176134","Viluppuram(DISTRICT COLLECTOR VILLUPURAM_IDA)","D Ravikumar","VILUPPURAM(SC)","11-Sep-2025","AMM ENTERPRISES","Payment Success","249998"
"3716","Tamil Nadu","Construction of buildings for community cultural activities","WS/MP457/2025-2026/191886","Viluppuram(DISTRICT COLLECTOR VILLUPURAM_IDA)","D Ravikumar","VILUPPURAM(SC)","07-Apr-2026","Karthick Prathap","Payment Success","796947"
"3717","Tamil Nadu","Crematoriums/energy efficient crematoriums or structures on burial/cremation ground","WS/MP457/2024-2025/149283","Viluppuram(DISTRICT COLLECTOR VILLUPURAM_IDA)","D Ravikumar","VILUPPURAM(SC)","03-Sep-2025","SA CONSTRUCTIONS","Payment Success","599667"
"3718","Tamil Nadu","Street lights","WS/MP457/2024-2025/176131","Viluppuram(DISTRICT COLLECTOR VILLUPURAM_IDA)","D Ravikumar","VILUPPURAM(SC)","12-Aug-2025","AMM ENTERPRISES","Payment Success","250000"
"3719","Tamil Nadu","Crematoriums/energy efficient crematoriums or structures on burial/cremation ground","WS/MP457/2024-2025/149284","Viluppuram(DISTRICT COLLECTOR VILLUPURAM_IDA)","D Ravikumar","VILUPPURAM(SC)","23-Jul-2025","SA CONSTRUCTIONS","Payment Success","600000"
"3720","Tamil Nadu","Construction of buildings for community cultural activities","WS/MP18312/2025-2026/181187","TIRUCHIRAPPALLI(DISTRICT COLLECTOR TIRUCHIRAPPALLI_IDA)","DURAI VAIKO","TIRUCHIRAPPALLI","11-Dec-2025","MS APT CONSTRUCTIONS","Payment Success","1690554"
"3721","Tamil Nadu","Construction of bus-sheds or bus-stops","WS/MP18312/2025-2026/181188","TIRUCHIRAPPALLI(DISTRICT COLLECTOR TIRUCHIRAPPALLI_IDA)","DURAI VAIKO","TIRUCHIRAPPALLI","08-Jan-2026","M BABURAJ","Payment Success","1497363"
"3722","Tamil Nadu","Installing tube-wells and borewells","WS/MP18312/2025-2026/154887","TIRUCHIRAPPALLI(DISTRICT COLLECTOR TIRUCHIRAPPALLI_IDA)","DURAI VAIKO","TIRUCHIRAPPALLI","13-Oct-2025","CHANDRA R","Payment Success","492407"
"3723","Tamil Nadu","Construction of buildings for crèches and anganwadies","WS/MP18312/2025-2026/154884","TIRUCHIRAPPALLI(DISTRICT COLLECTOR TIRUCHIRAPPALLI_IDA)","DURAI VAIKO","TIRUCHIRAPPALLI","16-Oct-2025","MS NACHIYAR CONSTRUCTION","Payment Success","1574803"
"3724","Tamil Nadu","Construction of additional rooms and halls in the existing public and community building","WS/MP18312/2025-2026/154886","TIRUCHIRAPPALLI(DISTRICT COLLECTOR TIRUCHIRAPPALLI_IDA)","DURAI VAIKO","TIRUCHIRAPPALLI","16-Oct-2025","GNS CONSTRUCTION","Payment Success","1582944"
"3725","Tamil Nadu","Installing tube-wells and borewells","WS/MP18312/2025-2026/154889","TIRUCHIRAPPALLI(DISTRICT COLLECTOR TIRUCHIRAPPALLI_IDA)","DURAI VAIKO","TIRUCHIRAPPALLI","16-Oct-2025","GNS CONSTRUCTION","Payment Success","488946"
"3726","Tamil Nadu","Construction of additional rooms and halls in the existing public and community building","WS/MP18312/2025-2026/154890","TIRUCHIRAPPALLI(DISTRICT COLLECTOR TIRUCHIRAPPALLI_IDA)","DURAI VAIKO","TIRUCHIRAPPALLI","29-Sep-2025","V THIRUMALAISAMY","Payment Success","1832032"
"Grand Total"," "," "," "," "," "," "," "," "," ","2,68,64,47,537"